{
  "timelineObjects" : [ {
    "activitySegment" : {
      "startLocation" : {
        "latitudeE7" : -258560004,
        "longitudeE7" : 281626256
      },
      "endLocation" : {
        "latitudeE7" : -257569431,
        "longitudeE7" : 282798604
      },
      "duration" : {
        "startTimestampMs" : "1351744579840",
        "endTimestampMs" : "1351746140509"
      },
      "activityType" : "UNKNOWN_ACTIVITY_TYPE",
      "activities" : [ {
        "activityType" : "UNKNOWN_ACTIVITY_TYPE",
        "probability" : 0.0
      } ],
      "simplifiedRawPath" : {
        "points" : [ {
          "latE7" : -258560765,
          "lngE7" : 281600362,
          "timestampMs" : "1351744635372",
          "accuracyMeters" : 29
        }, {
          "latE7" : -258599587,
          "lngE7" : 281577023,
          "timestampMs" : "1351744755570",
          "accuracyMeters" : 60
        }, {
          "latE7" : -258611646,
          "lngE7" : 281593244,
          "timestampMs" : "1351744825020",
          "accuracyMeters" : 63
        }, {
          "latE7" : -258616351,
          "lngE7" : 281826728,
          "timestampMs" : "1351745118780",
          "accuracyMeters" : 57
        }, {
          "latE7" : -258677254,
          "lngE7" : 281954511,
          "timestampMs" : "1351745357487",
          "accuracyMeters" : 42
        }, {
          "latE7" : -257788460,
          "lngE7" : 282717934,
          "timestampMs" : "1351745779683",
          "accuracyMeters" : 57
        } ]
      }
    }
  }, {
    "placeVisit" : {
      "location" : {
        "latitudeE7" : -257566259,
        "longitudeE7" : 282799601,
        "placeId" : "ChIJk8udomFglR4R3IkeaF5TBKE",
        "address" : "CSIR Site\nCouncil for Scientific and Industrial Research, Building 44\nScientia 627-Jr\nPretoria\n0081\nSouth Africa",
        "name" : "Council for Scientific and Industrial Research, Building 44",
        "locationConfidence" : 99.86738
      },
      "duration" : {
        "startTimestampMs" : "1351746140509",
        "endTimestampMs" : "1351756550216"
      },
      "centerLatE7" : -257569431,
      "centerLngE7" : 282798604,
      "visitConfidence" : 82,
      "otherCandidateLocations" : [ {
        "latitudeE7" : -257468287,
        "longitudeE7" : 282788928,
        "placeId" : "ChIJS_P3g2lglR4RMs3iZtUFGUE",
        "name" : "CSIR",
        "locationConfidence" : 0.117471375
      }, {
        "latitudeE7" : -257553732,
        "longitudeE7" : 282756848,
        "placeId" : "ChIJs_0uIF5glR4RR-4vqk8VpRg",
        "name" : "National Research Foundation",
        "locationConfidence" : 0.007896948
      }, {
        "latitudeE7" : -257559232,
        "longitudeE7" : 282785672,
        "placeId" : "ChIJZWl6-2BglR4R1ugW5fMdZVo",
        "name" : "Meraka Institute",
        "locationConfidence" : 0.006976124
      }, {
        "latitudeE7" : -257580368,
        "longitudeE7" : 282781057,
        "placeId" : "ChIJVVVFOGBglR4Rvvo1_7H6Jeo",
        "name" : "Klydon",
        "locationConfidence" : 1.5847484E-4
      }, {
        "latitudeE7" : -257588552,
        "longitudeE7" : 282789896,
        "placeId" : "ChIJFUvM1GFglR4Ri_PvjKdaItQ",
        "name" : "National Laser Centre (LMP)",
        "locationConfidence" : 1.20834855E-4
      } ],
      "editConfirmationStatus" : "NOT_CONFIRMED"
    }
  }, {
    "activitySegment" : {
      "startLocation" : {
        "latitudeE7" : -257569431,
        "longitudeE7" : 282798604
      },
      "endLocation" : {
        "latitudeE7" : -257441278,
        "longitudeE7" : 282294700
      },
      "duration" : {
        "startTimestampMs" : "1351756550216",
        "endTimestampMs" : "1351757509983"
      },
      "activityType" : "UNKNOWN_ACTIVITY_TYPE",
      "activities" : [ {
        "activityType" : "UNKNOWN_ACTIVITY_TYPE",
        "probability" : 0.0
      } ],
      "simplifiedRawPath" : {
        "points" : [ {
          "latE7" : -257431612,
          "lngE7" : 282420678,
          "timestampMs" : "1351757095181",
          "accuracyMeters" : 67
        }, {
          "latE7" : -257433679,
          "lngE7" : 282334612,
          "timestampMs" : "1351757231326",
          "accuracyMeters" : 36
        } ]
      }
    }
  }, {
    "placeVisit" : {
      "location" : {
        "latitudeE7" : -257441810,
        "longitudeE7" : 282294300,
        "placeId" : "ChIJISbc2MFhlR4R93TEJMKjIlk",
        "address" : "0028\n225 Athlone St\nHatfield\nPretoria\n0028\nSouth Africa",
        "name" : "中国驻南非大使馆",
        "locationConfidence" : 28.694147
      },
      "duration" : {
        "startTimestampMs" : "1351757509983",
        "endTimestampMs" : "1351758177563"
      },
      "centerLatE7" : -257441278,
      "centerLngE7" : 282294700,
      "visitConfidence" : 77,
      "otherCandidateLocations" : [ {
        "latitudeE7" : -257443352,
        "longitudeE7" : 282296595,
        "placeId" : "ChIJVase2sFhlR4RSHKF8AjY8lg",
        "name" : "Embassy china",
        "locationConfidence" : 19.03229
      }, {
        "latitudeE7" : -257445700,
        "longitudeE7" : 282295100,
        "placeId" : "ChIJPwEb18FhlR4Ri-u_uBGlLT0",
        "name" : "Embassy : Italy",
        "locationConfidence" : 13.9204645
      }, {
        "latitudeE7" : -257447289,
        "longitudeE7" : 282275868,
        "placeId" : "ChIJcxKmQJVhlR4RE5SpOZrYL-Y",
        "name" : "Royal Thai Embassy",
        "locationConfidence" : 6.831154
      }, {
        "latitudeE7" : -257456790,
        "longitudeE7" : 282269540,
        "placeId" : "ChIJm65x-OphlR4RzAYefuO_cH4",
        "name" : "British High Commission",
        "locationConfidence" : 4.5983224
      }, {
        "latitudeE7" : -257445700,
        "longitudeE7" : 282307040,
        "placeId" : "ChIJUxgPysFhlR4R-C4HU6r7Zkg",
        "name" : "A2Z CareersBook",
        "locationConfidence" : 3.3007016
      }, {
        "latitudeE7" : -257460800,
        "longitudeE7" : 282302100,
        "placeId" : "ChIJ_RpcPMBhlR4Rr5ytmqEZNcg",
        "name" : "Embassy : Iran",
        "locationConfidence" : 2.5590878
      }, {
        "latitudeE7" : -257452909,
        "longitudeE7" : 282314610,
        "placeId" : "ChIJUyIub8BhlR4Rrroo2VSZdno",
        "name" : "Embassy Of The Republic Of Angola",
        "locationConfidence" : 2.3666058
      }, {
        "latitudeE7" : -257461700,
        "longitudeE7" : 282291100,
        "placeId" : "ChIJHRzSnephlR4RXdEjFIYC5LE",
        "name" : "Embassy : Singapore",
        "locationConfidence" : 2.2369003
      }, {
        "latitudeE7" : -257438820,
        "longitudeE7" : 282306320,
        "placeId" : "ChIJ88Zrx8FhlR4RpFkAaslGV8U",
        "name" : "Hertz",
        "locationConfidence" : 1.7194992
      } ],
      "editConfirmationStatus" : "NOT_CONFIRMED"
    }
  }, {
    "activitySegment" : {
      "startLocation" : {
        "latitudeE7" : -257441278,
        "longitudeE7" : 282294700
      },
      "endLocation" : {
        "latitudeE7" : -257568953,
        "longitudeE7" : 282798589
      },
      "duration" : {
        "startTimestampMs" : "1351758177563",
        "endTimestampMs" : "1351759199666"
      },
      "activityType" : "UNKNOWN_ACTIVITY_TYPE",
      "activities" : [ {
        "activityType" : "UNKNOWN_ACTIVITY_TYPE",
        "probability" : 0.0
      } ],
      "simplifiedRawPath" : {
        "points" : [ {
          "latE7" : -257461385,
          "lngE7" : 282737517,
          "timestampMs" : "1351758775949",
          "accuracyMeters" : 33
        }, {
          "latE7" : -257561606,
          "lngE7" : 282779536,
          "timestampMs" : "1351758902386",
          "accuracyMeters" : 56
        } ]
      }
    }
  }, {
    "placeVisit" : {
      "location" : {
        "latitudeE7" : -257566259,
        "longitudeE7" : 282799601,
        "placeId" : "ChIJk8udomFglR4R3IkeaF5TBKE",
        "address" : "CSIR Site\nCouncil for Scientific and Industrial Research, Building 44\nScientia 627-Jr\nPretoria\n0081\nSouth Africa",
        "name" : "Council for Scientific and Industrial Research, Building 44",
        "locationConfidence" : 99.87335
      },
      "duration" : {
        "startTimestampMs" : "1351759199666",
        "endTimestampMs" : "1351779347249"
      },
      "centerLatE7" : -257568953,
      "centerLngE7" : 282798589,
      "visitConfidence" : 64,
      "otherCandidateLocations" : [ {
        "latitudeE7" : -257468287,
        "longitudeE7" : 282788928,
        "placeId" : "ChIJS_P3g2lglR4RMs3iZtUFGUE",
        "name" : "CSIR",
        "locationConfidence" : 0.116663404
      }, {
        "latitudeE7" : -257553732,
        "longitudeE7" : 282756848,
        "placeId" : "ChIJs_0uIF5glR4RR-4vqk8VpRg",
        "name" : "National Research Foundation",
        "locationConfidence" : 0.005163131
      }, {
        "latitudeE7" : -257559232,
        "longitudeE7" : 282785672,
        "placeId" : "ChIJZWl6-2BglR4R1ugW5fMdZVo",
        "name" : "Meraka Institute",
        "locationConfidence" : 0.004538528
      }, {
        "latitudeE7" : -257580368,
        "longitudeE7" : 282781057,
        "placeId" : "ChIJVVVFOGBglR4Rvvo1_7H6Jeo",
        "name" : "Klydon",
        "locationConfidence" : 1.5851647E-4
      }, {
        "latitudeE7" : -257588552,
        "longitudeE7" : 282789896,
        "placeId" : "ChIJFUvM1GFglR4Ri_PvjKdaItQ",
        "name" : "National Laser Centre (LMP)",
        "locationConfidence" : 1.2121221E-4
      } ],
      "editConfirmationStatus" : "NOT_CONFIRMED"
    }
  }, {
    "activitySegment" : {
      "startLocation" : {
        "latitudeE7" : -257568953,
        "longitudeE7" : 282798589
      },
      "endLocation" : {
        "latitudeE7" : -258560016,
        "longitudeE7" : 281627242
      },
      "duration" : {
        "startTimestampMs" : "1351779347249",
        "endTimestampMs" : "1351781185251"
      },
      "activityType" : "UNKNOWN_ACTIVITY_TYPE",
      "activities" : [ {
        "activityType" : "UNKNOWN_ACTIVITY_TYPE",
        "probability" : 0.0
      } ],
      "simplifiedRawPath" : {
        "points" : [ {
          "latE7" : -258593739,
          "lngE7" : 281582139,
          "timestampMs" : "1351781065552",
          "accuracyMeters" : 27
        } ]
      }
    }
  }, {
    "placeVisit" : {
      "location" : {
        "latitudeE7" : -258560254,
        "longitudeE7" : 281626348,
        "placeId" : "ChIJWVS1zllklR4R7ih8EDjLG2g",
        "address" : "31 Willem Rd\nEldoraigne\nCenturion\n0157\nSouth Africa",
        "name" : "31 Willem Rd",
        "semanticType" : "TYPE_HOME",
        "locationConfidence" : 99.33531
      },
      "duration" : {
        "startTimestampMs" : "1351781185251",
        "endTimestampMs" : "1351830465139"
      },
      "centerLatE7" : -258560016,
      "centerLngE7" : 281627242,
      "visitConfidence" : 64,
      "otherCandidateLocations" : [ {
        "latitudeE7" : -258559780,
        "longitudeE7" : 281626430,
        "placeId" : "ChIJgf7JGllklR4RTqYK8tHPm_w",
        "semanticType" : "TYPE_SEARCHED_ADDRESS",
        "locationConfidence" : 0.6523642
      }, {
        "latitudeE7" : -258570590,
        "longitudeE7" : 281625620,
        "placeId" : "ChIJGZkpr1lklR4RvXt8NOQ53JI",
        "semanticType" : "TYPE_SEARCHED_ADDRESS",
        "locationConfidence" : 0.007016809
      }, {
        "latitudeE7" : -258548177,
        "longitudeE7" : 281602300,
        "placeId" : "ChIJgxKl015klR4RH1GGsfwUqGI",
        "name" : "Guest@home4u",
        "locationConfidence" : 8.7721215E-4
      }, {
        "latitudeE7" : -258564430,
        "longitudeE7" : 281639450,
        "placeId" : "ChIJeeSNnVlklR4RZYivLKiClSY",
        "name" : "R101 Medical Centre & Pharmacy",
        "locationConfidence" : 8.4156904E-4
      }, {
        "latitudeE7" : -258560800,
        "longitudeE7" : 281633500,
        "placeId" : "ChIJqbfuDFlklR4R62Y6o0Rpy9w",
        "name" : "Eldoraigne Bus Stop",
        "locationConfidence" : 5.534188E-4
      }, {
        "latitudeE7" : -258559299,
        "longitudeE7" : 281639000,
        "placeId" : "ChIJs1lxcVlklR4RKfo-EA5nEP4",
        "name" : "Rondomtalie Kleuterskool/Naskool",
        "locationConfidence" : 4.7291003E-4
      }, {
        "latitudeE7" : -258562719,
        "longitudeE7" : 281623793,
        "placeId" : "ChIJHSm_BVlklR4Rsu4QQxcQC40",
        "name" : "Herman Visser Versekeringsmakelaars Cc",
        "locationConfidence" : 3.7281954E-4
      }, {
        "latitudeE7" : -258561810,
        "longitudeE7" : 281620170,
        "placeId" : "ChIJsU6mAllklR4RbXdXjLHI8jU",
        "name" : "Collin Tossel Versekerings Makelaars BK",
        "locationConfidence" : 2.8549618E-4
      }, {
        "latitudeE7" : -258552635,
        "longitudeE7" : 281624596,
        "placeId" : "ChIJmxfRIllklR4RraHFATAOWbY",
        "name" : "International Negotiation Academy (Pty) Ltd",
        "locationConfidence" : 2.475812E-4
      } ],
      "editConfirmationStatus" : "NOT_CONFIRMED"
    }
  }, {
    "placeVisit" : {
      "location" : {
        "latitudeE7" : -258560254,
        "longitudeE7" : 281626348,
        "placeId" : "ChIJWVS1zllklR4R7ih8EDjLG2g",
        "address" : "31 Willem Rd\nEldoraigne\nCenturion\n0157\nSouth Africa",
        "name" : "31 Willem Rd",
        "semanticType" : "TYPE_HOME",
        "locationConfidence" : 99.165085
      },
      "duration" : {
        "startTimestampMs" : "1351831431152",
        "endTimestampMs" : "1351864987674"
      },
      "centerLatE7" : -258559875,
      "centerLngE7" : 281626714,
      "visitConfidence" : 64,
      "otherCandidateLocations" : [ {
        "latitudeE7" : -258559780,
        "longitudeE7" : 281626430,
        "placeId" : "ChIJgf7JGllklR4RTqYK8tHPm_w",
        "semanticType" : "TYPE_SEARCHED_ADDRESS",
        "locationConfidence" : 0.82025856
      }, {
        "latitudeE7" : -258570590,
        "longitudeE7" : 281625620,
        "placeId" : "ChIJGZkpr1lklR4RvXt8NOQ53JI",
        "semanticType" : "TYPE_SEARCHED_ADDRESS",
        "locationConfidence" : 0.008631032
      }, {
        "latitudeE7" : -258548177,
        "longitudeE7" : 281602300,
        "placeId" : "ChIJgxKl015klR4RH1GGsfwUqGI",
        "name" : "Guest@home4u",
        "locationConfidence" : 0.001195536
      }, {
        "latitudeE7" : -258564430,
        "longitudeE7" : 281639450,
        "placeId" : "ChIJeeSNnVlklR4RZYivLKiClSY",
        "name" : "R101 Medical Centre & Pharmacy",
        "locationConfidence" : 8.349417E-4
      }, {
        "latitudeE7" : -258559299,
        "longitudeE7" : 281639000,
        "placeId" : "ChIJs1lxcVlklR4RKfo-EA5nEP4",
        "name" : "Rondomtalie Kleuterskool/Naskool",
        "locationConfidence" : 7.4408913E-4
      }, {
        "latitudeE7" : -258562719,
        "longitudeE7" : 281623793,
        "placeId" : "ChIJHSm_BVlklR4Rsu4QQxcQC40",
        "name" : "Herman Visser Versekeringsmakelaars Cc",
        "locationConfidence" : 3.909871E-4
      }, {
        "latitudeE7" : -258561810,
        "longitudeE7" : 281620170,
        "placeId" : "ChIJsU6mAllklR4RbXdXjLHI8jU",
        "name" : "Collin Tossel Versekerings Makelaars BK",
        "locationConfidence" : 3.0322673E-4
      }, {
        "latitudeE7" : -258552635,
        "longitudeE7" : 281624596,
        "placeId" : "ChIJmxfRIllklR4RraHFATAOWbY",
        "name" : "International Negotiation Academy (Pty) Ltd",
        "locationConfidence" : 2.8656024E-4
      }, {
        "latitudeE7" : -258560800,
        "longitudeE7" : 281633500,
        "placeId" : "ChIJqbfuDFlklR4R62Y6o0Rpy9w",
        "name" : "Eldoraigne Bus Stop",
        "locationConfidence" : 2.7073917E-4
      } ],
      "editConfirmationStatus" : "NOT_CONFIRMED"
    }
  }, {
    "placeVisit" : {
      "location" : {
        "latitudeE7" : -258976925,
        "longitudeE7" : 281737044,
        "placeId" : "ChIJ-cyvLhBllR4RZJTIKwM2R2I",
        "address" : "Brakfontein 399-Jr\nCenturion\nSouth Africa",
        "name" : "Brakfontein 399-Jr"
      },
      "duration" : {
        "startTimestampMs" : "1351865347850",
        "endTimestampMs" : "1351866066475"
      },
      "centerLatE7" : -258725129,
      "centerLngE7" : 281642729,
      "visitConfidence" : 76,
      "otherCandidateLocations" : [ {
        "latitudeE7" : -258718248,
        "longitudeE7" : 281642198,
        "placeId" : "ChIJmdPHe6tllR4RsDJButVuolA",
        "name" : "FH CHAMBERLAIN CENTURION",
        "locationConfidence" : 19.229427
      }, {
        "latitudeE7" : -258731480,
        "longitudeE7" : 281643330,
        "placeId" : "ChIJb28_riVklR4R6k_6CehYyBQ",
        "name" : "Voltex",
        "locationConfidence" : 4.311664
      }, {
        "latitudeE7" : -258704800,
        "longitudeE7" : 281658760,
        "placeId" : "ChIJYdDBh6xllR4R5pPH-R4Ocpc",
        "name" : "The GAS Company",
        "locationConfidence" : 3.7575104
      }, {
        "latitudeE7" : -258727190,
        "longitudeE7" : 281633980,
        "placeId" : "ChIJD_9bFKtllR4RRw4lHVucbW0",
        "name" : "AutoZone Centurion",
        "locationConfidence" : 3.3089457
      }, {
        "latitudeE7" : -258733923,
        "longitudeE7" : 281653830,
        "placeId" : "ChIJXxRYfqxllR4RMUXVvLcMQjk",
        "name" : "Babelegi Workwear & Industrial Supplies",
        "locationConfidence" : 2.5671852
      }, {
        "latitudeE7" : -258739332,
        "longitudeE7" : 281679457,
        "placeId" : "ChIJ1aSjK6xllR4R4ZG_OvfXat4",
        "name" : "Builders Warehouse Parking Lot",
        "locationConfidence" : 2.485953
      }, {
        "latitudeE7" : -258731230,
        "longitudeE7" : 281642029,
        "placeId" : "ChIJl__Bm6tllR4Rzxr-vMBTmfc",
        "name" : "Lenchen Park",
        "locationConfidence" : 2.2027948
      }, {
        "latitudeE7" : -258725687,
        "longitudeE7" : 281629256,
        "placeId" : "ChIJPe0qCKtllR4RHlNZxB5bGzA",
        "name" : "Shoe City - Centurion Lifestyle Center",
        "locationConfidence" : 1.9701344
      }, {
        "latitudeE7" : -258728580,
        "longitudeE7" : 281634950,
        "placeId" : "ChIJMzfTqatllR4RUiz2Ok6SN_4",
        "name" : "Talisman Hire",
        "locationConfidence" : 1.135342
      } ],
      "editConfirmationStatus" : "CONFIRMED"
    }
  }, {
    "activitySegment" : {
      "startLocation" : {
        "latitudeE7" : -258725129,
        "longitudeE7" : 281642729
      },
      "endLocation" : {
        "latitudeE7" : -258563446,
        "longitudeE7" : 281874900
      },
      "duration" : {
        "startTimestampMs" : "1351866066475",
        "endTimestampMs" : "1351866673883"
      },
      "activityType" : "UNKNOWN_ACTIVITY_TYPE",
      "activities" : [ {
        "activityType" : "UNKNOWN_ACTIVITY_TYPE",
        "probability" : 0.0
      } ],
      "simplifiedRawPath" : {
        "points" : [ {
          "latE7" : -258699510,
          "lngE7" : 281787810,
          "timestampMs" : "1351866310216",
          "accuracyMeters" : 125
        }, {
          "latE7" : -258583957,
          "lngE7" : 281894147,
          "timestampMs" : "1351866493819",
          "accuracyMeters" : 45
        } ]
      }
    }
  }, {
    "placeVisit" : {
      "location" : {
        "latitudeE7" : -258614570,
        "longitudeE7" : 281802475,
        "placeId" : "ChIJCwR88zVklR4RhSK4_WI6Svk",
        "address" : "Centurion Central\nCenturion\n0157\nSouth Africa",
        "name" : "Centurion Central",
        "locationConfidence" : 100.0
      },
      "duration" : {
        "startTimestampMs" : "1351866673883",
        "endTimestampMs" : "1351880414458"
      },
      "placeConfidence" : "USER_CONFIRMED",
      "visitConfidence" : 100,
      "otherCandidateLocations" : [ {
        "latitudeE7" : -258558505,
        "longitudeE7" : 281878224,
        "placeId" : "ChIJi77EQDdklR4ROzT7UPOA2BY",
        "address" : "Gordon Hood Road, Centurion, Gauteng, 0046, South Africa",
        "name" : "Centurion Mall Jamaat Khana",
        "locationConfidence" : 39.417572
      }, {
        "latitudeE7" : -258568040,
        "longitudeE7" : 281863620,
        "placeId" : "ChIJt0LJwzNklR4RHSv1eI2-j-c",
        "name" : "CENTURION MALL",
        "locationConfidence" : 16.35033
      }, {
        "latitudeE7" : -258553210,
        "longitudeE7" : 281859990,
        "placeId" : "ChIJDden5jZklR4RgiSDAKLHstM",
        "name" : "Placecol",
        "locationConfidence" : 8.526572
      }, {
        "latitudeE7" : -258563852,
        "longitudeE7" : 281878760,
        "placeId" : "ChIJUelUADdklR4RAG24nw5faRQ",
        "name" : "HEALth-WorX Family Medical Center",
        "locationConfidence" : 3.6851807
      }, {
        "latitudeE7" : -258571767,
        "longitudeE7" : 281866162,
        "placeId" : "ChIJ6VvV7jZklR4RwmviId0PXOY",
        "name" : "The Gadget Shop - Centurion Mall",
        "locationConfidence" : 3.1107802
      }, {
        "latitudeE7" : -258563890,
        "longitudeE7" : 281887610,
        "placeId" : "ChIJPZBh1zBklR4RsOTTkAjiOp0",
        "name" : "Regus",
        "locationConfidence" : 2.9090652
      }, {
        "latitudeE7" : -258563247,
        "longitudeE7" : 281880990,
        "placeId" : "ChIJDS8BKTdklR4R-s-esuEWNcc",
        "name" : "O'Galito",
        "locationConfidence" : 2.4332263
      }, {
        "latitudeE7" : -258536190,
        "longitudeE7" : 281865850,
        "placeId" : "ChIJPzcgzzlklR4RhbpmItjm-DU",
        "name" : "Protea Hotel Centurion",
        "locationConfidence" : 2.1410384
      }, {
        "latitudeE7" : -258566788,
        "longitudeE7" : 281906926,
        "placeId" : "ChIJ4WFYBDFklR4R6H7jnpUQIRY",
        "name" : "Centurion Lake Hotel",
        "locationConfidence" : 1.6484419
      }, {
        "latitudeE7" : -258556127,
        "longitudeE7" : 281875880,
        "placeId" : "ChIJxwYnODdklR4RBp_0tb2QAPo",
        "name" : "Parrots",
        "locationConfidence" : 0.87698656
      } ],
      "editConfirmationStatus" : "CONFIRMED"
    }
  }, {
    "activitySegment" : {
      "startLocation" : {
        "latitudeE7" : -258561035,
        "longitudeE7" : 281881773
      },
      "endLocation" : {
        "latitudeE7" : -257565994,
        "longitudeE7" : 282800212
      },
      "duration" : {
        "startTimestampMs" : "1351880414458",
        "endTimestampMs" : "1374124357640"
      },
      "activityType" : "UNKNOWN_ACTIVITY_TYPE",
      "activities" : [ {
        "activityType" : "UNKNOWN_ACTIVITY_TYPE",
        "probability" : 0.0
      } ],
      "simplifiedRawPath" : {
        "points" : [ {
          "latE7" : -258569060,
          "lngE7" : 281889868,
          "timestampMs" : "1351880596974",
          "accuracyMeters" : 48
        }, {
          "latE7" : -258547704,
          "lngE7" : 281911690,
          "timestampMs" : "1351880776738",
          "accuracyMeters" : 35
        }, {
          "latE7" : -258563696,
          "lngE7" : 281823402,
          "timestampMs" : "1351881138361",
          "accuracyMeters" : 43
        }, {
          "latE7" : -257654225,
          "lngE7" : 282759613,
          "timestampMs" : "1374124117688",
          "accuracyMeters" : 49
        }, {
          "latE7" : -257553197,
          "lngE7" : 282777277,
          "timestampMs" : "1374124242006",
          "accuracyMeters" : 58
        } ]
      }
    }
  } ]
}