{
  "timelineObjects" : [ {
    "placeVisit" : {
      "location" : {
        "latitudeE7" : -258560254,
        "longitudeE7" : 281626348,
        "placeId" : "ChIJWVS1zllklR4R7ih8EDjLG2g",
        "address" : "31 Willem Rd\nEldoraigne\nCenturion\n0157\nSouth Africa",
        "name" : "31 Willem Rd",
        "semanticType" : "TYPE_HOME",
        "locationConfidence" : 98.64673
      },
      "duration" : {
        "startTimestampMs" : "1351574521173",
        "endTimestampMs" : "1351586691456"
      },
      "centerLatE7" : -258558900,
      "centerLngE7" : 281630634,
      "visitConfidence" : 79,
      "otherCandidateLocations" : [ {
        "latitudeE7" : -258559780,
        "longitudeE7" : 281626430,
        "placeId" : "ChIJgf7JGllklR4RTqYK8tHPm_w",
        "semanticType" : "TYPE_SEARCHED_ADDRESS",
        "locationConfidence" : 1.2961493
      }, {
        "latitudeE7" : -258570590,
        "longitudeE7" : 281625620,
        "placeId" : "ChIJGZkpr1lklR4RvXt8NOQ53JI",
        "semanticType" : "TYPE_SEARCHED_ADDRESS",
        "locationConfidence" : 0.026373634
      }, {
        "latitudeE7" : -258564430,
        "longitudeE7" : 281639450,
        "placeId" : "ChIJeeSNnVlklR4RZYivLKiClSY",
        "name" : "R101 Medical Centre & Pharmacy",
        "locationConfidence" : 0.013744888
      }, {
        "latitudeE7" : -258548177,
        "longitudeE7" : 281602300,
        "placeId" : "ChIJgxKl015klR4RH1GGsfwUqGI",
        "name" : "Guest@home4u",
        "locationConfidence" : 0.0029670603
      }, {
        "latitudeE7" : -258559299,
        "longitudeE7" : 281639000,
        "placeId" : "ChIJs1lxcVlklR4RKfo-EA5nEP4",
        "name" : "Rondomtalie Kleuterskool/Naskool",
        "locationConfidence" : 0.002923777
      }, {
        "latitudeE7" : -258560800,
        "longitudeE7" : 281633500,
        "placeId" : "ChIJqbfuDFlklR4R62Y6o0Rpy9w",
        "name" : "Eldoraigne Bus Stop",
        "locationConfidence" : 0.0013574943
      }, {
        "latitudeE7" : -258562719,
        "longitudeE7" : 281623793,
        "placeId" : "ChIJHSm_BVlklR4Rsu4QQxcQC40",
        "name" : "Herman Visser Versekeringsmakelaars Cc",
        "locationConfidence" : 8.5277925E-4
      }, {
        "latitudeE7" : -258552635,
        "longitudeE7" : 281624596,
        "placeId" : "ChIJmxfRIllklR4RraHFATAOWbY",
        "name" : "International Negotiation Academy (Pty) Ltd",
        "locationConfidence" : 7.7045796E-4
      }, {
        "latitudeE7" : -258562926,
        "longitudeE7" : 281641053,
        "placeId" : "ChIJCQ4deFlklR4RwFj8XDBb72M",
        "name" : "Lettie Steyn Eiendomme - Properties",
        "locationConfidence" : 6.4872316E-4
      } ],
      "editConfirmationStatus" : "NOT_CONFIRMED"
    }
  }, {
    "activitySegment" : {
      "startLocation" : {
        "latitudeE7" : -258558900,
        "longitudeE7" : 281630634
      },
      "endLocation" : {
        "latitudeE7" : -258558920,
        "longitudeE7" : 281630472
      },
      "duration" : {
        "startTimestampMs" : "1351586691456",
        "endTimestampMs" : "1351588124866"
      },
      "activityType" : "UNKNOWN_ACTIVITY_TYPE",
      "activities" : [ {
        "activityType" : "UNKNOWN_ACTIVITY_TYPE",
        "probability" : 0.0
      } ],
      "simplifiedRawPath" : {
        "points" : [ {
          "latE7" : -258598712,
          "lngE7" : 281578370,
          "timestampMs" : "1351586826766",
          "accuracyMeters" : 25
        }, {
          "latE7" : -258616849,
          "lngE7" : 281589511,
          "timestampMs" : "1351586933140",
          "accuracyMeters" : 57
        }, {
          "latE7" : -258571731,
          "lngE7" : 281593633,
          "timestampMs" : "1351588004440",
          "accuracyMeters" : 27
        } ]
      }
    }
  }, {
    "placeVisit" : {
      "location" : {
        "latitudeE7" : -258560254,
        "longitudeE7" : 281626348,
        "placeId" : "ChIJWVS1zllklR4R7ih8EDjLG2g",
        "address" : "31 Willem Rd\nEldoraigne\nCenturion\n0157\nSouth Africa",
        "name" : "31 Willem Rd",
        "semanticType" : "TYPE_HOME",
        "locationConfidence" : 98.97074
      },
      "duration" : {
        "startTimestampMs" : "1351588124866",
        "endTimestampMs" : "1351632150671"
      },
      "centerLatE7" : -258558920,
      "centerLngE7" : 281630472,
      "visitConfidence" : 91,
      "otherCandidateLocations" : [ {
        "latitudeE7" : -258559780,
        "longitudeE7" : 281626430,
        "placeId" : "ChIJgf7JGllklR4RTqYK8tHPm_w",
        "semanticType" : "TYPE_SEARCHED_ADDRESS",
        "locationConfidence" : 0.9760121
      }, {
        "latitudeE7" : -258570590,
        "longitudeE7" : 281625620,
        "placeId" : "ChIJGZkpr1lklR4RvXt8NOQ53JI",
        "semanticType" : "TYPE_SEARCHED_ADDRESS",
        "locationConfidence" : 0.019609245
      }, {
        "latitudeE7" : -258564430,
        "longitudeE7" : 281639450,
        "placeId" : "ChIJeeSNnVlklR4RZYivLKiClSY",
        "name" : "R101 Medical Centre & Pharmacy",
        "locationConfidence" : 0.010470204
      }, {
        "latitudeE7" : -258548177,
        "longitudeE7" : 281602300,
        "placeId" : "ChIJgxKl015klR4RH1GGsfwUqGI",
        "name" : "Guest@home4u",
        "locationConfidence" : 0.0063414657
      }, {
        "latitudeE7" : -258559299,
        "longitudeE7" : 281639000,
        "placeId" : "ChIJs1lxcVlklR4RKfo-EA5nEP4",
        "name" : "Rondomtalie Kleuterskool/Naskool",
        "locationConfidence" : 0.0040166066
      }, {
        "latitudeE7" : -258560800,
        "longitudeE7" : 281633500,
        "placeId" : "ChIJqbfuDFlklR4R62Y6o0Rpy9w",
        "name" : "Eldoraigne Bus Stop",
        "locationConfidence" : 0.0025366023
      }, {
        "latitudeE7" : -258547870,
        "longitudeE7" : 281639370,
        "placeId" : "ChIJ3ayVQ1lklR4RidXzOK_W468",
        "name" : "Ellen's Homemade Goodies",
        "locationConfidence" : 0.0011016171
      }, {
        "latitudeE7" : -258562719,
        "longitudeE7" : 281623793,
        "placeId" : "ChIJHSm_BVlklR4Rsu4QQxcQC40",
        "name" : "Herman Visser Versekeringsmakelaars Cc",
        "locationConfidence" : 8.359657E-4
      }, {
        "latitudeE7" : -258552635,
        "longitudeE7" : 281624596,
        "placeId" : "ChIJmxfRIllklR4RraHFATAOWbY",
        "name" : "International Negotiation Academy (Pty) Ltd",
        "locationConfidence" : 7.543547E-4
      } ],
      "editConfirmationStatus" : "NOT_CONFIRMED"
    }
  }, {
    "placeVisit" : {
      "location" : {
        "latitudeE7" : -258560254,
        "longitudeE7" : 281626348,
        "placeId" : "ChIJWVS1zllklR4R7ih8EDjLG2g",
        "address" : "31 Willem Rd\nEldoraigne\nCenturion\n0157\nSouth Africa",
        "name" : "31 Willem Rd",
        "semanticType" : "TYPE_HOME",
        "locationConfidence" : 99.33475
      },
      "duration" : {
        "startTimestampMs" : "1351633228508",
        "endTimestampMs" : "1351634612195"
      },
      "centerLatE7" : -258560000,
      "centerLngE7" : 281626267,
      "visitConfidence" : 78,
      "otherCandidateLocations" : [ {
        "latitudeE7" : -258559780,
        "longitudeE7" : 281626430,
        "placeId" : "ChIJgf7JGllklR4RTqYK8tHPm_w",
        "semanticType" : "TYPE_SEARCHED_ADDRESS",
        "locationConfidence" : 0.65297776
      }, {
        "latitudeE7" : -258570590,
        "longitudeE7" : 281625620,
        "placeId" : "ChIJGZkpr1lklR4RvXt8NOQ53JI",
        "semanticType" : "TYPE_SEARCHED_ADDRESS",
        "locationConfidence" : 0.0069801933
      }, {
        "latitudeE7" : -258548177,
        "longitudeE7" : 281602300,
        "placeId" : "ChIJgxKl015klR4RH1GGsfwUqGI",
        "name" : "Guest@home4u",
        "locationConfidence" : 8.662786E-4
      }, {
        "latitudeE7" : -258564430,
        "longitudeE7" : 281639450,
        "placeId" : "ChIJeeSNnVlklR4RZYivLKiClSY",
        "name" : "R101 Medical Centre & Pharmacy",
        "locationConfidence" : 8.432565E-4
      }, {
        "latitudeE7" : -258560800,
        "longitudeE7" : 281633500,
        "placeId" : "ChIJqbfuDFlklR4R62Y6o0Rpy9w",
        "name" : "Eldoraigne Bus Stop",
        "locationConfidence" : 5.5316417E-4
      }, {
        "latitudeE7" : -258559299,
        "longitudeE7" : 281639000,
        "placeId" : "ChIJs1lxcVlklR4RKfo-EA5nEP4",
        "name" : "Rondomtalie Kleuterskool/Naskool",
        "locationConfidence" : 4.739821E-4
      }, {
        "latitudeE7" : -258562719,
        "longitudeE7" : 281623793,
        "placeId" : "ChIJHSm_BVlklR4Rsu4QQxcQC40",
        "name" : "Herman Visser Versekeringsmakelaars Cc",
        "locationConfidence" : 3.694476E-4
      }, {
        "latitudeE7" : -258561810,
        "longitudeE7" : 281620170,
        "placeId" : "ChIJsU6mAllklR4RbXdXjLHI8jU",
        "name" : "Collin Tossel Versekerings Makelaars BK",
        "locationConfidence" : 2.8219257E-4
      }, {
        "latitudeE7" : -258552635,
        "longitudeE7" : 281624596,
        "placeId" : "ChIJmxfRIllklR4RraHFATAOWbY",
        "name" : "International Negotiation Academy (Pty) Ltd",
        "locationConfidence" : 2.4620432E-4
      } ],
      "editConfirmationStatus" : "NOT_CONFIRMED"
    }
  }, {
    "activitySegment" : {
      "startLocation" : {
        "latitudeE7" : -258560000,
        "longitudeE7" : 281626267
      },
      "endLocation" : {
        "latitudeE7" : -258559361,
        "longitudeE7" : 281628630
      },
      "duration" : {
        "startTimestampMs" : "1351634612195",
        "endTimestampMs" : "1351638391340"
      },
      "activityType" : "UNKNOWN_ACTIVITY_TYPE",
      "activities" : [ {
        "activityType" : "UNKNOWN_ACTIVITY_TYPE",
        "probability" : 0.0
      } ],
      "simplifiedRawPath" : {
        "points" : [ {
          "latE7" : -258560035,
          "lngE7" : 281626303,
          "timestampMs" : "1351634612195",
          "accuracyMeters" : 26
        }, {
          "latE7" : -258560035,
          "lngE7" : 281626303,
          "timestampMs" : "1351635509091",
          "accuracyMeters" : 26
        }, {
          "latE7" : -258557900,
          "lngE7" : 281634190,
          "timestampMs" : "1351635869968",
          "accuracyMeters" : 20
        }, {
          "latE7" : -258565020,
          "lngE7" : 281596290,
          "timestampMs" : "1351636592205",
          "accuracyMeters" : 85
        }, {
          "latE7" : -258557900,
          "lngE7" : 281634190,
          "timestampMs" : "1351636776216",
          "accuracyMeters" : 20
        }, {
          "latE7" : -258560035,
          "lngE7" : 281626303,
          "timestampMs" : "1351637136381",
          "accuracyMeters" : 38
        }, {
          "latE7" : -258557900,
          "lngE7" : 281634190,
          "timestampMs" : "1351637192861",
          "accuracyMeters" : 20
        }, {
          "latE7" : -258560035,
          "lngE7" : 281626303,
          "timestampMs" : "1351637316449",
          "accuracyMeters" : 26
        }, {
          "latE7" : -258560035,
          "lngE7" : 281626303,
          "timestampMs" : "1351637670184",
          "accuracyMeters" : 26
        } ]
      }
    }
  }, {
    "placeVisit" : {
      "location" : {
        "latitudeE7" : -258560254,
        "longitudeE7" : 281626348,
        "placeId" : "ChIJWVS1zllklR4R7ih8EDjLG2g",
        "address" : "31 Willem Rd\nEldoraigne\nCenturion\n0157\nSouth Africa",
        "name" : "31 Willem Rd",
        "semanticType" : "TYPE_HOME",
        "locationConfidence" : 99.46589
      },
      "duration" : {
        "startTimestampMs" : "1351638391340",
        "endTimestampMs" : "1351640853718"
      },
      "centerLatE7" : -258559361,
      "centerLngE7" : 281628630,
      "visitConfidence" : 64,
      "otherCandidateLocations" : [ {
        "latitudeE7" : -258559780,
        "longitudeE7" : 281626430,
        "placeId" : "ChIJgf7JGllklR4RTqYK8tHPm_w",
        "semanticType" : "TYPE_SEARCHED_ADDRESS",
        "locationConfidence" : 0.5240348
      }, {
        "latitudeE7" : -258570590,
        "longitudeE7" : 281625620,
        "placeId" : "ChIJGZkpr1lklR4RvXt8NOQ53JI",
        "semanticType" : "TYPE_SEARCHED_ADDRESS",
        "locationConfidence" : 0.00577636
      }, {
        "latitudeE7" : -258560800,
        "longitudeE7" : 281633500,
        "placeId" : "ChIJqbfuDFlklR4R62Y6o0Rpy9w",
        "name" : "Eldoraigne Bus Stop",
        "locationConfidence" : 9.126068E-4
      }, {
        "latitudeE7" : -258548177,
        "longitudeE7" : 281602300,
        "placeId" : "ChIJgxKl015klR4RH1GGsfwUqGI",
        "name" : "Guest@home4u",
        "locationConfidence" : 7.5434725E-4
      }, {
        "latitudeE7" : -258559299,
        "longitudeE7" : 281639000,
        "placeId" : "ChIJs1lxcVlklR4RKfo-EA5nEP4",
        "name" : "Rondomtalie Kleuterskool/Naskool",
        "locationConfidence" : 3.43856E-4
      }, {
        "latitudeE7" : -258564430,
        "longitudeE7" : 281639450,
        "placeId" : "ChIJeeSNnVlklR4RZYivLKiClSY",
        "name" : "R101 Medical Centre & Pharmacy",
        "locationConfidence" : 3.1519387E-4
      }, {
        "latitudeE7" : -258562719,
        "longitudeE7" : 281623793,
        "placeId" : "ChIJHSm_BVlklR4Rsu4QQxcQC40",
        "name" : "Herman Visser Versekeringsmakelaars Cc",
        "locationConfidence" : 2.7355232E-4
      }, {
        "latitudeE7" : -258561810,
        "longitudeE7" : 281620170,
        "placeId" : "ChIJsU6mAllklR4RbXdXjLHI8jU",
        "name" : "Collin Tossel Versekerings Makelaars BK",
        "locationConfidence" : 2.1143028E-4
      }, {
        "latitudeE7" : -258552635,
        "longitudeE7" : 281624596,
        "placeId" : "ChIJmxfRIllklR4RraHFATAOWbY",
        "name" : "International Negotiation Academy (Pty) Ltd",
        "locationConfidence" : 1.8582364E-4
      } ],
      "editConfirmationStatus" : "NOT_CONFIRMED"
    }
  }, {
    "placeVisit" : {
      "location" : {
        "latitudeE7" : -258560254,
        "longitudeE7" : 281626348,
        "placeId" : "ChIJWVS1zllklR4R7ih8EDjLG2g",
        "address" : "31 Willem Rd\nEldoraigne\nCenturion\n0157\nSouth Africa",
        "name" : "31 Willem Rd",
        "semanticType" : "TYPE_HOME",
        "locationConfidence" : 99.31604
      },
      "duration" : {
        "startTimestampMs" : "1351641600000",
        "endTimestampMs" : "1351642418261"
      },
      "centerLatE7" : -258560000,
      "centerLngE7" : 281626209,
      "visitConfidence" : 77,
      "otherCandidateLocations" : [ {
        "latitudeE7" : -258559780,
        "longitudeE7" : 281626430,
        "placeId" : "ChIJgf7JGllklR4RTqYK8tHPm_w",
        "semanticType" : "TYPE_SEARCHED_ADDRESS",
        "locationConfidence" : 0.67139137
      }, {
        "latitudeE7" : -258570590,
        "longitudeE7" : 281625620,
        "placeId" : "ChIJGZkpr1lklR4RvXt8NOQ53JI",
        "semanticType" : "TYPE_SEARCHED_ADDRESS",
        "locationConfidence" : 0.007214938
      }, {
        "latitudeE7" : -258560800,
        "longitudeE7" : 281633500,
        "placeId" : "ChIJqbfuDFlklR4R62Y6o0Rpy9w",
        "name" : "Eldoraigne Bus Stop",
        "locationConfidence" : 0.001219208
      }, {
        "latitudeE7" : -258548177,
        "longitudeE7" : 281602300,
        "placeId" : "ChIJgxKl015klR4RH1GGsfwUqGI",
        "name" : "Guest@home4u",
        "locationConfidence" : 8.274398E-4
      }, {
        "latitudeE7" : -258559299,
        "longitudeE7" : 281639000,
        "placeId" : "ChIJs1lxcVlklR4RKfo-EA5nEP4",
        "name" : "Rondomtalie Kleuterskool/Naskool",
        "locationConfidence" : 4.426839E-4
      }, {
        "latitudeE7" : -258564430,
        "longitudeE7" : 281639450,
        "placeId" : "ChIJeeSNnVlklR4RZYivLKiClSY",
        "name" : "R101 Medical Centre & Pharmacy",
        "locationConfidence" : 4.0146353E-4
      }, {
        "latitudeE7" : -258562719,
        "longitudeE7" : 281623793,
        "placeId" : "ChIJHSm_BVlklR4Rsu4QQxcQC40",
        "name" : "Herman Visser Versekeringsmakelaars Cc",
        "locationConfidence" : 3.7223747E-4
      }, {
        "latitudeE7" : -258561810,
        "longitudeE7" : 281620170,
        "placeId" : "ChIJsU6mAllklR4RbXdXjLHI8jU",
        "name" : "Collin Tossel Versekerings Makelaars BK",
        "locationConfidence" : 2.849502E-4
      }, {
        "latitudeE7" : -258552635,
        "longitudeE7" : 281624596,
        "placeId" : "ChIJmxfRIllklR4RraHFATAOWbY",
        "name" : "International Negotiation Academy (Pty) Ltd",
        "locationConfidence" : 2.4731233E-4
      } ],
      "editConfirmationStatus" : "NOT_CONFIRMED"
    }
  }, {
    "placeVisit" : {
      "location" : {
        "latitudeE7" : -258560254,
        "longitudeE7" : 281626348,
        "placeId" : "ChIJWVS1zllklR4R7ih8EDjLG2g",
        "address" : "31 Willem Rd\nEldoraigne\nCenturion\n0157\nSouth Africa",
        "name" : "31 Willem Rd",
        "semanticType" : "TYPE_HOME",
        "locationConfidence" : 99.26936
      },
      "duration" : {
        "startTimestampMs" : "1351643442428",
        "endTimestampMs" : "1351651301854"
      },
      "centerLatE7" : -258559779,
      "centerLngE7" : 281629527,
      "visitConfidence" : 64,
      "otherCandidateLocations" : [ {
        "latitudeE7" : -258559780,
        "longitudeE7" : 281626430,
        "placeId" : "ChIJgf7JGllklR4RTqYK8tHPm_w",
        "semanticType" : "TYPE_SEARCHED_ADDRESS",
        "locationConfidence" : 0.7150416
      }, {
        "latitudeE7" : -258570590,
        "longitudeE7" : 281625620,
        "placeId" : "ChIJGZkpr1lklR4RvXt8NOQ53JI",
        "semanticType" : "TYPE_SEARCHED_ADDRESS",
        "locationConfidence" : 0.008642577
      }, {
        "latitudeE7" : -258564430,
        "longitudeE7" : 281639450,
        "placeId" : "ChIJeeSNnVlklR4RZYivLKiClSY",
        "name" : "R101 Medical Centre & Pharmacy",
        "locationConfidence" : 0.0012084685
      }, {
        "latitudeE7" : -258548177,
        "longitudeE7" : 281602300,
        "placeId" : "ChIJgxKl015klR4RH1GGsfwUqGI",
        "name" : "Guest@home4u",
        "locationConfidence" : 9.264605E-4
      }, {
        "latitudeE7" : -258560800,
        "longitudeE7" : 281633500,
        "placeId" : "ChIJqbfuDFlklR4R62Y6o0Rpy9w",
        "name" : "Eldoraigne Bus Stop",
        "locationConfidence" : 7.8329805E-4
      }, {
        "latitudeE7" : -258559299,
        "longitudeE7" : 281639000,
        "placeId" : "ChIJs1lxcVlklR4RKfo-EA5nEP4",
        "name" : "Rondomtalie Kleuterskool/Naskool",
        "locationConfidence" : 6.820809E-4
      }, {
        "latitudeE7" : -258562719,
        "longitudeE7" : 281623793,
        "placeId" : "ChIJHSm_BVlklR4Rsu4QQxcQC40",
        "name" : "Herman Visser Versekeringsmakelaars Cc",
        "locationConfidence" : 4.2428166E-4
      }, {
        "latitudeE7" : -258561810,
        "longitudeE7" : 281620170,
        "placeId" : "ChIJsU6mAllklR4RbXdXjLHI8jU",
        "name" : "Collin Tossel Versekerings Makelaars BK",
        "locationConfidence" : 3.2429988E-4
      }, {
        "latitudeE7" : -258552635,
        "longitudeE7" : 281624596,
        "placeId" : "ChIJmxfRIllklR4RraHFATAOWbY",
        "name" : "International Negotiation Academy (Pty) Ltd",
        "locationConfidence" : 2.9914983E-4
      } ],
      "editConfirmationStatus" : "NOT_CONFIRMED"
    }
  }, {
    "activitySegment" : {
      "startLocation" : {
        "latitudeE7" : -258559779,
        "longitudeE7" : 281629527
      },
      "endLocation" : {
        "latitudeE7" : -258558970,
        "longitudeE7" : 281630260
      },
      "duration" : {
        "startTimestampMs" : "1351651301854",
        "endTimestampMs" : "1351652569811"
      },
      "activityType" : "UNKNOWN_ACTIVITY_TYPE",
      "activities" : [ {
        "activityType" : "UNKNOWN_ACTIVITY_TYPE",
        "probability" : 0.0
      } ],
      "simplifiedRawPath" : {
        "points" : [ {
          "latE7" : -258557900,
          "lngE7" : 281634190,
          "timestampMs" : "1351651301854",
          "accuracyMeters" : 20
        }, {
          "latE7" : -258557900,
          "lngE7" : 281634190,
          "timestampMs" : "1351651906720",
          "accuracyMeters" : 20
        }, {
          "latE7" : -258557900,
          "lngE7" : 281634190,
          "timestampMs" : "1351652150554",
          "accuracyMeters" : 20
        }, {
          "latE7" : -258565020,
          "lngE7" : 281596290,
          "timestampMs" : "1351652328068",
          "accuracyMeters" : 85
        } ]
      }
    }
  }, {
    "placeVisit" : {
      "location" : {
        "latitudeE7" : -258560254,
        "longitudeE7" : 281626348,
        "placeId" : "ChIJWVS1zllklR4R7ih8EDjLG2g",
        "address" : "31 Willem Rd\nEldoraigne\nCenturion\n0157\nSouth Africa",
        "name" : "31 Willem Rd",
        "semanticType" : "TYPE_HOME",
        "locationConfidence" : 99.14542
      },
      "duration" : {
        "startTimestampMs" : "1351652569811",
        "endTimestampMs" : "1351667739634"
      },
      "centerLatE7" : -258558970,
      "centerLngE7" : 281630260,
      "visitConfidence" : 64,
      "otherCandidateLocations" : [ {
        "latitudeE7" : -258559780,
        "longitudeE7" : 281626430,
        "placeId" : "ChIJgf7JGllklR4RTqYK8tHPm_w",
        "semanticType" : "TYPE_SEARCHED_ADDRESS",
        "locationConfidence" : 0.8231784
      }, {
        "latitudeE7" : -258570590,
        "longitudeE7" : 281625620,
        "placeId" : "ChIJGZkpr1lklR4RvXt8NOQ53JI",
        "semanticType" : "TYPE_SEARCHED_ADDRESS",
        "locationConfidence" : 0.015410686
      }, {
        "latitudeE7" : -258564430,
        "longitudeE7" : 281639450,
        "placeId" : "ChIJeeSNnVlklR4RZYivLKiClSY",
        "name" : "R101 Medical Centre & Pharmacy",
        "locationConfidence" : 0.002889288
      }, {
        "latitudeE7" : -258560800,
        "longitudeE7" : 281633500,
        "placeId" : "ChIJqbfuDFlklR4R62Y6o0Rpy9w",
        "name" : "Eldoraigne Bus Stop",
        "locationConfidence" : 0.0019354471
      }, {
        "latitudeE7" : -258548177,
        "longitudeE7" : 281602300,
        "placeId" : "ChIJgxKl015klR4RH1GGsfwUqGI",
        "name" : "Guest@home4u",
        "locationConfidence" : 0.001765874
      }, {
        "latitudeE7" : -258559299,
        "longitudeE7" : 281639000,
        "placeId" : "ChIJs1lxcVlklR4RKfo-EA5nEP4",
        "name" : "Rondomtalie Kleuterskool/Naskool",
        "locationConfidence" : 0.0017283254
      }, {
        "latitudeE7" : -258562719,
        "longitudeE7" : 281623793,
        "placeId" : "ChIJHSm_BVlklR4Rsu4QQxcQC40",
        "name" : "Herman Visser Versekeringsmakelaars Cc",
        "locationConfidence" : 7.569285E-4
      }, {
        "latitudeE7" : -258552635,
        "longitudeE7" : 281624596,
        "placeId" : "ChIJmxfRIllklR4RraHFATAOWbY",
        "name" : "International Negotiation Academy (Pty) Ltd",
        "locationConfidence" : 6.628594E-4
      }, {
        "latitudeE7" : -258561810,
        "longitudeE7" : 281620170,
        "placeId" : "ChIJsU6mAllklR4RbXdXjLHI8jU",
        "name" : "Collin Tossel Versekerings Makelaars BK",
        "locationConfidence" : 6.085316E-4
      } ],
      "editConfirmationStatus" : "NOT_CONFIRMED"
    }
  }, {
    "placeVisit" : {
      "location" : {
        "latitudeE7" : -258528600,
        "longitudeE7" : 281647400,
        "placeId" : "ChIJ112AqF5klR4RoD9bZEdAeqw",
        "address" : "253 Tipperary Rd\nHennopspark\nCenturion\n0172\nSouth Africa",
        "name" : "Huppel Trippel Children Day Care",
        "locationConfidence" : 18.11807
      },
      "duration" : {
        "startTimestampMs" : "1351668466406",
        "endTimestampMs" : "1351670317355"
      },
      "centerLatE7" : -258525400,
      "centerLngE7" : 281646967,
      "visitConfidence" : 62,
      "otherCandidateLocations" : [ {
        "latitudeE7" : -258532200,
        "longitudeE7" : 281640700,
        "placeId" : "ChIJtXO7sV5klR4RxxwpWI81OUY",
        "name" : "Centurion Junior Academy",
        "locationConfidence" : 13.55421
      }, {
        "latitudeE7" : -258528136,
        "longitudeE7" : 281616557,
        "placeId" : "ChIJv9QxIF9klR4RNDKm9NH9L_M",
        "name" : "Gaggi's Guest House",
        "locationConfidence" : 13.076988
      }, {
        "latitudeE7" : -258526109,
        "longitudeE7" : 281648465,
        "placeId" : "ChIJtbg5-PddlR4RNBcT18akV9U",
        "name" : "Sheer Elegance Interior Decorators",
        "locationConfidence" : 5.5393624
      }, {
        "latitudeE7" : -258505200,
        "longitudeE7" : 281652500,
        "placeId" : "ChIJiVN71F1klR4RFz-s6vxrkeI",
        "name" : "Pikkieland Speelgroep",
        "locationConfidence" : 5.1126804
      }, {
        "latitudeE7" : -258530836,
        "longitudeE7" : 281616394,
        "placeId" : "ChIJHcPWIF9klR4R_0cmJuXABcQ",
        "name" : "Dynamic Auctioneers",
        "locationConfidence" : 4.626326
      }, {
        "latitudeE7" : -258532300,
        "longitudeE7" : 281669500,
        "placeId" : "ChIJyXBViFtklR4RXxR1THXxl7c",
        "name" : "Malu Kleuterskool",
        "locationConfidence" : 4.6188436
      }, {
        "latitudeE7" : -258518690,
        "longitudeE7" : 281629340,
        "placeId" : "ChIJTbnV8V5klR4RjB1ogAqooZs",
        "name" : "Fish Eagle Consulting",
        "locationConfidence" : 4.112516
      }, {
        "latitudeE7" : -258544675,
        "longitudeE7" : 281656926,
        "placeId" : "ChIJ6wFU5ltklR4Rvvfj439QKxY",
        "name" : "Gauteng Dance Studios",
        "locationConfidence" : 3.9591389
      }, {
        "latitudeE7" : -258519200,
        "longitudeE7" : 281647200,
        "placeId" : "ChIJcbuMnl5klR4Rrth1Mmrwvbs",
        "name" : "Jodene Villas",
        "locationConfidence" : 3.3986604
      } ],
      "editConfirmationStatus" : "NOT_CONFIRMED"
    }
  }, {
    "placeVisit" : {
      "location" : {
        "latitudeE7" : -258528600,
        "longitudeE7" : 281647400,
        "placeId" : "ChIJ112AqF5klR4RoD9bZEdAeqw",
        "address" : "253 Tipperary Rd\nHennopspark\nCenturion\n0172\nSouth Africa",
        "name" : "Huppel Trippel Children Day Care",
        "locationConfidence" : 17.909267
      },
      "duration" : {
        "startTimestampMs" : "1351671010366",
        "endTimestampMs" : "1351672917484"
      },
      "centerLatE7" : -258525314,
      "centerLngE7" : 281645629,
      "visitConfidence" : 63,
      "otherCandidateLocations" : [ {
        "latitudeE7" : -258528136,
        "longitudeE7" : 281616557,
        "placeId" : "ChIJv9QxIF9klR4RNDKm9NH9L_M",
        "name" : "Gaggi's Guest House",
        "locationConfidence" : 15.126279
      }, {
        "latitudeE7" : -258532200,
        "longitudeE7" : 281640700,
        "placeId" : "ChIJtXO7sV5klR4RxxwpWI81OUY",
        "name" : "Centurion Junior Academy",
        "locationConfidence" : 13.907688
      }, {
        "latitudeE7" : -258530836,
        "longitudeE7" : 281616394,
        "placeId" : "ChIJHcPWIF9klR4R_0cmJuXABcQ",
        "name" : "Dynamic Auctioneers",
        "locationConfidence" : 5.1058216
      }, {
        "latitudeE7" : -258505200,
        "longitudeE7" : 281652500,
        "placeId" : "ChIJiVN71F1klR4RFz-s6vxrkeI",
        "name" : "Pikkieland Speelgroep",
        "locationConfidence" : 4.930412
      }, {
        "latitudeE7" : -258518690,
        "longitudeE7" : 281629340,
        "placeId" : "ChIJTbnV8V5klR4RjB1ogAqooZs",
        "name" : "Fish Eagle Consulting",
        "locationConfidence" : 4.4015994
      }, {
        "latitudeE7" : -258532300,
        "longitudeE7" : 281669500,
        "placeId" : "ChIJyXBViFtklR4RXxR1THXxl7c",
        "name" : "Malu Kleuterskool",
        "locationConfidence" : 4.1305456
      }, {
        "latitudeE7" : -258526109,
        "longitudeE7" : 281648465,
        "placeId" : "ChIJtbg5-PddlR4RNBcT18akV9U",
        "name" : "Sheer Elegance Interior Decorators",
        "locationConfidence" : 3.8274984
      }, {
        "latitudeE7" : -258544675,
        "longitudeE7" : 281656926,
        "placeId" : "ChIJ6wFU5ltklR4Rvvfj439QKxY",
        "name" : "Gauteng Dance Studios",
        "locationConfidence" : 3.7173264
      }, {
        "latitudeE7" : -258526033,
        "longitudeE7" : 281639011,
        "placeId" : "ChIJi-qYvF5klR4RKTNZ8fiScZI",
        "name" : "Santa Monica",
        "locationConfidence" : 3.3612924
      } ],
      "editConfirmationStatus" : "NOT_CONFIRMED"
    }
  }, {
    "activitySegment" : {
      "startLocation" : {
        "latitudeE7" : -258525314,
        "longitudeE7" : 281645629
      },
      "endLocation" : {
        "latitudeE7" : -258527100,
        "longitudeE7" : 281645633
      },
      "duration" : {
        "startTimestampMs" : "1351672917484",
        "endTimestampMs" : "1351685335088"
      },
      "activityType" : "UNKNOWN_ACTIVITY_TYPE",
      "activities" : [ {
        "activityType" : "UNKNOWN_ACTIVITY_TYPE",
        "probability" : 0.0
      } ],
      "simplifiedRawPath" : {
        "points" : [ {
          "latE7" : -258395220,
          "lngE7" : 281746521,
          "timestampMs" : "1351675500712",
          "accuracyMeters" : 5
        }, {
          "latE7" : -258471401,
          "lngE7" : 281712842,
          "timestampMs" : "1351675923297",
          "accuracyMeters" : 25
        }, {
          "latE7" : -258582070,
          "lngE7" : 281591340,
          "timestampMs" : "1351680067085",
          "accuracyMeters" : 110
        } ]
      }
    }
  }, {
    "placeVisit" : {
      "location" : {
        "latitudeE7" : -258528600,
        "longitudeE7" : 281647400,
        "placeId" : "ChIJ112AqF5klR4RoD9bZEdAeqw",
        "address" : "253 Tipperary Rd\nHennopspark\nCenturion\n0172\nSouth Africa",
        "name" : "Huppel Trippel Children Day Care",
        "locationConfidence" : 19.300028
      },
      "duration" : {
        "startTimestampMs" : "1351685335088",
        "endTimestampMs" : "1351686238699"
      },
      "centerLatE7" : -258527100,
      "centerLngE7" : 281645633,
      "visitConfidence" : 62,
      "otherCandidateLocations" : [ {
        "latitudeE7" : -258528136,
        "longitudeE7" : 281616557,
        "placeId" : "ChIJv9QxIF9klR4RNDKm9NH9L_M",
        "name" : "Gaggi's Guest House",
        "locationConfidence" : 14.329178
      }, {
        "latitudeE7" : -258532200,
        "longitudeE7" : 281640700,
        "placeId" : "ChIJtXO7sV5klR4RxxwpWI81OUY",
        "name" : "Centurion Junior Academy",
        "locationConfidence" : 13.824512
      }, {
        "latitudeE7" : -258530836,
        "longitudeE7" : 281616394,
        "placeId" : "ChIJHcPWIF9klR4R_0cmJuXABcQ",
        "name" : "Dynamic Auctioneers",
        "locationConfidence" : 5.18763
      }, {
        "latitudeE7" : -258544675,
        "longitudeE7" : 281656926,
        "placeId" : "ChIJ6wFU5ltklR4Rvvfj439QKxY",
        "name" : "Gauteng Dance Studios",
        "locationConfidence" : 4.894109
      }, {
        "latitudeE7" : -258532300,
        "longitudeE7" : 281669500,
        "placeId" : "ChIJyXBViFtklR4RXxR1THXxl7c",
        "name" : "Malu Kleuterskool",
        "locationConfidence" : 4.0019326
      }, {
        "latitudeE7" : -258505200,
        "longitudeE7" : 281652500,
        "placeId" : "ChIJiVN71F1klR4RFz-s6vxrkeI",
        "name" : "Pikkieland Speelgroep",
        "locationConfidence" : 3.9988513
      }, {
        "latitudeE7" : -258518690,
        "longitudeE7" : 281629340,
        "placeId" : "ChIJTbnV8V5klR4RjB1ogAqooZs",
        "name" : "Fish Eagle Consulting",
        "locationConfidence" : 3.8926673
      }, {
        "latitudeE7" : -258526109,
        "longitudeE7" : 281648465,
        "placeId" : "ChIJtbg5-PddlR4RNBcT18akV9U",
        "name" : "Sheer Elegance Interior Decorators",
        "locationConfidence" : 3.7994657
      }, {
        "latitudeE7" : -258526033,
        "longitudeE7" : 281639011,
        "placeId" : "ChIJi-qYvF5klR4RKTNZ8fiScZI",
        "name" : "Santa Monica",
        "locationConfidence" : 3.3374684
      } ],
      "editConfirmationStatus" : "NOT_CONFIRMED"
    }
  }, {
    "placeVisit" : {
      "location" : {
        "latitudeE7" : -258528600,
        "longitudeE7" : 281647400,
        "placeId" : "ChIJ112AqF5klR4RoD9bZEdAeqw",
        "address" : "253 Tipperary Rd\nHennopspark\nCenturion\n0172\nSouth Africa",
        "name" : "Huppel Trippel Children Day Care",
        "locationConfidence" : 17.374863
      },
      "duration" : {
        "startTimestampMs" : "1351686839875",
        "endTimestampMs" : "1351687440646"
      },
      "centerLatE7" : -258525340,
      "centerLngE7" : 281645600,
      "visitConfidence" : 64,
      "otherCandidateLocations" : [ {
        "latitudeE7" : -258528136,
        "longitudeE7" : 281616557,
        "placeId" : "ChIJv9QxIF9klR4RNDKm9NH9L_M",
        "name" : "Gaggi's Guest House",
        "locationConfidence" : 14.839112
      }, {
        "latitudeE7" : -258532200,
        "longitudeE7" : 281640700,
        "placeId" : "ChIJtXO7sV5klR4RxxwpWI81OUY",
        "name" : "Centurion Junior Academy",
        "locationConfidence" : 13.511487
      }, {
        "latitudeE7" : -258530836,
        "longitudeE7" : 281616394,
        "placeId" : "ChIJHcPWIF9klR4R_0cmJuXABcQ",
        "name" : "Dynamic Auctioneers",
        "locationConfidence" : 5.30044
      }, {
        "latitudeE7" : -258505200,
        "longitudeE7" : 281652500,
        "placeId" : "ChIJiVN71F1klR4RFz-s6vxrkeI",
        "name" : "Pikkieland Speelgroep",
        "locationConfidence" : 4.76655
      }, {
        "latitudeE7" : -258544675,
        "longitudeE7" : 281656926,
        "placeId" : "ChIJ6wFU5ltklR4Rvvfj439QKxY",
        "name" : "Gauteng Dance Studios",
        "locationConfidence" : 4.515663
      }, {
        "latitudeE7" : -258518690,
        "longitudeE7" : 281629340,
        "placeId" : "ChIJTbnV8V5klR4RjB1ogAqooZs",
        "name" : "Fish Eagle Consulting",
        "locationConfidence" : 4.3119683
      }, {
        "latitudeE7" : -258532300,
        "longitudeE7" : 281669500,
        "placeId" : "ChIJyXBViFtklR4RXxR1THXxl7c",
        "name" : "Malu Kleuterskool",
        "locationConfidence" : 3.9981308
      }, {
        "latitudeE7" : -258526109,
        "longitudeE7" : 281648465,
        "placeId" : "ChIJtbg5-PddlR4RNBcT18akV9U",
        "name" : "Sheer Elegance Interior Decorators",
        "locationConfidence" : 3.960867
      }, {
        "latitudeE7" : -258526033,
        "longitudeE7" : 281639011,
        "placeId" : "ChIJi-qYvF5klR4RKTNZ8fiScZI",
        "name" : "Santa Monica",
        "locationConfidence" : 3.4833329
      } ],
      "editConfirmationStatus" : "NOT_CONFIRMED"
    }
  }, {
    "activitySegment" : {
      "startLocation" : {
        "latitudeE7" : -258525340,
        "longitudeE7" : 281645600
      },
      "endLocation" : {
        "latitudeE7" : -258526675,
        "longitudeE7" : 281645600
      },
      "duration" : {
        "startTimestampMs" : "1351687440646",
        "endTimestampMs" : "1351689953758"
      },
      "activityType" : "UNKNOWN_ACTIVITY_TYPE",
      "activities" : [ {
        "activityType" : "UNKNOWN_ACTIVITY_TYPE",
        "probability" : 0.0
      } ],
      "simplifiedRawPath" : {
        "points" : [ {
          "latE7" : -258573830,
          "lngE7" : 281671600,
          "timestampMs" : "1351688498949",
          "accuracyMeters" : 95
        }, {
          "latE7" : -258565020,
          "lngE7" : 281596290,
          "timestampMs" : "1351689700737",
          "accuracyMeters" : 85
        } ]
      }
    }
  }, {
    "placeVisit" : {
      "location" : {
        "latitudeE7" : -258528600,
        "longitudeE7" : 281647400,
        "placeId" : "ChIJ112AqF5klR4RoD9bZEdAeqw",
        "address" : "253 Tipperary Rd\nHennopspark\nCenturion\n0172\nSouth Africa",
        "name" : "Huppel Trippel Children Day Care",
        "locationConfidence" : 17.331957
      },
      "duration" : {
        "startTimestampMs" : "1351689953758",
        "endTimestampMs" : "1351691083195"
      },
      "centerLatE7" : -258526675,
      "centerLngE7" : 281645600,
      "visitConfidence" : 66,
      "otherCandidateLocations" : [ {
        "latitudeE7" : -258528136,
        "longitudeE7" : 281616557,
        "placeId" : "ChIJv9QxIF9klR4RNDKm9NH9L_M",
        "name" : "Gaggi's Guest House",
        "locationConfidence" : 14.852942
      }, {
        "latitudeE7" : -258532200,
        "longitudeE7" : 281640700,
        "placeId" : "ChIJtXO7sV5klR4RxxwpWI81OUY",
        "name" : "Centurion Junior Academy",
        "locationConfidence" : 14.172496
      }, {
        "latitudeE7" : -258530836,
        "longitudeE7" : 281616394,
        "placeId" : "ChIJHcPWIF9klR4R_0cmJuXABcQ",
        "name" : "Dynamic Auctioneers",
        "locationConfidence" : 5.359217
      }, {
        "latitudeE7" : -258544675,
        "longitudeE7" : 281656926,
        "placeId" : "ChIJ6wFU5ltklR4Rvvfj439QKxY",
        "name" : "Gauteng Dance Studios",
        "locationConfidence" : 4.9174075
      }, {
        "latitudeE7" : -258505200,
        "longitudeE7" : 281652500,
        "placeId" : "ChIJiVN71F1klR4RFz-s6vxrkeI",
        "name" : "Pikkieland Speelgroep",
        "locationConfidence" : 4.275992
      }, {
        "latitudeE7" : -258518690,
        "longitudeE7" : 281629340,
        "placeId" : "ChIJTbnV8V5klR4RjB1ogAqooZs",
        "name" : "Fish Eagle Consulting",
        "locationConfidence" : 4.1004453
      }, {
        "latitudeE7" : -258532300,
        "longitudeE7" : 281669500,
        "placeId" : "ChIJyXBViFtklR4RXxR1THXxl7c",
        "name" : "Malu Kleuterskool",
        "locationConfidence" : 4.0979314
      }, {
        "latitudeE7" : -258526109,
        "longitudeE7" : 281648465,
        "placeId" : "ChIJtbg5-PddlR4RNBcT18akV9U",
        "name" : "Sheer Elegance Interior Decorators",
        "locationConfidence" : 3.9195752
      }, {
        "latitudeE7" : -258526033,
        "longitudeE7" : 281639011,
        "placeId" : "ChIJi-qYvF5klR4RKTNZ8fiScZI",
        "name" : "Santa Monica",
        "locationConfidence" : 3.4639719
      } ],
      "editConfirmationStatus" : "NOT_CONFIRMED"
    }
  }, {
    "activitySegment" : {
      "startLocation" : {
        "latitudeE7" : -258526675,
        "longitudeE7" : 281645600
      },
      "endLocation" : {
        "latitudeE7" : -258524300,
        "longitudeE7" : 281645660
      },
      "duration" : {
        "startTimestampMs" : "1351691083195",
        "endTimestampMs" : "1351693186231"
      },
      "activityType" : "UNKNOWN_ACTIVITY_TYPE",
      "activities" : [ {
        "activityType" : "UNKNOWN_ACTIVITY_TYPE",
        "probability" : 0.0
      } ],
      "simplifiedRawPath" : {
        "points" : [ {
          "latE7" : -258703360,
          "lngE7" : 281623710,
          "timestampMs" : "1351691628553",
          "accuracyMeters" : 10
        } ]
      }
    }
  }, {
    "placeVisit" : {
      "location" : {
        "latitudeE7" : -258528600,
        "longitudeE7" : 281647400,
        "placeId" : "ChIJ112AqF5klR4RoD9bZEdAeqw",
        "address" : "253 Tipperary Rd\nHennopspark\nCenturion\n0172\nSouth Africa",
        "name" : "Huppel Trippel Children Day Care",
        "locationConfidence" : 18.466139
      },
      "duration" : {
        "startTimestampMs" : "1351693186231",
        "endTimestampMs" : "1351699780540"
      },
      "centerLatE7" : -258524300,
      "centerLngE7" : 281645660,
      "visitConfidence" : 61,
      "otherCandidateLocations" : [ {
        "latitudeE7" : -258528136,
        "longitudeE7" : 281616557,
        "placeId" : "ChIJv9QxIF9klR4RNDKm9NH9L_M",
        "name" : "Gaggi's Guest House",
        "locationConfidence" : 16.955969
      }, {
        "latitudeE7" : -258532200,
        "longitudeE7" : 281640700,
        "placeId" : "ChIJtXO7sV5klR4RxxwpWI81OUY",
        "name" : "Centurion Junior Academy",
        "locationConfidence" : 14.575257
      }, {
        "latitudeE7" : -258505200,
        "longitudeE7" : 281652500,
        "placeId" : "ChIJiVN71F1klR4RFz-s6vxrkeI",
        "name" : "Pikkieland Speelgroep",
        "locationConfidence" : 5.918417
      }, {
        "latitudeE7" : -258544675,
        "longitudeE7" : 281656926,
        "placeId" : "ChIJ6wFU5ltklR4Rvvfj439QKxY",
        "name" : "Gauteng Dance Studios",
        "locationConfidence" : 4.543082
      }, {
        "latitudeE7" : -258532300,
        "longitudeE7" : 281669500,
        "placeId" : "ChIJyXBViFtklR4RXxR1THXxl7c",
        "name" : "Malu Kleuterskool",
        "locationConfidence" : 4.4761133
      }, {
        "latitudeE7" : -258530836,
        "longitudeE7" : 281616394,
        "placeId" : "ChIJHcPWIF9klR4R_0cmJuXABcQ",
        "name" : "Dynamic Auctioneers",
        "locationConfidence" : 4.026317
      }, {
        "latitudeE7" : -258526109,
        "longitudeE7" : 281648465,
        "placeId" : "ChIJtbg5-PddlR4RNBcT18akV9U",
        "name" : "Sheer Elegance Interior Decorators",
        "locationConfidence" : 3.400925
      }, {
        "latitudeE7" : -258518690,
        "longitudeE7" : 281629340,
        "placeId" : "ChIJTbnV8V5klR4RjB1ogAqooZs",
        "name" : "Fish Eagle Consulting",
        "locationConfidence" : 3.1077428
      }, {
        "latitudeE7" : -258519200,
        "longitudeE7" : 281647200,
        "placeId" : "ChIJcbuMnl5klR4Rrth1Mmrwvbs",
        "name" : "Jodene Villas",
        "locationConfidence" : 3.0754373
      } ],
      "editConfirmationStatus" : "NOT_CONFIRMED"
    }
  }, {
    "activitySegment" : {
      "startLocation" : {
        "latitudeE7" : -258524300,
        "longitudeE7" : 281645660
      },
      "endLocation" : {
        "latitudeE7" : -258525390,
        "longitudeE7" : 281645660
      },
      "duration" : {
        "startTimestampMs" : "1351699780540",
        "endTimestampMs" : "1351702425301"
      },
      "activityType" : "UNKNOWN_ACTIVITY_TYPE",
      "activities" : [ {
        "activityType" : "UNKNOWN_ACTIVITY_TYPE",
        "probability" : 0.0
      } ],
      "simplifiedRawPath" : {
        "points" : [ {
          "latE7" : -258565020,
          "lngE7" : 281596290,
          "timestampMs" : "1351702125211",
          "accuracyMeters" : 85
        } ]
      }
    }
  }, {
    "placeVisit" : {
      "location" : {
        "latitudeE7" : -258528600,
        "longitudeE7" : 281647400,
        "placeId" : "ChIJ112AqF5klR4RoD9bZEdAeqw",
        "address" : "253 Tipperary Rd\nHennopspark\nCenturion\n0172\nSouth Africa",
        "name" : "Huppel Trippel Children Day Care",
        "locationConfidence" : 19.81554
      },
      "duration" : {
        "startTimestampMs" : "1351702425301",
        "endTimestampMs" : "1351715202934"
      },
      "centerLatE7" : -258525390,
      "centerLngE7" : 281645660,
      "visitConfidence" : 64,
      "otherCandidateLocations" : [ {
        "latitudeE7" : -258528136,
        "longitudeE7" : 281616557,
        "placeId" : "ChIJv9QxIF9klR4RNDKm9NH9L_M",
        "name" : "Gaggi's Guest House",
        "locationConfidence" : 16.96596
      }, {
        "latitudeE7" : -258532200,
        "longitudeE7" : 281640700,
        "placeId" : "ChIJtXO7sV5klR4RxxwpWI81OUY",
        "name" : "Centurion Junior Academy",
        "locationConfidence" : 15.332469
      }, {
        "latitudeE7" : -258505200,
        "longitudeE7" : 281652500,
        "placeId" : "ChIJiVN71F1klR4RFz-s6vxrkeI",
        "name" : "Pikkieland Speelgroep",
        "locationConfidence" : 5.397373
      }, {
        "latitudeE7" : -258544675,
        "longitudeE7" : 281656926,
        "placeId" : "ChIJ6wFU5ltklR4Rvvfj439QKxY",
        "name" : "Gauteng Dance Studios",
        "locationConfidence" : 4.862267
      }, {
        "latitudeE7" : -258532300,
        "longitudeE7" : 281669500,
        "placeId" : "ChIJyXBViFtklR4RXxR1THXxl7c",
        "name" : "Malu Kleuterskool",
        "locationConfidence" : 4.561919
      }, {
        "latitudeE7" : -258530836,
        "longitudeE7" : 281616394,
        "placeId" : "ChIJHcPWIF9klR4R_0cmJuXABcQ",
        "name" : "Dynamic Auctioneers",
        "locationConfidence" : 4.444878
      }, {
        "latitudeE7" : -258526109,
        "longitudeE7" : 281648465,
        "placeId" : "ChIJtbg5-PddlR4RNBcT18akV9U",
        "name" : "Sheer Elegance Interior Decorators",
        "locationConfidence" : 3.3724494
      }, {
        "latitudeE7" : -258518690,
        "longitudeE7" : 281629340,
        "placeId" : "ChIJTbnV8V5klR4RjB1ogAqooZs",
        "name" : "Fish Eagle Consulting",
        "locationConfidence" : 2.98029
      }, {
        "latitudeE7" : -258526033,
        "longitudeE7" : 281639011,
        "placeId" : "ChIJi-qYvF5klR4RKTNZ8fiScZI",
        "name" : "Santa Monica",
        "locationConfidence" : 2.9287343
      } ],
      "editConfirmationStatus" : "NOT_CONFIRMED"
    }
  }, {
    "placeVisit" : {
      "location" : {
        "latitudeE7" : -258560254,
        "longitudeE7" : 281626348,
        "placeId" : "ChIJWVS1zllklR4R7ih8EDjLG2g",
        "address" : "31 Willem Rd\nEldoraigne\nCenturion\n0157\nSouth Africa",
        "name" : "31 Willem Rd",
        "semanticType" : "TYPE_HOME",
        "locationConfidence" : 99.22391
      },
      "duration" : {
        "startTimestampMs" : "1351715444905",
        "endTimestampMs" : "1351744579840"
      },
      "centerLatE7" : -258560004,
      "centerLngE7" : 281626256,
      "visitConfidence" : 89,
      "otherCandidateLocations" : [ {
        "latitudeE7" : -258559780,
        "longitudeE7" : 281626430,
        "placeId" : "ChIJgf7JGllklR4RTqYK8tHPm_w",
        "semanticType" : "TYPE_SEARCHED_ADDRESS",
        "locationConfidence" : 0.76033616
      }, {
        "latitudeE7" : -258570590,
        "longitudeE7" : 281625620,
        "placeId" : "ChIJGZkpr1lklR4RvXt8NOQ53JI",
        "semanticType" : "TYPE_SEARCHED_ADDRESS",
        "locationConfidence" : 0.008143648
      }, {
        "latitudeE7" : -258548177,
        "longitudeE7" : 281602300,
        "placeId" : "ChIJgxKl015klR4RH1GGsfwUqGI",
        "name" : "Guest@home4u",
        "locationConfidence" : 0.0030887958
      }, {
        "latitudeE7" : -258559299,
        "longitudeE7" : 281639000,
        "placeId" : "ChIJs1lxcVlklR4RKfo-EA5nEP4",
        "name" : "Rondomtalie Kleuterskool/Naskool",
        "locationConfidence" : 7.9581747E-4
      }, {
        "latitudeE7" : -258564430,
        "longitudeE7" : 281639450,
        "placeId" : "ChIJeeSNnVlklR4RZYivLKiClSY",
        "name" : "R101 Medical Centre & Pharmacy",
        "locationConfidence" : 7.3458184E-4
      }, {
        "latitudeE7" : -258560800,
        "longitudeE7" : 281633500,
        "placeId" : "ChIJqbfuDFlklR4R62Y6o0Rpy9w",
        "name" : "Eldoraigne Bus Stop",
        "locationConfidence" : 5.4352003E-4
      }, {
        "latitudeE7" : -258562719,
        "longitudeE7" : 281623793,
        "placeId" : "ChIJHSm_BVlklR4Rsu4QQxcQC40",
        "name" : "Herman Visser Versekeringsmakelaars Cc",
        "locationConfidence" : 3.693587E-4
      }, {
        "latitudeE7" : -258561810,
        "longitudeE7" : 281620170,
        "placeId" : "ChIJsU6mAllklR4RbXdXjLHI8jU",
        "name" : "Collin Tossel Versekerings Makelaars BK",
        "locationConfidence" : 2.8218373E-4
      }, {
        "latitudeE7" : -258552635,
        "longitudeE7" : 281624596,
        "placeId" : "ChIJmxfRIllklR4RraHFATAOWbY",
        "name" : "International Negotiation Academy (Pty) Ltd",
        "locationConfidence" : 2.4586415E-4
      } ],
      "editConfirmationStatus" : "NOT_CONFIRMED"
    }
  } ]
}