{
  "timelineObjects" : [ {
    "placeVisit" : {
      "location" : {
        "latitudeE7" : -258560295,
        "longitudeE7" : 281626263,
        "placeId" : "ChIJWVS1zllklR4R7ih8EDjLG2g",
        "address" : "31 Willem Rd\nEldoraigne\nCenturion\n0157\nSouth Africa",
        "name" : "31 Willem Rd",
        "semanticType" : "TYPE_HOME",
        "sourceInfo" : {
          "deviceTag" : -63513299
        },
        "locationConfidence" : 82.17219
      },
      "duration" : {
        "startTimestampMs" : "1535797620769",
        "endTimestampMs" : "1535800693703"
      },
      "placeConfidence" : "MEDIUM_CONFIDENCE",
      "centerLatE7" : -258560224,
      "centerLngE7" : 281625459,
      "visitConfidence" : 83,
      "otherCandidateLocations" : [ {
        "latitudeE7" : -258559780,
        "longitudeE7" : 281626430,
        "placeId" : "ChIJgf7JGllklR4RTqYK8tHPm_w",
        "semanticType" : "TYPE_SEARCHED_ADDRESS",
        "locationConfidence" : 15.043653
      }, {
        "latitudeE7" : -258556046,
        "longitudeE7" : 281644996,
        "placeId" : "ChIJR2qzZFlklR4R6ONADWNKzIE",
        "name" : "Carnegie Park.",
        "locationConfidence" : 0.8787193
      }, {
        "latitudeE7" : -258565130,
        "longitudeE7" : 281611230,
        "placeId" : "ChIJjc378FhklR4R-lrwm02iVNY",
        "semanticType" : "TYPE_SEARCHED_ADDRESS",
        "locationConfidence" : 0.57740974
      }, {
        "latitudeE7" : -258570590,
        "longitudeE7" : 281625620,
        "placeId" : "ChIJGZkpr1lklR4RvXt8NOQ53JI",
        "semanticType" : "TYPE_SEARCHED_ADDRESS",
        "locationConfidence" : 0.41839457
      } ],
      "editConfirmationStatus" : "NOT_CONFIRMED"
    }
  }, {
    "activitySegment" : {
      "startLocation" : {
        "latitudeE7" : -258560295,
        "longitudeE7" : 281626263,
        "sourceInfo" : {
          "deviceTag" : -63513299
        }
      },
      "endLocation" : {
        "latitudeE7" : -258560295,
        "longitudeE7" : 281626263,
        "sourceInfo" : {
          "deviceTag" : -63513299
        }
      },
      "duration" : {
        "startTimestampMs" : "1535800693703",
        "endTimestampMs" : "1535805199060"
      },
      "distance" : 1393,
      "activityType" : "IN_PASSENGER_VEHICLE",
      "confidence" : "HIGH",
      "activities" : [ {
        "activityType" : "IN_PASSENGER_VEHICLE",
        "probability" : 94.70095419602946
      }, {
        "activityType" : "WALKING",
        "probability" : 3.0765403070825585
      }, {
        "activityType" : "IN_BUS",
        "probability" : 1.4166874506594096
      } ],
      "editConfirmationStatus" : "NOT_CONFIRMED"
    }
  }, {
    "placeVisit" : {
      "location" : {
        "latitudeE7" : -258560295,
        "longitudeE7" : 281626263,
        "placeId" : "ChIJWVS1zllklR4R7ih8EDjLG2g",
        "address" : "31 Willem Rd\nEldoraigne\nCenturion\n0157\nSouth Africa",
        "name" : "31 Willem Rd",
        "semanticType" : "TYPE_HOME",
        "sourceInfo" : {
          "deviceTag" : -63513299
        },
        "locationConfidence" : 83.41797
      },
      "duration" : {
        "startTimestampMs" : "1535805199060",
        "endTimestampMs" : "1535814844125"
      },
      "placeConfidence" : "HIGH_CONFIDENCE",
      "centerLatE7" : -258566038,
      "centerLngE7" : 281599163,
      "visitConfidence" : 84,
      "otherCandidateLocations" : [ {
        "latitudeE7" : -258559780,
        "longitudeE7" : 281626430,
        "placeId" : "ChIJgf7JGllklR4RTqYK8tHPm_w",
        "semanticType" : "TYPE_SEARCHED_ADDRESS",
        "locationConfidence" : 13.4179325
      }, {
        "latitudeE7" : -258556046,
        "longitudeE7" : 281644996,
        "placeId" : "ChIJR2qzZFlklR4R6ONADWNKzIE",
        "name" : "Carnegie Park.",
        "locationConfidence" : 1.1478689
      }, {
        "latitudeE7" : -258565130,
        "longitudeE7" : 281611230,
        "placeId" : "ChIJjc378FhklR4R-lrwm02iVNY",
        "semanticType" : "TYPE_SEARCHED_ADDRESS",
        "locationConfidence" : 0.6049875
      }, {
        "latitudeE7" : -258570590,
        "longitudeE7" : 281625620,
        "placeId" : "ChIJGZkpr1lklR4RvXt8NOQ53JI",
        "semanticType" : "TYPE_SEARCHED_ADDRESS",
        "locationConfidence" : 0.45842215
      } ],
      "editConfirmationStatus" : "NOT_CONFIRMED"
    }
  }, {
    "activitySegment" : {
      "startLocation" : {
        "latitudeE7" : -258569464,
        "longitudeE7" : 281586877,
        "sourceInfo" : {
          "deviceTag" : -63513299
        }
      },
      "endLocation" : {
        "latitudeE7" : -258560295,
        "longitudeE7" : 281626263,
        "sourceInfo" : {
          "deviceTag" : -63513299
        }
      },
      "duration" : {
        "startTimestampMs" : "1535814844125",
        "endTimestampMs" : "1535815638724"
      },
      "distance" : 413,
      "activityType" : "WALKING",
      "confidence" : "HIGH",
      "activities" : [ {
        "activityType" : "WALKING",
        "probability" : 88.69308501862437
      }, {
        "activityType" : "IN_PASSENGER_VEHICLE",
        "probability" : 10.006111656618616
      }, {
        "activityType" : "HIKING",
        "probability" : 0.7951457812779166
      } ],
      "waypointPath" : {
        "waypoints" : [ {
          "latE7" : -258568630,
          "lngE7" : 281586856
        }, {
          "latE7" : -258561325,
          "lngE7" : 281603794
        }, {
          "latE7" : -258560085,
          "lngE7" : 281622962
        } ]
      },
      "simplifiedRawPath" : {
        "points" : [ {
          "latE7" : -258569464,
          "lngE7" : 281586877,
          "timestampMs" : "1535814844125",
          "accuracyMeters" : 16
        } ]
      },
      "editConfirmationStatus" : "NOT_CONFIRMED"
    }
  }, {
    "activitySegment" : {
      "startLocation" : {
        "latitudeE7" : -258558946,
        "longitudeE7" : 281626632,
        "sourceInfo" : {
          "deviceTag" : -63513299
        }
      },
      "endLocation" : {
        "latitudeE7" : -258786596,
        "longitudeE7" : 281640641,
        "sourceInfo" : {
          "deviceTag" : -63513299
        }
      },
      "duration" : {
        "startTimestampMs" : "1535946983873",
        "endTimestampMs" : "1535988902241"
      },
      "distance" : 38282,
      "activityType" : "IN_PASSENGER_VEHICLE",
      "confidence" : "HIGH",
      "activities" : [ {
        "activityType" : "IN_PASSENGER_VEHICLE",
        "probability" : 94.68097555051594
      }, {
        "activityType" : "WALKING",
        "probability" : 4.554746904378575
      }, {
        "activityType" : "IN_BUS",
        "probability" : 0.4445272732348949
      } ],
      "waypointPath" : {
        "waypoints" : [ {
          "latE7" : -258558712,
          "lngE7" : 281623077
        }, {
          "latE7" : -258037643,
          "lngE7" : 282605133
        }, {
          "latE7" : -257560729,
          "lngE7" : 282793617
        }, {
          "latE7" : -257704772,
          "lngE7" : 282741394
        }, {
          "latE7" : -257789459,
          "lngE7" : 282567234
        }, {
          "latE7" : -257956180,
          "lngE7" : 282696990
        }, {
          "latE7" : -258144569,
          "lngE7" : 282685737
        }, {
          "latE7" : -258335247,
          "lngE7" : 282395687
        }, {
          "latE7" : -258786067,
          "lngE7" : 281639556
        } ]
      },
      "simplifiedRawPath" : {
        "points" : [ {
          "latE7" : -257561008,
          "lngE7" : 282790757,
          "timestampMs" : "1535985939172",
          "accuracyMeters" : 31
        }, {
          "latE7" : -257680766,
          "lngE7" : 282749493,
          "timestampMs" : "1535986406000",
          "accuracyMeters" : 10
        }, {
          "latE7" : -257786800,
          "lngE7" : 282573240,
          "timestampMs" : "1535986812455",
          "accuracyMeters" : 98
        }, {
          "latE7" : -257930321,
          "lngE7" : 282713205,
          "timestampMs" : "1535987175823",
          "accuracyMeters" : 98
        } ]
      },
      "editConfirmationStatus" : "NOT_CONFIRMED"
    }
  }, {
    "placeVisit" : {
      "location" : {
        "latitudeE7" : -258976925,
        "longitudeE7" : 281737044,
        "placeId" : "ChIJ-cyvLhBllR4RZJTIKwM2R2I",
        "address" : "Brakfontein 399-Jr\nCenturion\nSouth Africa",
        "name" : "Brakfontein 399-Jr"
      },
      "duration" : {
        "startTimestampMs" : "1535988902241",
        "endTimestampMs" : "1535990018176"
      },
      "placeConfidence" : "LOW_CONFIDENCE",
      "centerLatE7" : -258786638,
      "centerLngE7" : 281640546,
      "visitConfidence" : 95,
      "otherCandidateLocations" : [ {
        "latitudeE7" : -258777000,
        "longitudeE7" : 281618000,
        "placeId" : "ChIJHwRUpqlllR4RFWMXuMiwO0g",
        "name" : "Mweb",
        "locationConfidence" : 26.49837
      }, {
        "latitudeE7" : -258778771,
        "longitudeE7" : 281650558,
        "placeId" : "ChIJF_eaKq9llR4R_3kFgxN-5o0",
        "name" : "AA Travel Experience",
        "locationConfidence" : 2.8867338
      }, {
        "latitudeE7" : -258773448,
        "longitudeE7" : 281653564,
        "placeId" : "ChIJPQpp0a5llR4R8kXWjclAcW8",
        "name" : "Placecol",
        "locationConfidence" : 0.23087305
      }, {
        "latitudeE7" : -258772315,
        "longitudeE7" : 281648600,
        "placeId" : "ChIJMQpcLalllR4Rk37SKV1tTSg",
        "name" : "Rugs Original",
        "locationConfidence" : 0.18983385
      } ],
      "editConfirmationStatus" : "CONFIRMED"
    }
  }, {
    "activitySegment" : {
      "startLocation" : {
        "latitudeE7" : -258787256,
        "longitudeE7" : 281640261,
        "sourceInfo" : {
          "deviceTag" : -63513299
        }
      },
      "endLocation" : {
        "latitudeE7" : -258560295,
        "longitudeE7" : 281626263,
        "sourceInfo" : {
          "deviceTag" : -63513299
        }
      },
      "duration" : {
        "startTimestampMs" : "1535990018176",
        "endTimestampMs" : "1535990913654"
      },
      "distance" : 2591,
      "activityType" : "IN_PASSENGER_VEHICLE",
      "confidence" : "HIGH",
      "activities" : [ {
        "activityType" : "IN_PASSENGER_VEHICLE",
        "probability" : 96.35295519020795
      }, {
        "activityType" : "WALKING",
        "probability" : 3.189393571140178
      }, {
        "activityType" : "MOTORCYCLING",
        "probability" : 0.29342614510757725
      } ],
      "waypointPath" : {
        "waypoints" : [ {
          "latE7" : -258786277,
          "lngE7" : 281639289
        }, {
          "latE7" : -258626251,
          "lngE7" : 281591148
        }, {
          "latE7" : -258560085,
          "lngE7" : 281622962
        } ]
      },
      "simplifiedRawPath" : {
        "points" : [ {
          "latE7" : -258623577,
          "lngE7" : 281613814,
          "timestampMs" : "1535990263509",
          "accuracyMeters" : 28
        } ]
      },
      "editConfirmationStatus" : "NOT_CONFIRMED"
    }
  }, {
    "placeVisit" : {
      "location" : {
        "latitudeE7" : -258560295,
        "longitudeE7" : 281626263,
        "placeId" : "ChIJWVS1zllklR4R7ih8EDjLG2g",
        "address" : "31 Willem Rd\nEldoraigne\nCenturion\n0157\nSouth Africa",
        "name" : "31 Willem Rd",
        "semanticType" : "TYPE_HOME",
        "sourceInfo" : {
          "deviceTag" : -63513299
        },
        "locationConfidence" : 87.48157
      },
      "duration" : {
        "startTimestampMs" : "1535990913654",
        "endTimestampMs" : "1536036206375"
      },
      "placeConfidence" : "HIGH_CONFIDENCE",
      "centerLatE7" : -258560980,
      "centerLngE7" : 281626193,
      "visitConfidence" : 85,
      "otherCandidateLocations" : [ {
        "latitudeE7" : -258559780,
        "longitudeE7" : 281626430,
        "placeId" : "ChIJgf7JGllklR4RTqYK8tHPm_w",
        "semanticType" : "TYPE_SEARCHED_ADDRESS",
        "locationConfidence" : 11.525074
      }, {
        "latitudeE7" : -258565130,
        "longitudeE7" : 281611230,
        "placeId" : "ChIJjc378FhklR4R-lrwm02iVNY",
        "semanticType" : "TYPE_SEARCHED_ADDRESS",
        "locationConfidence" : 0.2663885
      }, {
        "latitudeE7" : -258560800,
        "longitudeE7" : 281633500,
        "placeId" : "ChIJqbfuDFlklR4R62Y6o0Rpy9w",
        "name" : "Eldoraigne Bus Stop",
        "locationConfidence" : 0.23833899
      }, {
        "latitudeE7" : -258570590,
        "longitudeE7" : 281625620,
        "placeId" : "ChIJGZkpr1lklR4RvXt8NOQ53JI",
        "semanticType" : "TYPE_SEARCHED_ADDRESS",
        "locationConfidence" : 0.22876519
      } ],
      "editConfirmationStatus" : "NOT_CONFIRMED"
    }
  }, {
    "activitySegment" : {
      "startLocation" : {
        "latitudeE7" : -258560295,
        "longitudeE7" : 281626263,
        "sourceInfo" : {
          "deviceTag" : -63513299
        }
      },
      "endLocation" : {
        "latitudeE7" : -257565804,
        "longitudeE7" : 282803135,
        "sourceInfo" : {
          "deviceTag" : -63513299
        }
      },
      "duration" : {
        "startTimestampMs" : "1536036206375",
        "endTimestampMs" : "1536038385360"
      },
      "distance" : 18765,
      "activityType" : "IN_PASSENGER_VEHICLE",
      "confidence" : "HIGH",
      "activities" : [ {
        "activityType" : "IN_PASSENGER_VEHICLE",
        "probability" : 91.26909765625261
      }, {
        "activityType" : "WALKING",
        "probability" : 7.88046788106905
      }, {
        "activityType" : "IN_BUS",
        "probability" : 0.7487032700865436
      } ],
      "waypointPath" : {
        "waypoints" : [ {
          "latE7" : -258560085,
          "lngE7" : 281622962
        }, {
          "latE7" : -258354587,
          "lngE7" : 282373828
        }, {
          "latE7" : -257571067,
          "lngE7" : 282803077
        } ]
      },
      "editConfirmationStatus" : "NOT_CONFIRMED"
    }
  }, {
    "activitySegment" : {
      "startLocation" : {
        "latitudeE7" : -257565804,
        "longitudeE7" : 282803135,
        "sourceInfo" : {
          "deviceTag" : -63513299
        }
      },
      "endLocation" : {
        "latitudeE7" : -258560917,
        "longitudeE7" : 281628175
      },
      "duration" : {
        "startTimestampMs" : "1536038385360",
        "endTimestampMs" : "1536397892218"
      },
      "activityType" : "UNKNOWN_ACTIVITY_TYPE",
      "activities" : [ {
        "activityType" : "UNKNOWN_ACTIVITY_TYPE",
        "probability" : 0.0
      } ],
      "simplifiedRawPath" : {
        "points" : [ {
          "latE7" : -257559375,
          "lngE7" : 282789206,
          "timestampMs" : "1536038385360",
          "accuracyMeters" : 29
        }, {
          "latE7" : -257568310,
          "lngE7" : 282791872,
          "timestampMs" : "1536038518123",
          "accuracyMeters" : 191
        }, {
          "latE7" : -257564263,
          "lngE7" : 282797736,
          "timestampMs" : "1536038606387",
          "accuracyMeters" : 104
        }, {
          "latE7" : -257658449,
          "lngE7" : 282790233,
          "timestampMs" : "1536251353085",
          "accuracyMeters" : 28
        } ]
      }
    }
  }, {
    "placeVisit" : {
      "location" : {
        "latitudeE7" : -258560295,
        "longitudeE7" : 281626263,
        "placeId" : "ChIJWVS1zllklR4R7ih8EDjLG2g",
        "address" : "31 Willem Rd\nEldoraigne\nCenturion\n0157\nSouth Africa",
        "name" : "31 Willem Rd",
        "semanticType" : "TYPE_HOME",
        "sourceInfo" : {
          "deviceTag" : -63513299
        },
        "locationConfidence" : 88.06386
      },
      "duration" : {
        "startTimestampMs" : "1536397892218",
        "endTimestampMs" : "1536399229747"
      },
      "placeConfidence" : "HIGH_CONFIDENCE",
      "centerLatE7" : -258560917,
      "centerLngE7" : 281628175,
      "visitConfidence" : 89,
      "otherCandidateLocations" : [ {
        "latitudeE7" : -258559780,
        "longitudeE7" : 281626430,
        "placeId" : "ChIJgf7JGllklR4RTqYK8tHPm_w",
        "semanticType" : "TYPE_SEARCHED_ADDRESS",
        "locationConfidence" : 10.576678
      }, {
        "latitudeE7" : -258560800,
        "longitudeE7" : 281633500,
        "placeId" : "ChIJqbfuDFlklR4R62Y6o0Rpy9w",
        "name" : "Eldoraigne Bus Stop",
        "locationConfidence" : 0.34110582
      }, {
        "latitudeE7" : -258565130,
        "longitudeE7" : 281611230,
        "placeId" : "ChIJjc378FhklR4R-lrwm02iVNY",
        "semanticType" : "TYPE_SEARCHED_ADDRESS",
        "locationConfidence" : 0.28837025
      }, {
        "latitudeE7" : -258570590,
        "longitudeE7" : 281625620,
        "placeId" : "ChIJGZkpr1lklR4RvXt8NOQ53JI",
        "semanticType" : "TYPE_SEARCHED_ADDRESS",
        "locationConfidence" : 0.2479167
      } ],
      "editConfirmationStatus" : "NOT_CONFIRMED"
    }
  }, {
    "activitySegment" : {
      "startLocation" : {
        "latitudeE7" : -258560663,
        "longitudeE7" : 281624261,
        "sourceInfo" : {
          "deviceTag" : -63513299
        }
      },
      "endLocation" : {
        "latitudeE7" : -257545395,
        "longitudeE7" : 279370133,
        "sourceInfo" : {
          "deviceTag" : -63513299
        }
      },
      "duration" : {
        "startTimestampMs" : "1536399246836",
        "endTimestampMs" : "1536403850720"
      },
      "distance" : 74392,
      "activityType" : "IN_PASSENGER_VEHICLE",
      "confidence" : "HIGH",
      "activities" : [ {
        "activityType" : "IN_PASSENGER_VEHICLE",
        "probability" : 98.0004395585139
      }, {
        "activityType" : "WALKING",
        "probability" : 1.683192300551178
      }, {
        "activityType" : "MOTORCYCLING",
        "probability" : 0.12295510370694059
      } ],
      "waypointPath" : {
        "waypoints" : [ {
          "latE7" : -258560562,
          "lngE7" : 281622924
        }, {
          "latE7" : -258037643,
          "lngE7" : 282605133
        }, {
          "latE7" : -257160110,
          "lngE7" : 282581005
        }, {
          "latE7" : -256466064,
          "lngE7" : 281552829
        }, {
          "latE7" : -256765842,
          "lngE7" : 278541889
        }, {
          "latE7" : -257521343,
          "lngE7" : 279124946
        }, {
          "latE7" : -257545738,
          "lngE7" : 279371852
        } ]
      },
      "editConfirmationStatus" : "NOT_CONFIRMED"
    }
  }, {
    "activitySegment" : {
      "startLocation" : {
        "latitudeE7" : -257545395,
        "longitudeE7" : 279370133,
        "sourceInfo" : {
          "deviceTag" : -63513299
        }
      },
      "endLocation" : {
        "latitudeE7" : -258561057,
        "longitudeE7" : 281626414
      },
      "duration" : {
        "startTimestampMs" : "1536403850720",
        "endTimestampMs" : "1536732226271"
      },
      "activityType" : "UNKNOWN_ACTIVITY_TYPE",
      "activities" : [ {
        "activityType" : "UNKNOWN_ACTIVITY_TYPE",
        "probability" : 0.0
      } ],
      "simplifiedRawPath" : {
        "points" : [ {
          "latE7" : -257545288,
          "lngE7" : 279371016,
          "timestampMs" : "1536403992665",
          "accuracyMeters" : 390
        }, {
          "latE7" : -257418696,
          "lngE7" : 279338648,
          "timestampMs" : "1536405053181",
          "accuracyMeters" : 381
        }, {
          "latE7" : -257266324,
          "lngE7" : 278994813,
          "timestampMs" : "1536405658866",
          "accuracyMeters" : 122
        }, {
          "latE7" : -257543960,
          "lngE7" : 279364062,
          "timestampMs" : "1536407031117",
          "accuracyMeters" : 11
        } ]
      }
    }
  }, {
    "placeVisit" : {
      "location" : {
        "latitudeE7" : -258560295,
        "longitudeE7" : 281626263,
        "placeId" : "ChIJWVS1zllklR4R7ih8EDjLG2g",
        "address" : "31 Willem Rd\nEldoraigne\nCenturion\n0157\nSouth Africa",
        "name" : "31 Willem Rd",
        "semanticType" : "TYPE_HOME",
        "sourceInfo" : {
          "deviceTag" : -63513299
        },
        "locationConfidence" : 86.94074
      },
      "duration" : {
        "startTimestampMs" : "1536732226271",
        "endTimestampMs" : "1536775871704"
      },
      "placeConfidence" : "HIGH_CONFIDENCE",
      "centerLatE7" : -258561057,
      "centerLngE7" : 281626414,
      "visitConfidence" : 88,
      "otherCandidateLocations" : [ {
        "latitudeE7" : -258559780,
        "longitudeE7" : 281626430,
        "placeId" : "ChIJgf7JGllklR4RTqYK8tHPm_w",
        "semanticType" : "TYPE_SEARCHED_ADDRESS",
        "locationConfidence" : 11.656384
      }, {
        "latitudeE7" : -258565130,
        "longitudeE7" : 281611230,
        "placeId" : "ChIJjc378FhklR4R-lrwm02iVNY",
        "semanticType" : "TYPE_SEARCHED_ADDRESS",
        "locationConfidence" : 0.36238617
      }, {
        "latitudeE7" : -258570590,
        "longitudeE7" : 281625620,
        "placeId" : "ChIJGZkpr1lklR4RvXt8NOQ53JI",
        "semanticType" : "TYPE_SEARCHED_ADDRESS",
        "locationConfidence" : 0.31835768
      }, {
        "latitudeE7" : -258560800,
        "longitudeE7" : 281633500,
        "placeId" : "ChIJqbfuDFlklR4R62Y6o0Rpy9w",
        "name" : "Eldoraigne Bus Stop",
        "locationConfidence" : 0.30706653
      } ],
      "editConfirmationStatus" : "NOT_CONFIRMED"
    }
  }, {
    "placeVisit" : {
      "location" : {
        "latitudeE7" : -258560848,
        "longitudeE7" : 281626110,
        "placeId" : "ChIJWVS1zllklR4R7ih8EDjLG2g",
        "address" : "31 Willem Rd\nEldoraigne\nCenturion\n0157\nSouth Africa",
        "name" : "31 Willem Rd",
        "semanticType" : "TYPE_HOME",
        "sourceInfo" : {
          "deviceTag" : -63513299
        },
        "locationConfidence" : 85.10995
      },
      "duration" : {
        "startTimestampMs" : "1537602112320",
        "endTimestampMs" : "1537682065463"
      },
      "placeConfidence" : "HIGH_CONFIDENCE",
      "centerLatE7" : -258559715,
      "centerLngE7" : 281625759,
      "visitConfidence" : 91,
      "otherCandidateLocations" : [ {
        "latitudeE7" : -258559780,
        "longitudeE7" : 281626430,
        "placeId" : "ChIJgf7JGllklR4RTqYK8tHPm_w",
        "semanticType" : "TYPE_SEARCHED_ADDRESS",
        "locationConfidence" : 13.023206
      }, {
        "latitudeE7" : -258556046,
        "longitudeE7" : 281644996,
        "placeId" : "ChIJR2qzZFlklR4R6ONADWNKzIE",
        "name" : "Carnegie Park.",
        "locationConfidence" : 0.5352367
      }, {
        "latitudeE7" : -258570590,
        "longitudeE7" : 281625620,
        "placeId" : "ChIJGZkpr1lklR4RvXt8NOQ53JI",
        "semanticType" : "TYPE_SEARCHED_ADDRESS",
        "locationConfidence" : 0.36404905
      }, {
        "latitudeE7" : -258565130,
        "longitudeE7" : 281611230,
        "placeId" : "ChIJjc378FhklR4R-lrwm02iVNY",
        "semanticType" : "TYPE_SEARCHED_ADDRESS",
        "locationConfidence" : 0.3613866
      } ],
      "editConfirmationStatus" : "NOT_CONFIRMED"
    }
  }, {
    "activitySegment" : {
      "startLocation" : {
        "latitudeE7" : -258558103,
        "longitudeE7" : 281625146,
        "sourceInfo" : {
          "deviceTag" : -63513299
        }
      },
      "endLocation" : {
        "latitudeE7" : -258604010,
        "longitudeE7" : 281771200,
        "sourceInfo" : {
          "deviceTag" : -63513299
        }
      },
      "duration" : {
        "startTimestampMs" : "1537682065463",
        "endTimestampMs" : "1537682403032"
      },
      "distance" : 1572,
      "activityType" : "IN_PASSENGER_VEHICLE",
      "confidence" : "HIGH",
      "activities" : [ {
        "activityType" : "IN_PASSENGER_VEHICLE",
        "probability" : 95.71879458903817
      }, {
        "activityType" : "WALKING",
        "probability" : 3.456034770773359
      }, {
        "activityType" : "IN_BUS",
        "probability" : 0.4242616662017948
      } ],
      "waypointPath" : {
        "waypoints" : [ {
          "latE7" : -258557968,
          "lngE7" : 281623134
        }, {
          "latE7" : -258622665,
          "lngE7" : 281624755
        }, {
          "latE7" : -258599510,
          "lngE7" : 281768074
        } ]
      },
      "editConfirmationStatus" : "NOT_CONFIRMED"
    }
  }, {
    "placeVisit" : {
      "location" : {
        "latitudeE7" : -258604010,
        "longitudeE7" : 281771200,
        "placeId" : "ChIJtQsnNklklR4RQUEPL_7IC4Q",
        "address" : "Hippo Avenue &\nHendrik Verwoerd Dr\nCenturion Central\nCenturion\n0157\nSouth Africa",
        "name" : "KSM (kerksondermure) Hippolaan",
        "sourceInfo" : {
          "deviceTag" : -63513299
        },
        "locationConfidence" : 99.61511
      },
      "duration" : {
        "startTimestampMs" : "1537682403032",
        "endTimestampMs" : "1537686763735"
      },
      "placeConfidence" : "HIGH_CONFIDENCE",
      "centerLatE7" : -258605767,
      "centerLngE7" : 281768900,
      "visitConfidence" : 85,
      "otherCandidateLocations" : [ {
        "latitudeE7" : -258600050,
        "longitudeE7" : 281768170,
        "placeId" : "ChIJQwqoM0lklR4R59MSd5Yaylg",
        "name" : "Hendrik Verwoerd Ave & Hippo Ave",
        "locationConfidence" : 0.05354414
      }, {
        "latitudeE7" : -258611852,
        "longitudeE7" : 281753648,
        "placeId" : "ChIJYUQ0vE5klR4RRhBVY3AyrKc",
        "name" : "ZCC Centurion",
        "locationConfidence" : 0.05020419
      }, {
        "latitudeE7" : -258626906,
        "longitudeE7" : 281748570,
        "placeId" : "ChIJM6gz7M8uvh4RGkexywZx9pM",
        "name" : "Bosvelder Pub & Restaurant",
        "locationConfidence" : 0.03797777
      }, {
        "latitudeE7" : -258601550,
        "longitudeE7" : 281761890,
        "placeId" : "ChIJDZOTzk5klR4RgwEDOefa6y4",
        "name" : "Hendrik Verwoerd Ave & Hippo Ave",
        "locationConfidence" : 0.028085865
      } ],
      "editConfirmationStatus" : "NOT_CONFIRMED"
    }
  }, {
    "activitySegment" : {
      "startLocation" : {
        "latitudeE7" : -258604010,
        "longitudeE7" : 281771200,
        "sourceInfo" : {
          "deviceTag" : -63513299
        }
      },
      "endLocation" : {
        "latitudeE7" : -258716220,
        "longitudeE7" : 281364963,
        "sourceInfo" : {
          "deviceTag" : -63513299
        }
      },
      "duration" : {
        "startTimestampMs" : "1537686763735",
        "endTimestampMs" : "1537691226918"
      },
      "distance" : 4258,
      "activityType" : "IN_PASSENGER_VEHICLE",
      "confidence" : "HIGH",
      "activities" : [ {
        "activityType" : "IN_PASSENGER_VEHICLE",
        "probability" : 89.72159311020249
      }, {
        "activityType" : "WALKING",
        "probability" : 3.6826104480387722
      }, {
        "activityType" : "IN_BUS",
        "probability" : 2.454372456625604
      } ],
      "waypointPath" : {
        "waypoints" : [ {
          "latE7" : -258599510,
          "lngE7" : 281768074
        }, {
          "latE7" : -258623447,
          "lngE7" : 281624794
        }, {
          "latE7" : -258718261,
          "lngE7" : 281353416
        } ]
      },
      "editConfirmationStatus" : "NOT_CONFIRMED"
    }
  }, {
    "placeVisit" : {
      "location" : {
        "latitudeE7" : -298326807,
        "longitudeE7" : 309687195,
        "placeId" : "ChIJ64lEf-gA9x4RaquvL1_C1Aw",
        "address" : "Sherwood\nDurban\n4091\nSouth Africa",
        "name" : "Sherwood"
      },
      "duration" : {
        "startTimestampMs" : "1537691226918",
        "endTimestampMs" : "1537693069000"
      },
      "placeConfidence" : "MEDIUM_CONFIDENCE",
      "centerLatE7" : -258716492,
      "centerLngE7" : 281364758,
      "visitConfidence" : 95,
      "otherCandidateLocations" : [ {
        "latitudeE7" : -258715566,
        "longitudeE7" : 281367776,
        "placeId" : "ChIJW0yE6uBklR4RtZrceKLMz3w",
        "name" : "Cappuccinos CAFE & PIZZERIA",
        "locationConfidence" : 8.522866
      }, {
        "latitudeE7" : -258717640,
        "longitudeE7" : 281368880,
        "placeId" : "ChIJ6afo1uBklR4R1ZiYvPg8W5U",
        "name" : "Tarana@Reds",
        "locationConfidence" : 8.476358
      }, {
        "latitudeE7" : -258714341,
        "longitudeE7" : 281359920,
        "placeId" : "ChIJ4cBovuBklR4Re9WZI9zvycU",
        "name" : "Milky Lane Mall@Reds",
        "locationConfidence" : 1.9939567
      }, {
        "latitudeE7" : -258721474,
        "longitudeE7" : 281361787,
        "placeId" : "ChIJ38Dgl-BklR4R3X7FaDZDbPA",
        "name" : "Mugg & Bean Mall @ Reds",
        "locationConfidence" : 1.5103202
      }, {
        "latitudeE7" : -258713472,
        "longitudeE7" : 281366267,
        "placeId" : "ChIJZdBjuOBklR4RqEHpE2Cr1-w",
        "name" : "Hogshead Centurion",
        "locationConfidence" : 1.4767252
      }, {
        "latitudeE7" : -258713430,
        "longitudeE7" : 281365580,
        "placeId" : "ChIJYffNV-BklR4RgfHpp202rho",
        "name" : "Clicks Pharmacy - The Mall at Reds",
        "locationConfidence" : 0.8305209
      }, {
        "latitudeE7" : -258717546,
        "longitudeE7" : 281371651,
        "placeId" : "ChIJDYo26-BklR4Rb6f6WGZ_6bw",
        "name" : "Mimmos Mall @ Reds",
        "locationConfidence" : 0.7753897
      }, {
        "latitudeE7" : -258715000,
        "longitudeE7" : 281368330,
        "placeId" : "ChIJF6vi0eBklR4RCxZ8R3uF9Kc",
        "name" : "Spec-Savers The Reds",
        "locationConfidence" : 0.66734964
      }, {
        "latitudeE7" : -258720149,
        "longitudeE7" : 281364000,
        "placeId" : "ChIJaT4AmuBklR4RqwyDxH63c64",
        "name" : "Tekkie Town",
        "locationConfidence" : 0.65447766
      } ],
      "editConfirmationStatus" : "CONFIRMED"
    }
  }, {
    "activitySegment" : {
      "startLocation" : {
        "latitudeE7" : -258716790,
        "longitudeE7" : 281364621,
        "sourceInfo" : {
          "deviceTag" : -63513299
        }
      },
      "endLocation" : {
        "latitudeE7" : -258560848,
        "longitudeE7" : 281626110,
        "sourceInfo" : {
          "deviceTag" : -63513299
        }
      },
      "duration" : {
        "startTimestampMs" : "1537693069000",
        "endTimestampMs" : "1537694245656"
      },
      "distance" : 3145,
      "activityType" : "IN_PASSENGER_VEHICLE",
      "confidence" : "HIGH",
      "activities" : [ {
        "activityType" : "IN_PASSENGER_VEHICLE",
        "probability" : 97.09881341857643
      }, {
        "activityType" : "WALKING",
        "probability" : 2.4074886971353306
      }, {
        "activityType" : "IN_BUS",
        "probability" : 0.23159040061929934
      } ],
      "waypointPath" : {
        "waypoints" : [ {
          "latE7" : -258718738,
          "lngE7" : 281353511
        }, {
          "latE7" : -258626251,
          "lngE7" : 281591148
        }, {
          "latE7" : -258560638,
          "lngE7" : 281622905
        } ]
      },
      "editConfirmationStatus" : "NOT_CONFIRMED"
    }
  }, {
    "placeVisit" : {
      "location" : {
        "latitudeE7" : -258560848,
        "longitudeE7" : 281626110,
        "placeId" : "ChIJWVS1zllklR4R7ih8EDjLG2g",
        "address" : "31 Willem Rd\nEldoraigne\nCenturion\n0157\nSouth Africa",
        "name" : "31 Willem Rd",
        "semanticType" : "TYPE_HOME",
        "sourceInfo" : {
          "deviceTag" : -63513299
        },
        "locationConfidence" : 84.70079
      },
      "duration" : {
        "startTimestampMs" : "1537694245656",
        "endTimestampMs" : "1537695320778"
      },
      "placeConfidence" : "MEDIUM_CONFIDENCE",
      "centerLatE7" : -258559707,
      "centerLngE7" : 281625487,
      "visitConfidence" : 88,
      "otherCandidateLocations" : [ {
        "latitudeE7" : -258559780,
        "longitudeE7" : 281626430,
        "placeId" : "ChIJgf7JGllklR4RTqYK8tHPm_w",
        "semanticType" : "TYPE_SEARCHED_ADDRESS",
        "locationConfidence" : 12.325934
      }, {
        "latitudeE7" : -258556046,
        "longitudeE7" : 281644996,
        "placeId" : "ChIJR2qzZFlklR4R6ONADWNKzIE",
        "name" : "Carnegie Park.",
        "locationConfidence" : 1.2470591
      }, {
        "latitudeE7" : -258565130,
        "longitudeE7" : 281611230,
        "placeId" : "ChIJjc378FhklR4R-lrwm02iVNY",
        "semanticType" : "TYPE_SEARCHED_ADDRESS",
        "locationConfidence" : 0.5684307
      }, {
        "latitudeE7" : -258570590,
        "longitudeE7" : 281625620,
        "placeId" : "ChIJGZkpr1lklR4RvXt8NOQ53JI",
        "semanticType" : "TYPE_SEARCHED_ADDRESS",
        "locationConfidence" : 0.39695895
      } ],
      "editConfirmationStatus" : "NOT_CONFIRMED"
    }
  } ]
}