{
  "timelineObjects" : [ {
    "placeVisit" : {
      "location" : {
        "latitudeE7" : -258584100,
        "longitudeE7" : 281624600,
        "placeId" : "ChIJWVS1zllklR4R7ih8EDjLG2g",
        "address" : "31 Willem Rd\nEldoraigne\nCenturion\n0157\nSouth Africa",
        "name" : "31 Willem Rd",
        "semanticType" : "TYPE_HOME",
        "sourceInfo" : {
          "deviceTag" : -63513299
        },
        "locationConfidence" : 72.52476
      },
      "duration" : {
        "startTimestampMs" : "1543770190466",
        "endTimestampMs" : "1543805773229"
      },
      "placeConfidence" : "HIGH_CONFIDENCE",
      "centerLatE7" : -258558262,
      "centerLngE7" : 281626441,
      "visitConfidence" : 85,
      "otherCandidateLocations" : [ {
        "latitudeE7" : -258559780,
        "longitudeE7" : 281626430,
        "placeId" : "ChIJgf7JGllklR4RTqYK8tHPm_w",
        "semanticType" : "TYPE_SEARCHED_ADDRESS",
        "locationConfidence" : 26.341557
      }, {
        "latitudeE7" : -258565130,
        "longitudeE7" : 281611230,
        "placeId" : "ChIJjc378FhklR4R-lrwm02iVNY",
        "semanticType" : "TYPE_SEARCHED_ADDRESS",
        "locationConfidence" : 0.34826055
      }, {
        "latitudeE7" : -258560800,
        "longitudeE7" : 281633500,
        "placeId" : "ChIJqbfuDFlklR4R62Y6o0Rpy9w",
        "locationConfidence" : 0.2690136
      }, {
        "latitudeE7" : -258570590,
        "longitudeE7" : 281625620,
        "placeId" : "ChIJGZkpr1lklR4RvXt8NOQ53JI",
        "semanticType" : "TYPE_SEARCHED_ADDRESS",
        "locationConfidence" : 0.2151455
      } ],
      "editConfirmationStatus" : "NOT_CONFIRMED"
    }
  }, {
    "activitySegment" : {
      "startLocation" : {
        "latitudeE7" : -258559932,
        "longitudeE7" : 281626524,
        "sourceInfo" : {
          "deviceTag" : -63513299
        }
      },
      "endLocation" : {
        "latitudeE7" : -258766070,
        "longitudeE7" : 281655328,
        "sourceInfo" : {
          "deviceTag" : -63513299
        }
      },
      "duration" : {
        "startTimestampMs" : "1543805773229",
        "endTimestampMs" : "1543806778293"
      },
      "distance" : 7091,
      "activityType" : "IN_PASSENGER_VEHICLE",
      "confidence" : "HIGH",
      "activities" : [ {
        "activityType" : "IN_PASSENGER_VEHICLE",
        "probability" : 97.24304506025263
      }, {
        "activityType" : "WALKING",
        "probability" : 1.437112351765798
      }, {
        "activityType" : "IN_BUS",
        "probability" : 1.0027500561778289
      } ],
      "waypointPath" : {
        "waypoints" : [ {
          "latE7" : -258559703,
          "lngE7" : 281622982
        }, {
          "latE7" : -258622665,
          "lngE7" : 281624755
        }, {
          "latE7" : -258766326,
          "lngE7" : 281655712
        } ]
      },
      "simplifiedRawPath" : {
        "points" : [ {
          "latE7" : -258640966,
          "lngE7" : 281626988,
          "timestampMs" : "1543806653145",
          "accuracyMeters" : 56
        } ]
      }
    }
  }, {
    "placeVisit" : {
      "location" : {
        "latitudeE7" : -258976925,
        "longitudeE7" : 281737044,
        "placeId" : "ChIJ-cyvLhBllR4RZJTIKwM2R2I",
        "address" : "Brakfontein 399-Jr\nCenturion\nSouth Africa",
        "name" : "Brakfontein 399-Jr"
      },
      "duration" : {
        "startTimestampMs" : "1543806778293",
        "endTimestampMs" : "1543809863417"
      },
      "placeConfidence" : "HIGH_CONFIDENCE",
      "centerLatE7" : -258767386,
      "centerLngE7" : 281656824,
      "visitConfidence" : 91,
      "otherCandidateLocations" : [ {
        "latitudeE7" : -258773448,
        "longitudeE7" : 281653564,
        "placeId" : "ChIJPQpp0a5llR4R8kXWjclAcW8",
        "locationConfidence" : 0.32039782
      }, {
        "latitudeE7" : -258772315,
        "longitudeE7" : 281648600,
        "placeId" : "ChIJMQpcLalllR4Rk37SKV1tTSg",
        "locationConfidence" : 0.1872797
      }, {
        "latitudeE7" : -258756154,
        "longitudeE7" : 281671493,
        "placeId" : "ChIJmTEijq5llR4RvhoBX4IFTkI",
        "locationConfidence" : 0.15203142
      }, {
        "latitudeE7" : -258778771,
        "longitudeE7" : 281650558,
        "placeId" : "ChIJF_eaKq9llR4R_3kFgxN-5o0",
        "locationConfidence" : 0.09072834
      } ],
      "editConfirmationStatus" : "CONFIRMED"
    }
  }, {
    "activitySegment" : {
      "startLocation" : {
        "latitudeE7" : -258765959,
        "longitudeE7" : 281657358,
        "sourceInfo" : {
          "deviceTag" : -63513299
        }
      },
      "endLocation" : {
        "latitudeE7" : -258560331,
        "longitudeE7" : 281624321,
        "sourceInfo" : {
          "deviceTag" : -63513299
        }
      },
      "duration" : {
        "startTimestampMs" : "1543809863417",
        "endTimestampMs" : "1543810353286"
      },
      "distance" : 2674,
      "activityType" : "IN_PASSENGER_VEHICLE",
      "confidence" : "HIGH",
      "activities" : [ {
        "activityType" : "IN_PASSENGER_VEHICLE",
        "probability" : 98.41541918752178
      }, {
        "activityType" : "WALKING",
        "probability" : 1.0488627261235042
      }, {
        "activityType" : "IN_BUS",
        "probability" : 0.2520852370394791
      } ],
      "waypointPath" : {
        "waypoints" : [ {
          "latE7" : -258765392,
          "lngE7" : 281656513
        }, {
          "latE7" : -258623447,
          "lngE7" : 281624794
        }, {
          "latE7" : -258560237,
          "lngE7" : 281622943
        } ]
      }
    }
  }, {
    "placeVisit" : {
      "location" : {
        "latitudeE7" : -258584100,
        "longitudeE7" : 281624600,
        "placeId" : "ChIJWVS1zllklR4R7ih8EDjLG2g",
        "address" : "31 Willem Rd\nEldoraigne\nCenturion\n0157\nSouth Africa",
        "name" : "31 Willem Rd",
        "semanticType" : "TYPE_HOME",
        "sourceInfo" : {
          "deviceTag" : -63513299
        },
        "locationConfidence" : 77.34327
      },
      "duration" : {
        "startTimestampMs" : "1543810353286",
        "endTimestampMs" : "1543812009575"
      },
      "placeConfidence" : "MEDIUM_CONFIDENCE",
      "centerLatE7" : -258559136,
      "centerLngE7" : 281626293,
      "visitConfidence" : 89,
      "otherCandidateLocations" : [ {
        "latitudeE7" : -258559780,
        "longitudeE7" : 281626430,
        "placeId" : "ChIJgf7JGllklR4RTqYK8tHPm_w",
        "semanticType" : "TYPE_SEARCHED_ADDRESS",
        "locationConfidence" : 21.217262
      }, {
        "latitudeE7" : -258565130,
        "longitudeE7" : 281611230,
        "placeId" : "ChIJjc378FhklR4R-lrwm02iVNY",
        "semanticType" : "TYPE_SEARCHED_ADDRESS",
        "locationConfidence" : 0.34192678
      }, {
        "latitudeE7" : -258560800,
        "longitudeE7" : 281633500,
        "placeId" : "ChIJqbfuDFlklR4R62Y6o0Rpy9w",
        "locationConfidence" : 0.27330115
      }, {
        "latitudeE7" : -258556046,
        "longitudeE7" : 281644996,
        "placeId" : "ChIJR2qzZFlklR4R6ONADWNKzIE",
        "locationConfidence" : 0.24335971
      } ],
      "editConfirmationStatus" : "NOT_CONFIRMED"
    }
  }, {
    "placeVisit" : {
      "location" : {
        "latitudeE7" : -258584100,
        "longitudeE7" : 281624600,
        "placeId" : "ChIJWVS1zllklR4R7ih8EDjLG2g",
        "address" : "31 Willem Rd\nEldoraigne\nCenturion\n0157\nSouth Africa",
        "name" : "31 Willem Rd",
        "semanticType" : "TYPE_HOME",
        "sourceInfo" : {
          "deviceTag" : -63513299
        },
        "locationConfidence" : 69.75697
      },
      "duration" : {
        "startTimestampMs" : "1544415344771",
        "endTimestampMs" : "1544587872254"
      },
      "placeConfidence" : "HIGH_CONFIDENCE",
      "centerLatE7" : -258559950,
      "centerLngE7" : 281626425,
      "visitConfidence" : 85,
      "otherCandidateLocations" : [ {
        "latitudeE7" : -258559780,
        "longitudeE7" : 281626430,
        "placeId" : "ChIJgf7JGllklR4RTqYK8tHPm_w",
        "semanticType" : "TYPE_SEARCHED_ADDRESS",
        "locationConfidence" : 29.030155
      }, {
        "latitudeE7" : -258565130,
        "longitudeE7" : 281611230,
        "placeId" : "ChIJjc378FhklR4R-lrwm02iVNY",
        "semanticType" : "TYPE_SEARCHED_ADDRESS",
        "locationConfidence" : 0.30237284
      }, {
        "latitudeE7" : -258570590,
        "longitudeE7" : 281625620,
        "placeId" : "ChIJGZkpr1lklR4RvXt8NOQ53JI",
        "semanticType" : "TYPE_SEARCHED_ADDRESS",
        "locationConfidence" : 0.28768563
      }, {
        "latitudeE7" : -258560800,
        "longitudeE7" : 281633500,
        "placeId" : "ChIJqbfuDFlklR4R62Y6o0Rpy9w",
        "locationConfidence" : 0.24473733
      } ],
      "editConfirmationStatus" : "NOT_CONFIRMED"
    }
  }, {
    "placeVisit" : {
      "location" : {
        "latitudeE7" : -261944092,
        "longitudeE7" : 280400085,
        "placeId" : "ChIJW3XULx8MlR4R7DyRjzyJhJY",
        "address" : "209 Smitstraat\nWanderers View Estate\nJohannesburg\n2001\nSuid-Afrika",
        "name" : "Braamfontein Gate",
        "sourceInfo" : {
          "deviceTag" : -63513299
        },
        "locationConfidence" : 22.877918
      },
      "duration" : {
        "startTimestampMs" : "1544695884000",
        "endTimestampMs" : "1544697073401"
      },
      "placeConfidence" : "LOW_CONFIDENCE",
      "centerLatE7" : -261947015,
      "centerLngE7" : 280399164,
      "visitConfidence" : 92,
      "otherCandidateLocations" : [ {
        "latitudeE7" : -261950869,
        "longitudeE7" : 280394550,
        "placeId" : "ChIJ7UsEJB8MlR4RjJqBXZfa_M8",
        "locationConfidence" : 19.843422
      }, {
        "latitudeE7" : -261946778,
        "longitudeE7" : 280399106,
        "placeId" : "ChIJf6MLMB8MlR4Rtll-3WJiMZo",
        "locationConfidence" : 5.4741316
      }, {
        "latitudeE7" : -261955285,
        "longitudeE7" : 280415987,
        "placeId" : "ChIJmy5d4CEMlR4RETN2o-zoaBM",
        "locationConfidence" : 4.661549
      }, {
        "latitudeE7" : -261972089,
        "longitudeE7" : 280421800,
        "placeId" : "ChIJF7v64CEMlR4RhNrGD7qq9zo",
        "locationConfidence" : 2.6511984
      }, {
        "latitudeE7" : -261953210,
        "longitudeE7" : 280418530,
        "placeId" : "ChIJmZssYh8MlR4RvyAMXrgnaWM",
        "locationConfidence" : 2.5572457
      }, {
        "latitudeE7" : -261958655,
        "longitudeE7" : 280380549,
        "placeId" : "ChIJ3Wlr6B4MlR4R1E_7xskseCA",
        "locationConfidence" : 1.3805935
      }, {
        "latitudeE7" : -261946998,
        "longitudeE7" : 280425207,
        "placeId" : "ChIJEQIa5yEMlR4R20vVXWYXBJI",
        "locationConfidence" : 1.2607111
      }, {
        "latitudeE7" : -261942592,
        "longitudeE7" : 280389446,
        "placeId" : "ChIJgd8sLxkMlR4Rb-NKs5wku4M",
        "locationConfidence" : 1.2181996
      }, {
        "latitudeE7" : -261946778,
        "longitudeE7" : 280399106,
        "placeId" : "ChIJf6MLMB8MlR4R7EM2g6OlvFc",
        "locationConfidence" : 1.1374516
      } ],
      "editConfirmationStatus" : "NOT_CONFIRMED"
    }
  }, {
    "activitySegment" : {
      "startLocation" : {
        "latitudeE7" : -261944092,
        "longitudeE7" : 280400085
      },
      "endLocation" : {
        "latitudeE7" : -262156999,
        "longitudeE7" : 280476000
      },
      "duration" : {
        "startTimestampMs" : "1544697073401",
        "endTimestampMs" : "1544697789239"
      },
      "distance" : 2485,
      "activityType" : "IN_PASSENGER_VEHICLE",
      "confidence" : "HIGH",
      "activities" : [ {
        "activityType" : "IN_PASSENGER_VEHICLE",
        "probability" : 90.61591518801158
      }, {
        "activityType" : "WALKING",
        "probability" : 3.761382743620948
      }, {
        "activityType" : "IN_BUS",
        "probability" : 3.464545118868666
      } ],
      "waypointPath" : {
        "waypoints" : [ {
          "latE7" : -261947154,
          "lngE7" : 280400581
        }, {
          "latE7" : -262115268,
          "lngE7" : 280481090
        }, {
          "latE7" : -262159519,
          "lngE7" : 280471248
        } ]
      },
      "simplifiedRawPath" : {
        "points" : [ {
          "latE7" : -262120609,
          "lngE7" : 280438578,
          "timestampMs" : "1544697659000",
          "accuracyMeters" : 3
        } ]
      }
    }
  }, {
    "placeVisit" : {
      "location" : {
        "latitudeE7" : -262156999,
        "longitudeE7" : 280476000,
        "placeId" : "ChIJ6boXdJQOlR4RTr5SPVfzJj4",
        "address" : "Kitzinger Ave\nNew Centre\nJohannesburg\n2001\nSouth Africa",
        "name" : "Erlemann's Gearbox Engineering",
        "sourceInfo" : {
          "deviceTag" : -63513299
        },
        "locationConfidence" : 87.168144
      },
      "duration" : {
        "startTimestampMs" : "1544697789239",
        "endTimestampMs" : "1544698313000"
      },
      "placeConfidence" : "HIGH_CONFIDENCE",
      "centerLatE7" : -262159467,
      "centerLngE7" : 280480367,
      "visitConfidence" : 91,
      "otherCandidateLocations" : [ {
        "latitudeE7" : -262162500,
        "longitudeE7" : 280476500,
        "placeId" : "ChIJ5xAIeZQOlR4RrOS_OXeOGNo",
        "locationConfidence" : 4.8506613
      }, {
        "latitudeE7" : -262160011,
        "longitudeE7" : 280481245,
        "placeId" : "ChIJIy4khpMOlR4RTxvZ0DBrwQk",
        "locationConfidence" : 2.5547726
      }, {
        "latitudeE7" : -262161160,
        "longitudeE7" : 280486171,
        "placeId" : "ChIJB85Fm5MOlR4RVOulytN7JKo",
        "locationConfidence" : 0.61950487
      }, {
        "latitudeE7" : -262163292,
        "longitudeE7" : 280479934,
        "placeId" : "ChIJfW40h5MOlR4RxID2HZEkJsc",
        "locationConfidence" : 0.5358948
      } ],
      "editConfirmationStatus" : "NOT_CONFIRMED"
    }
  }, {
    "activitySegment" : {
      "startLocation" : {
        "latitudeE7" : -262159467,
        "longitudeE7" : 280480367
      },
      "endLocation" : {
        "latitudeE7" : -258559338,
        "longitudeE7" : 281625919
      },
      "duration" : {
        "startTimestampMs" : "1544698313000",
        "endTimestampMs" : "1544860925122"
      },
      "activityType" : "UNKNOWN_ACTIVITY_TYPE",
      "activities" : [ {
        "activityType" : "UNKNOWN_ACTIVITY_TYPE",
        "probability" : 0.0
      } ],
      "simplifiedRawPath" : {
        "points" : [ {
          "latE7" : -262159096,
          "lngE7" : 280486438,
          "timestampMs" : "1544698313000",
          "accuracyMeters" : 3
        }, {
          "latE7" : -262127194,
          "lngE7" : 280484349,
          "timestampMs" : "1544698357000",
          "accuracyMeters" : 16
        }, {
          "latE7" : -262128916,
          "lngE7" : 280425259,
          "timestampMs" : "1544698450000",
          "accuracyMeters" : 16
        }, {
          "latE7" : -262119264,
          "lngE7" : 280318380,
          "timestampMs" : "1544698586000",
          "accuracyMeters" : 12
        }, {
          "latE7" : -262102036,
          "lngE7" : 280306407,
          "timestampMs" : "1544698599000",
          "accuracyMeters" : 24
        }, {
          "latE7" : -261989788,
          "lngE7" : 280296659,
          "timestampMs" : "1544698659000",
          "accuracyMeters" : 32
        }, {
          "latE7" : -261896855,
          "lngE7" : 280278397,
          "timestampMs" : "1544698708000",
          "accuracyMeters" : 16
        }, {
          "latE7" : -261847305,
          "lngE7" : 280289512,
          "timestampMs" : "1544698735000",
          "accuracyMeters" : 16
        }, {
          "latE7" : -261838839,
          "lngE7" : 280320831,
          "timestampMs" : "1544698751000",
          "accuracyMeters" : 16
        }, {
          "latE7" : -261767376,
          "lngE7" : 280378220,
          "timestampMs" : "1544698796000",
          "accuracyMeters" : 16
        } ]
      }
    }
  }, {
    "placeVisit" : {
      "location" : {
        "latitudeE7" : -258584100,
        "longitudeE7" : 281624600,
        "placeId" : "ChIJWVS1zllklR4R7ih8EDjLG2g",
        "address" : "31 Willem Rd\nEldoraigne\nCenturion\n0157\nSouth Africa",
        "name" : "31 Willem Rd",
        "semanticType" : "TYPE_HOME",
        "sourceInfo" : {
          "deviceTag" : -63513299
        },
        "locationConfidence" : 77.729416
      },
      "duration" : {
        "startTimestampMs" : "1544860925122",
        "endTimestampMs" : "1544867674147"
      },
      "placeConfidence" : "HIGH_CONFIDENCE",
      "centerLatE7" : -258559338,
      "centerLngE7" : 281625919,
      "visitConfidence" : 88,
      "otherCandidateLocations" : [ {
        "latitudeE7" : -258559780,
        "longitudeE7" : 281626430,
        "placeId" : "ChIJgf7JGllklR4RTqYK8tHPm_w",
        "semanticType" : "TYPE_SEARCHED_ADDRESS",
        "locationConfidence" : 18.483627
      }, {
        "latitudeE7" : -258556046,
        "longitudeE7" : 281644996,
        "placeId" : "ChIJR2qzZFlklR4R6ONADWNKzIE",
        "locationConfidence" : 1.6265209
      }, {
        "latitudeE7" : -258565130,
        "longitudeE7" : 281611230,
        "placeId" : "ChIJjc378FhklR4R-lrwm02iVNY",
        "semanticType" : "TYPE_SEARCHED_ADDRESS",
        "locationConfidence" : 0.6068367
      }, {
        "latitudeE7" : -258570590,
        "longitudeE7" : 281625620,
        "placeId" : "ChIJGZkpr1lklR4RvXt8NOQ53JI",
        "semanticType" : "TYPE_SEARCHED_ADDRESS",
        "locationConfidence" : 0.4877077
      } ],
      "editConfirmationStatus" : "NOT_CONFIRMED"
    }
  }, {
    "activitySegment" : {
      "startLocation" : {
        "latitudeE7" : -258559338,
        "longitudeE7" : 281625919
      },
      "endLocation" : {
        "latitudeE7" : -301074674,
        "longitudeE7" : 257638826,
        "sourceInfo" : {
          "deviceTag" : -63513299
        }
      },
      "duration" : {
        "startTimestampMs" : "1544867674147",
        "endTimestampMs" : "1545322993345"
      },
      "activityType" : "UNKNOWN_ACTIVITY_TYPE",
      "activities" : [ {
        "activityType" : "UNKNOWN_ACTIVITY_TYPE",
        "probability" : 0.0
      } ],
      "simplifiedRawPath" : {
        "points" : [ {
          "latE7" : -290403711,
          "lngE7" : 262227886,
          "timestampMs" : "1545318900614",
          "accuracyMeters" : 32
        } ]
      }
    }
  }, {
    "activitySegment" : {
      "startLocation" : {
        "latitudeE7" : -301074674,
        "longitudeE7" : 257638826,
        "sourceInfo" : {
          "deviceTag" : -63513299
        }
      },
      "endLocation" : {
        "latitudeE7" : -304962399,
        "longitudeE7" : 259746982,
        "placeId" : "ChIJZ3KGlRa3iB4RjYoo0Ka_W2Y",
        "address" : "22 Voortrekker St\nBethulie\n9992\nSouth Africa",
        "name" : "Royal Hotel Bethulie",
        "sourceInfo" : {
          "deviceTag" : -63513299
        },
        "locationConfidence" : 95.93716
      },
      "duration" : {
        "startTimestampMs" : "1545322993345",
        "endTimestampMs" : "1545325004000"
      },
      "activityType" : "IN_PASSENGER_VEHICLE",
      "confidence" : "HIGH",
      "activities" : [ {
        "activityType" : "IN_PASSENGER_VEHICLE",
        "probability" : 98.66808688934057
      }, {
        "activityType" : "MOTORCYCLING",
        "probability" : 0.7034560157940237
      }, {
        "activityType" : "WALKING",
        "probability" : 0.35738738089721694
      } ],
      "waypointPath" : {
        "waypoints" : [ {
          "latE7" : -301074638,
          "lngE7" : 257638721
        }, {
          "latE7" : -304884738,
          "lngE7" : 259651908
        }, {
          "latE7" : -304911003,
          "lngE7" : 259666213
        }, {
          "latE7" : -304954338,
          "lngE7" : 259734439
        }, {
          "latE7" : -304963455,
          "lngE7" : 259812564
        }, {
          "latE7" : -304967651,
          "lngE7" : 259754199
        }, {
          "latE7" : -304959697,
          "lngE7" : 259748077
        } ]
      },
      "simplifiedRawPath" : {
        "points" : [ {
          "latE7" : -304934358,
          "lngE7" : 259666148,
          "timestampMs" : "1545324722999",
          "accuracyMeters" : 4
        }, {
          "latE7" : -304957234,
          "lngE7" : 259748888,
          "timestampMs" : "1545325020000",
          "accuracyMeters" : 4
        } ]
      }
    }
  }, {
    "placeVisit" : {
      "location" : {
        "latitudeE7" : -304962399,
        "longitudeE7" : 259746982,
        "placeId" : "ChIJZ3KGlRa3iB4RjYoo0Ka_W2Y",
        "address" : "22 Voortrekker St\nBethulie\n9992\nSouth Africa",
        "name" : "Royal Hotel Bethulie",
        "sourceInfo" : {
          "deviceTag" : -63513299
        },
        "locationConfidence" : 95.93716
      },
      "duration" : {
        "startTimestampMs" : "1545325004000",
        "endTimestampMs" : "1545372552000"
      },
      "placeConfidence" : "HIGH_CONFIDENCE",
      "centerLatE7" : -304957850,
      "centerLngE7" : 259752275,
      "visitConfidence" : 93,
      "otherCandidateLocations" : [ {
        "latitudeE7" : -304957230,
        "longitudeE7" : 259744330,
        "placeId" : "ChIJ6WOWkxa3iB4RPc7pibhfJ5s",
        "semanticType" : "TYPE_SEARCHED_ADDRESS",
        "locationConfidence" : 2.1139607
      }, {
        "latitudeE7" : -304953003,
        "longitudeE7" : 259740762,
        "placeId" : "ChIJ_dt38ha3iB4RxAjIUhhCvyU",
        "locationConfidence" : 0.2972284
      }, {
        "latitudeE7" : -304945063,
        "longitudeE7" : 259748454,
        "placeId" : "ChIJ2bkm5xa3iB4RU-PXm-b2G9k",
        "locationConfidence" : 0.25445792
      }, {
        "latitudeE7" : -304957840,
        "longitudeE7" : 259754020,
        "placeId" : "ChIJ29ENVBG3iB4REFzbzNOptok",
        "locationConfidence" : 0.19030479
      } ],
      "editConfirmationStatus" : "NOT_CONFIRMED"
    }
  }, {
    "activitySegment" : {
      "startLocation" : {
        "latitudeE7" : -304962399,
        "longitudeE7" : 259746982,
        "sourceInfo" : {
          "deviceTag" : -63513299
        }
      },
      "endLocation" : {
        "latitudeE7" : -341281439,
        "longitudeE7" : 221143500,
        "sourceInfo" : {
          "deviceTag" : -63513299
        }
      },
      "duration" : {
        "startTimestampMs" : "1545372552000",
        "endTimestampMs" : "1545466050865"
      },
      "distance" : 544800,
      "activityType" : "IN_PASSENGER_VEHICLE",
      "confidence" : "MEDIUM",
      "activities" : [ {
        "activityType" : "IN_PASSENGER_VEHICLE",
        "probability" : 76.17450265333132
      }, {
        "activityType" : "WALKING",
        "probability" : 10.8385708654843
      }, {
        "activityType" : "BOATING",
        "probability" : 2.9192991496185408
      } ],
      "waypointPath" : {
        "waypoints" : [ {
          "latE7" : -304956512,
          "lngE7" : 259752540
        }, {
          "latE7" : -310662536,
          "lngE7" : 257284755
        }, {
          "latE7" : -312924327,
          "lngE7" : 258301010
        }, {
          "latE7" : -312937850,
          "lngE7" : 258178749
        }, {
          "latE7" : -341282730,
          "lngE7" : 221145191
        } ]
      }
    }
  }, {
    "placeVisit" : {
      "location" : {
        "latitudeE7" : -341283300,
        "longitudeE7" : 221133299,
        "placeId" : "ChIJpzNBijlp1h0RV6B7LLZmtPY",
        "address" : "Oranje Ave\nHartenbos\nMossel Bay\n6520\nSouth Africa",
        "name" : "Hartenbos",
        "sourceInfo" : {
          "deviceTag" : -63513299
        },
        "locationConfidence" : 29.867088
      },
      "duration" : {
        "startTimestampMs" : "1545466050865",
        "endTimestampMs" : "1545493750949"
      },
      "placeConfidence" : "MEDIUM_CONFIDENCE",
      "centerLatE7" : -341281021,
      "centerLngE7" : 221144042,
      "visitConfidence" : 88,
      "otherCandidateLocations" : [ {
        "latitudeE7" : -341275400,
        "longitudeE7" : 221173600,
        "placeId" : "ChIJB9P5JEhp1h0RO3hG5jtds2c",
        "locationConfidence" : 15.572912
      }, {
        "latitudeE7" : -341282160,
        "longitudeE7" : 221159720,
        "placeId" : "ChIJraeisTlp1h0RdmCmP653op4",
        "locationConfidence" : 10.323218
      }, {
        "latitudeE7" : -341270484,
        "longitudeE7" : 221172404,
        "placeId" : "ChIJHwNcOThp1h0RchMW0XKbepg",
        "locationConfidence" : 9.00659
      }, {
        "latitudeE7" : -341291426,
        "longitudeE7" : 221128471,
        "placeId" : "ChIJjb9SKTpp1h0RUWEsZfY-Oz4",
        "locationConfidence" : 7.4058642
      }, {
        "latitudeE7" : -341292418,
        "longitudeE7" : 221126954,
        "placeId" : "ChIJy-7yLzpp1h0RmsAhQzT3LZs",
        "locationConfidence" : 4.1372805
      }, {
        "latitudeE7" : -341275382,
        "longitudeE7" : 221173791,
        "placeId" : "ChIJaSgvTzdp1h0R70JoAjg2gGM",
        "locationConfidence" : 2.630992
      }, {
        "latitudeE7" : -341285544,
        "longitudeE7" : 221146012,
        "placeId" : "ChIJp94imDlp1h0RKeljY5967fs",
        "locationConfidence" : 1.8480711
      }, {
        "latitudeE7" : -341294080,
        "longitudeE7" : 221151660,
        "placeId" : "ChIJ9Wm1Djlp1h0RmWde1hKEcyE",
        "locationConfidence" : 1.4087197
      }, {
        "latitudeE7" : -341275400,
        "longitudeE7" : 221173600,
        "placeId" : "ChIJV1YlQThp1h0RpCb4yF3HFRk",
        "locationConfidence" : 1.257454
      } ],
      "editConfirmationStatus" : "NOT_CONFIRMED"
    }
  }, {
    "activitySegment" : {
      "startLocation" : {
        "latitudeE7" : -341274325,
        "longitudeE7" : 221184199
      },
      "endLocation" : {
        "latitudeE7" : -339813810,
        "longitudeE7" : 224983532
      },
      "duration" : {
        "startTimestampMs" : "1545495819450",
        "endTimestampMs" : "1545583656728"
      },
      "distance" : 38585,
      "activityType" : "IN_PASSENGER_VEHICLE",
      "confidence" : "MEDIUM",
      "activities" : [ {
        "activityType" : "IN_PASSENGER_VEHICLE",
        "probability" : 84.091610194813
      }, {
        "activityType" : "WALKING",
        "probability" : 11.965778203885534
      }, {
        "activityType" : "MOTORCYCLING",
        "probability" : 1.4443982675079508
      } ]
    }
  }, {
    "placeVisit" : {
      "location" : {
        "latitudeE7" : -339459274,
        "longitudeE7" : 224626732,
        "placeId" : "ChIJsYUGXT0F1h0RascrmueS_6c",
        "name" : "Van Kervel Local Authority Nature Reserve",
        "sourceInfo" : {
          "deviceTag" : -63513299
        },
        "locationConfidence" : 99.11431
      },
      "duration" : {
        "startTimestampMs" : "1545583656728",
        "endTimestampMs" : "1545590065810"
      },
      "placeConfidence" : "HIGH_CONFIDENCE",
      "childVisits" : [ {
        "location" : {
          "latitudeE7" : -339475699,
          "longitudeE7" : 224633899,
          "placeId" : "ChIJ58_T6DwF1h0RmUqV09ATptQ",
          "address" : "49 Caledon St\nCampher's Drift\nGeorge\n6529\nSouth Africa",
          "name" : "Garden Route Botanical Garden",
          "sourceInfo" : {
            "deviceTag" : -63513299
          },
          "locationConfidence" : 82.239876
        },
        "duration" : {
          "startTimestampMs" : "1545583656728",
          "endTimestampMs" : "1545590065810"
        },
        "placeConfidence" : "MEDIUM_CONFIDENCE",
        "centerLatE7" : -339441590,
        "centerLngE7" : 224635160,
        "visitConfidence" : 88,
        "otherCandidateLocations" : [ {
          "latitudeE7" : -339454863,
          "longitudeE7" : 224643171,
          "placeId" : "ChIJYWv5KyMF1h0Rc9fjcgwh0uQ",
          "locationConfidence" : 12.856406
        }, {
          "latitudeE7" : -339464418,
          "longitudeE7" : 224650658,
          "placeId" : "ChIJFVVeKSMF1h0RYJOX4p8ahQs",
          "locationConfidence" : 2.8222294
        }, {
          "latitudeE7" : -339473119,
          "longitudeE7" : 224630660,
          "placeId" : "ChIJ58_T6DwF1h0RPHPtc79RqT4",
          "locationConfidence" : 0.8090215
        }, {
          "latitudeE7" : -339473709,
          "longitudeE7" : 224633304,
          "placeId" : "ChIJpZdTdjsF1h0Rh6v3tsDgTPA",
          "locationConfidence" : 0.32433388
        } ],
        "editConfirmationStatus" : "NOT_CONFIRMED"
      } ],
      "centerLatE7" : -339441590,
      "centerLngE7" : 224635160,
      "visitConfidence" : 88,
      "otherCandidateLocations" : [ {
        "latitudeE7" : -339415770,
        "longitudeE7" : 224634410,
        "placeId" : "ChIJm8yemBcF1h0RROTCew_2scU",
        "locationConfidence" : 0.32587314
      }, {
        "latitudeE7" : -339419430,
        "longitudeE7" : 224635880,
        "placeId" : "ChIJjxWrlxcF1h0R99Xkx6-c4Hg",
        "locationConfidence" : 0.30547476
      }, {
        "latitudeE7" : -339412049,
        "longitudeE7" : 224632770,
        "placeId" : "ChIJ0Q56oBcF1h0ReTNe5cZpxns",
        "locationConfidence" : 0.2543399
      } ],
      "editConfirmationStatus" : "NOT_CONFIRMED"
    }
  }, {
    "activitySegment" : {
      "startLocation" : {
        "latitudeE7" : -339459274,
        "longitudeE7" : 224626732
      },
      "endLocation" : {
        "latitudeE7" : -341283300,
        "longitudeE7" : 221133299
      },
      "duration" : {
        "startTimestampMs" : "1545590065810",
        "endTimestampMs" : "1545593636044"
      },
      "distance" : 38052,
      "activityType" : "IN_PASSENGER_VEHICLE",
      "confidence" : "MEDIUM",
      "activities" : [ {
        "activityType" : "IN_PASSENGER_VEHICLE",
        "probability" : 84.6539950088916
      }, {
        "activityType" : "WALKING",
        "probability" : 7.328058115676939
      }, {
        "activityType" : "IN_TRAIN",
        "probability" : 3.126627472813872
      } ],
      "waypointPath" : {
        "waypoints" : [ {
          "latE7" : -339450798,
          "lngE7" : 224652175
        }, {
          "latE7" : -339950904,
          "lngE7" : 224443283
        }, {
          "latE7" : -341282386,
          "lngE7" : 221145553
        } ]
      }
    }
  }, {
    "placeVisit" : {
      "location" : {
        "latitudeE7" : -341283300,
        "longitudeE7" : 221133299,
        "placeId" : "ChIJpzNBijlp1h0RV6B7LLZmtPY",
        "address" : "Oranje Ave\nHartenbos\nMossel Bay\n6520\nSouth Africa",
        "name" : "Hartenbos",
        "sourceInfo" : {
          "deviceTag" : -63513299
        },
        "locationConfidence" : 62.074062
      },
      "duration" : {
        "startTimestampMs" : "1545593636044",
        "endTimestampMs" : "1545633165031"
      },
      "placeConfidence" : "MEDIUM_CONFIDENCE",
      "centerLatE7" : -341281120,
      "centerLngE7" : 221143032,
      "visitConfidence" : 88,
      "otherCandidateLocations" : [ {
        "latitudeE7" : -341271978,
        "longitudeE7" : 221176078,
        "placeId" : "ChIJr9alNjhp1h0RCNeVkNNqJJw",
        "locationConfidence" : 21.853737
      }, {
        "latitudeE7" : -341270484,
        "longitudeE7" : 221172404,
        "placeId" : "ChIJHwNcOThp1h0RchMW0XKbepg",
        "locationConfidence" : 6.6044087
      }, {
        "latitudeE7" : -341275400,
        "longitudeE7" : 221173600,
        "placeId" : "ChIJB9P5JEhp1h0RO3hG5jtds2c",
        "locationConfidence" : 2.2904148
      }, {
        "latitudeE7" : -341291426,
        "longitudeE7" : 221128471,
        "placeId" : "ChIJjb9SKTpp1h0RUWEsZfY-Oz4",
        "locationConfidence" : 2.2063043
      }, {
        "latitudeE7" : -341282160,
        "longitudeE7" : 221159720,
        "placeId" : "ChIJraeisTlp1h0RdmCmP653op4",
        "locationConfidence" : 0.7395765
      } ],
      "editConfirmationStatus" : "NOT_CONFIRMED"
    }
  }, {
    "activitySegment" : {
      "startLocation" : {
        "latitudeE7" : -341281120,
        "longitudeE7" : 221143032
      },
      "endLocation" : {
        "latitudeE7" : -341281138,
        "longitudeE7" : 221143943
      },
      "duration" : {
        "startTimestampMs" : "1545633165031",
        "endTimestampMs" : "1545809104067"
      },
      "activityType" : "UNKNOWN_ACTIVITY_TYPE",
      "activities" : [ {
        "activityType" : "UNKNOWN_ACTIVITY_TYPE",
        "probability" : 0.0
      } ],
      "simplifiedRawPath" : {
        "points" : [ {
          "latE7" : -341228630,
          "lngE7" : 221102648,
          "timestampMs" : "1545634657999",
          "accuracyMeters" : 16
        } ]
      }
    }
  }, {
    "placeVisit" : {
      "location" : {
        "latitudeE7" : -341283300,
        "longitudeE7" : 221133299,
        "placeId" : "ChIJpzNBijlp1h0RV6B7LLZmtPY",
        "address" : "Oranje Ave\nHartenbos\nMossel Bay\n6520\nSouth Africa",
        "name" : "Hartenbos",
        "sourceInfo" : {
          "deviceTag" : -63513299
        },
        "locationConfidence" : 30.145723
      },
      "duration" : {
        "startTimestampMs" : "1545809104067",
        "endTimestampMs" : "1545820801099"
      },
      "placeConfidence" : "MEDIUM_CONFIDENCE",
      "centerLatE7" : -341281138,
      "centerLngE7" : 221143943,
      "visitConfidence" : 88,
      "otherCandidateLocations" : [ {
        "latitudeE7" : -341275400,
        "longitudeE7" : 221173600,
        "placeId" : "ChIJB9P5JEhp1h0RO3hG5jtds2c",
        "locationConfidence" : 16.217161
      }, {
        "latitudeE7" : -341291426,
        "longitudeE7" : 221128471,
        "placeId" : "ChIJjb9SKTpp1h0RUWEsZfY-Oz4",
        "locationConfidence" : 12.382988
      }, {
        "latitudeE7" : -341270484,
        "longitudeE7" : 221172404,
        "placeId" : "ChIJHwNcOThp1h0RchMW0XKbepg",
        "locationConfidence" : 9.060673
      }, {
        "latitudeE7" : -341282160,
        "longitudeE7" : 221159720,
        "placeId" : "ChIJraeisTlp1h0RdmCmP653op4",
        "locationConfidence" : 6.8652334
      }, {
        "latitudeE7" : -341275382,
        "longitudeE7" : 221173791,
        "placeId" : "ChIJaSgvTzdp1h0R70JoAjg2gGM",
        "locationConfidence" : 2.0474424
      }, {
        "latitudeE7" : -341292418,
        "longitudeE7" : 221126954,
        "placeId" : "ChIJy-7yLzpp1h0RmsAhQzT3LZs",
        "locationConfidence" : 2.00085
      }, {
        "latitudeE7" : -341294080,
        "longitudeE7" : 221151660,
        "placeId" : "ChIJ9Wm1Djlp1h0RmWde1hKEcyE",
        "locationConfidence" : 1.5950558
      }, {
        "latitudeE7" : -341275400,
        "longitudeE7" : 221173600,
        "placeId" : "ChIJV1YlQThp1h0RpCb4yF3HFRk",
        "locationConfidence" : 1.149997
      }, {
        "latitudeE7" : -341285580,
        "longitudeE7" : 221138490,
        "placeId" : "ChIJbRL8Cthp1h0R6o0PVPnQZvc",
        "locationConfidence" : 0.82843995
      } ],
      "editConfirmationStatus" : "NOT_CONFIRMED"
    }
  }, {
    "activitySegment" : {
      "startLocation" : {
        "latitudeE7" : -341280130,
        "longitudeE7" : 221144933,
        "sourceInfo" : {
          "deviceTag" : -63513299
        }
      },
      "endLocation" : {
        "latitudeE7" : -340714722,
        "longitudeE7" : 221598917,
        "sourceInfo" : {
          "deviceTag" : -63513299
        }
      },
      "duration" : {
        "startTimestampMs" : "1545820801099",
        "endTimestampMs" : "1545912838000"
      },
      "distance" : 7549,
      "activityType" : "IN_PASSENGER_VEHICLE",
      "confidence" : "MEDIUM",
      "activities" : [ {
        "activityType" : "IN_PASSENGER_VEHICLE",
        "probability" : 83.41771634098963
      }, {
        "activityType" : "WALKING",
        "probability" : 11.594870005047413
      }, {
        "activityType" : "CYCLING",
        "probability" : 2.7147864610587273
      } ]
    }
  }, {
    "activitySegment" : {
      "startLocation" : {
        "latitudeE7" : -340714722,
        "longitudeE7" : 221598917,
        "sourceInfo" : {
          "deviceTag" : -63513299
        }
      },
      "endLocation" : {
        "latitudeE7" : -340452613,
        "longitudeE7" : 222304033
      },
      "duration" : {
        "startTimestampMs" : "1545912838000",
        "endTimestampMs" : "1545915317999"
      },
      "activityType" : "UNKNOWN_ACTIVITY_TYPE",
      "activities" : [ {
        "activityType" : "UNKNOWN_ACTIVITY_TYPE",
        "probability" : 0.0
      } ],
      "simplifiedRawPath" : {
        "points" : [ {
          "latE7" : -340318531,
          "lngE7" : 221860194,
          "timestampMs" : "1545912838000",
          "accuracyMeters" : 6
        }, {
          "latE7" : -340435716,
          "lngE7" : 222186907,
          "timestampMs" : "1545913512999",
          "accuracyMeters" : 4
        }, {
          "latE7" : -340414656,
          "lngE7" : 222203573,
          "timestampMs" : "1545913543999",
          "accuracyMeters" : 4
        }, {
          "latE7" : -340411974,
          "lngE7" : 222239601,
          "timestampMs" : "1545913589999",
          "accuracyMeters" : 4
        }, {
          "latE7" : -340404699,
          "lngE7" : 222235941,
          "timestampMs" : "1545913605999",
          "accuracyMeters" : 4
        }, {
          "latE7" : -340387922,
          "lngE7" : 222273312,
          "timestampMs" : "1545913648999",
          "accuracyMeters" : 6
        }, {
          "latE7" : -340371682,
          "lngE7" : 222356821,
          "timestampMs" : "1545913749999",
          "accuracyMeters" : 4
        } ]
      }
    }
  }, {
    "placeVisit" : {
      "location" : {
        "latitudeE7" : -340447000,
        "longitudeE7" : 222305350,
        "placeId" : "ChIJ59Dc09IS1h0RrHiERMslul8",
        "address" : "19 Hoogtepad South\nGreat Brak River\nGroot Brakrivier\n6525\nSouth Africa",
        "name" : "Ilita Lodge",
        "sourceInfo" : {
          "deviceTag" : -63513299
        },
        "locationConfidence" : 90.73213
      },
      "duration" : {
        "startTimestampMs" : "1545915317999",
        "endTimestampMs" : "1545917647168"
      },
      "placeConfidence" : "HIGH_CONFIDENCE",
      "centerLatE7" : -340452613,
      "centerLngE7" : 222304033,
      "visitConfidence" : 96,
      "otherCandidateLocations" : [ {
        "latitudeE7" : -340445752,
        "longitudeE7" : 222306187,
        "placeId" : "ChIJGWEYMxRt1h0RRmh1-Dlr2CA",
        "locationConfidence" : 5.170838
      }, {
        "latitudeE7" : -340452327,
        "longitudeE7" : 222303467,
        "placeId" : "ChIJlTsXITJt1h0RRjyr_XYyYJ8",
        "locationConfidence" : 2.9000974
      }, {
        "latitudeE7" : -340344045,
        "longitudeE7" : 222294599,
        "placeId" : "ChIJQeTiFC5t1h0RZDMjGBud9uk",
        "locationConfidence" : 0.49994582
      }, {
        "latitudeE7" : -340444866,
        "longitudeE7" : 222305597,
        "placeId" : "ChIJ8dZj7i5t1h0RAzM90s6iOik",
        "locationConfidence" : 0.35998106
      } ],
      "editConfirmationStatus" : "NOT_CONFIRMED"
    }
  }, {
    "activitySegment" : {
      "startLocation" : {
        "latitudeE7" : -340447000,
        "longitudeE7" : 222305350,
        "sourceInfo" : {
          "deviceTag" : -63513299
        }
      },
      "endLocation" : {
        "latitudeE7" : -340659160,
        "longitudeE7" : 222020891,
        "sourceInfo" : {
          "deviceTag" : -63513299
        }
      },
      "duration" : {
        "startTimestampMs" : "1545917647168",
        "endTimestampMs" : "1545918991000"
      },
      "distance" : 3972,
      "activityType" : "IN_PASSENGER_VEHICLE",
      "confidence" : "HIGH",
      "activities" : [ {
        "activityType" : "IN_PASSENGER_VEHICLE",
        "probability" : 92.72562717680228
      }, {
        "activityType" : "MOTORCYCLING",
        "probability" : 3.70927159203364
      }, {
        "activityType" : "WALKING",
        "probability" : 3.105400308153802
      } ],
      "waypointPath" : {
        "waypoints" : [ {
          "latE7" : -340446586,
          "lngE7" : 222305469
        }, {
          "latE7" : -340519943,
          "lngE7" : 222295742
        }, {
          "latE7" : -340657196,
          "lngE7" : 222018051
        } ]
      }
    }
  }, {
    "placeVisit" : {
      "location" : {
        "latitudeE7" : -340658450,
        "longitudeE7" : 222021805,
        "placeId" : "ChIJeaf7y_ps1h0RQxUqoCr-4e8",
        "address" : "Plot 60 Ottosrust\nGroot Brakrivier\n6525\nSouth Africa",
        "name" : "Seeplaas",
        "sourceInfo" : {
          "deviceTag" : -63513299
        },
        "locationConfidence" : 96.88372
      },
      "duration" : {
        "startTimestampMs" : "1545918991000",
        "endTimestampMs" : "1545922634272"
      },
      "placeConfidence" : "HIGH_CONFIDENCE",
      "centerLatE7" : -340657207,
      "centerLngE7" : 222019557,
      "visitConfidence" : 96,
      "otherCandidateLocations" : [ {
        "latitudeE7" : -340656561,
        "longitudeE7" : 222006539,
        "placeId" : "ChIJefRx5Pps1h0RrWPZa_US1aM",
        "locationConfidence" : 1.6392472
      }, {
        "latitudeE7" : -340659490,
        "longitudeE7" : 222007540,
        "placeId" : "ChIJoRJU7_ps1h0RO8WbeVfdWCM",
        "locationConfidence" : 0.389059
      }, {
        "latitudeE7" : -340659980,
        "longitudeE7" : 222006300,
        "placeId" : "ChIJ5wRw7_ps1h0RTY4CzU8XByg",
        "locationConfidence" : 0.32765406
      }, {
        "latitudeE7" : -340657590,
        "longitudeE7" : 222006920,
        "placeId" : "ChIJES405Pps1h0RjXDD-1IHFhk",
        "locationConfidence" : 0.3107271
      } ],
      "editConfirmationStatus" : "NOT_CONFIRMED"
    }
  }, {
    "activitySegment" : {
      "startLocation" : {
        "latitudeE7" : -340658450,
        "longitudeE7" : 222021805,
        "sourceInfo" : {
          "deviceTag" : -63513299
        }
      },
      "endLocation" : {
        "latitudeE7" : -341280807,
        "longitudeE7" : 221143011,
        "sourceInfo" : {
          "deviceTag" : -63513299
        }
      },
      "duration" : {
        "startTimestampMs" : "1545922634272",
        "endTimestampMs" : "1545924117999"
      },
      "distance" : 11277,
      "activityType" : "IN_PASSENGER_VEHICLE",
      "confidence" : "HIGH",
      "activities" : [ {
        "activityType" : "IN_PASSENGER_VEHICLE",
        "probability" : 93.21380105953733
      }, {
        "activityType" : "WALKING",
        "probability" : 4.521870829846521
      }, {
        "activityType" : "MOTORCYCLING",
        "probability" : 2.042330732589363
      } ],
      "waypointPath" : {
        "waypoints" : [ {
          "latE7" : -340657196,
          "lngE7" : 222018051
        }, {
          "latE7" : -341169586,
          "lngE7" : 221010208
        }, {
          "latE7" : -341282577,
          "lngE7" : 221145343
        } ]
      }
    }
  }, {
    "placeVisit" : {
      "location" : {
        "latitudeE7" : -341283300,
        "longitudeE7" : 221133299,
        "placeId" : "ChIJpzNBijlp1h0RV6B7LLZmtPY",
        "address" : "Oranje Ave\nHartenbos\nMossel Bay\n6520\nSouth Africa",
        "name" : "Hartenbos",
        "sourceInfo" : {
          "deviceTag" : -63513299
        },
        "locationConfidence" : 60.579765
      },
      "duration" : {
        "startTimestampMs" : "1545924117999",
        "endTimestampMs" : "1545974793093"
      },
      "placeConfidence" : "MEDIUM_CONFIDENCE",
      "centerLatE7" : -341282929,
      "centerLngE7" : 221144865,
      "visitConfidence" : 91,
      "otherCandidateLocations" : [ {
        "latitudeE7" : -341249720,
        "longitudeE7" : 221123930,
        "placeId" : "ChIJ4fQJxjBp1h0RXizsOdb2_fI",
        "locationConfidence" : 11.518721
      }, {
        "latitudeE7" : -341257440,
        "longitudeE7" : 221131290,
        "placeId" : "ChIJebq_tDBp1h0RnqY3y3Azg2Q",
        "locationConfidence" : 2.8903143
      }, {
        "latitudeE7" : -341257670,
        "longitudeE7" : 221128930,
        "placeId" : "ChIJv8M8tDBp1h0R6zpU4h6mj6s",
        "locationConfidence" : 2.6739047
      }, {
        "latitudeE7" : -341244193,
        "longitudeE7" : 221115283,
        "placeId" : "ChIJpwn2HzFp1h0Rt7YGnr6iz-0",
        "locationConfidence" : 2.284575
      }, {
        "latitudeE7" : -341256460,
        "longitudeE7" : 221129740,
        "placeId" : "ChIJH2dvrjlp1h0Rc3HYgmqpuFA",
        "locationConfidence" : 1.9353365
      }, {
        "latitudeE7" : -341246998,
        "longitudeE7" : 221128743,
        "placeId" : "ChIJdQKD1jBp1h0R8A7_5En5RGw",
        "locationConfidence" : 1.7001652
      }, {
        "latitudeE7" : -341255663,
        "longitudeE7" : 221115445,
        "placeId" : "ChIJPzI2wzBp1h0RG0k7MDaYS7I",
        "locationConfidence" : 1.4549979
      }, {
        "latitudeE7" : -341260300,
        "longitudeE7" : 221145500,
        "placeId" : "ChIJ9ZEGXTdp1h0RshUBgnrqcSk",
        "locationConfidence" : 1.4473816
      }, {
        "latitudeE7" : -341255550,
        "longitudeE7" : 221133645,
        "placeId" : "ChIJoajxSjdp1h0R4dmc1jSJJcE",
        "locationConfidence" : 1.1090536
      } ],
      "editConfirmationStatus" : "NOT_CONFIRMED"
    }
  }, {
    "activitySegment" : {
      "startLocation" : {
        "latitudeE7" : -341257775,
        "longitudeE7" : 221130578,
        "sourceInfo" : {
          "deviceTag" : -63513299
        }
      },
      "endLocation" : {
        "latitudeE7" : -341243508,
        "longitudeE7" : 221108602,
        "sourceInfo" : {
          "deviceTag" : -63513299
        }
      },
      "duration" : {
        "startTimestampMs" : "1545974793093",
        "endTimestampMs" : "1545976163043"
      },
      "distance" : 1196,
      "activityType" : "WALKING",
      "confidence" : "MEDIUM",
      "activities" : [ {
        "activityType" : "WALKING",
        "probability" : 84.66943108758326
      }, {
        "activityType" : "IN_PASSENGER_VEHICLE",
        "probability" : 14.163776638240682
      }, {
        "activityType" : "RUNNING",
        "probability" : 0.7303403086253594
      } ],
      "waypointPath" : {
        "waypoints" : [ {
          "latE7" : -341256713,
          "lngE7" : 221127738
        }, {
          "latE7" : -341249504,
          "lngE7" : 221118144
        }, {
          "latE7" : -341247673,
          "lngE7" : 221108131
        } ]
      },
      "simplifiedRawPath" : {
        "points" : [ {
          "latE7" : -341253213,
          "lngE7" : 221124607,
          "timestampMs" : "1545976041864",
          "accuracyMeters" : 29
        } ]
      }
    }
  }, {
    "placeVisit" : {
      "location" : {
        "latitudeE7" : -341239531,
        "longitudeE7" : 221103432,
        "placeId" : "ChIJJfD0RDdp1h0RdqTfIUHbrIs",
        "address" : "7 Kompanje Ave\nKaap De Goede Hoop Ave\nHartenbos\nMossel Bay\n6500\nSouth Africa",
        "name" : "SPAR Hartenbos",
        "sourceInfo" : {
          "deviceTag" : -63513299
        },
        "locationConfidence" : 88.44724
      },
      "duration" : {
        "startTimestampMs" : "1545976163043",
        "endTimestampMs" : "1545977724417"
      },
      "placeConfidence" : "HIGH_CONFIDENCE",
      "centerLatE7" : -341242808,
      "centerLngE7" : 221109167,
      "visitConfidence" : 95,
      "otherCandidateLocations" : [ {
        "latitudeE7" : -341244673,
        "longitudeE7" : 221090161,
        "placeId" : "ChIJWfsi4TBp1h0RuVQk7epAOC4",
        "locationConfidence" : 3.4763098
      }, {
        "latitudeE7" : -341246302,
        "longitudeE7" : 221106368,
        "placeId" : "ChIJZRMHAjFp1h0RtO8b86mfrbs",
        "locationConfidence" : 3.338018
      }, {
        "latitudeE7" : -341244193,
        "longitudeE7" : 221115283,
        "placeId" : "ChIJpwn2HzFp1h0Rt7YGnr6iz-0",
        "locationConfidence" : 1.081968
      }, {
        "latitudeE7" : -341241020,
        "longitudeE7" : 221107140,
        "placeId" : "ChIJP1uhrzZp1h0R0xB0w7MQJ5M",
        "locationConfidence" : 0.6757928
      } ],
      "editConfirmationStatus" : "NOT_CONFIRMED"
    }
  }, {
    "activitySegment" : {
      "startLocation" : {
        "latitudeE7" : -341239819,
        "longitudeE7" : 221116596,
        "sourceInfo" : {
          "deviceTag" : -63513299
        }
      },
      "endLocation" : {
        "latitudeE7" : -341270484,
        "longitudeE7" : 221172404,
        "sourceInfo" : {
          "deviceTag" : -63513299
        }
      },
      "duration" : {
        "startTimestampMs" : "1545977724417",
        "endTimestampMs" : "1545979478468"
      },
      "distance" : 2312,
      "activityType" : "WALKING",
      "confidence" : "HIGH",
      "activities" : [ {
        "activityType" : "WALKING",
        "probability" : 98.70746869443101
      }, {
        "activityType" : "IN_PASSENGER_VEHICLE",
        "probability" : 0.8730896796021212
      }, {
        "activityType" : "HIKING",
        "probability" : 0.2748831713139401
      } ],
      "waypointPath" : {
        "waypoints" : [ {
          "latE7" : -341239852,
          "lngE7" : 221116619
        }, {
          "latE7" : -341237258,
          "lngE7" : 221133251
        }, {
          "latE7" : -341187629,
          "lngE7" : 221217975
        }, {
          "latE7" : -341238479,
          "lngE7" : 221190299
        }, {
          "latE7" : -341270294,
          "lngE7" : 221172466
        } ]
      },
      "simplifiedRawPath" : {
        "points" : [ {
          "latE7" : -341243436,
          "lngE7" : 221125585,
          "timestampMs" : "1545977848936",
          "accuracyMeters" : 100
        }, {
          "latE7" : -341190042,
          "lngE7" : 221224418,
          "timestampMs" : "1545978729363",
          "accuracyMeters" : 28
        }, {
          "latE7" : -341249748,
          "lngE7" : 221195492,
          "timestampMs" : "1545979322303",
          "accuracyMeters" : 32
        } ]
      }
    }
  }, {
    "placeVisit" : {
      "location" : {
        "latitudeE7" : -341270484,
        "longitudeE7" : 221172404,
        "placeId" : "ChIJHwNcOThp1h0RchMW0XKbepg",
        "address" : "156 Paardekraal Ave\nHartenbos\nMossel Bay\n6520\nSouth Africa",
        "name" : "Hartenbos Seafront",
        "sourceInfo" : {
          "deviceTag" : -63513299
        },
        "locationConfidence" : 45.051666
      },
      "duration" : {
        "startTimestampMs" : "1545979478468",
        "endTimestampMs" : "1545979841683"
      },
      "placeConfidence" : "LOW_CONFIDENCE",
      "centerLatE7" : -341271700,
      "centerLngE7" : 221172675,
      "visitConfidence" : 74,
      "otherCandidateLocations" : [ {
        "latitudeE7" : -341271978,
        "longitudeE7" : 221176078,
        "placeId" : "ChIJr9alNjhp1h0RCNeVkNNqJJw",
        "locationConfidence" : 16.137276
      }, {
        "latitudeE7" : -341272682,
        "longitudeE7" : 221177332,
        "placeId" : "ChIJkaayajhp1h0RBLwJ87ved2Y",
        "locationConfidence" : 7.993165
      }, {
        "latitudeE7" : -341275400,
        "longitudeE7" : 221173600,
        "placeId" : "ChIJB9P5JEhp1h0RO3hG5jtds2c",
        "locationConfidence" : 6.4691744
      }, {
        "latitudeE7" : -341275382,
        "longitudeE7" : 221173791,
        "placeId" : "ChIJaSgvTzdp1h0R70JoAjg2gGM",
        "locationConfidence" : 4.6245875
      }, {
        "latitudeE7" : -341275400,
        "longitudeE7" : 221173600,
        "placeId" : "ChIJV1YlQThp1h0RpCb4yF3HFRk",
        "locationConfidence" : 3.5753784
      }, {
        "latitudeE7" : -341270110,
        "longitudeE7" : 221180490,
        "placeId" : "ChIJo6WAEzhp1h0RQDf4hNmxwUA",
        "locationConfidence" : 2.9441266
      }, {
        "latitudeE7" : -341272258,
        "longitudeE7" : 221180467,
        "placeId" : "ChIJF9VVazhp1h0R6_DWPBLzQAc",
        "locationConfidence" : 1.2809705
      }, {
        "latitudeE7" : -341277539,
        "longitudeE7" : 221170852,
        "placeId" : "ChIJMxXQRThp1h0RDSPHT_pJg8k",
        "locationConfidence" : 1.0299159
      }, {
        "latitudeE7" : -341272168,
        "longitudeE7" : 221174957,
        "placeId" : "ChIJPYgKPzhp1h0RfIEJqfazrhk",
        "locationConfidence" : 0.76998127
      } ],
      "editConfirmationStatus" : "CONFIRMED"
    }
  }, {
    "activitySegment" : {
      "startLocation" : {
        "latitudeE7" : -341270484,
        "longitudeE7" : 221172404,
        "sourceInfo" : {
          "deviceTag" : -63513299
        }
      },
      "endLocation" : {
        "latitudeE7" : -341280929,
        "longitudeE7" : 221142901,
        "sourceInfo" : {
          "deviceTag" : -63513299
        }
      },
      "duration" : {
        "startTimestampMs" : "1545979841683",
        "endTimestampMs" : "1545981248722"
      },
      "distance" : 2082,
      "activityType" : "WALKING",
      "confidence" : "HIGH",
      "activities" : [ {
        "activityType" : "WALKING",
        "probability" : 94.94717206866184
      }, {
        "activityType" : "IN_PASSENGER_VEHICLE",
        "probability" : 3.134776458929103
      }, {
        "activityType" : "RUNNING",
        "probability" : 1.1912984282792227
      } ],
      "waypointPath" : {
        "waypoints" : [ {
          "latE7" : -341270294,
          "lngE7" : 221172466
        }, {
          "latE7" : -341269721,
          "lngE7" : 221158599
        }, {
          "latE7" : -341327590,
          "lngE7" : 221145668
        }, {
          "latE7" : -341309967,
          "lngE7" : 221129913
        }, {
          "latE7" : -341282691,
          "lngE7" : 221145229
        } ]
      },
      "simplifiedRawPath" : {
        "points" : [ {
          "latE7" : -341271211,
          "lngE7" : 221168291,
          "timestampMs" : "1545979841683",
          "accuracyMeters" : 59
        }, {
          "latE7" : -341327847,
          "lngE7" : 221145773,
          "timestampMs" : "1545980708521",
          "accuracyMeters" : 28
        }, {
          "latE7" : -341284937,
          "lngE7" : 221140242,
          "timestampMs" : "1545981085461",
          "accuracyMeters" : 23
        } ]
      }
    }
  }, {
    "placeVisit" : {
      "location" : {
        "latitudeE7" : -341283300,
        "longitudeE7" : 221133299,
        "placeId" : "ChIJpzNBijlp1h0RV6B7LLZmtPY",
        "address" : "Oranje Ave\nHartenbos\nMossel Bay\n6520\nSouth Africa",
        "name" : "Hartenbos",
        "sourceInfo" : {
          "deviceTag" : -63513299
        },
        "locationConfidence" : 35.79661
      },
      "duration" : {
        "startTimestampMs" : "1545981248722",
        "endTimestampMs" : "1545985443400"
      },
      "placeConfidence" : "MEDIUM_CONFIDENCE",
      "centerLatE7" : -341278228,
      "centerLngE7" : 221141859,
      "visitConfidence" : 68,
      "otherCandidateLocations" : [ {
        "latitudeE7" : -341249720,
        "longitudeE7" : 221123930,
        "placeId" : "ChIJ4fQJxjBp1h0RXizsOdb2_fI",
        "locationConfidence" : 10.294245
      }, {
        "latitudeE7" : -341244193,
        "longitudeE7" : 221115283,
        "placeId" : "ChIJpwn2HzFp1h0Rt7YGnr6iz-0",
        "locationConfidence" : 9.803332
      }, {
        "latitudeE7" : -341256460,
        "longitudeE7" : 221129740,
        "placeId" : "ChIJH2dvrjlp1h0Rc3HYgmqpuFA",
        "locationConfidence" : 8.81054
      }, {
        "latitudeE7" : -341246998,
        "longitudeE7" : 221128743,
        "placeId" : "ChIJdQKD1jBp1h0R8A7_5En5RGw",
        "locationConfidence" : 6.520487
      }, {
        "latitudeE7" : -341252123,
        "longitudeE7" : 221128307,
        "placeId" : "ChIJYdaqzjBp1h0RG6JkDDGem9s",
        "locationConfidence" : 3.0991497
      }, {
        "latitudeE7" : -341257670,
        "longitudeE7" : 221128930,
        "placeId" : "ChIJv8M8tDBp1h0R6zpU4h6mj6s",
        "locationConfidence" : 2.666989
      }, {
        "latitudeE7" : -341257440,
        "longitudeE7" : 221131290,
        "placeId" : "ChIJebq_tDBp1h0RnqY3y3Azg2Q",
        "locationConfidence" : 2.6493092
      }, {
        "latitudeE7" : -341255550,
        "longitudeE7" : 221133645,
        "placeId" : "ChIJoajxSjdp1h0R4dmc1jSJJcE",
        "locationConfidence" : 1.8275815
      }, {
        "latitudeE7" : -341259640,
        "longitudeE7" : 221129170,
        "placeId" : "ChIJP7bGszBp1h0R9I4llVFgoYI",
        "locationConfidence" : 0.9567358
      } ],
      "editConfirmationStatus" : "NOT_CONFIRMED"
    }
  }, {
    "activitySegment" : {
      "startLocation" : {
        "latitudeE7" : -341283300,
        "longitudeE7" : 221133299,
        "sourceInfo" : {
          "deviceTag" : -63513299
        }
      },
      "endLocation" : {
        "latitudeE7" : -341270484,
        "longitudeE7" : 221172404,
        "sourceInfo" : {
          "deviceTag" : -63513299
        }
      },
      "duration" : {
        "startTimestampMs" : "1545985443400",
        "endTimestampMs" : "1545986797627"
      },
      "distance" : 387,
      "activityType" : "WALKING",
      "confidence" : "MEDIUM",
      "activities" : [ {
        "activityType" : "WALKING",
        "probability" : 77.16042225391739
      }, {
        "activityType" : "IN_PASSENGER_VEHICLE",
        "probability" : 19.369557486246762
      }, {
        "activityType" : "IN_TRAIN",
        "probability" : 2.6047653069015633
      } ],
      "waypointPath" : {
        "waypoints" : [ {
          "latE7" : -341306076,
          "lngE7" : 221152973
        }, {
          "latE7" : -339827041,
          "lngE7" : 224384212
        }, {
          "latE7" : -339859123,
          "lngE7" : 225032062
        }, {
          "latE7" : -341270294,
          "lngE7" : 221172466
        } ]
      }
    }
  }, {
    "placeVisit" : {
      "location" : {
        "latitudeE7" : -341270484,
        "longitudeE7" : 221172404,
        "placeId" : "ChIJHwNcOThp1h0RchMW0XKbepg",
        "address" : "156 Paardekraal Ave\nHartenbos\nMossel Bay\n6520\nSouth Africa",
        "name" : "Hartenbos Seafront",
        "sourceInfo" : {
          "deviceTag" : -63513299
        },
        "locationConfidence" : 44.16238
      },
      "duration" : {
        "startTimestampMs" : "1545986797627",
        "endTimestampMs" : "1545994566273"
      },
      "placeConfidence" : "MEDIUM_CONFIDENCE",
      "childVisits" : [ {
        "location" : {
          "latitudeE7" : -341264337,
          "longitudeE7" : 221170136,
          "placeId" : "ChIJ3w2oLjhp1h0RM6eb500PAnU",
          "address" : "Shop 02-03, Hartenbos Seefront cnr Kaap De Goede Hoop and\nPort Natal Ave\nHartenbos\nMossel Bay\n6520\nSouth Africa",
          "name" : "Absa | Branch | Hartenbos",
          "sourceInfo" : {
            "deviceTag" : -63513299
          },
          "locationConfidence" : 17.169598
        },
        "duration" : {
          "startTimestampMs" : "1545986797627",
          "endTimestampMs" : "1545990286586"
        },
        "placeConfidence" : "LOW_CONFIDENCE",
        "centerLatE7" : -341265070,
        "centerLngE7" : 221171796,
        "visitConfidence" : 78,
        "otherCandidateLocations" : [ {
          "latitudeE7" : -341272682,
          "longitudeE7" : 221177332,
          "placeId" : "ChIJkaayajhp1h0RBLwJ87ved2Y",
          "locationConfidence" : 6.0266604
        }, {
          "latitudeE7" : -341266557,
          "longitudeE7" : 221175465,
          "placeId" : "ChIJcwkyPThp1h0RJvMUi9LHaYo",
          "locationConfidence" : 5.792658
        }, {
          "latitudeE7" : -341270110,
          "longitudeE7" : 221180490,
          "placeId" : "ChIJo6WAEzhp1h0RQDf4hNmxwUA",
          "locationConfidence" : 3.1274798
        }, {
          "latitudeE7" : -341275382,
          "longitudeE7" : 221173791,
          "placeId" : "ChIJaSgvTzdp1h0R70JoAjg2gGM",
          "locationConfidence" : 2.3719685
        }, {
          "latitudeE7" : -341271978,
          "longitudeE7" : 221176078,
          "placeId" : "ChIJr9alNjhp1h0RCNeVkNNqJJw",
          "locationConfidence" : 2.3564978
        }, {
          "latitudeE7" : -341275400,
          "longitudeE7" : 221173600,
          "placeId" : "ChIJV1YlQThp1h0RpCb4yF3HFRk",
          "locationConfidence" : 0.6687258
        }, {
          "latitudeE7" : -341267981,
          "longitudeE7" : 221171464,
          "placeId" : "ChIJOe8zWQdp1h0RedgzDb0uJtM",
          "locationConfidence" : 0.59300846
        }, {
          "latitudeE7" : -341277539,
          "longitudeE7" : 221170852,
          "placeId" : "ChIJMxXQRThp1h0RDSPHT_pJg8k",
          "locationConfidence" : 0.5534929
        }, {
          "latitudeE7" : -341272258,
          "longitudeE7" : 221180467,
          "placeId" : "ChIJF9VVazhp1h0R6_DWPBLzQAc",
          "locationConfidence" : 0.5492693
        } ],
        "editConfirmationStatus" : "NOT_CONFIRMED"
      } ],
      "centerLatE7" : -341267633,
      "centerLngE7" : 221162362,
      "visitConfidence" : 78,
      "otherCandidateLocations" : [ {
        "latitudeE7" : -341264337,
        "longitudeE7" : 221170136,
        "placeId" : "ChIJ3w2oLjhp1h0RM6eb500PAnU",
        "locationConfidence" : 21.677914
      }, {
        "latitudeE7" : -341272682,
        "longitudeE7" : 221177332,
        "placeId" : "ChIJkaayajhp1h0RBLwJ87ved2Y",
        "locationConfidence" : 7.6091137
      }, {
        "latitudeE7" : -341266557,
        "longitudeE7" : 221175465,
        "placeId" : "ChIJcwkyPThp1h0RJvMUi9LHaYo",
        "locationConfidence" : 7.313668
      }, {
        "latitudeE7" : -341270110,
        "longitudeE7" : 221180490,
        "placeId" : "ChIJo6WAEzhp1h0RQDf4hNmxwUA",
        "locationConfidence" : 3.9486792
      }, {
        "latitudeE7" : -341275382,
        "longitudeE7" : 221173791,
        "placeId" : "ChIJaSgvTzdp1h0R70JoAjg2gGM",
        "locationConfidence" : 2.9947891
      }, {
        "latitudeE7" : -341271978,
        "longitudeE7" : 221176078,
        "placeId" : "ChIJr9alNjhp1h0RCNeVkNNqJJw",
        "locationConfidence" : 2.9752562
      }, {
        "latitudeE7" : -341275400,
        "longitudeE7" : 221173600,
        "placeId" : "ChIJV1YlQThp1h0RpCb4yF3HFRk",
        "locationConfidence" : 0.8443168
      }, {
        "latitudeE7" : -341267981,
        "longitudeE7" : 221171464,
        "placeId" : "ChIJOe8zWQdp1h0RedgzDb0uJtM",
        "locationConfidence" : 0.74871796
      }, {
        "latitudeE7" : -341277539,
        "longitudeE7" : 221170852,
        "placeId" : "ChIJMxXQRThp1h0RDSPHT_pJg8k",
        "locationConfidence" : 0.6988266
      } ],
      "editConfirmationStatus" : "CONFIRMED"
    }
  }, {
    "activitySegment" : {
      "startLocation" : {
        "latitudeE7" : -341289041,
        "longitudeE7" : 221166469,
        "sourceInfo" : {
          "deviceTag" : -63513299
        }
      },
      "endLocation" : {
        "latitudeE7" : -341293912,
        "longitudeE7" : 221151886,
        "sourceInfo" : {
          "deviceTag" : -63513299
        }
      },
      "duration" : {
        "startTimestampMs" : "1545994566273",
        "endTimestampMs" : "1545995006998"
      },
      "distance" : 684,
      "activityType" : "WALKING",
      "confidence" : "MEDIUM",
      "activities" : [ {
        "activityType" : "WALKING",
        "probability" : 59.36132005844337
      }, {
        "activityType" : "IN_PASSENGER_VEHICLE",
        "probability" : 38.01632315746839
      }, {
        "activityType" : "CYCLING",
        "probability" : 1.2102982591179665
      } ],
      "waypointPath" : {
        "waypoints" : [ {
          "latE7" : -341289253,
          "lngE7" : 221167049
        }, {
          "latE7" : -341295166,
          "lngE7" : 221155109
        }, {
          "latE7" : -341293983,
          "lngE7" : 221151847
        } ]
      },
      "simplifiedRawPath" : {
        "points" : [ {
          "latE7" : -341305441,
          "lngE7" : 221151231,
          "timestampMs" : "1545994697108",
          "accuracyMeters" : 82
        } ]
      }
    }
  }, {
    "placeVisit" : {
      "location" : {
        "latitudeE7" : -341283300,
        "longitudeE7" : 221133299,
        "placeId" : "ChIJpzNBijlp1h0RV6B7LLZmtPY",
        "address" : "Oranje Ave\nHartenbos\nMossel Bay\n6520\nSouth Africa",
        "name" : "Hartenbos",
        "sourceInfo" : {
          "deviceTag" : -63513299
        },
        "locationConfidence" : 59.549248
      },
      "duration" : {
        "startTimestampMs" : "1545995006998",
        "endTimestampMs" : "1546009436544"
      },
      "placeConfidence" : "MEDIUM_CONFIDENCE",
      "centerLatE7" : -341288792,
      "centerLngE7" : 221149182,
      "visitConfidence" : 93,
      "otherCandidateLocations" : [ {
        "latitudeE7" : -341294080,
        "longitudeE7" : 221151660,
        "placeId" : "ChIJ9Wm1Djlp1h0RmWde1hKEcyE",
        "locationConfidence" : 11.553184
      }, {
        "latitudeE7" : -341301140,
        "longitudeE7" : 221152710,
        "placeId" : "ChIJ7_EgFzlp1h0RjQufm_Dnm_Y",
        "locationConfidence" : 4.6831307
      }, {
        "latitudeE7" : -341299800,
        "longitudeE7" : 221149000,
        "placeId" : "ChIJuVKoEzlp1h0Re6pyzOEfuCE",
        "locationConfidence" : 3.9899833
      }, {
        "latitudeE7" : -341291426,
        "longitudeE7" : 221128471,
        "placeId" : "ChIJjb9SKTpp1h0RUWEsZfY-Oz4",
        "locationConfidence" : 3.2963295
      }, {
        "latitudeE7" : -341303300,
        "longitudeE7" : 221151630,
        "placeId" : "ChIJg8QVFjlp1h0RbZ1hal-VZBQ",
        "locationConfidence" : 3.0485442
      }, {
        "latitudeE7" : -341299800,
        "longitudeE7" : 221149000,
        "placeId" : "ChIJuVKoEzlp1h0RxdjUkBvogB8",
        "locationConfidence" : 2.862556
      }, {
        "latitudeE7" : -341282160,
        "longitudeE7" : 221159720,
        "placeId" : "ChIJraeisTlp1h0RdmCmP653op4",
        "locationConfidence" : 2.673744
      }, {
        "latitudeE7" : -341276016,
        "longitudeE7" : 221167210,
        "placeId" : "ChIJI0DFSThp1h0Rr_NhXfaa_U8",
        "locationConfidence" : 1.3752068
      }, {
        "latitudeE7" : -341292418,
        "longitudeE7" : 221126954,
        "placeId" : "ChIJy-7yLzpp1h0RmsAhQzT3LZs",
        "locationConfidence" : 1.2933452
      } ],
      "editConfirmationStatus" : "NOT_CONFIRMED"
    }
  }, {
    "activitySegment" : {
      "startLocation" : {
        "latitudeE7" : -341293912,
        "longitudeE7" : 221151886,
        "sourceInfo" : {
          "deviceTag" : -63513299
        }
      },
      "endLocation" : {
        "latitudeE7" : -341271641,
        "longitudeE7" : 221177669,
        "sourceInfo" : {
          "deviceTag" : -63513299
        }
      },
      "duration" : {
        "startTimestampMs" : "1546009436544",
        "endTimestampMs" : "1546009678633"
      },
      "distance" : 343,
      "activityType" : "WALKING",
      "confidence" : "HIGH",
      "activities" : [ {
        "activityType" : "WALKING",
        "probability" : 95.3837990700708
      }, {
        "activityType" : "IN_PASSENGER_VEHICLE",
        "probability" : 3.8403302844056117
      }, {
        "activityType" : "HIKING",
        "probability" : 0.29737517635144295
      } ],
      "waypointPath" : {
        "waypoints" : [ {
          "latE7" : -341293983,
          "lngE7" : 221151847
        }, {
          "latE7" : -341269721,
          "lngE7" : 221158599
        }, {
          "latE7" : -341270561,
          "lngE7" : 221172447
        } ]
      },
      "simplifiedRawPath" : {
        "points" : [ {
          "latE7" : -341282579,
          "lngE7" : 221164804,
          "timestampMs" : "1546009557604",
          "accuracyMeters" : 68
        } ]
      }
    }
  }, {
    "placeVisit" : {
      "location" : {
        "latitudeE7" : -341272258,
        "longitudeE7" : 221180467,
        "placeId" : "ChIJ1wNOEzhp1h0Ry23NrpOIxhY",
        "address" : "Shop 31 Hartenbos Seefront Centre C/O Kaap de Goede and\nPaardekraal St\nHartenbos\nMossel Bay\n6520\nSouth Africa",
        "name" : "Piza É Vino Hartenbos",
        "sourceInfo" : {
          "deviceTag" : -63513299
        },
        "locationConfidence" : 65.059555
      },
      "duration" : {
        "startTimestampMs" : "1546009678633",
        "endTimestampMs" : "1546014793324"
      },
      "placeConfidence" : "MEDIUM_CONFIDENCE",
      "centerLatE7" : -341271126,
      "centerLngE7" : 221176903,
      "visitConfidence" : 70,
      "otherCandidateLocations" : [ {
        "latitudeE7" : -341270484,
        "longitudeE7" : 221172404,
        "placeId" : "ChIJHwNcOThp1h0RchMW0XKbepg",
        "locationConfidence" : 11.527483
      }, {
        "latitudeE7" : -341271725,
        "longitudeE7" : 221181054,
        "placeId" : "ChIJ1wNOEzhp1h0Ry23NrpOIxhY",
        "locationConfidence" : 4.988616
      }, {
        "latitudeE7" : -341270110,
        "longitudeE7" : 221180490,
        "placeId" : "ChIJo6WAEzhp1h0RQDf4hNmxwUA",
        "locationConfidence" : 4.7949953
      }, {
        "latitudeE7" : -341275382,
        "longitudeE7" : 221173791,
        "placeId" : "ChIJaSgvTzdp1h0R70JoAjg2gGM",
        "locationConfidence" : 2.9547536
      }, {
        "latitudeE7" : -341272682,
        "longitudeE7" : 221177332,
        "placeId" : "ChIJkaayajhp1h0RBLwJ87ved2Y",
        "locationConfidence" : 2.2006865
      }, {
        "latitudeE7" : -341272168,
        "longitudeE7" : 221174957,
        "placeId" : "ChIJPYgKPzhp1h0RfIEJqfazrhk",
        "locationConfidence" : 2.0959995
      }, {
        "latitudeE7" : -341271978,
        "longitudeE7" : 221176078,
        "placeId" : "ChIJr9alNjhp1h0RCNeVkNNqJJw",
        "locationConfidence" : 1.311983
      }, {
        "latitudeE7" : -341270015,
        "longitudeE7" : 221179063,
        "placeId" : "ChIJdSdJFDhp1h0RN3xkpguOHqo",
        "locationConfidence" : 0.65982413
      }, {
        "latitudeE7" : -341270873,
        "longitudeE7" : 221176224,
        "placeId" : "ChIJX-YwPjhp1h0R8Jz4C9Z9xYQ",
        "locationConfidence" : 0.5728824
      } ],
      "editConfirmationStatus" : "NOT_CONFIRMED"
    }
  }, {
    "activitySegment" : {
      "startLocation" : {
        "latitudeE7" : -341272258,
        "longitudeE7" : 221180467,
        "sourceInfo" : {
          "deviceTag" : -63513299
        }
      },
      "endLocation" : {
        "latitudeE7" : -257519310,
        "longitudeE7" : 282405770,
        "sourceInfo" : {
          "deviceTag" : -63513299
        }
      },
      "duration" : {
        "startTimestampMs" : "1546014793324",
        "endTimestampMs" : "1546014969159"
      },
      "distance" : 1102068,
      "activityType" : "WALKING",
      "confidence" : "LOW",
      "activities" : [ {
        "activityType" : "WALKING",
        "probability" : 42.394909410498784
      }, {
        "activityType" : "IN_PASSENGER_VEHICLE",
        "probability" : 38.36493087734114
      }, {
        "activityType" : "CYCLING",
        "probability" : 4.529590347571215
      } ],
      "waypointPath" : {
        "waypoints" : [ {
          "latE7" : -341267700,
          "lngE7" : 221184978
        }, {
          "latE7" : -341266784,
          "lngE7" : 221143035
        }, {
          "latE7" : -341279945,
          "lngE7" : 221132125
        } ]
      }
    }
  }, {
    "placeVisit" : {
      "location" : {
        "latitudeE7" : -257519310,
        "longitudeE7" : 282405770,
        "placeId" : "ChIJSyICDLphlR4Rq-Xpkbm3ipA",
        "address" : "1211 Prospect St\nHatfield\nPretoria\n0002\nSouth Africa",
        "name" : "Hatfield Court.",
        "sourceInfo" : {
          "deviceTag" : -63513299
        },
        "locationConfidence" : 66.49406
      },
      "duration" : {
        "startTimestampMs" : "1546014969159",
        "endTimestampMs" : "1546057706288"
      },
      "placeConfidence" : "MEDIUM_CONFIDENCE",
      "centerLatE7" : -328487814,
      "centerLngE7" : 231367289,
      "visitConfidence" : 77,
      "otherCandidateLocations" : [ {
        "latitudeE7" : -257521220,
        "longitudeE7" : 282408020,
        "placeId" : "ChIJRd7gCrphlR4RLfsrGsuz89k",
        "locationConfidence" : 6.699159
      }, {
        "latitudeE7" : -257521099,
        "longitudeE7" : 282409900,
        "placeId" : "ChIJ1wkMoLBhlR4RbCwg8O5XakI",
        "locationConfidence" : 3.9771698
      }, {
        "latitudeE7" : -257514775,
        "longitudeE7" : 282406930,
        "placeId" : "ChIJT56iBrphlR4Ri4zqpN4uHOs",
        "locationConfidence" : 3.622115
      }, {
        "latitudeE7" : -257520989,
        "longitudeE7" : 282413720,
        "placeId" : "ChIJP_vIobBhlR4ROjHsVwIWXXs",
        "locationConfidence" : 2.423631
      }, {
        "latitudeE7" : -257520970,
        "longitudeE7" : 282411680,
        "placeId" : "ChIJjfXNobBhlR4R2kJZ8Va7iMw",
        "locationConfidence" : 1.6303912
      }, {
        "latitudeE7" : -257513300,
        "longitudeE7" : 282414560,
        "placeId" : "ChIJd4yCW7lhlR4REReTUSddJyY",
        "locationConfidence" : 1.3346555
      }, {
        "latitudeE7" : -257523430,
        "longitudeE7" : 282400964,
        "placeId" : "ChIJ578XbLphlR4Rp_eTN6za3hw",
        "locationConfidence" : 0.9855964
      }, {
        "latitudeE7" : -257519779,
        "longitudeE7" : 282412640,
        "placeId" : "ChIJDSgcJbphlR4RaJU1PXNfscI",
        "locationConfidence" : 0.55886424
      }, {
        "latitudeE7" : -257517662,
        "longitudeE7" : 282423386,
        "placeId" : "ChIJxQGYv7BhlR4REdt5J95WxaA",
        "locationConfidence" : 0.464075
      } ],
      "editConfirmationStatus" : "NOT_CONFIRMED"
    }
  }, {
    "activitySegment" : {
      "startLocation" : {
        "latitudeE7" : -257521059,
        "longitudeE7" : 282409389,
        "sourceInfo" : {
          "deviceTag" : -63513299
        }
      },
      "endLocation" : {
        "latitudeE7" : -339567588,
        "longitudeE7" : 224577118,
        "sourceInfo" : {
          "deviceTag" : -63513299
        }
      },
      "duration" : {
        "startTimestampMs" : "1546057706288",
        "endTimestampMs" : "1546066264669"
      },
      "distance" : 1068765,
      "activityType" : "FLYING",
      "confidence" : "MEDIUM",
      "activities" : [ {
        "activityType" : "FLYING",
        "probability" : 76.46396762259083
      }, {
        "activityType" : "IN_PASSENGER_VEHICLE",
        "probability" : 20.52983442202584
      }, {
        "activityType" : "WALKING",
        "probability" : 2.3450798409880744
      } ]
    }
  }, {
    "placeVisit" : {
      "location" : {
        "latitudeE7" : -339567586,
        "longitudeE7" : 224576828,
        "placeId" : "ChIJGzSuPzcF1h0Rnp1w_OqaIZM",
        "address" : "Knysna Rd\nGeorge\n6530\nSouth Africa",
        "name" : "Beans About Coffee George",
        "sourceInfo" : {
          "deviceTag" : -63513299
        },
        "locationConfidence" : 84.19438
      },
      "duration" : {
        "startTimestampMs" : "1546066264669",
        "endTimestampMs" : "1546067202559"
      },
      "placeConfidence" : "HIGH_CONFIDENCE",
      "centerLatE7" : -339567500,
      "centerLngE7" : 224577100,
      "visitConfidence" : 94,
      "otherCandidateLocations" : [ {
        "latitudeE7" : -339572161,
        "longitudeE7" : 224585780,
        "placeId" : "ChIJW5CKfUoF1h0R2WUY30Bsq5o",
        "locationConfidence" : 3.3469713
      }, {
        "latitudeE7" : -339569260,
        "longitudeE7" : 224577910,
        "placeId" : "ChIJRTkvPzcF1h0R09-mv8N2sIE",
        "locationConfidence" : 2.2484083
      }, {
        "latitudeE7" : -339576205,
        "longitudeE7" : 224570297,
        "placeId" : "ChIJHRh7HzcF1h0R4_4UZBUTdgg",
        "locationConfidence" : 1.2192755
      }, {
        "latitudeE7" : -339564778,
        "longitudeE7" : 224581407,
        "placeId" : "ChIJpbA9RjcF1h0RILfPk01bVBk",
        "locationConfidence" : 0.78910726
      }, {
        "latitudeE7" : -339571761,
        "longitudeE7" : 224585733,
        "placeId" : "ChIJZ1JtLjcF1h0R4L3IBv7rxfc",
        "locationConfidence" : 0.5988421
      } ],
      "editConfirmationStatus" : "NOT_CONFIRMED"
    }
  }, {
    "activitySegment" : {
      "startLocation" : {
        "latitudeE7" : -339567586,
        "longitudeE7" : 224576828
      },
      "endLocation" : {
        "latitudeE7" : -340749414,
        "longitudeE7" : 221690154
      },
      "duration" : {
        "startTimestampMs" : "1546067202559",
        "endTimestampMs" : "1546069495328"
      },
      "distance" : 50831,
      "activityType" : "IN_PASSENGER_VEHICLE",
      "confidence" : "HIGH",
      "activities" : [ {
        "activityType" : "IN_PASSENGER_VEHICLE",
        "probability" : 94.56121927129013
      }, {
        "activityType" : "WALKING",
        "probability" : 2.608989809372395
      }, {
        "activityType" : "MOTORCYCLING",
        "probability" : 1.6461936116633582
      } ],
      "waypointPath" : {
        "waypoints" : [ {
          "latE7" : -339570045,
          "lngE7" : 224577255
        }, {
          "latE7" : -339826469,
          "lngE7" : 224411487
        }, {
          "latE7" : -340746688,
          "lngE7" : 221687927
        } ]
      }
    }
  }, {
    "placeVisit" : {
      "location" : {
        "latitudeE7" : -340764103,
        "longitudeE7" : 221698476,
        "placeId" : "ChIJew5wR0Zs1h0R9AVVCVQ95h0",
        "address" : "Reebok\nSouth Africa",
        "name" : "Reebok"
      },
      "duration" : {
        "startTimestampMs" : "1546069495328",
        "endTimestampMs" : "1546070470105"
      },
      "placeConfidence" : "LOW_CONFIDENCE",
      "centerLatE7" : -340748055,
      "centerLngE7" : 221675827,
      "visitConfidence" : 92,
      "otherCandidateLocations" : [ {
        "latitudeE7" : -340753920,
        "longitudeE7" : 221700330,
        "placeId" : "ChIJzX6ATEZs1h0RI8renFcssJI",
        "locationConfidence" : 14.067789
      }, {
        "latitudeE7" : -340747320,
        "longitudeE7" : 221681390,
        "placeId" : "ChIJqzwp5kds1h0R8g1MJk2Bom4",
        "locationConfidence" : 12.557398
      }, {
        "latitudeE7" : -340744090,
        "longitudeE7" : 221679220,
        "placeId" : "ChIJc1zu40ds1h0R2A_hKIlHhxQ",
        "locationConfidence" : 10.398995
      }, {
        "latitudeE7" : -340745549,
        "longitudeE7" : 221680210,
        "placeId" : "ChIJyf6a5kds1h0RthYo3ati8M0",
        "locationConfidence" : 10.218972
      }, {
        "latitudeE7" : -340727168,
        "longitudeE7" : 221691745,
        "placeId" : "ChIJg_HLZ0hs1h0Rl-mOrAOCz84",
        "locationConfidence" : 8.336606
      }, {
        "latitudeE7" : -340740590,
        "longitudeE7" : 221682740,
        "placeId" : "ChIJt2SgCkhs1h0RKZvbZKeM24Y",
        "locationConfidence" : 6.570074
      }, {
        "latitudeE7" : -340752930,
        "longitudeE7" : 221701940,
        "placeId" : "ChIJqxrkS0Zs1h0RMgz0t6yt3NY",
        "locationConfidence" : 3.5011606
      }, {
        "latitudeE7" : -340740590,
        "longitudeE7" : 221682740,
        "placeId" : "ChIJt2SgCkhs1h0RD5vbRYNLWZw",
        "locationConfidence" : 3.3209896
      }, {
        "latitudeE7" : -356383943,
        "longitudeE7" : 779864252,
        "placeId" : "ChIJH2p_crJNFxgRN5apY1C_1Oo",
        "locationConfidence" : 2.8819337
      } ],
      "editConfirmationStatus" : "CONFIRMED"
    }
  }, {
    "activitySegment" : {
      "startLocation" : {
        "latitudeE7" : -340749414,
        "longitudeE7" : 221690154
      },
      "endLocation" : {
        "latitudeE7" : -341283300,
        "longitudeE7" : 221133299
      },
      "duration" : {
        "startTimestampMs" : "1546070470105",
        "endTimestampMs" : "1546072353500"
      },
      "distance" : 14704,
      "activityType" : "IN_PASSENGER_VEHICLE",
      "confidence" : "MEDIUM",
      "activities" : [ {
        "activityType" : "IN_PASSENGER_VEHICLE",
        "probability" : 77.18887120940434
      }, {
        "activityType" : "WALKING",
        "probability" : 10.58068570351364
      }, {
        "activityType" : "IN_TRAIN",
        "probability" : 6.984954485078372
      } ],
      "waypointPath" : {
        "waypoints" : [ {
          "latE7" : -340752105,
          "lngE7" : 221678504
        }, {
          "latE7" : -341169586,
          "lngE7" : 221010208
        }, {
          "latE7" : -341256713,
          "lngE7" : 221127738
        } ]
      }
    }
  }, {
    "placeVisit" : {
      "location" : {
        "latitudeE7" : -341283300,
        "longitudeE7" : 221133299,
        "placeId" : "ChIJpzNBijlp1h0RV6B7LLZmtPY",
        "address" : "Oranje Ave\nHartenbos\nMossel Bay\n6520\nSouth Africa",
        "name" : "Hartenbos",
        "sourceInfo" : {
          "deviceTag" : -63513299
        },
        "locationConfidence" : 48.301796
      },
      "duration" : {
        "startTimestampMs" : "1546072353500",
        "endTimestampMs" : "1546074313786"
      },
      "placeConfidence" : "MEDIUM_CONFIDENCE",
      "centerLatE7" : -341257700,
      "centerLngE7" : 221130500,
      "visitConfidence" : 88,
      "otherCandidateLocations" : [ {
        "latitudeE7" : -341249720,
        "longitudeE7" : 221123930,
        "placeId" : "ChIJ4fQJxjBp1h0RXizsOdb2_fI",
        "locationConfidence" : 9.878455
      }, {
        "latitudeE7" : -341244193,
        "longitudeE7" : 221115283,
        "placeId" : "ChIJpwn2HzFp1h0Rt7YGnr6iz-0",
        "locationConfidence" : 7.2123914
      }, {
        "latitudeE7" : -341246998,
        "longitudeE7" : 221128743,
        "placeId" : "ChIJdQKD1jBp1h0R8A7_5En5RGw",
        "locationConfidence" : 6.456133
      }, {
        "latitudeE7" : -341256460,
        "longitudeE7" : 221129740,
        "placeId" : "ChIJH2dvrjlp1h0Rc3HYgmqpuFA",
        "locationConfidence" : 5.192901
      }, {
        "latitudeE7" : -341257670,
        "longitudeE7" : 221128930,
        "placeId" : "ChIJv8M8tDBp1h0R6zpU4h6mj6s",
        "locationConfidence" : 1.7776394
      }, {
        "latitudeE7" : -341255550,
        "longitudeE7" : 221133645,
        "placeId" : "ChIJoajxSjdp1h0R4dmc1jSJJcE",
        "locationConfidence" : 1.7629437
      }, {
        "latitudeE7" : -341257440,
        "longitudeE7" : 221131290,
        "placeId" : "ChIJebq_tDBp1h0RnqY3y3Azg2Q",
        "locationConfidence" : 1.6329874
      }, {
        "latitudeE7" : -341260300,
        "longitudeE7" : 221145500,
        "placeId" : "ChIJ9ZEGXTdp1h0RshUBgnrqcSk",
        "locationConfidence" : 1.4626445
      }, {
        "latitudeE7" : -341252123,
        "longitudeE7" : 221128307,
        "placeId" : "ChIJYdaqzjBp1h0RG6JkDDGem9s",
        "locationConfidence" : 1.0133095
      } ],
      "editConfirmationStatus" : "NOT_CONFIRMED"
    }
  }, {
    "activitySegment" : {
      "startLocation" : {
        "latitudeE7" : -341590102,
        "longitudeE7" : 221032718,
        "sourceInfo" : {
          "deviceTag" : -63513299
        }
      },
      "endLocation" : {
        "latitudeE7" : -341812068,
        "longitudeE7" : 221330980,
        "sourceInfo" : {
          "deviceTag" : -63513299
        }
      },
      "duration" : {
        "startTimestampMs" : "1546241581753",
        "endTimestampMs" : "1546242995562"
      },
      "distance" : 5675,
      "activityType" : "IN_PASSENGER_VEHICLE",
      "confidence" : "HIGH",
      "activities" : [ {
        "activityType" : "IN_PASSENGER_VEHICLE",
        "probability" : 97.8824831993504
      }, {
        "activityType" : "WALKING",
        "probability" : 1.773854957314445
      }, {
        "activityType" : "MOTORCYCLING",
        "probability" : 0.09877703004507943
      } ],
      "waypointPath" : {
        "waypoints" : [ {
          "latE7" : -341589393,
          "lngE7" : 221032142
        }, {
          "latE7" : -341708488,
          "lngE7" : 221228275
        }, {
          "latE7" : -341831245,
          "lngE7" : 221427135
        }, {
          "latE7" : -341821975,
          "lngE7" : 221354084
        }, {
          "latE7" : -341817054,
          "lngE7" : 221335868
        } ]
      },
      "simplifiedRawPath" : {
        "points" : [ {
          "latE7" : -341834005,
          "lngE7" : 221422785,
          "timestampMs" : "1546242386181",
          "accuracyMeters" : 52
        }, {
          "latE7" : -341825044,
          "lngE7" : 221321560,
          "timestampMs" : "1546242874474",
          "accuracyMeters" : 56
        } ]
      }
    }
  }, {
    "placeVisit" : {
      "location" : {
        "latitudeE7" : -341812068,
        "longitudeE7" : 221330980,
        "placeId" : "ChIJodoOch1q1h0RvJq6wRGilZc",
        "address" : "Bayview Ctr\nMarsh St\nDe Nova\nMossel Bay\n6506\nSouth Africa",
        "name" : "Stars Restaurant",
        "sourceInfo" : {
          "deviceTag" : -63513299
        },
        "locationConfidence" : 75.17191
      },
      "duration" : {
        "startTimestampMs" : "1546242995562",
        "endTimestampMs" : "1546246604255"
      },
      "placeConfidence" : "MEDIUM_CONFIDENCE",
      "centerLatE7" : -341813594,
      "centerLngE7" : 221330139,
      "visitConfidence" : 91,
      "otherCandidateLocations" : [ {
        "latitudeE7" : -341817091,
        "longitudeE7" : 221332831,
        "placeId" : "ChIJodoOch1q1h0RqsJnWGv161s",
        "locationConfidence" : 8.370033
      }, {
        "latitudeE7" : -341812160,
        "longitudeE7" : 221329500,
        "placeId" : "ChIJE7R_Yx1q1h0R2klhocSE1t4",
        "locationConfidence" : 3.1138787
      }, {
        "latitudeE7" : -341820100,
        "longitudeE7" : 221323799,
        "placeId" : "ChIJ7Up_8vFp1h0RQ7i8vFFZzQM",
        "locationConfidence" : 1.6980424
      }, {
        "latitudeE7" : -341812038,
        "longitudeE7" : 221331449,
        "placeId" : "ChIJn5J_J_Jp1h0RVvomm_E6kyw",
        "locationConfidence" : 1.67352
      }, {
        "latitudeE7" : -341811303,
        "longitudeE7" : 221328891,
        "placeId" : "ChIJw6TcIPJp1h0Rf36wju6CN4E",
        "locationConfidence" : 0.855045
      }, {
        "latitudeE7" : -341809974,
        "longitudeE7" : 221332083,
        "placeId" : "ChIJfQ5PJvJp1h0R5_PM_8V5Coo",
        "locationConfidence" : 0.833086
      }, {
        "latitudeE7" : -341816500,
        "longitudeE7" : 221331000,
        "placeId" : "ChIJT6nojvFp1h0RifWBmMq6_P4",
        "locationConfidence" : 0.7589582
      }, {
        "latitudeE7" : -341816860,
        "longitudeE7" : 221306720,
        "placeId" : "ChIJEUxYB-5p1h0RI2jXy6QagoY",
        "locationConfidence" : 0.60478175
      }, {
        "latitudeE7" : -341808652,
        "longitudeE7" : 221328134,
        "placeId" : "ChIJsatsCB1q1h0RLXQD9JQyvTU",
        "locationConfidence" : 0.5305809
      } ],
      "editConfirmationStatus" : "NOT_CONFIRMED"
    }
  }, {
    "activitySegment" : {
      "startLocation" : {
        "latitudeE7" : -341812068,
        "longitudeE7" : 221330980,
        "sourceInfo" : {
          "deviceTag" : -63513299
        }
      },
      "endLocation" : {
        "latitudeE7" : -339865612,
        "longitudeE7" : 225038687,
        "sourceInfo" : {
          "deviceTag" : -63513299
        }
      },
      "duration" : {
        "startTimestampMs" : "1546246604255",
        "endTimestampMs" : "1546328995660"
      },
      "distance" : 45931,
      "activityType" : "IN_PASSENGER_VEHICLE",
      "confidence" : "HIGH",
      "activities" : [ {
        "activityType" : "IN_PASSENGER_VEHICLE",
        "probability" : 86.85141237408615
      }, {
        "activityType" : "WALKING",
        "probability" : 8.185045718045538
      }, {
        "activityType" : "MOTORCYCLING",
        "probability" : 1.924642776367112
      } ],
      "waypointPath" : {
        "waypoints" : [ {
          "latE7" : -341808891,
          "lngE7" : 221322650
        }, {
          "latE7" : -339956970,
          "lngE7" : 224672622
        }, {
          "latE7" : -339861602,
          "lngE7" : 225039253
        } ]
      }
    }
  } ]
}