{
  "timelineObjects" : [ {
    "placeVisit" : {
      "location" : {
        "latitudeE7" : -258560505,
        "longitudeE7" : 281626186,
        "placeId" : "ChIJWVS1zllklR4R7ih8EDjLG2g",
        "address" : "31 Willem Rd\nEldoraigne\nCenturion\n0157\nSouth Africa",
        "name" : "31 Willem Rd",
        "semanticType" : "TYPE_HOME",
        "sourceInfo" : {
          "deviceTag" : 936760904
        },
        "locationConfidence" : 87.78059
      },
      "duration" : {
        "startTimestampMs" : "1530852808715",
        "endTimestampMs" : "1531110276319"
      },
      "placeConfidence" : "HIGH_CONFIDENCE",
      "centerLatE7" : -258559000,
      "centerLngE7" : 281626150,
      "visitConfidence" : 79,
      "otherCandidateLocations" : [ {
        "latitudeE7" : -258559780,
        "longitudeE7" : 281626430,
        "placeId" : "ChIJgf7JGllklR4RTqYK8tHPm_w",
        "semanticType" : "TYPE_SEARCHED_ADDRESS",
        "locationConfidence" : 11.734545
      }, {
        "latitudeE7" : -258565130,
        "longitudeE7" : 281611230,
        "placeId" : "ChIJjc378FhklR4R-lrwm02iVNY",
        "semanticType" : "TYPE_SEARCHED_ADDRESS",
        "locationConfidence" : 0.15441473
      }, {
        "latitudeE7" : -258560800,
        "longitudeE7" : 281633500,
        "placeId" : "ChIJqbfuDFlklR4R62Y6o0Rpy9w",
        "name" : "Eldoraigne Bus Stop",
        "locationConfidence" : 0.11508093
      }, {
        "latitudeE7" : -258559299,
        "longitudeE7" : 281639000,
        "placeId" : "ChIJs1lxcVlklR4RKfo-EA5nEP4",
        "name" : "Rondomtalie Kleuterskool/Naskool",
        "locationConfidence" : 0.0343565
      } ],
      "editConfirmationStatus" : "NOT_CONFIRMED"
    }
  }, {
    "activitySegment" : {
      "startLocation" : {
        "latitudeE7" : -258562736,
        "longitudeE7" : 281624539,
        "sourceInfo" : {
          "deviceTag" : 936760904
        }
      },
      "endLocation" : {
        "latitudeE7" : -257704199,
        "longitudeE7" : 281784700,
        "placeId" : "ChIJt7X5k0hilR4R_ouYUFmogco",
        "address" : "Jan Smuts (R101) (Old Johannesburg) Drive\nGroenkloof 358-Jr\nPretoria\n0027\nSouth Africa",
        "name" : "Salvokop Bus Stop",
        "sourceInfo" : {
          "deviceTag" : 936760904
        },
        "locationConfidence" : 63.21056
      },
      "duration" : {
        "startTimestampMs" : "1532150210334",
        "endTimestampMs" : "1532151472700"
      },
      "activityType" : "IN_PASSENGER_VEHICLE",
      "confidence" : "HIGH",
      "activities" : [ {
        "activityType" : "IN_PASSENGER_VEHICLE",
        "probability" : 98.85369961287726
      }, {
        "activityType" : "WALKING",
        "probability" : 0.6530277808029373
      }, {
        "activityType" : "MOTORCYCLING",
        "probability" : 0.26390004661760924
      } ],
      "waypointPath" : {
        "waypoints" : [ {
          "latE7" : -258562622,
          "lngE7" : 281622753
        }, {
          "latE7" : -258579063,
          "lngE7" : 281577930
        }, {
          "latE7" : -258498001,
          "lngE7" : 281576080
        }, {
          "latE7" : -258420867,
          "lngE7" : 281538028
        }, {
          "latE7" : -258605384,
          "lngE7" : 281357479
        }, {
          "latE7" : -258252944,
          "lngE7" : 281565246
        }, {
          "latE7" : -257715492,
          "lngE7" : 281815834
        } ]
      },
      "simplifiedRawPath" : {
        "points" : [ {
          "latE7" : -258555610,
          "lngE7" : 281608008,
          "timestampMs" : "1532150234030",
          "accuracyMeters" : 48
        }, {
          "latE7" : -258498069,
          "lngE7" : 281575629,
          "timestampMs" : "1532150378716",
          "accuracyMeters" : 64
        } ]
      },
      "editConfirmationStatus" : "NOT_CONFIRMED"
    }
  }, {
    "placeVisit" : {
      "location" : {
        "latitudeE7" : -257704199,
        "longitudeE7" : 281784700,
        "placeId" : "ChIJt7X5k0hilR4R_ouYUFmogco",
        "address" : "Jan Smuts (R101) (Old Johannesburg) Drive\nGroenkloof 358-Jr\nPretoria\n0027\nSouth Africa",
        "name" : "Salvokop Bus Stop",
        "sourceInfo" : {
          "deviceTag" : 936760904
        },
        "locationConfidence" : 63.21056
      },
      "duration" : {
        "startTimestampMs" : "1532151472700",
        "endTimestampMs" : "1532153312444"
      },
      "placeConfidence" : "MEDIUM_CONFIDENCE",
      "centerLatE7" : -257714372,
      "centerLngE7" : 281816589,
      "visitConfidence" : 92,
      "otherCandidateLocations" : [ {
        "latitudeE7" : -257734700,
        "longitudeE7" : 281828600,
        "placeId" : "ChIJdxEJBDZilR4RC7f0QWLaPL8",
        "locationConfidence" : 36.78944
      } ],
      "editConfirmationStatus" : "NOT_CONFIRMED"
    }
  }, {
    "activitySegment" : {
      "startLocation" : {
        "latitudeE7" : -257714372,
        "longitudeE7" : 281816589
      },
      "endLocation" : {
        "latitudeE7" : -258560472,
        "longitudeE7" : 281625971
      },
      "duration" : {
        "startTimestampMs" : "1532153312444",
        "endTimestampMs" : "1532319434511"
      },
      "activityType" : "UNKNOWN_ACTIVITY_TYPE",
      "activities" : [ {
        "activityType" : "UNKNOWN_ACTIVITY_TYPE",
        "probability" : 0.0
      } ],
      "simplifiedRawPath" : {
        "points" : [ {
          "latE7" : -257767125,
          "lngE7" : 281776428,
          "timestampMs" : "1532154108617",
          "accuracyMeters" : 48
        }, {
          "latE7" : -257768100,
          "lngE7" : 281829428,
          "timestampMs" : "1532154717426",
          "accuracyMeters" : 72
        }, {
          "latE7" : -257762732,
          "lngE7" : 281856251,
          "timestampMs" : "1532155061239",
          "accuracyMeters" : 65
        }, {
          "latE7" : -257762027,
          "lngE7" : 281848592,
          "timestampMs" : "1532155093051",
          "accuracyMeters" : 62
        }, {
          "latE7" : -257760855,
          "lngE7" : 281803082,
          "timestampMs" : "1532155258420",
          "accuracyMeters" : 10
        }, {
          "latE7" : -257749331,
          "lngE7" : 281815895,
          "timestampMs" : "1532155341530",
          "accuracyMeters" : 16
        }, {
          "latE7" : -257737446,
          "lngE7" : 281787672,
          "timestampMs" : "1532155814612",
          "accuracyMeters" : 32
        }, {
          "latE7" : -257723290,
          "lngE7" : 281801874,
          "timestampMs" : "1532155969549",
          "accuracyMeters" : 56
        }, {
          "latE7" : -258483712,
          "lngE7" : 281575461,
          "timestampMs" : "1532156856197",
          "accuracyMeters" : 32
        } ]
      }
    }
  }, {
    "placeVisit" : {
      "location" : {
        "latitudeE7" : -258560505,
        "longitudeE7" : 281626186,
        "placeId" : "ChIJWVS1zllklR4R7ih8EDjLG2g",
        "address" : "31 Willem Rd\nEldoraigne\nCenturion\n0157\nSouth Africa",
        "name" : "31 Willem Rd",
        "semanticType" : "TYPE_HOME",
        "sourceInfo" : {
          "deviceTag" : 936760904
        },
        "locationConfidence" : 89.713585
      },
      "duration" : {
        "startTimestampMs" : "1532319434511",
        "endTimestampMs" : "1532360691946"
      },
      "placeConfidence" : "HIGH_CONFIDENCE",
      "centerLatE7" : -258560472,
      "centerLngE7" : 281625971,
      "visitConfidence" : 78,
      "otherCandidateLocations" : [ {
        "latitudeE7" : -258559780,
        "longitudeE7" : 281626430,
        "placeId" : "ChIJgf7JGllklR4RTqYK8tHPm_w",
        "semanticType" : "TYPE_SEARCHED_ADDRESS",
        "locationConfidence" : 9.881502
      }, {
        "latitudeE7" : -258565130,
        "longitudeE7" : 281611230,
        "placeId" : "ChIJjc378FhklR4R-lrwm02iVNY",
        "semanticType" : "TYPE_SEARCHED_ADDRESS",
        "locationConfidence" : 0.16422573
      }, {
        "latitudeE7" : -258560800,
        "longitudeE7" : 281633500,
        "placeId" : "ChIJqbfuDFlklR4R62Y6o0Rpy9w",
        "name" : "Eldoraigne Bus Stop",
        "locationConfidence" : 0.11089617
      }, {
        "latitudeE7" : -258559299,
        "longitudeE7" : 281639000,
        "placeId" : "ChIJs1lxcVlklR4RKfo-EA5nEP4",
        "name" : "Rondomtalie Kleuterskool/Naskool",
        "locationConfidence" : 0.023755787
      } ],
      "editConfirmationStatus" : "NOT_CONFIRMED"
    }
  }, {
    "activitySegment" : {
      "startLocation" : {
        "latitudeE7" : -257659179,
        "longitudeE7" : 282750218,
        "sourceInfo" : {
          "deviceTag" : 936760904
        }
      },
      "endLocation" : {
        "latitudeE7" : -258558709,
        "longitudeE7" : 281629460,
        "sourceInfo" : {
          "deviceTag" : 936760904
        }
      },
      "duration" : {
        "startTimestampMs" : "1532612364573",
        "endTimestampMs" : "1532614478938"
      },
      "distance" : 18832,
      "activityType" : "IN_PASSENGER_VEHICLE",
      "confidence" : "HIGH",
      "activities" : [ {
        "activityType" : "IN_PASSENGER_VEHICLE",
        "probability" : 98.77531974674024
      }, {
        "activityType" : "WALKING",
        "probability" : 0.8066602191029565
      }, {
        "activityType" : "MOTORCYCLING",
        "probability" : 0.18911734909114875
      } ],
      "waypointPath" : {
        "waypoints" : [ {
          "latE7" : -257659397,
          "lngE7" : 282750205
        }, {
          "latE7" : -257804012,
          "lngE7" : 282752990
        }, {
          "latE7" : -257811737,
          "lngE7" : 282768974
        }, {
          "latE7" : -257953166,
          "lngE7" : 282806167
        }, {
          "latE7" : -258005161,
          "lngE7" : 282717208
        }, {
          "latE7" : -258161563,
          "lngE7" : 282692317
        }, {
          "latE7" : -258163051,
          "lngE7" : 282693233
        }, {
          "latE7" : -258137016,
          "lngE7" : 282569923
        }, {
          "latE7" : -258558959,
          "lngE7" : 281633853
        } ]
      },
      "simplifiedRawPath" : {
        "points" : [ {
          "latE7" : -258001645,
          "lngE7" : 282717095,
          "timestampMs" : "1532612817000",
          "accuracyMeters" : 10
        } ]
      },
      "editConfirmationStatus" : "NOT_CONFIRMED"
    }
  }, {
    "placeVisit" : {
      "location" : {
        "latitudeE7" : -258560371,
        "longitudeE7" : 281626186,
        "placeId" : "ChIJWVS1zllklR4R7ih8EDjLG2g",
        "address" : "31 Willem Rd\nEldoraigne\nCenturion\n0157\nSouth Africa",
        "name" : "31 Willem Rd",
        "semanticType" : "TYPE_HOME",
        "sourceInfo" : {
          "deviceTag" : 936760904
        },
        "locationConfidence" : 88.52934
      },
      "duration" : {
        "startTimestampMs" : "1532614478938",
        "endTimestampMs" : "1532615016316"
      },
      "placeConfidence" : "HIGH_CONFIDENCE",
      "centerLatE7" : -258560240,
      "centerLngE7" : 281628820,
      "visitConfidence" : 87,
      "otherCandidateLocations" : [ {
        "latitudeE7" : -258559780,
        "longitudeE7" : 281626430,
        "placeId" : "ChIJgf7JGllklR4RTqYK8tHPm_w",
        "semanticType" : "TYPE_SEARCHED_ADDRESS",
        "locationConfidence" : 10.59118
      }, {
        "latitudeE7" : -258565130,
        "longitudeE7" : 281611230,
        "placeId" : "ChIJjc378FhklR4R-lrwm02iVNY",
        "semanticType" : "TYPE_SEARCHED_ADDRESS",
        "locationConfidence" : 0.18324038
      }, {
        "latitudeE7" : -258556046,
        "longitudeE7" : 281644996,
        "placeId" : "ChIJR2qzZFlklR4R6ONADWNKzIE",
        "name" : "Carnegie Park.",
        "locationConfidence" : 0.15674178
      }, {
        "latitudeE7" : -258560800,
        "longitudeE7" : 281633500,
        "placeId" : "ChIJqbfuDFlklR4R62Y6o0Rpy9w",
        "name" : "Eldoraigne Bus Stop",
        "locationConfidence" : 0.15240571
      } ],
      "editConfirmationStatus" : "NOT_CONFIRMED"
    }
  }, {
    "placeVisit" : {
      "location" : {
        "latitudeE7" : -258560371,
        "longitudeE7" : 281626186,
        "placeId" : "ChIJWVS1zllklR4R7ih8EDjLG2g",
        "address" : "31 Willem Rd\nEldoraigne\nCenturion\n0157\nSouth Africa",
        "name" : "31 Willem Rd",
        "semanticType" : "TYPE_HOME",
        "sourceInfo" : {
          "deviceTag" : 936760904
        },
        "locationConfidence" : 89.193214
      },
      "duration" : {
        "startTimestampMs" : "1532704944256",
        "endTimestampMs" : "1532762937348"
      },
      "placeConfidence" : "HIGH_CONFIDENCE",
      "centerLatE7" : -258560075,
      "centerLngE7" : 281625825,
      "visitConfidence" : 82,
      "otherCandidateLocations" : [ {
        "latitudeE7" : -258559780,
        "longitudeE7" : 281626430,
        "placeId" : "ChIJgf7JGllklR4RTqYK8tHPm_w",
        "semanticType" : "TYPE_SEARCHED_ADDRESS",
        "locationConfidence" : 10.430766
      }, {
        "latitudeE7" : -258565130,
        "longitudeE7" : 281611230,
        "placeId" : "ChIJjc378FhklR4R-lrwm02iVNY",
        "semanticType" : "TYPE_SEARCHED_ADDRESS",
        "locationConfidence" : 0.13149212
      }, {
        "latitudeE7" : -258560800,
        "longitudeE7" : 281633500,
        "placeId" : "ChIJqbfuDFlklR4R62Y6o0Rpy9w",
        "name" : "Eldoraigne Bus Stop",
        "locationConfidence" : 0.09953192
      }, {
        "latitudeE7" : -258556046,
        "longitudeE7" : 281644996,
        "placeId" : "ChIJR2qzZFlklR4R6ONADWNKzIE",
        "name" : "Carnegie Park.",
        "locationConfidence" : 0.028623361
      } ],
      "editConfirmationStatus" : "NOT_CONFIRMED"
    }
  }, {
    "activitySegment" : {
      "startLocation" : {
        "latitudeE7" : -258560075,
        "longitudeE7" : 281625825
      },
      "endLocation" : {
        "latitudeE7" : -340419529,
        "longitudeE7" : 222194228,
        "sourceInfo" : {
          "deviceTag" : 936760904
        }
      },
      "duration" : {
        "startTimestampMs" : "1532762937348",
        "endTimestampMs" : "1534504959000"
      },
      "activityType" : "UNKNOWN_ACTIVITY_TYPE",
      "activities" : [ {
        "activityType" : "UNKNOWN_ACTIVITY_TYPE",
        "probability" : 0.0
      } ],
      "simplifiedRawPath" : {
        "points" : [ {
          "latE7" : -341290724,
          "lngE7" : 221161307,
          "timestampMs" : "1533976059346",
          "accuracyMeters" : 83
        } ]
      }
    }
  } ]
}