{
  "timelineObjects" : [ {
    "placeVisit" : {
      "location" : {
        "latitudeE7" : -258560352,
        "longitudeE7" : 281625977,
        "placeId" : "ChIJWVS1zllklR4R7ih8EDjLG2g",
        "address" : "31 Willem Rd\nEldoraigne\nCenturion\n0157\nSouth Africa",
        "name" : "31 Willem Rd",
        "semanticType" : "TYPE_HOME",
        "sourceInfo" : {
          "deviceTag" : 936760904
        },
        "locationConfidence" : 74.90206
      },
      "duration" : {
        "startTimestampMs" : "1520568821113",
        "endTimestampMs" : "1520659593298"
      },
      "placeConfidence" : "MEDIUM_CONFIDENCE",
      "centerLatE7" : -258560852,
      "centerLngE7" : 281626116,
      "visitConfidence" : 95,
      "otherCandidateLocations" : [ {
        "latitudeE7" : -258559780,
        "longitudeE7" : 281626430,
        "placeId" : "ChIJgf7JGllklR4RTqYK8tHPm_w",
        "semanticType" : "TYPE_SEARCHED_ADDRESS",
        "locationConfidence" : 23.524038
      }, {
        "latitudeE7" : -258560800,
        "longitudeE7" : 281633500,
        "placeId" : "ChIJqbfuDFlklR4R62Y6o0Rpy9w",
        "name" : "Eldoraigne Bus Stop",
        "locationConfidence" : 0.3214555
      }, {
        "latitudeE7" : -258570590,
        "longitudeE7" : 281625620,
        "placeId" : "ChIJGZkpr1lklR4RvXt8NOQ53JI",
        "semanticType" : "TYPE_SEARCHED_ADDRESS",
        "locationConfidence" : 0.29587692
      }, {
        "latitudeE7" : -258565130,
        "longitudeE7" : 281611230,
        "placeId" : "ChIJjc378FhklR4R-lrwm02iVNY",
        "semanticType" : "TYPE_SEARCHED_ADDRESS",
        "locationConfidence" : 0.28921238
      }, {
        "latitudeE7" : -258560970,
        "longitudeE7" : 281633730,
        "placeId" : "ChIJgaPqDFlklR4RFA6pnOxVLY4",
        "name" : "Claude Verdié | Live French Music",
        "locationConfidence" : 0.1643934
      }, {
        "latitudeE7" : -258566130,
        "longitudeE7" : 281639810,
        "placeId" : "ChIJN2BanFlklR4RLigzbnaorgA",
        "name" : "Kyarkanaye T",
        "locationConfidence" : 0.105531104
      } ],
      "editConfirmationStatus" : "NOT_CONFIRMED"
    }
  }, {
    "activitySegment" : {
      "startLocation" : {
        "latitudeE7" : -258561356,
        "longitudeE7" : 281626231
      },
      "endLocation" : {
        "latitudeE7" : -258072167,
        "longitudeE7" : 281492247
      },
      "duration" : {
        "startTimestampMs" : "1520659593298",
        "endTimestampMs" : "1520660682083"
      },
      "distance" : 13735,
      "activityType" : "IN_PASSENGER_VEHICLE",
      "confidence" : "HIGH",
      "activities" : [ {
        "activityType" : "IN_PASSENGER_VEHICLE",
        "probability" : 98.97856092430011
      }, {
        "activityType" : "WALKING",
        "probability" : 0.5835271485398281
      }, {
        "activityType" : "MOTORCYCLING",
        "probability" : 0.290654228708064
      } ],
      "waypointPath" : {
        "waypoints" : [ {
          "latE7" : -258561153,
          "lngE7" : 281622867
        }, {
          "latE7" : -258620510,
          "lngE7" : 281628952
        }, {
          "latE7" : -258403778,
          "lngE7" : 281626701
        }, {
          "latE7" : -258316001,
          "lngE7" : 281587219
        }, {
          "latE7" : -258366050,
          "lngE7" : 281395378
        }, {
          "latE7" : -258200244,
          "lngE7" : 281475772
        }, {
          "latE7" : -258066482,
          "lngE7" : 281491889
        } ]
      },
      "simplifiedRawPath" : {
        "points" : [ {
          "latE7" : -258403523,
          "lngE7" : 281627543,
          "timestampMs" : "1520659976999",
          "accuracyMeters" : 16
        } ]
      },
      "editConfirmationStatus" : "NOT_CONFIRMED"
    }
  }, {
    "placeVisit" : {
      "location" : {
        "latitudeE7" : -258104996,
        "longitudeE7" : 281503026,
        "placeId" : "ChIJDX_4SGNjlR4RCV9dE3v-a68",
        "address" : "Valhalla\nCenturion\n0185\nSouth Africa",
        "name" : "Valhalla"
      },
      "duration" : {
        "startTimestampMs" : "1520660682083",
        "endTimestampMs" : "1520664199746"
      },
      "placeConfidence" : "LOW_CONFIDENCE",
      "centerLatE7" : -258066555,
      "centerLngE7" : 281497746,
      "visitConfidence" : 92,
      "otherCandidateLocations" : [ {
        "latitudeE7" : -258074757,
        "longitudeE7" : 281485169,
        "placeId" : "ChIJLSYDRg1jlR4RN6qo2OHKQuc",
        "name" : "Valhalla parkrun",
        "locationConfidence" : 14.803037
      }, {
        "latitudeE7" : -258077639,
        "longitudeE7" : 281483205,
        "placeId" : "ChIJPT56Y21jlR4RbJwNr4bhAKY",
        "name" : "Valhalla parkrun",
        "locationConfidence" : 11.678234
      }, {
        "latitudeE7" : -258064402,
        "longitudeE7" : 281483030,
        "placeId" : "ChIJlX1Obg1jlR4RdQ23LbpKzkY",
        "name" : "Bergen Bed and Breakfast",
        "locationConfidence" : 5.175342
      }, {
        "latitudeE7" : -258058570,
        "longitudeE7" : 281483450,
        "placeId" : "ChIJj7wxcQ1jlR4RYNDsvZ8NAfI",
        "name" : "Almar Elektries",
        "locationConfidence" : 2.0765164
      }, {
        "latitudeE7" : -258059710,
        "longitudeE7" : 281499670,
        "placeId" : "ChIJqTiEHA1jlR4R0QrW7w5ca84",
        "locationConfidence" : 1.9574327
      }, {
        "latitudeE7" : -258044321,
        "longitudeE7" : 281506036,
        "placeId" : "ChIJRQSgo3FjlR4RDuAmlUxalG8",
        "name" : "NG Kerk Valhalla",
        "locationConfidence" : 0.64208496
      }, {
        "latitudeE7" : -258061960,
        "longitudeE7" : 281507780,
        "placeId" : "ChIJxXMZ5wxjlR4R2X2Oa5jB3j4",
        "name" : "Maintenance Now (Pty)Ltd",
        "locationConfidence" : 0.545193
      }, {
        "latitudeE7" : -258062080,
        "longitudeE7" : 281499620,
        "placeId" : "ChIJBQWuHg1jlR4RIXcpUZn5Qgc",
        "locationConfidence" : 0.43006438
      }, {
        "latitudeE7" : -258052298,
        "longitudeE7" : 281524855,
        "placeId" : "ChIJk7xuvgxjlR4RkTZ-hQ6GtwQ",
        "name" : "Vhalliespark Primary School",
        "locationConfidence" : 0.3718428
      } ],
      "editConfirmationStatus" : "CONFIRMED"
    }
  }, {
    "activitySegment" : {
      "startLocation" : {
        "latitudeE7" : -258072402,
        "longitudeE7" : 281488811
      },
      "endLocation" : {
        "latitudeE7" : -258421051,
        "longitudeE7" : 281610958
      },
      "duration" : {
        "startTimestampMs" : "1520664199746",
        "endTimestampMs" : "1520664758057"
      },
      "distance" : 4740,
      "activityType" : "IN_PASSENGER_VEHICLE",
      "confidence" : "HIGH",
      "activities" : [ {
        "activityType" : "IN_PASSENGER_VEHICLE",
        "probability" : 97.76431714758061
      }, {
        "activityType" : "MOTORCYCLING",
        "probability" : 1.4758961555654222
      }, {
        "activityType" : "WALKING",
        "probability" : 0.6865135478794453
      } ],
      "waypointPath" : {
        "waypoints" : [ {
          "latE7" : -258070659,
          "lngE7" : 281484718
        }, {
          "latE7" : -258200569,
          "lngE7" : 281476764
        }, {
          "latE7" : -258422107,
          "lngE7" : 281613788
        } ]
      },
      "simplifiedRawPath" : {
        "points" : [ {
          "latE7" : -258166374,
          "lngE7" : 281506951,
          "timestampMs" : "1520664384929",
          "accuracyMeters" : 31
        } ]
      },
      "editConfirmationStatus" : "NOT_CONFIRMED"
    }
  }, {
    "placeVisit" : {
      "location" : {
        "latitudeE7" : -258420370,
        "longitudeE7" : 281613930,
        "placeId" : "ChIJlcAaSGJklR4RAAu2oJC9P50",
        "address" : "Shopping Centre\n1033 Saxby Ave\nEldoraigne\nCenturion\n0157\nSouth Africa",
        "name" : "Total Eldoraigne",
        "sourceInfo" : {
          "deviceTag" : 936760904
        },
        "locationConfidence" : 87.44153
      },
      "duration" : {
        "startTimestampMs" : "1520664758057",
        "endTimestampMs" : "1520665237631"
      },
      "placeConfidence" : "MEDIUM_CONFIDENCE",
      "centerLatE7" : -258420915,
      "centerLngE7" : 281613600,
      "visitConfidence" : 91,
      "otherCandidateLocations" : [ {
        "latitudeE7" : -258412899,
        "longitudeE7" : 281605300,
        "placeId" : "ChIJO7LRRmJklR4R5mchqXhJ6E4",
        "name" : "Eldoraigne Village Shopping Centre",
        "locationConfidence" : 5.7300096
      }, {
        "latitudeE7" : -258414796,
        "longitudeE7" : 281606948,
        "placeId" : "ChIJVeYuXWJklR4RQkRA1ro6D2M",
        "name" : "SuperSpar Saxby",
        "locationConfidence" : 2.3288648
      }, {
        "latitudeE7" : -258419965,
        "longitudeE7" : 281615542,
        "placeId" : "ChIJOVngSWJklR4R48SmDxWrliE",
        "name" : "Mugg & Bean",
        "locationConfidence" : 1.2645602
      }, {
        "latitudeE7" : -258422541,
        "longitudeE7" : 281607250,
        "placeId" : "ChIJw_FPE2JklR4RSE1Yt1kCkSQ",
        "name" : "Cellsecure Holdings",
        "locationConfidence" : 0.5751689
      }, {
        "latitudeE7" : -258416160,
        "longitudeE7" : 281608906,
        "placeId" : "ChIJ9SB8Q2JklR4RHKXz59zlenA",
        "name" : "The Biltong Shoppe Village",
        "locationConfidence" : 0.23328881
      }, {
        "latitudeE7" : -258417355,
        "longitudeE7" : 281614066,
        "placeId" : "ChIJp8LPSGJklR4Ryic3boNCdJk",
        "name" : "Enzo Pizzeria",
        "locationConfidence" : 0.152915
      }, {
        "latitudeE7" : -258422670,
        "longitudeE7" : 281619170,
        "placeId" : "ChIJFwygNGJklR4RLmQqYeH1C-U",
        "name" : "Dr H GELDERBLOM",
        "locationConfidence" : 0.1070348
      } ],
      "editConfirmationStatus" : "NOT_CONFIRMED"
    }
  }, {
    "activitySegment" : {
      "startLocation" : {
        "latitudeE7" : -258420370,
        "longitudeE7" : 281613930
      },
      "endLocation" : {
        "latitudeE7" : -258560282,
        "longitudeE7" : 281627847
      },
      "duration" : {
        "startTimestampMs" : "1520665237631",
        "endTimestampMs" : "1520665880652"
      },
      "distance" : 1558,
      "activityType" : "IN_PASSENGER_VEHICLE",
      "confidence" : "HIGH",
      "activities" : [ {
        "activityType" : "IN_PASSENGER_VEHICLE",
        "probability" : 95.39854338078611
      }, {
        "activityType" : "WALKING",
        "probability" : 4.111650787752341
      }, {
        "activityType" : "MOTORCYCLING",
        "probability" : 0.20469025031238103
      } ],
      "waypointPath" : {
        "waypoints" : [ {
          "latE7" : -258422126,
          "lngE7" : 281614322
        }, {
          "latE7" : -258536128,
          "lngE7" : 281576709
        }, {
          "latE7" : -258559951,
          "lngE7" : 281622962
        } ]
      },
      "editConfirmationStatus" : "NOT_CONFIRMED"
    }
  }, {
    "activitySegment" : {
      "startLocation" : {
        "latitudeE7" : -258560595,
        "longitudeE7" : 281626238
      },
      "endLocation" : {
        "latitudeE7" : -258561930,
        "longitudeE7" : 281629225
      },
      "duration" : {
        "startTimestampMs" : "1521000335873",
        "endTimestampMs" : "1521126581381"
      },
      "distance" : 32958,
      "activityType" : "IN_PASSENGER_VEHICLE",
      "confidence" : "HIGH",
      "activities" : [ {
        "activityType" : "IN_PASSENGER_VEHICLE",
        "probability" : 95.21261046746037
      }, {
        "activityType" : "WALKING",
        "probability" : 3.462828711568241
      }, {
        "activityType" : "IN_BUS",
        "probability" : 0.48987311338389156
      } ],
      "waypointPath" : {
        "waypoints" : [ {
          "latE7" : -258560390,
          "lngE7" : 281622943
        }, {
          "latE7" : -258037643,
          "lngE7" : 282605133
        }, {
          "latE7" : -257690639,
          "lngE7" : 282744674
        }, {
          "latE7" : -257885074,
          "lngE7" : 282693748
        }, {
          "latE7" : -258213062,
          "lngE7" : 282621135
        }, {
          "latE7" : -258335247,
          "lngE7" : 282395687
        }, {
          "latE7" : -258562164,
          "lngE7" : 281633663
        } ]
      },
      "editConfirmationStatus" : "NOT_CONFIRMED"
    }
  }, {
    "activitySegment" : {
      "startLocation" : {
        "latitudeE7" : -258558334,
        "longitudeE7" : 281625591
      },
      "endLocation" : {
        "latitudeE7" : -258610036,
        "longitudeE7" : 281652444,
        "placeId" : "ChIJZ_fvzVBklR4RdeWHaGSr4Kc",
        "address" : "107 Pine Laan\nBronberrick\nCenturion\n0157\nSuid-Afrika",
        "name" : "Yoga Connection",
        "sourceInfo" : {
          "deviceTag" : 936760904
        },
        "locationConfidence" : 70.9222
      },
      "duration" : {
        "startTimestampMs" : "1521126881711",
        "endTimestampMs" : "1521127283473"
      },
      "activityType" : "IN_PASSENGER_VEHICLE",
      "confidence" : "HIGH",
      "activities" : [ {
        "activityType" : "IN_PASSENGER_VEHICLE",
        "probability" : 96.5897028822247
      }, {
        "activityType" : "WALKING",
        "probability" : 3.055428650838398
      }, {
        "activityType" : "MOTORCYCLING",
        "probability" : 0.16224890972892558
      } ],
      "waypointPath" : {
        "waypoints" : [ {
          "latE7" : -258558177,
          "lngE7" : 281623115
        }, {
          "latE7" : -258622665,
          "lngE7" : 281624755
        }, {
          "latE7" : -258602142,
          "lngE7" : 281650314
        } ]
      },
      "simplifiedRawPath" : {
        "points" : [ {
          "latE7" : -258622817,
          "lngE7" : 281650950,
          "timestampMs" : "1521127189431",
          "accuracyMeters" : 50
        } ]
      },
      "editConfirmationStatus" : "NOT_CONFIRMED"
    }
  }, {
    "placeVisit" : {
      "location" : {
        "latitudeE7" : -258610036,
        "longitudeE7" : 281652444,
        "placeId" : "ChIJZ_fvzVBklR4RdeWHaGSr4Kc",
        "address" : "107 Pine Laan\nBronberrick\nCenturion\n0157\nSuid-Afrika",
        "name" : "Yoga Connection",
        "sourceInfo" : {
          "deviceTag" : 936760904
        },
        "locationConfidence" : 70.9222
      },
      "duration" : {
        "startTimestampMs" : "1521127283473",
        "endTimestampMs" : "1521131819388"
      },
      "placeConfidence" : "MEDIUM_CONFIDENCE",
      "centerLatE7" : -258606367,
      "centerLngE7" : 281650727,
      "visitConfidence" : 94,
      "otherCandidateLocations" : [ {
        "latitudeE7" : -258622520,
        "longitudeE7" : 281640010,
        "placeId" : "ChIJR2W021ZklR4RH4EzI9QImsI",
        "name" : "Hendrik Verwoerd Ave & Old Johannesburg Rd",
        "locationConfidence" : 2.6223228
      }, {
        "latitudeE7" : -258610061,
        "longitudeE7" : 281652452,
        "placeId" : "ChIJSTow0lBklR4RF-P9gODKhS8",
        "name" : "Buddhist Meditation Class at Yoga Connection",
        "locationConfidence" : 2.586332
      }, {
        "latitudeE7" : -258608593,
        "longitudeE7" : 281638897,
        "placeId" : "ChIJ00XJO1dklR4RgPTiuuKTpmQ",
        "name" : "Website Design Company",
        "locationConfidence" : 1.8496076
      }, {
        "latitudeE7" : -258604640,
        "longitudeE7" : 281648800,
        "placeId" : "ChIJjRraNFdklR4Rr0jroF-eJU4",
        "locationConfidence" : 1.7007782
      }, {
        "latitudeE7" : -258623660,
        "longitudeE7" : 281641660,
        "placeId" : "ChIJa4WY2lZklR4RonG0SamUrOk",
        "name" : "Hendrik Verwoerd Ave & Old Johannesburg Rd",
        "locationConfidence" : 1.5719041
      }, {
        "latitudeE7" : -258611400,
        "longitudeE7" : 281677200,
        "placeId" : "ChIJVY1FAFFklR4RCRkeKDrDD1I",
        "name" : "Bronberrick Bus Stop",
        "locationConfidence" : 1.3623078
      }, {
        "latitudeE7" : -258615729,
        "longitudeE7" : 281638743,
        "placeId" : "ChIJoZ23JldklR4RtFB-1ARSt6o",
        "name" : "Mzansi Auto Glass",
        "locationConfidence" : 1.034116
      }, {
        "latitudeE7" : -258604710,
        "longitudeE7" : 281652570,
        "placeId" : "ChIJ18Xly1BklR4Rr2gt2DcmFVI",
        "locationConfidence" : 0.84652174
      }, {
        "latitudeE7" : -258624380,
        "longitudeE7" : 281666810,
        "placeId" : "ChIJX0KKFFFklR4RZp21zxzAb7g",
        "name" : "Extreme Rental Solutions",
        "locationConfidence" : 0.83909965
      } ],
      "editConfirmationStatus" : "NOT_CONFIRMED"
    }
  }, {
    "activitySegment" : {
      "startLocation" : {
        "latitudeE7" : -258611759,
        "longitudeE7" : 281654940
      },
      "endLocation" : {
        "latitudeE7" : -258560965,
        "longitudeE7" : 281624782
      },
      "duration" : {
        "startTimestampMs" : "1521131819388",
        "endTimestampMs" : "1521132041598"
      },
      "distance" : 1290,
      "activityType" : "IN_PASSENGER_VEHICLE",
      "confidence" : "HIGH",
      "activities" : [ {
        "activityType" : "IN_PASSENGER_VEHICLE",
        "probability" : 99.13773227860332
      }, {
        "activityType" : "WALKING",
        "probability" : 0.7348446049824516
      }, {
        "activityType" : "MOTORCYCLING",
        "probability" : 0.05804808718763094
      } ],
      "waypointPath" : {
        "waypoints" : [ {
          "latE7" : -258610763,
          "lngE7" : 281654987
        }, {
          "latE7" : -258623447,
          "lngE7" : 281624794
        }, {
          "latE7" : -258560848,
          "lngE7" : 281622905
        } ]
      },
      "simplifiedRawPath" : {
        "points" : [ {
          "latE7" : -258611759,
          "lngE7" : 281654940,
          "timestampMs" : "1521131819388",
          "accuracyMeters" : 52
        } ]
      },
      "editConfirmationStatus" : "NOT_CONFIRMED"
    }
  }, {
    "placeVisit" : {
      "location" : {
        "latitudeE7" : -258560238,
        "longitudeE7" : 281625290,
        "placeId" : "ChIJWVS1zllklR4R7ih8EDjLG2g",
        "address" : "31 Willem Rd\nEldoraigne\nCenturion\n0157\nSouth Africa",
        "name" : "31 Willem Rd",
        "semanticType" : "TYPE_HOME",
        "sourceInfo" : {
          "deviceTag" : 936760904
        },
        "locationConfidence" : 69.76539
      },
      "duration" : {
        "startTimestampMs" : "1521132041598",
        "endTimestampMs" : "1521183208507"
      },
      "placeConfidence" : "MEDIUM_CONFIDENCE",
      "centerLatE7" : -258560925,
      "centerLngE7" : 281626365,
      "visitConfidence" : 87,
      "otherCandidateLocations" : [ {
        "latitudeE7" : -258559780,
        "longitudeE7" : 281626430,
        "placeId" : "ChIJgf7JGllklR4RTqYK8tHPm_w",
        "semanticType" : "TYPE_SEARCHED_ADDRESS",
        "locationConfidence" : 28.553043
      }, {
        "latitudeE7" : -258560800,
        "longitudeE7" : 281633500,
        "placeId" : "ChIJqbfuDFlklR4R62Y6o0Rpy9w",
        "name" : "Eldoraigne Bus Stop",
        "locationConfidence" : 0.4022159
      }, {
        "latitudeE7" : -258565130,
        "longitudeE7" : 281611230,
        "placeId" : "ChIJjc378FhklR4R-lrwm02iVNY",
        "semanticType" : "TYPE_SEARCHED_ADDRESS",
        "locationConfidence" : 0.37215412
      }, {
        "latitudeE7" : -258560970,
        "longitudeE7" : 281633730,
        "placeId" : "ChIJgaPqDFlklR4RFA6pnOxVLY4",
        "name" : "Claude Verdié | Live French Music",
        "locationConfidence" : 0.22644177
      }, {
        "latitudeE7" : -258566130,
        "longitudeE7" : 281639810,
        "placeId" : "ChIJN2BanFlklR4RLigzbnaorgA",
        "name" : "Kyarkanaye T",
        "locationConfidence" : 0.12481677
      } ],
      "editConfirmationStatus" : "NOT_CONFIRMED"
    }
  }, {
    "placeVisit" : {
      "location" : {
        "latitudeE7" : -258560238,
        "longitudeE7" : 281625290,
        "placeId" : "ChIJWVS1zllklR4R7ih8EDjLG2g",
        "address" : "31 Willem Rd\nEldoraigne\nCenturion\n0157\nSouth Africa",
        "name" : "31 Willem Rd",
        "semanticType" : "TYPE_HOME",
        "sourceInfo" : {
          "deviceTag" : 936760904
        },
        "locationConfidence" : 80.82458
      },
      "duration" : {
        "startTimestampMs" : "1521692046238",
        "endTimestampMs" : "1521692597717"
      },
      "placeConfidence" : "LOW_CONFIDENCE",
      "centerLatE7" : -258560655,
      "centerLngE7" : 281626040,
      "visitConfidence" : 90,
      "otherCandidateLocations" : [ {
        "latitudeE7" : -258559780,
        "longitudeE7" : 281626430,
        "placeId" : "ChIJgf7JGllklR4RTqYK8tHPm_w",
        "semanticType" : "TYPE_SEARCHED_ADDRESS",
        "locationConfidence" : 17.77844
      }, {
        "latitudeE7" : -258560800,
        "longitudeE7" : 281633500,
        "placeId" : "ChIJqbfuDFlklR4R62Y6o0Rpy9w",
        "name" : "Eldoraigne Bus Stop",
        "locationConfidence" : 0.4022419
      }, {
        "latitudeE7" : -258565130,
        "longitudeE7" : 281611230,
        "placeId" : "ChIJjc378FhklR4R-lrwm02iVNY",
        "semanticType" : "TYPE_SEARCHED_ADDRESS",
        "locationConfidence" : 0.24079739
      }, {
        "latitudeE7" : -258564430,
        "longitudeE7" : 281639450,
        "placeId" : "ChIJeeSNnVlklR4RZYivLKiClSY",
        "name" : "R101 Medical Centre & Pharmacy",
        "locationConfidence" : 0.21405415
      }, {
        "latitudeE7" : -258560970,
        "longitudeE7" : 281633730,
        "placeId" : "ChIJgaPqDFlklR4RFA6pnOxVLY4",
        "name" : "Claude Verdié | Live French Music",
        "locationConfidence" : 0.13233891
      }, {
        "latitudeE7" : -258566130,
        "longitudeE7" : 281639810,
        "placeId" : "ChIJN2BanFlklR4RLigzbnaorgA",
        "name" : "Kyarkanaye T",
        "locationConfidence" : 0.11213245
      } ],
      "editConfirmationStatus" : "NOT_CONFIRMED"
    }
  }, {
    "activitySegment" : {
      "startLocation" : {
        "latitudeE7" : -258560238,
        "longitudeE7" : 281625290
      },
      "endLocation" : {
        "latitudeE7" : -257567522,
        "longitudeE7" : 282801211
      },
      "duration" : {
        "startTimestampMs" : "1521692597717",
        "endTimestampMs" : "1521694629312"
      },
      "distance" : 21078,
      "activityType" : "IN_PASSENGER_VEHICLE",
      "confidence" : "HIGH",
      "activities" : [ {
        "activityType" : "IN_PASSENGER_VEHICLE",
        "probability" : 91.39625469259633
      }, {
        "activityType" : "WALKING",
        "probability" : 8.346310350731937
      }, {
        "activityType" : "IN_BUS",
        "probability" : 0.1533065763729702
      } ],
      "waypointPath" : {
        "waypoints" : [ {
          "latE7" : -258560085,
          "lngE7" : 281622962
        }, {
          "latE7" : -258037643,
          "lngE7" : 282605133
        }, {
          "latE7" : -257571086,
          "lngE7" : 282810077
        }, {
          "latE7" : -257492294,
          "lngE7" : 282782535
        }, {
          "latE7" : -257471485,
          "lngE7" : 282793121
        } ]
      },
      "simplifiedRawPath" : {
        "points" : [ {
          "latE7" : -257569493,
          "lngE7" : 282804544,
          "timestampMs" : "1521694336993",
          "accuracyMeters" : 92
        } ]
      },
      "editConfirmationStatus" : "NOT_CONFIRMED"
    }
  }, {
    "activitySegment" : {
      "startLocation" : {
        "latitudeE7" : -257567522,
        "longitudeE7" : 282801211
      },
      "endLocation" : {
        "latitudeE7" : -257468287,
        "longitudeE7" : 282788928
      },
      "duration" : {
        "startTimestampMs" : "1521694629312",
        "endTimestampMs" : "1521694756013"
      },
      "distance" : 1110,
      "activityType" : "WALKING",
      "confidence" : "HIGH",
      "activities" : [ {
        "activityType" : "WALKING",
        "probability" : 91.39625469259633
      }, {
        "activityType" : "IN_PASSENGER_VEHICLE",
        "probability" : 8.346310350731937
      }, {
        "activityType" : "IN_BUS",
        "probability" : 0.1533065763729702
      } ],
      "waypointPath" : {
        "waypoints" : [ {
          "latE7" : -258560085,
          "lngE7" : 281622962
        }, {
          "latE7" : -258037643,
          "lngE7" : 282605133
        }, {
          "latE7" : -257571086,
          "lngE7" : 282810077
        }, {
          "latE7" : -257492294,
          "lngE7" : 282782535
        }, {
          "latE7" : -257471485,
          "lngE7" : 282793121
        } ]
      },
      "editConfirmationStatus" : "NOT_CONFIRMED"
    }
  }, {
    "placeVisit" : {
      "location" : {
        "latitudeE7" : -257468287,
        "longitudeE7" : 282788928,
        "placeId" : "ChIJS_P3g2lglR4RMs3iZtUFGUE",
        "address" : "Meiring Naude Rd\nBrummeria\nPretoria\n0184\nSouth Africa",
        "name" : "CSIR",
        "sourceInfo" : {
          "deviceTag" : 936760904
        },
        "locationConfidence" : 52.76621
      },
      "duration" : {
        "startTimestampMs" : "1521694756013",
        "endTimestampMs" : "1521702727824"
      },
      "placeConfidence" : "MEDIUM_CONFIDENCE",
      "centerLatE7" : -257565466,
      "centerLngE7" : 282796968,
      "visitConfidence" : 91,
      "otherCandidateLocations" : [ {
        "latitudeE7" : -257566771,
        "longitudeE7" : 282803438,
        "placeId" : "ChIJ__-_omFglR4RSH6Xpj_69Dk",
        "name" : "CSIR Defence, Peace, Safety and Security",
        "locationConfidence" : 20.428898
      }, {
        "latitudeE7" : -257530047,
        "longitudeE7" : 282767885,
        "placeId" : "ChIJAQsZRGdglR4REb2EhDpAEKw",
        "name" : "CSIR International Convention Centre",
        "locationConfidence" : 15.805689
      }, {
        "latitudeE7" : -257568762,
        "longitudeE7" : 282808313,
        "placeId" : "ChIJX7gxkWFglR4RX8Z79OPvdRw",
        "name" : "Transnet Engineering R&D Power and Control Lab",
        "locationConfidence" : 3.9805317
      }, {
        "latitudeE7" : -257571069,
        "longitudeE7" : 282795005,
        "placeId" : "ChIJFQSqsWFglR4RPwZMxqBWJoM",
        "name" : "CSIR",
        "locationConfidence" : 2.686042
      }, {
        "latitudeE7" : -257558633,
        "longitudeE7" : 282792136,
        "placeId" : "ChIJNR67A2FglR4RyNNebEkcxeo",
        "name" : "SANReN",
        "locationConfidence" : 1.3322039
      }, {
        "latitudeE7" : -257473187,
        "longitudeE7" : 282762546,
        "placeId" : "ChIJu_6rIWhglR4RI7fWXpd9wzQ",
        "name" : "Aselsan-SA (Aselsan Elektronik Sanayi ve Ticaret AS)",
        "locationConfidence" : 0.47128224
      }, {
        "latitudeE7" : -257567013,
        "longitudeE7" : 282765334,
        "placeId" : "ChIJ52wVkUJglR4RijC9On9X7wo",
        "name" : "Department Of Science And Technology",
        "locationConfidence" : 0.34262156
      }, {
        "latitudeE7" : -257559032,
        "longitudeE7" : 282784452,
        "placeId" : "ChIJ__8TokJglR4Rk79ork5Izdo",
        "name" : "Meraka",
        "locationConfidence" : 0.22650963
      }, {
        "latitudeE7" : -257521952,
        "longitudeE7" : 282771173,
        "placeId" : "ChIJ_2CHbmdglR4RRIIPqAv0BCU",
        "name" : "CSIR beach volleyball courts",
        "locationConfidence" : 0.22540979
      } ],
      "editConfirmationStatus" : "NOT_CONFIRMED"
    }
  }, {
    "activitySegment" : {
      "startLocation" : {
        "latitudeE7" : -257565466,
        "longitudeE7" : 282796968
      },
      "endLocation" : {
        "latitudeE7" : -258785660,
        "longitudeE7" : 281641160
      },
      "duration" : {
        "startTimestampMs" : "1521702727824",
        "endTimestampMs" : "1521816560875"
      },
      "activityType" : "UNKNOWN_ACTIVITY_TYPE",
      "activities" : [ {
        "activityType" : "UNKNOWN_ACTIVITY_TYPE",
        "probability" : 0.0
      } ],
      "simplifiedRawPath" : {
        "points" : [ {
          "latE7" : -258560874,
          "lngE7" : 281626298,
          "timestampMs" : "1521729638571",
          "accuracyMeters" : 17
        } ]
      }
    }
  }, {
    "placeVisit" : {
      "location" : {
        "latitudeE7" : -258976925,
        "longitudeE7" : 281737044,
        "placeId" : "ChIJ-cyvLhBllR4RZJTIKwM2R2I",
        "address" : "Brakfontein 399-Jr\nCenturion\nSouth Africa",
        "name" : "Brakfontein 399-Jr"
      },
      "duration" : {
        "startTimestampMs" : "1521816560875",
        "endTimestampMs" : "1521817325560"
      },
      "placeConfidence" : "LOW_CONFIDENCE",
      "centerLatE7" : -258785660,
      "centerLngE7" : 281641160,
      "visitConfidence" : 93,
      "otherCandidateLocations" : [ {
        "latitudeE7" : -258790375,
        "longitudeE7" : 281629962,
        "placeId" : "ChIJ34HU0FRklR4RyUuJ6cRDixY",
        "semanticType" : "TYPE_SEARCHED_ADDRESS",
        "locationConfidence" : 16.547678
      }, {
        "latitudeE7" : -258777000,
        "longitudeE7" : 281618000,
        "placeId" : "ChIJHwRUpqlllR4RFWMXuMiwO0g",
        "name" : "Mweb",
        "locationConfidence" : 0.12964836
      }, {
        "latitudeE7" : -258774516,
        "longitudeE7" : 281640501,
        "placeId" : "ChIJ3f4iJalllR4RfmkvGye57Eo",
        "name" : "The Daily Coffee Cafe Centurion Lifestyle",
        "locationConfidence" : 0.09120909
      }, {
        "latitudeE7" : -258774891,
        "longitudeE7" : 281624748,
        "placeId" : "ChIJdW9jdKtllR4R1NNmKIytIis",
        "name" : "First Choice Conferences and Events",
        "locationConfidence" : 0.069579795
      } ],
      "editConfirmationStatus" : "CONFIRMED"
    }
  }, {
    "activitySegment" : {
      "startLocation" : {
        "latitudeE7" : -258774094,
        "longitudeE7" : 281642110
      },
      "endLocation" : {
        "latitudeE7" : -258561111,
        "longitudeE7" : 281626217
      },
      "duration" : {
        "startTimestampMs" : "1521817325560",
        "endTimestampMs" : "1521817983672"
      },
      "distance" : 3168,
      "activityType" : "IN_PASSENGER_VEHICLE",
      "confidence" : "HIGH",
      "activities" : [ {
        "activityType" : "IN_PASSENGER_VEHICLE",
        "probability" : 99.12381492678513
      }, {
        "activityType" : "WALKING",
        "probability" : 0.6491964135547176
      }, {
        "activityType" : "IN_BUS",
        "probability" : 0.08449641021870179
      } ],
      "waypointPath" : {
        "waypoints" : [ {
          "latE7" : -258773574,
          "lngE7" : 281642971
        }, {
          "latE7" : -258623447,
          "lngE7" : 281624794
        }, {
          "latE7" : -258560905,
          "lngE7" : 281622886
        } ]
      },
      "simplifiedRawPath" : {
        "points" : [ {
          "latE7" : -258624074,
          "lngE7" : 281627161,
          "timestampMs" : "1521817658611",
          "accuracyMeters" : 24
        } ]
      },
      "editConfirmationStatus" : "NOT_CONFIRMED"
    }
  }, {
    "placeVisit" : {
      "location" : {
        "latitudeE7" : -258560238,
        "longitudeE7" : 281625290,
        "placeId" : "ChIJWVS1zllklR4R7ih8EDjLG2g",
        "address" : "31 Willem Rd\nEldoraigne\nCenturion\n0157\nSouth Africa",
        "name" : "31 Willem Rd",
        "semanticType" : "TYPE_HOME",
        "sourceInfo" : {
          "deviceTag" : 936760904
        },
        "locationConfidence" : 69.91505
      },
      "duration" : {
        "startTimestampMs" : "1521817983672",
        "endTimestampMs" : "1521828545871"
      },
      "placeConfidence" : "MEDIUM_CONFIDENCE",
      "centerLatE7" : -258560933,
      "centerLngE7" : 281626193,
      "visitConfidence" : 85,
      "otherCandidateLocations" : [ {
        "latitudeE7" : -258559780,
        "longitudeE7" : 281626430,
        "placeId" : "ChIJgf7JGllklR4RTqYK8tHPm_w",
        "semanticType" : "TYPE_SEARCHED_ADDRESS",
        "locationConfidence" : 28.38703
      }, {
        "latitudeE7" : -258560800,
        "longitudeE7" : 281633500,
        "placeId" : "ChIJqbfuDFlklR4R62Y6o0Rpy9w",
        "name" : "Eldoraigne Bus Stop",
        "locationConfidence" : 0.38772276
      }, {
        "latitudeE7" : -258565130,
        "longitudeE7" : 281611230,
        "placeId" : "ChIJjc378FhklR4R-lrwm02iVNY",
        "semanticType" : "TYPE_SEARCHED_ADDRESS",
        "locationConfidence" : 0.32644725
      }, {
        "latitudeE7" : -258564430,
        "longitudeE7" : 281639450,
        "placeId" : "ChIJeeSNnVlklR4RZYivLKiClSY",
        "name" : "R101 Medical Centre & Pharmacy",
        "locationConfidence" : 0.25054094
      }, {
        "latitudeE7" : -258560970,
        "longitudeE7" : 281633730,
        "placeId" : "ChIJgaPqDFlklR4RFA6pnOxVLY4",
        "name" : "Claude Verdié | Live French Music",
        "locationConfidence" : 0.21559505
      }, {
        "latitudeE7" : -258566130,
        "longitudeE7" : 281639810,
        "placeId" : "ChIJN2BanFlklR4RLigzbnaorgA",
        "name" : "Kyarkanaye T",
        "locationConfidence" : 0.144158
      } ],
      "editConfirmationStatus" : "NOT_CONFIRMED"
    }
  } ]
}