{
  "timelineObjects" : [ {
    "activitySegment" : {
      "startLocation" : {
        "latitudeE7" : -341273268,
        "longitudeE7" : 221132637
      },
      "endLocation" : {
        "latitudeE7" : -341243152,
        "longitudeE7" : 221108447
      },
      "duration" : {
        "startTimestampMs" : "1514829665278",
        "endTimestampMs" : "1514889162756"
      },
      "distance" : 402,
      "activityType" : "IN_PASSENGER_VEHICLE",
      "confidence" : "MEDIUM",
      "activities" : [ {
        "activityType" : "IN_PASSENGER_VEHICLE",
        "probability" : 68.18492362966
      }, {
        "activityType" : "WALKING",
        "probability" : 27.8005033788451
      }, {
        "activityType" : "CYCLING",
        "probability" : 2.0680987211845587
      } ],
      "waypointPath" : {
        "waypoints" : [ {
          "latE7" : -341272201,
          "lngE7" : 221129837
        }, {
          "latE7" : -341247634,
          "lngE7" : 221107921
        } ]
      },
      "editConfirmationStatus" : "NOT_CONFIRMED"
    }
  }, {
    "placeVisit" : {
      "location" : {
        "latitudeE7" : -341216695,
        "longitudeE7" : 220983105,
        "placeId" : "ChIJMyF2MNRu1h0Rc4SgMCAKK9Q",
        "address" : "Hartenbos\nMosselbaai\n6520\nSuid-Afrika",
        "name" : "Hartenbos"
      },
      "duration" : {
        "startTimestampMs" : "1514889175408",
        "endTimestampMs" : "1514890414429"
      },
      "placeConfidence" : "LOW_CONFIDENCE",
      "centerLatE7" : -341242193,
      "centerLngE7" : 221108085,
      "visitConfidence" : 83,
      "otherCandidateLocations" : [ {
        "latitudeE7" : -341246302,
        "longitudeE7" : 221106368,
        "placeId" : "ChIJZRMHAjFp1h0RtO8b86mfrbs",
        "name" : "Hartenbos Slaghuis",
        "locationConfidence" : 28.381643
      }, {
        "latitudeE7" : -341239531,
        "longitudeE7" : 221103432,
        "placeId" : "ChIJJfD0RDdp1h0RdqTfIUHbrIs",
        "name" : "Spar - Hartenbos",
        "locationConfidence" : 22.895046
      }, {
        "latitudeE7" : -341244673,
        "longitudeE7" : 221090161,
        "placeId" : "ChIJWfsi4TBp1h0RuVQk7epAOC4",
        "name" : "Engen Hartenbos Vulstasie",
        "locationConfidence" : 1.3359725
      }, {
        "latitudeE7" : -341249720,
        "longitudeE7" : 221123930,
        "placeId" : "ChIJ4fQJxjBp1h0RXizsOdb2_fI",
        "name" : "ATKV Hartenbos Resort Office",
        "locationConfidence" : 0.637149
      }, {
        "latitudeE7" : -341241000,
        "longitudeE7" : 221102900,
        "placeId" : "ChIJnXvuBzFp1h0RgBxu2hRNZ1k",
        "name" : "OASIS WATER",
        "locationConfidence" : 0.58472675
      }, {
        "latitudeE7" : -341275978,
        "longitudeE7" : 221134815,
        "placeId" : "ChIJi-LY9jlp1h0RjGJPNGZHAnU",
        "locationConfidence" : 0.5834768
      }, {
        "latitudeE7" : -341238461,
        "longitudeE7" : 221105711,
        "placeId" : "ChIJVd_QCDFp1h0RcCq43CIKSHs",
        "name" : "Die Tuisnywerheid",
        "locationConfidence" : 0.32566106
      }, {
        "latitudeE7" : -341244115,
        "longitudeE7" : 221093017,
        "placeId" : "ChIJLS-NZDdp1h0RqnvccM-7l8c",
        "name" : "Wimpy - Hartenbos",
        "locationConfidence" : 0.26986933
      }, {
        "latitudeE7" : -341245897,
        "longitudeE7" : 221114606,
        "placeId" : "ChIJGWZq4TBp1h0RyKYp0r_Rcs0",
        "name" : "Hartenbos Pharmacy",
        "locationConfidence" : 0.15877163
      } ],
      "editConfirmationStatus" : "CONFIRMED"
    }
  }, {
    "activitySegment" : {
      "startLocation" : {
        "latitudeE7" : -341241020,
        "longitudeE7" : 221107140
      },
      "endLocation" : {
        "latitudeE7" : -341282207,
        "longitudeE7" : 221142251
      },
      "duration" : {
        "startTimestampMs" : "1514890414429",
        "endTimestampMs" : "1514891190516"
      },
      "distance" : 701,
      "activityType" : "WALKING",
      "confidence" : "HIGH",
      "activities" : [ {
        "activityType" : "WALKING",
        "probability" : 95.9338178561605
      }, {
        "activityType" : "IN_PASSENGER_VEHICLE",
        "probability" : 3.70465516580304
      }, {
        "activityType" : "RUNNING",
        "probability" : 0.20592843380674264
      } ],
      "waypointPath" : {
        "waypoints" : [ {
          "latE7" : -341238403,
          "lngE7" : 221110572
        }, {
          "latE7" : -341283645,
          "lngE7" : 221144180
        } ]
      },
      "editConfirmationStatus" : "NOT_CONFIRMED"
    }
  }, {
    "placeVisit" : {
      "location" : {
        "latitudeE7" : -341283300,
        "longitudeE7" : 221133299,
        "placeId" : "ChIJpzNBijlp1h0RV6B7LLZmtPY",
        "address" : "Oranje Ave\nHartenbos\nMossel Bay\n6520\nSouth Africa",
        "name" : "Hartenbos",
        "sourceInfo" : {
          "deviceTag" : 936760904
        },
        "locationConfidence" : 58.62872
      },
      "duration" : {
        "startTimestampMs" : "1514891190516",
        "endTimestampMs" : "1514891869094"
      },
      "placeConfidence" : "LOW_CONFIDENCE",
      "centerLatE7" : -341282200,
      "centerLngE7" : 221141729,
      "visitConfidence" : 88,
      "otherCandidateLocations" : [ {
        "latitudeE7" : -341275978,
        "longitudeE7" : 221134815,
        "placeId" : "ChIJi-LY9jlp1h0RjGJPNGZHAnU",
        "locationConfidence" : 18.94278
      }, {
        "latitudeE7" : -341270484,
        "longitudeE7" : 221172404,
        "placeId" : "ChIJHwNcOThp1h0RchMW0XKbepg",
        "name" : "Hartenbos Seafront",
        "locationConfidence" : 6.728874
      }, {
        "latitudeE7" : -341290356,
        "longitudeE7" : 221165417,
        "placeId" : "ChIJv21O-Dhp1h0RcpG6VG-hbUA",
        "name" : "ATKV HARTENBOS",
        "locationConfidence" : 4.35917
      }, {
        "latitudeE7" : -341271997,
        "longitudeE7" : 221165922,
        "placeId" : "ChIJr9alNjhp1h0RCNeVkNNqJJw",
        "name" : "Pick n Pay Hartenbos",
        "locationConfidence" : 4.289074
      }, {
        "latitudeE7" : -341282160,
        "longitudeE7" : 221159720,
        "placeId" : "ChIJraeisTlp1h0RdmCmP653op4",
        "name" : "Suidersee Apartment Block 1",
        "locationConfidence" : 1.5202564
      }, {
        "latitudeE7" : -341299800,
        "longitudeE7" : 221149000,
        "placeId" : "ChIJuVKoEzlp1h0RxdjUkBvogB8",
        "name" : "15 Magersfontein in Hartenbos",
        "locationConfidence" : 0.93300384
      }, {
        "latitudeE7" : -341291426,
        "longitudeE7" : 221128471,
        "placeId" : "ChIJjb9SKTpp1h0RUWEsZfY-Oz4",
        "name" : "Diaz Express",
        "locationConfidence" : 0.6922731
      }, {
        "latitudeE7" : -341270390,
        "longitudeE7" : 221165045,
        "placeId" : "ChIJ7WjPMzhp1h0RZRfMJ1cxOzM",
        "name" : "Moerby",
        "locationConfidence" : 0.5572388
      }, {
        "latitudeE7" : -341294080,
        "longitudeE7" : 221151660,
        "placeId" : "ChIJ9Wm1Djlp1h0RmWde1hKEcyE",
        "name" : "Suidersee Apartment Block 2 - Hartenbos",
        "locationConfidence" : 0.5292443
      } ],
      "editConfirmationStatus" : "NOT_CONFIRMED"
    }
  }, {
    "activitySegment" : {
      "startLocation" : {
        "latitudeE7" : -341282200,
        "longitudeE7" : 221141729
      },
      "endLocation" : {
        "latitudeE7" : -339859722,
        "longitudeE7" : 225016398
      },
      "duration" : {
        "startTimestampMs" : "1514891869094",
        "endTimestampMs" : "1515071665999"
      },
      "activityType" : "UNKNOWN_ACTIVITY_TYPE",
      "activities" : [ {
        "activityType" : "UNKNOWN_ACTIVITY_TYPE",
        "probability" : 0.0
      } ],
      "simplifiedRawPath" : {
        "points" : [ {
          "latE7" : -339858615,
          "lngE7" : 225017908,
          "timestampMs" : "1515071588429",
          "accuracyMeters" : 98
        }, {
          "latE7" : -339868751,
          "lngE7" : 225016898,
          "timestampMs" : "1515071635999",
          "accuracyMeters" : 6
        }, {
          "latE7" : -339864940,
          "lngE7" : 225013169,
          "timestampMs" : "1515071650999",
          "accuracyMeters" : 24
        } ]
      }
    }
  }, {
    "activitySegment" : {
      "startLocation" : {
        "latitudeE7" : -339859722,
        "longitudeE7" : 225016398
      },
      "endLocation" : {
        "latitudeE7" : -341257554,
        "longitudeE7" : 221130520
      },
      "duration" : {
        "startTimestampMs" : "1515071665999",
        "endTimestampMs" : "1515072179999"
      },
      "distance" : 5790,
      "activityType" : "IN_PASSENGER_VEHICLE",
      "confidence" : "HIGH",
      "activities" : [ {
        "activityType" : "IN_PASSENGER_VEHICLE",
        "probability" : 96.892571404653
      }, {
        "activityType" : "WALKING",
        "probability" : 1.9377649120884233
      }, {
        "activityType" : "MOTORCYCLING",
        "probability" : 0.5221584727769425
      } ],
      "waypointPath" : {
        "waypoints" : [ {
          "latE7" : -339860954,
          "lngE7" : 225018100
        }, {
          "latE7" : -339580726,
          "lngE7" : 224644908
        }, {
          "latE7" : -341256523,
          "lngE7" : 221127834
        } ]
      },
      "simplifiedRawPath" : {
        "points" : [ {
          "latE7" : -339581440,
          "lngE7" : 224645197,
          "timestampMs" : "1515072074999",
          "accuracyMeters" : 32
        } ]
      },
      "editConfirmationStatus" : "NOT_CONFIRMED"
    }
  }, {
    "activitySegment" : {
      "startLocation" : {
        "latitudeE7" : -341257554,
        "longitudeE7" : 221130520
      },
      "endLocation" : {
        "latitudeE7" : -341271057,
        "longitudeE7" : 221134011
      },
      "duration" : {
        "startTimestampMs" : "1515072179999",
        "endTimestampMs" : "1515304749985"
      },
      "activityType" : "UNKNOWN_ACTIVITY_TYPE",
      "activities" : [ {
        "activityType" : "UNKNOWN_ACTIVITY_TYPE",
        "probability" : 0.0
      } ],
      "simplifiedRawPath" : {
        "points" : [ {
          "latE7" : -339532906,
          "lngE7" : 224550873,
          "timestampMs" : "1515072179999",
          "accuracyMeters" : 48
        }, {
          "latE7" : -341257554,
          "lngE7" : 221130520,
          "timestampMs" : "1515304716448",
          "accuracyMeters" : 87
        } ]
      }
    }
  }, {
    "placeVisit" : {
      "location" : {
        "latitudeE7" : -341216695,
        "longitudeE7" : 220983105,
        "placeId" : "ChIJMyF2MNRu1h0Rc4SgMCAKK9Q",
        "address" : "Hartenbos\nMosselbaai\n6520\nSuid-Afrika",
        "name" : "Hartenbos"
      },
      "duration" : {
        "startTimestampMs" : "1515304749985",
        "endTimestampMs" : "1515307432004"
      },
      "placeConfidence" : "MEDIUM_CONFIDENCE",
      "centerLatE7" : -341271057,
      "centerLngE7" : 221134011,
      "visitConfidence" : 87,
      "otherCandidateLocations" : [ {
        "latitudeE7" : -341283300,
        "longitudeE7" : 221133299,
        "placeId" : "ChIJpzNBijlp1h0RV6B7LLZmtPY",
        "name" : "Hartenbos",
        "locationConfidence" : 11.175886
      }, {
        "latitudeE7" : -341275978,
        "longitudeE7" : 221134815,
        "placeId" : "ChIJi-LY9jlp1h0RjGJPNGZHAnU",
        "locationConfidence" : 5.97161
      }, {
        "latitudeE7" : -341255663,
        "longitudeE7" : 221115445,
        "placeId" : "ChIJPzI2wzBp1h0RG0k7MDaYS7I",
        "name" : "Laerskool Hartenbos",
        "locationConfidence" : 3.6675243
      }, {
        "latitudeE7" : -341253680,
        "longitudeE7" : 221138060,
        "placeId" : "ChIJybEpSDdp1h0RgarsyJAhJsY",
        "name" : "Keuler Eiendom Konsultante",
        "locationConfidence" : 0.73036003
      }, {
        "latitudeE7" : -341255550,
        "longitudeE7" : 221133645,
        "placeId" : "ChIJoajxSjdp1h0Rwieoo7TtTlw",
        "name" : "boepensie",
        "locationConfidence" : 0.6049133
      }, {
        "latitudeE7" : -341256460,
        "longitudeE7" : 221129740,
        "placeId" : "ChIJH2dvrjlp1h0Rc3HYgmqpuFA",
        "name" : "Property Monopoly (Pty) Ltd",
        "locationConfidence" : 0.59137475
      }, {
        "latitudeE7" : -341245200,
        "longitudeE7" : 221129200,
        "placeId" : "ChIJdQKD1jBp1h0R8A7_5En5RGw",
        "name" : "Hartenbos Museum",
        "locationConfidence" : 0.56550205
      }, {
        "latitudeE7" : -341250460,
        "longitudeE7" : 221135090,
        "placeId" : "ChIJKXHyMzdp1h0RrG9fStDvBt0",
        "name" : "Strandloper Dierekliniek",
        "locationConfidence" : 0.49270123
      }, {
        "latitudeE7" : -341252123,
        "longitudeE7" : 221128307,
        "placeId" : "ChIJYdaqzjBp1h0RG6JkDDGem9s",
        "name" : "Seeff Hartenbos",
        "locationConfidence" : 0.3238575
      } ],
      "editConfirmationStatus" : "CONFIRMED"
    }
  }, {
    "activitySegment" : {
      "startLocation" : {
        "latitudeE7" : -341271057,
        "longitudeE7" : 221134011
      },
      "endLocation" : {
        "latitudeE7" : -340450267,
        "longitudeE7" : 222302300
      },
      "duration" : {
        "startTimestampMs" : "1515307432004",
        "endTimestampMs" : "1515501629083"
      },
      "activityType" : "UNKNOWN_ACTIVITY_TYPE",
      "activities" : [ {
        "activityType" : "UNKNOWN_ACTIVITY_TYPE",
        "probability" : 0.0
      } ],
      "simplifiedRawPath" : {
        "points" : [ {
          "latE7" : -341257554,
          "lngE7" : 221130520,
          "timestampMs" : "1515307432004",
          "accuracyMeters" : 87
        }, {
          "latE7" : -341239559,
          "lngE7" : 221100229,
          "timestampMs" : "1515307493016",
          "accuracyMeters" : 100
        }, {
          "latE7" : -340442103,
          "lngE7" : 222349874,
          "timestampMs" : "1515498791912",
          "accuracyMeters" : 110
        }, {
          "latE7" : -340547950,
          "lngE7" : 222243284,
          "timestampMs" : "1515500553995",
          "accuracyMeters" : 98
        } ]
      }
    }
  }, {
    "placeVisit" : {
      "location" : {
        "latitudeE7" : -340447000,
        "longitudeE7" : 222305350,
        "placeId" : "ChIJ59Dc09IS1h0RrHiERMslul8",
        "address" : "19 Hoogtepad South\nGreat Brak River\nGroot Brakrivier\n6525\nSouth Africa",
        "name" : "Ilita Lodge",
        "sourceInfo" : {
          "deviceTag" : 936760904
        },
        "locationConfidence" : 99.486626
      },
      "duration" : {
        "startTimestampMs" : "1515501629083",
        "endTimestampMs" : "1515502053190"
      },
      "placeConfidence" : "HIGH_CONFIDENCE",
      "centerLatE7" : -340450267,
      "centerLngE7" : 222302300,
      "visitConfidence" : 87,
      "otherCandidateLocations" : [ {
        "latitudeE7" : -340449114,
        "longitudeE7" : 222308410,
        "placeId" : "ChIJUd_r6i5t1h0RhCoUC5LP9dA",
        "name" : "Higgs Hope Selfcatering",
        "locationConfidence" : 0.174969
      }, {
        "latitudeE7" : -340449599,
        "longitudeE7" : 222333200,
        "placeId" : "ChIJ9RjoECxt1h0Rkgw0ElYnwZE",
        "name" : "Hiking - Great Brak River Tourism Bureau",
        "locationConfidence" : 0.11258189
      }, {
        "latitudeE7" : -340436500,
        "longitudeE7" : 222291299,
        "placeId" : "ChIJRWkFrC9t1h0RnGKPCWSzdzo",
        "name" : "BEATNIX LEATHERWORKS",
        "locationConfidence" : 0.06535251
      }, {
        "latitudeE7" : -340457743,
        "longitudeE7" : 222320680,
        "placeId" : "ChIJBX4XVClt1h0RyltdlXJyP5w",
        "locationConfidence" : 0.06110826
      }, {
        "latitudeE7" : -340433141,
        "longitudeE7" : 222275971,
        "placeId" : "ChIJeZYZnS9t1h0RZw61Y2CrnlE",
        "locationConfidence" : 0.040023178
      }, {
        "latitudeE7" : -340430389,
        "longitudeE7" : 222324639,
        "placeId" : "ChIJ0TiL0y1t1h0Rrxj1VeQ33EU",
        "name" : "Kia Ora Guest House",
        "locationConfidence" : 0.030410476
      }, {
        "latitudeE7" : -340436273,
        "longitudeE7" : 222290993,
        "placeId" : "ChIJRWkFrC9t1h0R7t4SL1MLOcI",
        "name" : "Pepstores - Groot Brakrivier",
        "locationConfidence" : 0.02164687
      }, {
        "latitudeE7" : -340475660,
        "longitudeE7" : 222261069,
        "placeId" : "ChIJC8q3PiZt1h0R9yJ-RLoaP-Y",
        "locationConfidence" : 0.0055731116
      }, {
        "latitudeE7" : -340344045,
        "longitudeE7" : 222294599,
        "placeId" : "ChIJQeTiFC5t1h0RZDMjGBud9uk",
        "name" : "Groot-brakrivier",
        "locationConfidence" : 0.0017080976
      } ],
      "editConfirmationStatus" : "NOT_CONFIRMED"
    }
  }, {
    "activitySegment" : {
      "startLocation" : {
        "latitudeE7" : -340449914,
        "longitudeE7" : 222302139
      },
      "endLocation" : {
        "latitudeE7" : -340409160,
        "longitudeE7" : 222184700
      },
      "duration" : {
        "startTimestampMs" : "1515502053190",
        "endTimestampMs" : "1515502384884"
      },
      "distance" : 2700,
      "activityType" : "IN_PASSENGER_VEHICLE",
      "confidence" : "HIGH",
      "activities" : [ {
        "activityType" : "IN_PASSENGER_VEHICLE",
        "probability" : 89.61423680655611
      }, {
        "activityType" : "MOTORCYCLING",
        "probability" : 9.421671120095436
      }, {
        "activityType" : "WALKING",
        "probability" : 0.7490700756786337
      } ],
      "waypointPath" : {
        "waypoints" : [ {
          "latE7" : -340446586,
          "lngE7" : 222305469
        }, {
          "latE7" : -340407752,
          "lngE7" : 222186527
        } ]
      },
      "editConfirmationStatus" : "NOT_CONFIRMED"
    }
  }, {
    "placeVisit" : {
      "location" : {
        "latitudeE7" : -340462129,
        "longitudeE7" : 222175377,
        "placeId" : "ChIJpZRaTx9t1h0RJCNh-DXLjU0",
        "address" : "Bergsig\nGroot Brakrivier\n6525\nSouth Africa",
        "name" : "Bergsig"
      },
      "duration" : {
        "startTimestampMs" : "1515502384884",
        "endTimestampMs" : "1515502974931"
      },
      "placeConfidence" : "LOW_CONFIDENCE",
      "centerLatE7" : -340409100,
      "centerLngE7" : 222182900,
      "visitConfidence" : 74,
      "otherCandidateLocations" : [ {
        "latitudeE7" : -340402800,
        "longitudeE7" : 222196500,
        "placeId" : "ChIJrw0TYzxt1h0Rc8YNa_s7sxI",
        "name" : "Pine Creek Caravan Park",
        "locationConfidence" : 15.286657
      }, {
        "latitudeE7" : -340409160,
        "longitudeE7" : 222184700,
        "placeId" : "ChIJr9n_9jxt1h0R-bB0-fJDS4E",
        "locationConfidence" : 8.137562
      }, {
        "latitudeE7" : -340409512,
        "longitudeE7" : 222183905,
        "placeId" : "ChIJP-iuljxt1h0R5lhIxgB4yuM",
        "name" : "Coralie's Bed and Breakfast",
        "locationConfidence" : 4.176769
      }, {
        "latitudeE7" : -340415932,
        "longitudeE7" : 222192024,
        "placeId" : "ChIJjftZvTxt1h0RBCmxjPJGDjI",
        "name" : "Searle Memorial Church",
        "locationConfidence" : 3.6234286
      }, {
        "latitudeE7" : -340383616,
        "longitudeE7" : 222100862,
        "placeId" : "ChIJgU9_ARRt1h0RrnhhzQFW2LM",
        "locationConfidence" : 3.6166685
      }, {
        "latitudeE7" : -340419790,
        "longitudeE7" : 222197330,
        "placeId" : "ChIJ8ewovTxt1h0RIoheXdN8GTg",
        "name" : "Riversyde Manor",
        "locationConfidence" : 2.1267614
      }, {
        "latitudeE7" : -340411002,
        "longitudeE7" : 222188454,
        "placeId" : "ChIJN2wK8zxt1h0RtbAsdF5rnDw",
        "locationConfidence" : 1.7295579
      }, {
        "latitudeE7" : -340416130,
        "longitudeE7" : 222192450,
        "placeId" : "ChIJe8R7lDxt1h0R5bR_LVnHNKQ",
        "name" : "The White House Apartment",
        "locationConfidence" : 1.6987973
      }, {
        "latitudeE7" : -340515941,
        "longitudeE7" : 222100862,
        "placeId" : "ChIJdWOq0hht1h0Rw6yKTyq2w9c",
        "locationConfidence" : 0.51633805
      } ],
      "editConfirmationStatus" : "CONFIRMED"
    }
  }, {
    "activitySegment" : {
      "startLocation" : {
        "latitudeE7" : -340409160,
        "longitudeE7" : 222184700
      },
      "endLocation" : {
        "latitudeE7" : -341283300,
        "longitudeE7" : 221133299
      },
      "duration" : {
        "startTimestampMs" : "1515502974931",
        "endTimestampMs" : "1515509359740"
      },
      "distance" : 12739,
      "activityType" : "IN_PASSENGER_VEHICLE",
      "confidence" : "HIGH",
      "activities" : [ {
        "activityType" : "IN_PASSENGER_VEHICLE",
        "probability" : 88.3693807163094
      }, {
        "activityType" : "WALKING",
        "probability" : 8.99857672875211
      }, {
        "activityType" : "CYCLING",
        "probability" : 0.6820143240936904
      } ],
      "waypointPath" : {
        "waypoints" : [ {
          "latE7" : -340407752,
          "lngE7" : 222186527
        }, {
          "latE7" : -341279945,
          "lngE7" : 221132125
        } ]
      },
      "editConfirmationStatus" : "NOT_CONFIRMED"
    }
  }, {
    "placeVisit" : {
      "location" : {
        "latitudeE7" : -341283300,
        "longitudeE7" : 221133299,
        "placeId" : "ChIJpzNBijlp1h0RV6B7LLZmtPY",
        "address" : "Oranje Ave\nHartenbos\nMossel Bay\n6520\nSouth Africa",
        "name" : "Hartenbos",
        "sourceInfo" : {
          "deviceTag" : 936760904
        },
        "locationConfidence" : 69.37429
      },
      "duration" : {
        "startTimestampMs" : "1515509359740",
        "endTimestampMs" : "1515603153961"
      },
      "placeConfidence" : "MEDIUM_CONFIDENCE",
      "centerLatE7" : -341283591,
      "centerLngE7" : 221144879,
      "visitConfidence" : 92,
      "otherCandidateLocations" : [ {
        "latitudeE7" : -341275978,
        "longitudeE7" : 221134815,
        "placeId" : "ChIJi-LY9jlp1h0RjGJPNGZHAnU",
        "locationConfidence" : 20.733309
      }, {
        "latitudeE7" : -341292418,
        "longitudeE7" : 221126954,
        "placeId" : "ChIJy-7yLzpp1h0RmsAhQzT3LZs",
        "name" : "Dolf se Stasie",
        "locationConfidence" : 3.581896
      }, {
        "latitudeE7" : -341270484,
        "longitudeE7" : 221172404,
        "placeId" : "ChIJHwNcOThp1h0RchMW0XKbepg",
        "name" : "Hartenbos Seafront",
        "locationConfidence" : 1.9860723
      }, {
        "latitudeE7" : -341291426,
        "longitudeE7" : 221128471,
        "placeId" : "ChIJjb9SKTpp1h0RUWEsZfY-Oz4",
        "name" : "Diaz Express",
        "locationConfidence" : 1.4493923
      }, {
        "latitudeE7" : -341255663,
        "longitudeE7" : 221115445,
        "placeId" : "ChIJPzI2wzBp1h0RG0k7MDaYS7I",
        "name" : "Laerskool Hartenbos",
        "locationConfidence" : 0.52171165
      }, {
        "latitudeE7" : -341283300,
        "longitudeE7" : 221133299,
        "placeId" : "ChIJpzNBijlp1h0RVpMXr3Zcqfs",
        "name" : "E K Primary School",
        "locationConfidence" : 0.48342854
      }, {
        "latitudeE7" : -341271997,
        "longitudeE7" : 221165922,
        "placeId" : "ChIJr9alNjhp1h0RCNeVkNNqJJw",
        "name" : "Pick n Pay Hartenbos",
        "locationConfidence" : 0.232522
      }, {
        "latitudeE7" : -341282308,
        "longitudeE7" : 221133865,
        "placeId" : "ChIJpzNBijlp1h0RENQWm7k-KZ0",
        "name" : "Skoenlapper",
        "locationConfidence" : 0.19263601
      }, {
        "latitudeE7" : -341253680,
        "longitudeE7" : 221138060,
        "placeId" : "ChIJybEpSDdp1h0RgarsyJAhJsY",
        "name" : "Keuler Eiendom Konsultante",
        "locationConfidence" : 0.16914871
      } ],
      "editConfirmationStatus" : "NOT_CONFIRMED"
    }
  }, {
    "placeVisit" : {
      "location" : {
        "latitudeE7" : -257851006,
        "longitudeE7" : 283540704,
        "placeId" : "ChIJLQrLBIJelR4RZidH018F1Wg",
        "address" : "Cnr Graham & Silverlakes Rd Shop 37, Hazeldean Square Shopping Centre\nPretoria\n0081\nSouth Africa",
        "name" : "Intercare Silver Lakes",
        "sourceInfo" : {
          "deviceTag" : 936760904
        },
        "locationConfidence" : 88.649475
      },
      "duration" : {
        "startTimestampMs" : "1516962261037",
        "endTimestampMs" : "1516965414891"
      },
      "placeConfidence" : "MEDIUM_CONFIDENCE",
      "centerLatE7" : -257830066,
      "centerLngE7" : 283514458,
      "visitConfidence" : 90,
      "otherCandidateLocations" : [ {
        "latitudeE7" : -257846400,
        "longitudeE7" : 283533200,
        "placeId" : "ChIJ5yCLOoJelR4RKaGKyBxGnGc",
        "name" : "FNB Bank ATM Hazeldean Square",
        "locationConfidence" : 3.3049486
      }, {
        "latitudeE7" : -257845481,
        "longitudeE7" : 283543218,
        "placeId" : "ChIJW1-VWoJelR4RJp2IUtvI28c",
        "name" : "Honey Fashion Accessories",
        "locationConfidence" : 2.7444432
      }, {
        "latitudeE7" : -257842749,
        "longitudeE7" : 283545768,
        "placeId" : "ChIJ7ypdV4JelR4Rs3ZZtsSFjCc",
        "name" : "Virgin Active Hazeldean - Health Club",
        "locationConfidence" : 1.1091598
      }, {
        "latitudeE7" : -257847446,
        "longitudeE7" : 283541502,
        "placeId" : "ChIJe0_wJ2ZelR4ReYkLtofpN5E",
        "name" : "Lancet Laboratories - Intercare Silver Lakes",
        "locationConfidence" : 0.87692064
      }, {
        "latitudeE7" : -257846880,
        "longitudeE7" : 283540640,
        "placeId" : "ChIJd13DWoJelR4RYLrUl6qqWcQ",
        "name" : "Intercare Medical & Dental Centre",
        "locationConfidence" : 0.649306
      }, {
        "latitudeE7" : -257847126,
        "longitudeE7" : 283541968,
        "placeId" : "ChIJ90zORIJelR4R1FC5uHdN5bQ",
        "name" : "Dr. Marcel C. Niemandt",
        "locationConfidence" : 0.42542568
      }, {
        "latitudeE7" : -257853563,
        "longitudeE7" : 283529523,
        "placeId" : "ChIJjdifPYJelR4R35H_NkbOSoU",
        "name" : "Hazeldean Square",
        "locationConfidence" : 0.30225274
      }, {
        "latitudeE7" : -257849830,
        "longitudeE7" : 283542938,
        "placeId" : "ChIJS_1RPYJelR4RnXCvtF729z4",
        "name" : "RocoMamas Hazeldean Square",
        "locationConfidence" : 0.25074393
      }, {
        "latitudeE7" : -257847679,
        "longitudeE7" : 283540731,
        "placeId" : "ChIJsWHFKIJelR4RMEVZGZsySO8",
        "name" : "Dis-Chem Pharmacy. Hazeldean - Click & Collect Available",
        "locationConfidence" : 0.112435825
      } ],
      "editConfirmationStatus" : "NOT_CONFIRMED"
    }
  }, {
    "activitySegment" : {
      "startLocation" : {
        "latitudeE7" : -257851006,
        "longitudeE7" : 283540704
      },
      "endLocation" : {
        "latitudeE7" : -257681756,
        "longitudeE7" : 283199435
      },
      "duration" : {
        "startTimestampMs" : "1516965414891",
        "endTimestampMs" : "1516966928490"
      },
      "distance" : 3961,
      "activityType" : "IN_PASSENGER_VEHICLE",
      "confidence" : "HIGH",
      "activities" : [ {
        "activityType" : "IN_PASSENGER_VEHICLE",
        "probability" : 97.15704481642217
      }, {
        "activityType" : "WALKING",
        "probability" : 2.3237826851962518
      }, {
        "activityType" : "MOTORCYCLING",
        "probability" : 0.2758134105052129
      } ],
      "waypointPath" : {
        "waypoints" : [ {
          "latE7" : -257854003,
          "lngE7" : 283542556
        }, {
          "latE7" : -257675399,
          "lngE7" : 283204097
        } ]
      },
      "editConfirmationStatus" : "NOT_CONFIRMED"
    }
  }, {
    "placeVisit" : {
      "location" : {
        "latitudeE7" : -257681921,
        "longitudeE7" : 283202488,
        "placeId" : "ChIJgVwUHD9elR4RIpMtGpepqyk",
        "address" : "Denneboom Rd\nWilgers\nPretoria\n0040\nSouth Africa",
        "name" : "Life Wilgers Hospital",
        "sourceInfo" : {
          "deviceTag" : 936760904
        },
        "locationConfidence" : 96.606285
      },
      "duration" : {
        "startTimestampMs" : "1516966928490",
        "endTimestampMs" : "1516971811276"
      },
      "placeConfidence" : "HIGH_CONFIDENCE",
      "centerLatE7" : -257682211,
      "centerLngE7" : 283198919,
      "visitConfidence" : 96,
      "otherCandidateLocations" : [ {
        "latitudeE7" : -257683338,
        "longitudeE7" : 283200455,
        "placeId" : "ChIJb3EKzD5elR4R_LtpkvU-JqA",
        "name" : "Wilgers Hospital Pharmacy",
        "locationConfidence" : 2.6379707
      }, {
        "latitudeE7" : -257663752,
        "longitudeE7" : 283253484,
        "placeId" : "ChIJVzh1xkBelR4RvcALnvKWoJ0",
        "name" : "The Grove Mall",
        "locationConfidence" : 0.2773893
      }, {
        "latitudeE7" : -257682504,
        "longitudeE7" : 283201636,
        "placeId" : "ChIJD7TqHj9elR4RQlBX5RRfPwE",
        "name" : "Wiesenhof",
        "locationConfidence" : 0.06583208
      }, {
        "latitudeE7" : -257683794,
        "longitudeE7" : 283189544,
        "placeId" : "ChIJTzglzT5elR4RnZI5Kg4Ku4U",
        "name" : "Dr Jannie Enslin",
        "locationConfidence" : 0.029538374
      }, {
        "latitudeE7" : -257685670,
        "longitudeE7" : 283198640,
        "placeId" : "ChIJp4594j5elR4RYAkyBKtf1v4",
        "name" : "Life Wilgers Hospital - Baby Clinic",
        "locationConfidence" : 0.020253712
      }, {
        "latitudeE7" : -257684644,
        "longitudeE7" : 283193636,
        "placeId" : "ChIJdcFeHT9elR4RLBhochlbZio",
        "name" : "Lancet Laboratories - Wilgers Hospital Medical Centre (Depot)",
        "locationConfidence" : 0.018361364
      }, {
        "latitudeE7" : -257683552,
        "longitudeE7" : 283190066,
        "placeId" : "ChIJZR8n2D5elR4R0COChB53mFE",
        "name" : "Ampath - Wilgers Hospital Lab",
        "locationConfidence" : 0.017620044
      }, {
        "latitudeE7" : -257681000,
        "longitudeE7" : 283193200,
        "placeId" : "ChIJlXBz3T5elR4Ru51ZvwouDCE",
        "name" : "Kruger H J",
        "locationConfidence" : 0.01758443
      }, {
        "latitudeE7" : -257686600,
        "longitudeE7" : 283199100,
        "placeId" : "ChIJdcFeHT9elR4RTaIhcMx0AJM",
        "name" : "Dr RBR Viljoen",
        "locationConfidence" : 0.01691542
      } ],
      "editConfirmationStatus" : "NOT_CONFIRMED"
    }
  }, {
    "activitySegment" : {
      "startLocation" : {
        "latitudeE7" : -257681921,
        "longitudeE7" : 283202488
      },
      "endLocation" : {
        "latitudeE7" : -257714611,
        "longitudeE7" : 282346828
      },
      "duration" : {
        "startTimestampMs" : "1516971811276",
        "endTimestampMs" : "1516973522239"
      },
      "distance" : 11109,
      "activityType" : "IN_PASSENGER_VEHICLE",
      "confidence" : "HIGH",
      "activities" : [ {
        "activityType" : "IN_PASSENGER_VEHICLE",
        "probability" : 97.8286628222974
      }, {
        "activityType" : "WALKING",
        "probability" : 1.8813497440646902
      }, {
        "activityType" : "MOTORCYCLING",
        "probability" : 0.19690885624287072
      } ],
      "waypointPath" : {
        "waypoints" : [ {
          "latE7" : -257675399,
          "lngE7" : 283204097
        }, {
          "latE7" : -257499675,
          "lngE7" : 282401123
        }, {
          "latE7" : -257720546,
          "lngE7" : 282340564
        } ]
      },
      "simplifiedRawPath" : {
        "points" : [ {
          "latE7" : -257530336,
          "lngE7" : 282402185,
          "timestampMs" : "1516972754290",
          "accuracyMeters" : 33
        } ]
      },
      "editConfirmationStatus" : "NOT_CONFIRMED"
    }
  }, {
    "placeVisit" : {
      "location" : {
        "latitudeE7" : -257732928,
        "longitudeE7" : 282307332,
        "placeId" : "ChIJIdFl2gphlR4RbUq9iuOSHzw",
        "address" : "Nieuw Muckleneuk\nPretoria\n0181\nSouth Africa",
        "name" : "Nieuw Muckleneuk"
      },
      "duration" : {
        "startTimestampMs" : "1516973522239",
        "endTimestampMs" : "1516974851674"
      },
      "placeConfidence" : "USER_CONFIRMED",
      "visitConfidence" : 100,
      "otherCandidateLocations" : [ {
        "latitudeE7" : -257717841,
        "longitudeE7" : 282345300,
        "placeId" : "ChIJi4S3WglhlR4RWhwBhs_fcz0",
        "address" : "Fehrsen Street & Veale Street, Nieuw Muckleneuk, Pretoria, 0181, South Africa",
        "name" : "Brooklyn Mall",
        "sourceInfo" : {
          "deviceTag" : 936760904
        },
        "locationConfidence" : 99.21635
      }, {
        "latitudeE7" : -257711950,
        "longitudeE7" : 282363400,
        "placeId" : "ChIJm4wMGwphlR4RSY-v77TdMR8",
        "name" : "Miele Brooklyn",
        "locationConfidence" : 0.07358259
      }, {
        "latitudeE7" : -257727259,
        "longitudeE7" : 282327959,
        "placeId" : "ChIJI7MwnAthlR4RMSMPo1IxU18",
        "name" : "South African Revenue Services (SARS)",
        "locationConfidence" : 0.035929203
      }, {
        "latitudeE7" : -257694530,
        "longitudeE7" : 282340450,
        "placeId" : "ChIJeythEQphlR4RZlhu_zB_-Sg",
        "name" : "Cherry Lane Shopping Centre",
        "locationConfidence" : 0.03563298
      }, {
        "latitudeE7" : -257695360,
        "longitudeE7" : 282336940,
        "placeId" : "ChIJIdA3EwphlR4RzlAOTAW6iKw",
        "name" : "Vfs Pretoria",
        "locationConfidence" : 0.023367284
      }, {
        "latitudeE7" : -257708940,
        "longitudeE7" : 282360110,
        "placeId" : "ChIJQaJWPaNglR4RG9gLvQ8mNIY",
        "name" : "Just Plain IT",
        "locationConfidence" : 0.022105157
      }, {
        "latitudeE7" : -257708511,
        "longitudeE7" : 282357021,
        "placeId" : "ChIJOYCPgglhlR4RgkG46nqKmKk",
        "name" : "Daxirite Casting Agency",
        "locationConfidence" : 0.01926741
      }, {
        "latitudeE7" : -257701704,
        "longitudeE7" : 282355526,
        "placeId" : "ChIJC7WF1fpglR4R7vsiRwl88Pc",
        "name" : "Lajawi Beaute Cafe",
        "locationConfidence" : 0.018104218
      }, {
        "latitudeE7" : -257608496,
        "longitudeE7" : 282190355,
        "placeId" : "ChIJAfeseR5ilR4RGFlM3LcJLEI",
        "name" : "Walkerspruit",
        "locationConfidence" : 0.015154901
      }, {
        "latitudeE7" : -257698690,
        "longitudeE7" : 282358858,
        "placeId" : "ChIJfdbYkQlhlR4R2a6Hg-WQRK4",
        "name" : "Dr. Japie De Wet",
        "locationConfidence" : 0.01466821
      } ],
      "editConfirmationStatus" : "CONFIRMED"
    }
  }, {
    "activitySegment" : {
      "startLocation" : {
        "latitudeE7" : -257717841,
        "longitudeE7" : 282345300
      },
      "endLocation" : {
        "latitudeE7" : -258674010,
        "longitudeE7" : 282001684
      },
      "duration" : {
        "startTimestampMs" : "1516974851674",
        "endTimestampMs" : "1516976438549"
      },
      "distance" : 12511,
      "activityType" : "IN_PASSENGER_VEHICLE",
      "confidence" : "HIGH",
      "activities" : [ {
        "activityType" : "IN_PASSENGER_VEHICLE",
        "probability" : 99.21476675994573
      }, {
        "activityType" : "WALKING",
        "probability" : 0.6235541426977603
      }, {
        "activityType" : "MOTORCYCLING",
        "probability" : 0.05899270911392556
      } ],
      "waypointPath" : {
        "waypoints" : [ {
          "latE7" : -257720546,
          "lngE7" : 282340564
        }, {
          "latE7" : -258673248,
          "lngE7" : 282004623
        } ]
      },
      "editConfirmationStatus" : "NOT_CONFIRMED"
    }
  }, {
    "placeVisit" : {
      "location" : {
        "latitudeE7" : -258674363,
        "longitudeE7" : 282001371,
        "placeId" : "ChIJ886cqtZllR4R3E5qjZNl-t0",
        "address" : "Byls Bridge Promenade\nBloukrans Rd\nHighveld\nCenturion\n0169\nSouth Africa",
        "name" : "Sportsmans Warehouse Centurion",
        "sourceInfo" : {
          "deviceTag" : 936760904
        },
        "locationConfidence" : 95.43159
      },
      "duration" : {
        "startTimestampMs" : "1516976438549",
        "endTimestampMs" : "1516977012623"
      },
      "placeConfidence" : "HIGH_CONFIDENCE",
      "centerLatE7" : -258674031,
      "centerLngE7" : 282001469,
      "visitConfidence" : 93,
      "otherCandidateLocations" : [ {
        "latitudeE7" : -258675880,
        "longitudeE7" : 281973450,
        "placeId" : "ChIJRT_axQVmlR4RUt0tW6xadno",
        "name" : "Pick n Pay Byls Bridge",
        "locationConfidence" : 1.4928018
      }, {
        "latitudeE7" : -258662280,
        "longitudeE7" : 281980910,
        "placeId" : "ChIJmeYlv9NllR4RO2M0U3TdlLE",
        "name" : "Makro Store Centurion",
        "locationConfidence" : 1.2126515
      }, {
        "latitudeE7" : -258680285,
        "longitudeE7" : 281986191,
        "placeId" : "ChIJycL_9NNllR4RACIgVxS5C8A",
        "name" : "BYLS BRIDGE PROMENADE",
        "locationConfidence" : 1.0944501
      }, {
        "latitudeE7" : -258665725,
        "longitudeE7" : 281999580,
        "placeId" : "ChIJidLh3NNllR4Rej08Vlq08L0",
        "name" : "Virgin Active Centurion - Health Club",
        "locationConfidence" : 0.42482063
      }, {
        "latitudeE7" : -258672816,
        "longitudeE7" : 282005151,
        "placeId" : "ChIJ93INOdJllR4Rpk04IHmx9ZM",
        "name" : "Golf Village - Centurion",
        "locationConfidence" : 0.08920944
      }, {
        "latitudeE7" : -258731720,
        "longitudeE7" : 282046290,
        "placeId" : "ChIJf_6LmNpllR4RYysCgbu1paE",
        "name" : "Centurion Residential Estate & Country Club",
        "locationConfidence" : 0.0372285
      }, {
        "latitudeE7" : -258664845,
        "longitudeE7" : 281999667,
        "placeId" : "ChIJo7-R-dNllR4RSITuOT-OIkg",
        "name" : "KAUAI CENTURION Virgin Active",
        "locationConfidence" : 0.025827983
      }, {
        "latitudeE7" : -258676657,
        "longitudeE7" : 281985533,
        "placeId" : "ChIJeZ0A4tNllR4RuMgwyIawrCA",
        "name" : "Camp and Climb Centurion",
        "locationConfidence" : 0.025376962
      }, {
        "latitudeE7" : -258665903,
        "longitudeE7" : 281998925,
        "placeId" : "ChIJVVVVFcNllR4RAT1vEr5JyjY",
        "name" : "Virgin Active",
        "locationConfidence" : 0.023529567
      } ],
      "editConfirmationStatus" : "NOT_CONFIRMED"
    }
  }, {
    "activitySegment" : {
      "startLocation" : {
        "latitudeE7" : -258674205,
        "longitudeE7" : 282001698
      },
      "endLocation" : {
        "latitudeE7" : -258621796,
        "longitudeE7" : 281812630
      },
      "duration" : {
        "startTimestampMs" : "1516977012623",
        "endTimestampMs" : "1516978007252"
      },
      "distance" : 3236,
      "activityType" : "IN_PASSENGER_VEHICLE",
      "confidence" : "HIGH",
      "activities" : [ {
        "activityType" : "IN_PASSENGER_VEHICLE",
        "probability" : 98.64238137983423
      }, {
        "activityType" : "WALKING",
        "probability" : 0.9515025681510182
      }, {
        "activityType" : "MOTORCYCLING",
        "probability" : 0.2588407603500777
      } ],
      "waypointPath" : {
        "waypoints" : [ {
          "latE7" : -258673858,
          "lngE7" : 282004718
        }, {
          "latE7" : -258622932,
          "lngE7" : 281811313
        } ]
      },
      "editConfirmationStatus" : "NOT_CONFIRMED"
    }
  }, {
    "placeVisit" : {
      "location" : {
        "latitudeE7" : -258621796,
        "longitudeE7" : 281812630,
        "placeId" : "ChIJASgh00tklR4REYD7iCNZzrU",
        "address" : "3 Bultaf Cres\nCenturion Central\nCenturion\n0157\nSouth Africa",
        "name" : "Dormidero",
        "sourceInfo" : {
          "deviceTag" : 936760904
        },
        "locationConfidence" : 62.736515
      },
      "duration" : {
        "startTimestampMs" : "1516978007252",
        "endTimestampMs" : "1516978388065"
      },
      "placeConfidence" : "LOW_CONFIDENCE",
      "centerLatE7" : -258613283,
      "centerLngE7" : 281818083,
      "visitConfidence" : 73,
      "otherCandidateLocations" : [ {
        "latitudeE7" : -258609257,
        "longitudeE7" : 281802177,
        "placeId" : "ChIJTRuBZUlklR4Rr-77YN0LMB8",
        "name" : "Loucharl",
        "locationConfidence" : 11.930079
      }, {
        "latitudeE7" : -258623231,
        "longitudeE7" : 281812193,
        "placeId" : "ChIJPSIXQkpklR4R8DPfF_KVOaM",
        "name" : "El Prado",
        "locationConfidence" : 11.4772835
      }, {
        "latitudeE7" : -258620710,
        "longitudeE7" : 281820580,
        "placeId" : "ChIJVeGyDEpklR4RyD1GhlJ8vpo",
        "locationConfidence" : 4.110135
      }, {
        "latitudeE7" : -258617990,
        "longitudeE7" : 281815000,
        "placeId" : "ChIJR8ZuEUpklR4RdUqfoLgKdkA",
        "locationConfidence" : 2.701088
      }, {
        "latitudeE7" : -258614750,
        "longitudeE7" : 281811630,
        "placeId" : "ChIJzxpPGEpklR4RYk2YIAArDHk",
        "locationConfidence" : 1.4694326
      }, {
        "latitudeE7" : -258618980,
        "longitudeE7" : 281800600,
        "placeId" : "ChIJK27IMUpklR4RwS30PsLNKRs",
        "name" : "Belgrano",
        "locationConfidence" : 1.299304
      }, {
        "latitudeE7" : -258588600,
        "longitudeE7" : 281802000,
        "placeId" : "ChIJTfU4rklklR4RMxXouHr4aMk",
        "name" : "Zwartkop Ext 7,16 Bus Stop",
        "locationConfidence" : 1.1704081
      }, {
        "latitudeE7" : -258605398,
        "longitudeE7" : 281794037,
        "placeId" : "ChIJFWTIe0lklR4RQ5Vo2KdlzSk",
        "name" : "Abrazo",
        "locationConfidence" : 0.9342369
      }, {
        "latitudeE7" : -258373559,
        "longitudeE7" : 280770857,
        "placeId" : "ChIJeXcpHax_lR4RYLkyp3KLuKY",
        "name" : "Hennopsrivier",
        "locationConfidence" : 0.64263606
      } ],
      "editConfirmationStatus" : "NOT_CONFIRMED"
    }
  }, {
    "activitySegment" : {
      "startLocation" : {
        "latitudeE7" : -258621796,
        "longitudeE7" : 281812630
      },
      "endLocation" : {
        "latitudeE7" : -258561022,
        "longitudeE7" : 281625954
      },
      "duration" : {
        "startTimestampMs" : "1516978388065",
        "endTimestampMs" : "1516979481932"
      },
      "distance" : 2852,
      "activityType" : "IN_PASSENGER_VEHICLE",
      "confidence" : "HIGH",
      "activities" : [ {
        "activityType" : "IN_PASSENGER_VEHICLE",
        "probability" : 98.38381365671458
      }, {
        "activityType" : "WALKING",
        "probability" : 1.0236143006535996
      }, {
        "activityType" : "MOTORCYCLING",
        "probability" : 0.23439592002459847
      } ],
      "waypointPath" : {
        "waypoints" : [ {
          "latE7" : -258622932,
          "lngE7" : 281811313
        }, {
          "latE7" : -258560104,
          "lngE7" : 281622962
        } ]
      },
      "editConfirmationStatus" : "NOT_CONFIRMED"
    }
  }, {
    "activitySegment" : {
      "startLocation" : {
        "latitudeE7" : -258561022,
        "longitudeE7" : 281625954
      },
      "endLocation" : {
        "latitudeE7" : -258561050,
        "longitudeE7" : 281626142
      },
      "duration" : {
        "startTimestampMs" : "1516979481932",
        "endTimestampMs" : "1517417035067"
      },
      "activityType" : "UNKNOWN_ACTIVITY_TYPE",
      "activities" : [ {
        "activityType" : "UNKNOWN_ACTIVITY_TYPE",
        "probability" : 0.0
      } ],
      "simplifiedRawPath" : {
        "points" : [ {
          "latE7" : -258555685,
          "lngE7" : 281620794,
          "timestampMs" : "1516979481932",
          "accuracyMeters" : 50
        } ]
      }
    }
  }, {
    "placeVisit" : {
      "location" : {
        "latitudeE7" : -258560295,
        "longitudeE7" : 281625977,
        "placeId" : "ChIJWVS1zllklR4R7ih8EDjLG2g",
        "address" : "31 Willem Rd\nEldoraigne\nCenturion\n0157\nSouth Africa",
        "name" : "31 Willem Rd",
        "semanticType" : "TYPE_HOME",
        "sourceInfo" : {
          "deviceTag" : 936760904
        },
        "locationConfidence" : 74.940315
      },
      "duration" : {
        "startTimestampMs" : "1517417035067",
        "endTimestampMs" : "1517417602479"
      },
      "placeConfidence" : "LOW_CONFIDENCE",
      "centerLatE7" : -258561050,
      "centerLngE7" : 281626142,
      "visitConfidence" : 83,
      "otherCandidateLocations" : [ {
        "latitudeE7" : -258559780,
        "longitudeE7" : 281626430,
        "placeId" : "ChIJgf7JGllklR4RTqYK8tHPm_w",
        "semanticType" : "TYPE_SEARCHED_ADDRESS",
        "locationConfidence" : 24.159168
      }, {
        "latitudeE7" : -258570590,
        "longitudeE7" : 281625620,
        "placeId" : "ChIJGZkpr1lklR4RvXt8NOQ53JI",
        "semanticType" : "TYPE_SEARCHED_ADDRESS",
        "locationConfidence" : 0.45858842
      }, {
        "latitudeE7" : -258565130,
        "longitudeE7" : 281611230,
        "placeId" : "ChIJjc378FhklR4R-lrwm02iVNY",
        "semanticType" : "TYPE_SEARCHED_ADDRESS",
        "locationConfidence" : 0.15336709
      }, {
        "latitudeE7" : -258560800,
        "longitudeE7" : 281633500,
        "placeId" : "ChIJqbfuDFlklR4R62Y6o0Rpy9w",
        "name" : "Eldoraigne Bus Stop",
        "locationConfidence" : 0.13908893
      }, {
        "latitudeE7" : -258556046,
        "longitudeE7" : 281644996,
        "placeId" : "ChIJR2qzZFlklR4R6ONADWNKzIE",
        "name" : "Carnegie Park.",
        "locationConfidence" : 0.032257747
      }, {
        "latitudeE7" : -258561810,
        "longitudeE7" : 281620170,
        "placeId" : "ChIJsU6mAllklR4RbXdXjLHI8jU",
        "name" : "Collin Tossel Versekerings Makelaars BK",
        "locationConfidence" : 0.025348933
      }, {
        "latitudeE7" : -258559299,
        "longitudeE7" : 281639000,
        "placeId" : "ChIJs1lxcVlklR4RKfo-EA5nEP4",
        "name" : "Rondomtalie Kleuterskool/Naskool",
        "locationConfidence" : 0.024772715
      }, {
        "latitudeE7" : -258581700,
        "longitudeE7" : 281613620,
        "placeId" : "ChIJ1R_1vYxklR4R5cUVoAKuEEg",
        "name" : "Plovers Guest House",
        "locationConfidence" : 0.015629085
      }, {
        "latitudeE7" : -258548177,
        "longitudeE7" : 281602300,
        "placeId" : "ChIJgxKl015klR4RH1GGsfwUqGI",
        "name" : "Guest@home4u",
        "locationConfidence" : 0.015304284
      } ],
      "editConfirmationStatus" : "NOT_CONFIRMED"
    }
  } ]
}