{
  "timelineObjects" : [ {
    "activitySegment" : {
      "startLocation" : {
        "latitudeE7" : -258561120,
        "longitudeE7" : 281625862
      },
      "endLocation" : {
        "latitudeE7" : -258588691,
        "longitudeE7" : 281890397
      },
      "duration" : {
        "startTimestampMs" : "1517889910570",
        "endTimestampMs" : "1517961600000"
      },
      "distance" : 4662,
      "activityType" : "IN_PASSENGER_VEHICLE",
      "confidence" : "MEDIUM",
      "activities" : [ {
        "activityType" : "IN_PASSENGER_VEHICLE",
        "probability" : 83.33553009813987
      }, {
        "activityType" : "WALKING",
        "probability" : 11.542928674061566
      }, {
        "activityType" : "CYCLING",
        "probability" : 1.907913275005514
      } ],
      "waypointPath" : {
        "waypoints" : [ {
          "latE7" : -258560924,
          "lngE7" : 281622886
        }, {
          "latE7" : -258588199,
          "lngE7" : 281889705
        } ]
      },
      "editConfirmationStatus" : "NOT_CONFIRMED"
    }
  }, {
    "activitySegment" : {
      "startLocation" : {
        "latitudeE7" : -258675682,
        "longitudeE7" : 281952826
      },
      "endLocation" : {
        "latitudeE7" : -258588691,
        "longitudeE7" : 281890397
      },
      "duration" : {
        "startTimestampMs" : "1518013649999",
        "endTimestampMs" : "1518013952740"
      },
      "distance" : 1151,
      "activityType" : "IN_PASSENGER_VEHICLE",
      "confidence" : "HIGH",
      "activities" : [ {
        "activityType" : "IN_PASSENGER_VEHICLE",
        "probability" : 98.59272208745254
      }, {
        "activityType" : "WALKING",
        "probability" : 1.0436576480868112
      }, {
        "activityType" : "CYCLING",
        "probability" : 0.14775641436228368
      } ],
      "waypointPath" : {
        "waypoints" : [ {
          "latE7" : -258675842,
          "lngE7" : 281952667
        }, {
          "latE7" : -258588199,
          "lngE7" : 281889705
        } ]
      },
      "editConfirmationStatus" : "NOT_CONFIRMED"
    }
  }, {
    "placeVisit" : {
      "location" : {
        "latitudeE7" : -258614570,
        "longitudeE7" : 281802475,
        "placeId" : "ChIJCwR88zVklR4RhSK4_WI6Svk",
        "address" : "Centurion Central\nCenturion\n0157\nSouth Africa",
        "name" : "Centurion Central"
      },
      "duration" : {
        "startTimestampMs" : "1518013952740",
        "endTimestampMs" : "1518015011420"
      },
      "placeConfidence" : "HIGH_CONFIDENCE",
      "centerLatE7" : -258589610,
      "centerLngE7" : 281891737,
      "visitConfidence" : 92,
      "otherCandidateLocations" : [ {
        "latitudeE7" : -258576372,
        "longitudeE7" : 281880359,
        "placeId" : "ChIJayQ3zDZklR4RV061rU9UZOE",
        "name" : "Centurion Mall",
        "locationConfidence" : 1.2152703
      }, {
        "latitudeE7" : -258593490,
        "longitudeE7" : 281885060,
        "placeId" : "ChIJHwRUpqlllR4R4H_UBoRW6jI",
        "name" : "Metro Home Centre",
        "locationConfidence" : 0.3993029
      }, {
        "latitudeE7" : -258580540,
        "longitudeE7" : 281894830,
        "placeId" : "ChIJGy_R1DNklR4RDQISWA9HLtU",
        "name" : "Centurion Shisanyama",
        "locationConfidence" : 0.17912601
      }, {
        "latitudeE7" : -258590690,
        "longitudeE7" : 281891940,
        "placeId" : "ChIJNe1NWDFklR4RSSD8Y67Zqc8",
        "locationConfidence" : 0.14657399
      }, {
        "latitudeE7" : -258571687,
        "longitudeE7" : 281867452,
        "placeId" : "ChIJiQP-IDdklR4ROFIOVGP_Qck",
        "name" : "FNB Bank ATM Centurion Mall",
        "locationConfidence" : 0.072661825
      }, {
        "latitudeE7" : -258592567,
        "longitudeE7" : 281881311,
        "placeId" : "ChIJp4F8cShklR4RJiL_V9B3Hoo",
        "name" : "XXX Car Audio",
        "locationConfidence" : 0.01896959
      }, {
        "latitudeE7" : -258566499,
        "longitudeE7" : 281907100,
        "placeId" : "ChIJj5CPBDFklR4Rs3CaWd9kmEk",
        "name" : "Bruno's Restaurant, Bar & Deli",
        "locationConfidence" : 0.017338136
      }, {
        "latitudeE7" : -258589900,
        "longitudeE7" : 281883370,
        "placeId" : "ChIJg6sMGTRklR4R3lBYWV2ICCw",
        "name" : "The Godfather Restaurant",
        "locationConfidence" : 0.015757218
      }, {
        "latitudeE7" : -258580730,
        "longitudeE7" : 281893140,
        "placeId" : "ChIJw2yeRzFklR4ROnRVsht9vx8",
        "name" : "Adult World",
        "locationConfidence" : 0.015101838
      } ],
      "editConfirmationStatus" : "CONFIRMED"
    }
  }, {
    "activitySegment" : {
      "startLocation" : {
        "latitudeE7" : -258589349,
        "longitudeE7" : 281891924
      },
      "endLocation" : {
        "latitudeE7" : -258561165,
        "longitudeE7" : 281626041
      },
      "duration" : {
        "startTimestampMs" : "1518015011420",
        "endTimestampMs" : "1518016470137"
      },
      "distance" : 4475,
      "activityType" : "IN_PASSENGER_VEHICLE",
      "confidence" : "HIGH",
      "activities" : [ {
        "activityType" : "IN_PASSENGER_VEHICLE",
        "probability" : 96.51250517163356
      }, {
        "activityType" : "WALKING",
        "probability" : 1.758031438038913
      }, {
        "activityType" : "IN_BUS",
        "probability" : 1.5838195187397663
      } ],
      "waypointPath" : {
        "waypoints" : [ {
          "latE7" : -258587932,
          "lngE7" : 281889934
        }, {
          "latE7" : -258560104,
          "lngE7" : 281622962
        } ]
      },
      "editConfirmationStatus" : "NOT_CONFIRMED"
    }
  }, {
    "placeVisit" : {
      "location" : {
        "latitudeE7" : -258560295,
        "longitudeE7" : 281625977,
        "placeId" : "ChIJWVS1zllklR4R7ih8EDjLG2g",
        "address" : "31 Willem Rd\nEldoraigne\nCenturion\n0157\nSouth Africa",
        "name" : "31 Willem Rd",
        "semanticType" : "TYPE_HOME",
        "sourceInfo" : {
          "deviceTag" : 936760904
        },
        "locationConfidence" : 73.09698
      },
      "duration" : {
        "startTimestampMs" : "1518016470137",
        "endTimestampMs" : "1518016877531"
      },
      "placeConfidence" : "LOW_CONFIDENCE",
      "centerLatE7" : -258560657,
      "centerLngE7" : 281625343,
      "visitConfidence" : 93,
      "otherCandidateLocations" : [ {
        "latitudeE7" : -258559780,
        "longitudeE7" : 281626430,
        "placeId" : "ChIJgf7JGllklR4RTqYK8tHPm_w",
        "semanticType" : "TYPE_SEARCHED_ADDRESS",
        "locationConfidence" : 25.814157
      }, {
        "latitudeE7" : -258570590,
        "longitudeE7" : 281625620,
        "placeId" : "ChIJGZkpr1lklR4RvXt8NOQ53JI",
        "semanticType" : "TYPE_SEARCHED_ADDRESS",
        "locationConfidence" : 0.5444949
      }, {
        "latitudeE7" : -258565130,
        "longitudeE7" : 281611230,
        "placeId" : "ChIJjc378FhklR4R-lrwm02iVNY",
        "semanticType" : "TYPE_SEARCHED_ADDRESS",
        "locationConfidence" : 0.2483951
      }, {
        "latitudeE7" : -258560800,
        "longitudeE7" : 281633500,
        "placeId" : "ChIJqbfuDFlklR4R62Y6o0Rpy9w",
        "name" : "Eldoraigne Bus Stop",
        "locationConfidence" : 0.14156798
      }, {
        "latitudeE7" : -258561810,
        "longitudeE7" : 281620170,
        "placeId" : "ChIJsU6mAllklR4RbXdXjLHI8jU",
        "name" : "Collin Tossel Versekerings Makelaars BK",
        "locationConfidence" : 0.026485099
      }, {
        "latitudeE7" : -258556046,
        "longitudeE7" : 281644996,
        "placeId" : "ChIJR2qzZFlklR4R6ONADWNKzIE",
        "name" : "Carnegie Park.",
        "locationConfidence" : 0.0247426
      }, {
        "latitudeE7" : -258559299,
        "longitudeE7" : 281639000,
        "placeId" : "ChIJs1lxcVlklR4RKfo-EA5nEP4",
        "name" : "Rondomtalie Kleuterskool/Naskool",
        "locationConfidence" : 0.024079975
      }, {
        "latitudeE7" : -258581700,
        "longitudeE7" : 281613620,
        "placeId" : "ChIJ1R_1vYxklR4R5cUVoAKuEEg",
        "name" : "Plovers Guest House",
        "locationConfidence" : 0.017349383
      }, {
        "latitudeE7" : -258548177,
        "longitudeE7" : 281602300,
        "placeId" : "ChIJgxKl015klR4RH1GGsfwUqGI",
        "name" : "Guest@home4u",
        "locationConfidence" : 0.017343195
      } ],
      "editConfirmationStatus" : "NOT_CONFIRMED"
    }
  }, {
    "activitySegment" : {
      "startLocation" : {
        "latitudeE7" : -258560295,
        "longitudeE7" : 281625977
      },
      "endLocation" : {
        "latitudeE7" : -258717266,
        "longitudeE7" : 281373690
      },
      "duration" : {
        "startTimestampMs" : "1518016877531",
        "endTimestampMs" : "1518017496230"
      },
      "distance" : 3366,
      "activityType" : "IN_PASSENGER_VEHICLE",
      "confidence" : "HIGH",
      "activities" : [ {
        "activityType" : "IN_PASSENGER_VEHICLE",
        "probability" : 98.83416864216468
      }, {
        "activityType" : "WALKING",
        "probability" : 0.9146381695777969
      }, {
        "activityType" : "MOTORCYCLING",
        "probability" : 0.17322642579897538
      } ],
      "waypointPath" : {
        "waypoints" : [ {
          "latE7" : -258560104,
          "lngE7" : 281622962
        }, {
          "latE7" : -258714637,
          "lngE7" : 281379165
        } ]
      },
      "editConfirmationStatus" : "NOT_CONFIRMED"
    }
  }, {
    "placeVisit" : {
      "location" : {
        "latitudeE7" : -298326807,
        "longitudeE7" : 309687195,
        "placeId" : "ChIJ64lEf-gA9x4RaquvL1_C1Aw",
        "address" : "Sherwood\nDurban\n4091\nSouth Africa",
        "name" : "Sherwood"
      },
      "duration" : {
        "startTimestampMs" : "1518017496230",
        "endTimestampMs" : "1518020828872"
      },
      "placeConfidence" : "HIGH_CONFIDENCE",
      "centerLatE7" : -258721983,
      "centerLngE7" : 281368150,
      "visitConfidence" : 92,
      "otherCandidateLocations" : [ {
        "latitudeE7" : -258726810,
        "longitudeE7" : 281364690,
        "placeId" : "ChIJgf69jeBklR4Rej9SixXzo4o",
        "name" : "The Crazy Store",
        "locationConfidence" : 1.0366642
      }, {
        "latitudeE7" : -258717640,
        "longitudeE7" : 281368880,
        "placeId" : "ChIJ6afo1uBklR4R1ZiYvPg8W5U",
        "name" : "Tranna Mall@Reds",
        "locationConfidence" : 0.6291347
      }, {
        "latitudeE7" : -258718359,
        "longitudeE7" : 281365330,
        "placeId" : "ChIJYSkPl-BklR4Rol_HDA6ZZu8",
        "name" : "Kung Fu Kitchen Mall@Reds",
        "locationConfidence" : 0.13305357
      }, {
        "latitudeE7" : -258720149,
        "longitudeE7" : 281364000,
        "placeId" : "ChIJaT4AmuBklR4RqwyDxH63c64",
        "name" : "Tekkie Town",
        "locationConfidence" : 0.11198133
      }, {
        "latitudeE7" : -258723379,
        "longitudeE7" : 281370834,
        "placeId" : "ChIJsyIljeBklR4RXKSlssAN0o0",
        "name" : "Princess Hair Salon Mall at Reds",
        "locationConfidence" : 0.1097678
      }, {
        "latitudeE7" : -258728490,
        "longitudeE7" : 281377500,
        "placeId" : "ChIJdwpEWOBklR4RWEnsT80cdks",
        "name" : "Zwartkop Pet Deli",
        "locationConfidence" : 0.091074824
      }, {
        "latitudeE7" : -258726108,
        "longitudeE7" : 281365649,
        "placeId" : "ChIJbxMe9uBklR4RdkeKwj4SD28",
        "name" : "Wimpy Mall @ Reds",
        "locationConfidence" : 0.08345221
      }, {
        "latitudeE7" : -258712350,
        "longitudeE7" : 281372630,
        "placeId" : "ChIJv33CwOBklR4R3Lq6MzvOXMg",
        "name" : "KAUAI ROOIHUISKRAAL IM",
        "locationConfidence" : 0.07666322
      }, {
        "latitudeE7" : -258715524,
        "longitudeE7" : 281373062,
        "placeId" : "ChIJf7qL6uBklR4RVmiN14jaqKI",
        "name" : "CHROME Supplements & Accessories Mall@Reds",
        "locationConfidence" : 0.070587516
      } ],
      "editConfirmationStatus" : "CONFIRMED"
    }
  }, {
    "activitySegment" : {
      "startLocation" : {
        "latitudeE7" : -258724220,
        "longitudeE7" : 281364398
      },
      "endLocation" : {
        "latitudeE7" : -258558444,
        "longitudeE7" : 281625719
      },
      "duration" : {
        "startTimestampMs" : "1518020828872",
        "endTimestampMs" : "1518021835331"
      },
      "distance" : 3189,
      "activityType" : "IN_PASSENGER_VEHICLE",
      "confidence" : "HIGH",
      "activities" : [ {
        "activityType" : "IN_PASSENGER_VEHICLE",
        "probability" : 90.98006664130965
      }, {
        "activityType" : "WALKING",
        "probability" : 7.796169705175818
      }, {
        "activityType" : "CYCLING",
        "probability" : 0.47736630620495546
      } ],
      "waypointPath" : {
        "waypoints" : [ {
          "latE7" : -258728923,
          "lngE7" : 281360931
        }, {
          "latE7" : -258558273,
          "lngE7" : 281623096
        } ]
      },
      "editConfirmationStatus" : "NOT_CONFIRMED"
    }
  }, {
    "placeVisit" : {
      "location" : {
        "latitudeE7" : -258560352,
        "longitudeE7" : 281625977,
        "placeId" : "ChIJWVS1zllklR4R7ih8EDjLG2g",
        "address" : "31 Willem Rd\nEldoraigne\nCenturion\n0157\nSouth Africa",
        "name" : "31 Willem Rd",
        "semanticType" : "TYPE_HOME",
        "sourceInfo" : {
          "deviceTag" : 936760904
        },
        "locationConfidence" : 75.09561
      },
      "duration" : {
        "startTimestampMs" : "1518409535426",
        "endTimestampMs" : "1518581477702"
      },
      "placeConfidence" : "MEDIUM_CONFIDENCE",
      "centerLatE7" : -258561025,
      "centerLngE7" : 281625900,
      "visitConfidence" : 87,
      "otherCandidateLocations" : [ {
        "latitudeE7" : -258559780,
        "longitudeE7" : 281626430,
        "placeId" : "ChIJgf7JGllklR4RTqYK8tHPm_w",
        "semanticType" : "TYPE_SEARCHED_ADDRESS",
        "locationConfidence" : 23.94055
      }, {
        "latitudeE7" : -258570590,
        "longitudeE7" : 281625620,
        "placeId" : "ChIJGZkpr1lklR4RvXt8NOQ53JI",
        "semanticType" : "TYPE_SEARCHED_ADDRESS",
        "locationConfidence" : 0.44387582
      }, {
        "latitudeE7" : -258565130,
        "longitudeE7" : 281611230,
        "placeId" : "ChIJjc378FhklR4R-lrwm02iVNY",
        "semanticType" : "TYPE_SEARCHED_ADDRESS",
        "locationConfidence" : 0.21520814
      }, {
        "latitudeE7" : -258560800,
        "longitudeE7" : 281633500,
        "placeId" : "ChIJqbfuDFlklR4R62Y6o0Rpy9w",
        "name" : "Eldoraigne Bus Stop",
        "locationConfidence" : 0.1639156
      }, {
        "latitudeE7" : -258556046,
        "longitudeE7" : 281644996,
        "placeId" : "ChIJR2qzZFlklR4R6ONADWNKzIE",
        "name" : "Carnegie Park.",
        "locationConfidence" : 0.04448651
      }, {
        "latitudeE7" : -258561810,
        "longitudeE7" : 281620170,
        "placeId" : "ChIJsU6mAllklR4RbXdXjLHI8jU",
        "name" : "Collin Tossel Versekerings Makelaars BK",
        "locationConfidence" : 0.01732663
      }, {
        "latitudeE7" : -258559299,
        "longitudeE7" : 281639000,
        "placeId" : "ChIJs1lxcVlklR4RKfo-EA5nEP4",
        "name" : "Rondomtalie Kleuterskool/Naskool",
        "locationConfidence" : 0.0168257
      }, {
        "latitudeE7" : -258548177,
        "longitudeE7" : 281602300,
        "placeId" : "ChIJgxKl015klR4RH1GGsfwUqGI",
        "name" : "Guest@home4u",
        "locationConfidence" : 0.016311837
      }, {
        "latitudeE7" : -258581700,
        "longitudeE7" : 281613620,
        "placeId" : "ChIJ1R_1vYxklR4R5cUVoAKuEEg",
        "name" : "Plovers Guest House",
        "locationConfidence" : 0.014268184
      } ],
      "editConfirmationStatus" : "NOT_CONFIRMED"
    }
  }, {
    "placeVisit" : {
      "location" : {
        "latitudeE7" : -258560352,
        "longitudeE7" : 281625977,
        "placeId" : "ChIJWVS1zllklR4R7ih8EDjLG2g",
        "address" : "31 Willem Rd\nEldoraigne\nCenturion\n0157\nSouth Africa",
        "name" : "31 Willem Rd",
        "semanticType" : "TYPE_HOME",
        "sourceInfo" : {
          "deviceTag" : 936760904
        },
        "locationConfidence" : 69.18729
      },
      "duration" : {
        "startTimestampMs" : "1519013683014",
        "endTimestampMs" : "1519019702925"
      },
      "placeConfidence" : "MEDIUM_CONFIDENCE",
      "centerLatE7" : -258559975,
      "centerLngE7" : 281625639,
      "visitConfidence" : 85,
      "otherCandidateLocations" : [ {
        "latitudeE7" : -258559780,
        "longitudeE7" : 281626430,
        "placeId" : "ChIJgf7JGllklR4RTqYK8tHPm_w",
        "semanticType" : "TYPE_SEARCHED_ADDRESS",
        "locationConfidence" : 29.592657
      }, {
        "latitudeE7" : -258570590,
        "longitudeE7" : 281625620,
        "placeId" : "ChIJGZkpr1lklR4RvXt8NOQ53JI",
        "semanticType" : "TYPE_SEARCHED_ADDRESS",
        "locationConfidence" : 0.5778236
      }, {
        "latitudeE7" : -258565130,
        "longitudeE7" : 281611230,
        "placeId" : "ChIJjc378FhklR4R-lrwm02iVNY",
        "semanticType" : "TYPE_SEARCHED_ADDRESS",
        "locationConfidence" : 0.2418219
      }, {
        "latitudeE7" : -258560800,
        "longitudeE7" : 281633500,
        "placeId" : "ChIJqbfuDFlklR4R62Y6o0Rpy9w",
        "name" : "Eldoraigne Bus Stop",
        "locationConfidence" : 0.168843
      }, {
        "latitudeE7" : -258556046,
        "longitudeE7" : 281644996,
        "placeId" : "ChIJR2qzZFlklR4R6ONADWNKzIE",
        "name" : "Carnegie Park.",
        "locationConfidence" : 0.05934236
      }, {
        "latitudeE7" : -258561810,
        "longitudeE7" : 281620170,
        "placeId" : "ChIJsU6mAllklR4RbXdXjLHI8jU",
        "name" : "Collin Tossel Versekerings Makelaars BK",
        "locationConfidence" : 0.04192276
      }, {
        "latitudeE7" : -258548177,
        "longitudeE7" : 281602300,
        "placeId" : "ChIJgxKl015klR4RH1GGsfwUqGI",
        "name" : "Guest@home4u",
        "locationConfidence" : 0.029714426
      }, {
        "latitudeE7" : -258559299,
        "longitudeE7" : 281639000,
        "placeId" : "ChIJs1lxcVlklR4RKfo-EA5nEP4",
        "name" : "Rondomtalie Kleuterskool/Naskool",
        "locationConfidence" : 0.02723277
      }, {
        "latitudeE7" : -258581700,
        "longitudeE7" : 281613620,
        "placeId" : "ChIJ1R_1vYxklR4R5cUVoAKuEEg",
        "name" : "Plovers Guest House",
        "locationConfidence" : 0.024615172
      } ],
      "editConfirmationStatus" : "NOT_CONFIRMED"
    }
  }, {
    "placeVisit" : {
      "location" : {
        "latitudeE7" : -258560352,
        "longitudeE7" : 281625977,
        "placeId" : "ChIJWVS1zllklR4R7ih8EDjLG2g",
        "address" : "31 Willem Rd\nEldoraigne\nCenturion\n0157\nSouth Africa",
        "name" : "31 Willem Rd",
        "semanticType" : "TYPE_HOME",
        "sourceInfo" : {
          "deviceTag" : 936760904
        },
        "locationConfidence" : 70.96374
      },
      "duration" : {
        "startTimestampMs" : "1519154195000",
        "endTimestampMs" : "1519181600724"
      },
      "placeConfidence" : "MEDIUM_CONFIDENCE",
      "centerLatE7" : -258560903,
      "centerLngE7" : 281625819,
      "visitConfidence" : 92,
      "otherCandidateLocations" : [ {
        "latitudeE7" : -258559780,
        "longitudeE7" : 281626430,
        "placeId" : "ChIJgf7JGllklR4RTqYK8tHPm_w",
        "semanticType" : "TYPE_SEARCHED_ADDRESS",
        "locationConfidence" : 27.284002
      }, {
        "latitudeE7" : -258560800,
        "longitudeE7" : 281633500,
        "placeId" : "ChIJqbfuDFlklR4R62Y6o0Rpy9w",
        "name" : "Eldoraigne Bus Stop",
        "locationConfidence" : 0.36264798
      }, {
        "latitudeE7" : -258565130,
        "longitudeE7" : 281611230,
        "placeId" : "ChIJjc378FhklR4R-lrwm02iVNY",
        "semanticType" : "TYPE_SEARCHED_ADDRESS",
        "locationConfidence" : 0.31319094
      }, {
        "latitudeE7" : -258570590,
        "longitudeE7" : 281625620,
        "placeId" : "ChIJGZkpr1lklR4RvXt8NOQ53JI",
        "semanticType" : "TYPE_SEARCHED_ADDRESS",
        "locationConfidence" : 0.28319025
      }, {
        "latitudeE7" : -258560970,
        "longitudeE7" : 281633730,
        "placeId" : "ChIJgaPqDFlklR4RFA6pnOxVLY4",
        "name" : "Claude Verdié | Live French Music",
        "locationConfidence" : 0.22631648
      }, {
        "latitudeE7" : -258566130,
        "longitudeE7" : 281639810,
        "placeId" : "ChIJN2BanFlklR4RLigzbnaorgA",
        "name" : "Kyarkanaye T",
        "locationConfidence" : 0.120338485
      } ],
      "editConfirmationStatus" : "NOT_CONFIRMED"
    }
  }, {
    "activitySegment" : {
      "startLocation" : {
        "latitudeE7" : -258560352,
        "longitudeE7" : 281625977
      },
      "endLocation" : {
        "latitudeE7" : -258767026,
        "longitudeE7" : 281657099
      },
      "duration" : {
        "startTimestampMs" : "1519181600724",
        "endTimestampMs" : "1519181975948"
      },
      "distance" : 2739,
      "activityType" : "IN_PASSENGER_VEHICLE",
      "confidence" : "HIGH",
      "activities" : [ {
        "activityType" : "IN_PASSENGER_VEHICLE",
        "probability" : 98.84687268756535
      }, {
        "activityType" : "WALKING",
        "probability" : 0.8674250155253977
      }, {
        "activityType" : "MOTORCYCLING",
        "probability" : 0.10815274686025114
      } ],
      "waypointPath" : {
        "waypoints" : [ {
          "latE7" : -258560161,
          "lngE7" : 281622943
        }, {
          "latE7" : -258773384,
          "lngE7" : 281641387
        } ]
      },
      "editConfirmationStatus" : "NOT_CONFIRMED"
    }
  }, {
    "placeVisit" : {
      "location" : {
        "latitudeE7" : -258976925,
        "longitudeE7" : 281737044,
        "placeId" : "ChIJ-cyvLhBllR4RZJTIKwM2R2I",
        "address" : "Brakfontein 399-Jr\nCenturion\nSouth Africa",
        "name" : "Brakfontein 399-Jr"
      },
      "duration" : {
        "startTimestampMs" : "1519181975948",
        "endTimestampMs" : "1519185036213"
      },
      "placeConfidence" : "HIGH_CONFIDENCE",
      "centerLatE7" : -258769376,
      "centerLngE7" : 281656138,
      "visitConfidence" : 89,
      "otherCandidateLocations" : [ {
        "latitudeE7" : -258765080,
        "longitudeE7" : 281639740,
        "placeId" : "ChIJ6b76RqlllR4R9Bq6nQLNcCM",
        "name" : "Centurion Lifestyle Center, Lenchen Ave",
        "locationConfidence" : 0.054773033
      }, {
        "latitudeE7" : -258770595,
        "longitudeE7" : 281636769,
        "placeId" : "ChIJ38OOPqlllR4Ry97Cv2q6Zc4",
        "name" : "Thompson J Incorp. Accounts (Patrica Van Zyl)",
        "locationConfidence" : 0.049699873
      }, {
        "latitudeE7" : -258745690,
        "longitudeE7" : 281646970,
        "placeId" : "ChIJob3a-atllR4RNkryccE4Bsg",
        "name" : "Bhubezi Printers",
        "locationConfidence" : 0.048440702
      }, {
        "latitudeE7" : -258774891,
        "longitudeE7" : 281624748,
        "placeId" : "ChIJdW9jdKtllR4R1NNmKIytIis",
        "name" : "First Choice Conferences and Events",
        "locationConfidence" : 0.03337621
      } ],
      "editConfirmationStatus" : "CONFIRMED"
    }
  }, {
    "activitySegment" : {
      "startLocation" : {
        "latitudeE7" : -258765774,
        "longitudeE7" : 281656574
      },
      "endLocation" : {
        "latitudeE7" : -258555642,
        "longitudeE7" : 281612680
      },
      "duration" : {
        "startTimestampMs" : "1519185056219",
        "endTimestampMs" : "1519185486403"
      },
      "distance" : 2377,
      "activityType" : "IN_PASSENGER_VEHICLE",
      "confidence" : "HIGH",
      "activities" : [ {
        "activityType" : "IN_PASSENGER_VEHICLE",
        "probability" : 97.49371706681347
      }, {
        "activityType" : "WALKING",
        "probability" : 2.1623799511764976
      }, {
        "activityType" : "MOTORCYCLING",
        "probability" : 0.1264278412201344
      } ],
      "waypointPath" : {
        "waypoints" : [ {
          "latE7" : -258765602,
          "lngE7" : 281656322
        }, {
          "latE7" : -258556423,
          "lngE7" : 281612815
        } ]
      },
      "editConfirmationStatus" : "NOT_CONFIRMED"
    }
  }, {
    "activitySegment" : {
      "startLocation" : {
        "latitudeE7" : -258615388,
        "longitudeE7" : 281668436
      },
      "endLocation" : {
        "latitudeE7" : -258674363,
        "longitudeE7" : 282001371,
        "placeId" : "ChIJ886cqtZllR4R3E5qjZNl-t0",
        "address" : "Byls Bridge Promenade\nBloukrans Rd\nHighveld\nCenturion\n0169\nSouth Africa",
        "name" : "Sportsmans Warehouse Centurion",
        "sourceInfo" : {
          "deviceTag" : 936760904
        },
        "locationConfidence" : 98.67122
      },
      "duration" : {
        "startTimestampMs" : "1519456480533",
        "endTimestampMs" : "1519456906814"
      },
      "activityType" : "IN_PASSENGER_VEHICLE",
      "confidence" : "HIGH",
      "activities" : [ {
        "activityType" : "IN_PASSENGER_VEHICLE",
        "probability" : 98.97722090677593
      }, {
        "activityType" : "WALKING",
        "probability" : 0.818926012445652
      }, {
        "activityType" : "IN_BUS",
        "probability" : 0.08761758207613216
      } ],
      "waypointPath" : {
        "waypoints" : [ {
          "latE7" : -258615245,
          "lngE7" : 281666526
        }, {
          "latE7" : -258672904,
          "lngE7" : 282004585
        } ]
      },
      "editConfirmationStatus" : "NOT_CONFIRMED"
    }
  }, {
    "placeVisit" : {
      "location" : {
        "latitudeE7" : -258674363,
        "longitudeE7" : 282001371,
        "placeId" : "ChIJ886cqtZllR4R3E5qjZNl-t0",
        "address" : "Byls Bridge Promenade\nBloukrans Rd\nHighveld\nCenturion\n0169\nSouth Africa",
        "name" : "Sportsmans Warehouse Centurion",
        "sourceInfo" : {
          "deviceTag" : 936760904
        },
        "locationConfidence" : 98.67122
      },
      "duration" : {
        "startTimestampMs" : "1519456906814",
        "endTimestampMs" : "1519458327291"
      },
      "placeConfidence" : "HIGH_CONFIDENCE",
      "centerLatE7" : -258674267,
      "centerLngE7" : 282001618,
      "visitConfidence" : 93,
      "otherCandidateLocations" : [ {
        "latitudeE7" : -258675880,
        "longitudeE7" : 281973450,
        "placeId" : "ChIJRT_axQVmlR4RUt0tW6xadno",
        "name" : "Pick n Pay Byls Bridge",
        "locationConfidence" : 0.6930562
      }, {
        "latitudeE7" : -258662280,
        "longitudeE7" : 281980910,
        "placeId" : "ChIJmeYlv9NllR4RO2M0U3TdlLE",
        "name" : "Makro Store Centurion",
        "locationConfidence" : 0.400994
      }, {
        "latitudeE7" : -258680285,
        "longitudeE7" : 281986191,
        "placeId" : "ChIJycL_9NNllR4RACIgVxS5C8A",
        "name" : "BYLS BRIDGE PROMENADE",
        "locationConfidence" : 0.088101886
      }, {
        "latitudeE7" : -258665725,
        "longitudeE7" : 281999580,
        "placeId" : "ChIJidLh3NNllR4Rej08Vlq08L0",
        "name" : "Virgin Active Centurion - Health Club",
        "locationConfidence" : 0.03313358
      } ],
      "editConfirmationStatus" : "NOT_CONFIRMED"
    }
  }, {
    "activitySegment" : {
      "startLocation" : {
        "latitudeE7" : -258674267,
        "longitudeE7" : 282001618
      },
      "endLocation" : {
        "latitudeE7" : -258559286,
        "longitudeE7" : 281625943
      },
      "duration" : {
        "startTimestampMs" : "1519458327291",
        "endTimestampMs" : "1519618045824"
      },
      "activityType" : "UNKNOWN_ACTIVITY_TYPE",
      "activities" : [ {
        "activityType" : "UNKNOWN_ACTIVITY_TYPE",
        "probability" : 0.0
      } ],
      "simplifiedRawPath" : {
        "points" : [ {
          "latE7" : -258678505,
          "lngE7" : 281809452,
          "timestampMs" : "1519458522000",
          "accuracyMeters" : 16
        }, {
          "latE7" : -258764056,
          "lngE7" : 281622583,
          "timestampMs" : "1519459298701",
          "accuracyMeters" : 130
        }, {
          "latE7" : -258731341,
          "lngE7" : 281650051,
          "timestampMs" : "1519460129025",
          "accuracyMeters" : 28
        }, {
          "latE7" : -258725022,
          "lngE7" : 281631213,
          "timestampMs" : "1519460191726",
          "accuracyMeters" : 63
        }, {
          "latE7" : -258588887,
          "lngE7" : 281582109,
          "timestampMs" : "1519460408151",
          "accuracyMeters" : 116
        }, {
          "latE7" : -258566883,
          "lngE7" : 281595697,
          "timestampMs" : "1519460438992",
          "accuracyMeters" : 32
        }, {
          "latE7" : -258554612,
          "lngE7" : 281622336,
          "timestampMs" : "1519460470108",
          "accuracyMeters" : 50
        } ]
      }
    }
  }, {
    "placeVisit" : {
      "location" : {
        "latitudeE7" : -258560352,
        "longitudeE7" : 281625977,
        "placeId" : "ChIJWVS1zllklR4R7ih8EDjLG2g",
        "address" : "31 Willem Rd\nEldoraigne\nCenturion\n0157\nSouth Africa",
        "name" : "31 Willem Rd",
        "semanticType" : "TYPE_HOME",
        "sourceInfo" : {
          "deviceTag" : 936760904
        },
        "locationConfidence" : 77.91371
      },
      "duration" : {
        "startTimestampMs" : "1519618045824",
        "endTimestampMs" : "1519618603469"
      },
      "placeConfidence" : "LOW_CONFIDENCE",
      "centerLatE7" : -258559286,
      "centerLngE7" : 281625943,
      "visitConfidence" : 89,
      "otherCandidateLocations" : [ {
        "latitudeE7" : -258559780,
        "longitudeE7" : 281626430,
        "placeId" : "ChIJgf7JGllklR4RTqYK8tHPm_w",
        "semanticType" : "TYPE_SEARCHED_ADDRESS",
        "locationConfidence" : 20.391891
      }, {
        "latitudeE7" : -258560800,
        "longitudeE7" : 281633500,
        "placeId" : "ChIJqbfuDFlklR4R62Y6o0Rpy9w",
        "name" : "Eldoraigne Bus Stop",
        "locationConfidence" : 0.43873316
      }, {
        "latitudeE7" : -258565130,
        "longitudeE7" : 281611230,
        "placeId" : "ChIJjc378FhklR4R-lrwm02iVNY",
        "semanticType" : "TYPE_SEARCHED_ADDRESS",
        "locationConfidence" : 0.32520375
      }, {
        "latitudeE7" : -258570590,
        "longitudeE7" : 281625620,
        "placeId" : "ChIJGZkpr1lklR4RvXt8NOQ53JI",
        "semanticType" : "TYPE_SEARCHED_ADDRESS",
        "locationConfidence" : 0.27283585
      }, {
        "latitudeE7" : -258560970,
        "longitudeE7" : 281633730,
        "placeId" : "ChIJgaPqDFlklR4RFA6pnOxVLY4",
        "name" : "Claude Verdié | Live French Music",
        "locationConfidence" : 0.15826239
      }, {
        "latitudeE7" : -258566130,
        "longitudeE7" : 281639810,
        "placeId" : "ChIJN2BanFlklR4RLigzbnaorgA",
        "name" : "Kyarkanaye T",
        "locationConfidence" : 0.1071746
      } ],
      "editConfirmationStatus" : "NOT_CONFIRMED"
    }
  }, {
    "activitySegment" : {
      "startLocation" : {
        "latitudeE7" : -258559286,
        "longitudeE7" : 281625943
      },
      "endLocation" : {
        "latitudeE7" : -258560852,
        "longitudeE7" : 281626116
      },
      "duration" : {
        "startTimestampMs" : "1519618603469",
        "endTimestampMs" : "1520568821113"
      },
      "activityType" : "UNKNOWN_ACTIVITY_TYPE",
      "activities" : [ {
        "activityType" : "UNKNOWN_ACTIVITY_TYPE",
        "probability" : 0.0
      } ],
      "simplifiedRawPath" : {
        "points" : [ {
          "latE7" : -258556831,
          "lngE7" : 281621585,
          "timestampMs" : "1519741500512",
          "accuracyMeters" : 84
        }, {
          "latE7" : -258561151,
          "lngE7" : 281626050,
          "timestampMs" : "1519749107199",
          "accuracyMeters" : 23
        }, {
          "latE7" : -257162232,
          "lngE7" : 282578108,
          "timestampMs" : "1519911190907",
          "accuracyMeters" : 28
        } ]
      }
    }
  } ]
}