{
  "timelineObjects" : [ {
    "placeVisit" : {
      "location" : {
        "latitudeE7" : 558515894,
        "longitudeE7" : 374695232,
        "placeId" : "ChIJ9T81WAY4tUYRi05Hym6PG2U",
        "address" : "Ленинградское ш.\nМосква\nРоссия\n125195",
        "name" : "Park Severnogo Rechnogo Vokzala",
        "sourceInfo" : {
          "deviceTag" : 936760904
        },
        "locationConfidence" : 28.345873
      },
      "duration" : {
        "startTimestampMs" : "1527915626279",
        "endTimestampMs" : "1527916858771"
      },
      "placeConfidence" : "LOW_CONFIDENCE",
      "centerLatE7" : 558559500,
      "centerLngE7" : 374637075,
      "visitConfidence" : 88,
      "otherCandidateLocations" : [ {
        "latitudeE7" : 558561130,
        "longitudeE7" : 374635360,
        "placeId" : "ChIJyX-4Tg84tUYRgu5EIs3Yi6I",
        "locationConfidence" : 9.030603
      }, {
        "latitudeE7" : 558551502,
        "longitudeE7" : 374642234,
        "placeId" : "ChIJFW5D6Q84tUYRKllO8YD8S9U",
        "name" : "Rechnyye Gruzovyye Porty:, Severnyy",
        "locationConfidence" : 8.38375
      }, {
        "latitudeE7" : 558561130,
        "longitudeE7" : 374635360,
        "placeId" : "ChIJyX-4Tg84tUYRN0osB3kobqI",
        "name" : "Interkopir",
        "locationConfidence" : 7.0690823
      }, {
        "latitudeE7" : 558551502,
        "longitudeE7" : 374642234,
        "placeId" : "ChIJs_7mAQY4tUYRZF-ZO7Zf3OY",
        "name" : "Po Moskovskomu Basseynu Rechnaya Sudokhodnaya Gosudarstvennaya Inspektsiya",
        "locationConfidence" : 6.7789316
      }, {
        "latitudeE7" : 558556620,
        "longitudeE7" : 374638230,
        "placeId" : "ChIJn0L7Ug84tUYRDtZg-VI3hx8",
        "locationConfidence" : 4.7092648
      }, {
        "latitudeE7" : 558514756,
        "longitudeE7" : 374614287,
        "placeId" : "ChIJCRa13gY4tUYRLutJixy6-pg",
        "name" : "Khimkinskoye Vodokhranilishche",
        "locationConfidence" : 4.538983
      }, {
        "latitudeE7" : 558550590,
        "longitudeE7" : 374641740,
        "placeId" : "ChIJs_7mAQY4tUYRZuG9-qaqLfg",
        "name" : "Arenda Teplokhoda",
        "locationConfidence" : 4.485327
      }, {
        "latitudeE7" : 558579540,
        "longitudeE7" : 374654480,
        "placeId" : "ChIJV5MhCw84tUYRnh8hUKWeUHI",
        "name" : "Money Museum",
        "locationConfidence" : 4.092438
      }, {
        "latitudeE7" : 558549280,
        "longitudeE7" : 374656670,
        "placeId" : "ChIJ0SD_4gU4tUYRpQS5Y8Dt62g",
        "name" : "Parkhouse",
        "locationConfidence" : 3.4459012
      } ],
      "editConfirmationStatus" : "NOT_CONFIRMED",
      "simplifiedRawPath" : {
        "points" : [ {
          "latE7" : 558554262,
          "lngE7" : 374630641,
          "timestampMs" : "1527915626279",
          "accuracyMeters" : 32
        }, {
          "latE7" : 558563303,
          "lngE7" : 374631679,
          "timestampMs" : "1527915877938",
          "accuracyMeters" : 96
        } ]
      }
    }
  }, {
    "activitySegment" : {
      "startLocation" : {
        "latitudeE7" : 558552309,
        "longitudeE7" : 374644373,
        "sourceInfo" : {
          "deviceTag" : 936760904
        }
      },
      "endLocation" : {
        "latitudeE7" : 557496117,
        "longitudeE7" : 375918204,
        "sourceInfo" : {
          "deviceTag" : 936760904
        }
      },
      "duration" : {
        "startTimestampMs" : "1527916858771",
        "endTimestampMs" : "1527922536335"
      },
      "distance" : 101811,
      "activityType" : "IN_PASSENGER_VEHICLE",
      "confidence" : "LOW",
      "activities" : [ {
        "activityType" : "IN_PASSENGER_VEHICLE",
        "probability" : 56.4587026982913
      }, {
        "activityType" : "IN_SUBWAY",
        "probability" : 20.89044361289483
      }, {
        "activityType" : "WALKING",
        "probability" : 14.649566766869166
      } ],
      "waypointPath" : {
        "waypoints" : [ {
          "latE7" : 558552246,
          "lngE7" : 374644088
        }, {
          "latE7" : 557902488,
          "lngE7" : 375548133
        }, {
          "latE7" : 557391052,
          "lngE7" : 375873260
        }, {
          "latE7" : 557402572,
          "lngE7" : 375902481
        }, {
          "latE7" : 557493591,
          "lngE7" : 375920944
        } ]
      },
      "editConfirmationStatus" : "NOT_CONFIRMED"
    }
  }, {
    "activitySegment" : {
      "startLocation" : {
        "latitudeE7" : 557496117,
        "longitudeE7" : 375918204,
        "sourceInfo" : {
          "deviceTag" : 936760904
        }
      },
      "endLocation" : {
        "latitudeE7" : 557496022,
        "longitudeE7" : 376120772,
        "sourceInfo" : {
          "deviceTag" : 936760904
        }
      },
      "duration" : {
        "startTimestampMs" : "1527922536335",
        "endTimestampMs" : "1527925241846"
      },
      "distance" : 2799,
      "activityType" : "WALKING",
      "confidence" : "HIGH",
      "activities" : [ {
        "activityType" : "WALKING",
        "probability" : 88.43859087378841
      }, {
        "activityType" : "IN_SUBWAY",
        "probability" : 7.694700988774324
      }, {
        "activityType" : "IN_PASSENGER_VEHICLE",
        "probability" : 1.6683810580096876
      } ],
      "waypointPath" : {
        "waypoints" : [ {
          "latE7" : 557495765,
          "lngE7" : 375918502
        }, {
          "latE7" : 557484588,
          "lngE7" : 375880584
        }, {
          "latE7" : 557467536,
          "lngE7" : 375827560
        }, {
          "latE7" : 557508392,
          "lngE7" : 376024627
        }, {
          "latE7" : 557496452,
          "lngE7" : 376118965
        } ]
      },
      "simplifiedRawPath" : {
        "points" : [ {
          "latE7" : 557475484,
          "lngE7" : 375851699,
          "timestampMs" : "1527923105672",
          "accuracyMeters" : 48
        }, {
          "latE7" : 557465781,
          "lngE7" : 375828594,
          "timestampMs" : "1527923700313",
          "accuracyMeters" : 16
        } ]
      },
      "editConfirmationStatus" : "NOT_CONFIRMED"
    }
  }, {
    "placeVisit" : {
      "location" : {
        "latitudeE7" : 557520233,
        "longitudeE7" : 376174994,
        "placeId" : "ChIJc-UVs1BKtUYRaC6bPVq_hqg",
        "address" : "Москва\nРоссия\n103073",
        "name" : "The Moscow Kremlin",
        "sourceInfo" : {
          "deviceTag" : 936760904
        },
        "locationConfidence" : 62.080322
      },
      "duration" : {
        "startTimestampMs" : "1527925241846",
        "endTimestampMs" : "1527934488917"
      },
      "placeConfidence" : "MEDIUM_CONFIDENCE",
      "centerLatE7" : 557494637,
      "centerLngE7" : 376122528,
      "visitConfidence" : 94,
      "otherCandidateLocations" : [ {
        "latitudeE7" : 557521222,
        "longitudeE7" : 376136933,
        "placeId" : "ChIJtcfi1lZKtUYRXwVsbqi9oxQ",
        "name" : "Alexandrovsky Garden",
        "locationConfidence" : 31.757687
      }, {
        "latitudeE7" : 557488610,
        "longitudeE7" : 376084670,
        "placeId" : "ChIJJ3xLoVNKtUYR0PMRcNSw6-o",
        "name" : "Galereya Narodnogo Khudozhnika Sssr Aleksandr Shilova",
        "locationConfidence" : 2.8728726
      }, {
        "latitudeE7" : 557505061,
        "longitudeE7" : 376091448,
        "placeId" : "ChIJC3NRzFNKtUYRYz3750X9ZCk",
        "name" : "Borovitskaya",
        "locationConfidence" : 0.52330816
      }, {
        "latitudeE7" : 557497302,
        "longitudeE7" : 376102231,
        "placeId" : "ChIJg3R-wFNKtUYR72fV6qZWBp4",
        "name" : "Monument to Prince Vladimir",
        "locationConfidence" : 0.2758597
      }, {
        "latitudeE7" : 557522265,
        "longitudeE7" : 376111050,
        "placeId" : "ChIJV_6C23QxlkYRmc-KStlAVYs",
        "name" : "Stolovaya, Ip Bayrakayeva G.r.",
        "locationConfidence" : 0.17737068
      }, {
        "latitudeE7" : 557488982,
        "longitudeE7" : 376069359,
        "placeId" : "ChIJreMrB1NKtUYRO5toqukMmJQ",
        "name" : "Znamenka Business house",
        "locationConfidence" : 0.14189914
      }, {
        "latitudeE7" : 557489340,
        "longitudeE7" : 376075520,
        "placeId" : "ChIJKfk9qFNKtUYRyQW6fKIR-kk",
        "name" : "Lamoda",
        "locationConfidence" : 0.11271953
      }, {
        "latitudeE7" : 557508790,
        "longitudeE7" : 376096210,
        "placeId" : "ChIJdSdc01NKtUYR75urtgNcTQQ",
        "name" : "Biblioteka Station im. Lenina",
        "locationConfidence" : 0.10396905
      } ],
      "editConfirmationStatus" : "NOT_CONFIRMED",
      "simplifiedRawPath" : {
        "points" : [ {
          "latE7" : 557494028,
          "lngE7" : 376117681,
          "timestampMs" : "1527926182870",
          "accuracyMeters" : 64
        }, {
          "latE7" : 557491155,
          "lngE7" : 376128312,
          "timestampMs" : "1527933030961",
          "accuracyMeters" : 48
        }, {
          "latE7" : 557531526,
          "lngE7" : 376112540,
          "timestampMs" : "1527933934341",
          "accuracyMeters" : 32
        }, {
          "latE7" : 557531189,
          "lngE7" : 376121373,
          "timestampMs" : "1527934225301",
          "accuracyMeters" : 32
        } ]
      }
    }
  }, {
    "activitySegment" : {
      "startLocation" : {
        "latitudeE7" : 557531604,
        "longitudeE7" : 376115310,
        "sourceInfo" : {
          "deviceTag" : 936760904
        }
      },
      "endLocation" : {
        "latitudeE7" : 557539303,
        "longitudeE7" : 376207950,
        "sourceInfo" : {
          "deviceTag" : 936760904
        }
      },
      "duration" : {
        "startTimestampMs" : "1527934488917",
        "endTimestampMs" : "1527935676534"
      },
      "distance" : 548,
      "activityType" : "WALKING",
      "confidence" : "HIGH",
      "activities" : [ {
        "activityType" : "WALKING",
        "probability" : 96.69039814304419
      }, {
        "activityType" : "IN_SUBWAY",
        "probability" : 1.7608058125650556
      }, {
        "activityType" : "IN_PASSENGER_VEHICLE",
        "probability" : 0.9672460834657809
      } ],
      "waypointPath" : {
        "waypoints" : [ {
          "latE7" : 557531547,
          "lngE7" : 376115493
        }, {
          "latE7" : 557544326,
          "lngE7" : 376127929
        }, {
          "latE7" : 557537765,
          "lngE7" : 376205673
        } ]
      },
      "simplifiedRawPath" : {
        "points" : [ {
          "latE7" : 557543938,
          "lngE7" : 376127091,
          "timestampMs" : "1527934800201",
          "accuracyMeters" : 48
        } ]
      },
      "editConfirmationStatus" : "NOT_CONFIRMED"
    }
  }, {
    "placeVisit" : {
      "location" : {
        "latitudeE7" : 557539303,
        "longitudeE7" : 376207950,
        "placeId" : "ChIJGaSPc1pKtUYRHzFSa1B9NHw",
        "address" : "Красная пл.\nМосква\nРоссия\n109012",
        "name" : "Red Square",
        "sourceInfo" : {
          "deviceTag" : 936760904
        },
        "locationConfidence" : 80.12992
      },
      "duration" : {
        "startTimestampMs" : "1527935676534",
        "endTimestampMs" : "1527940824492"
      },
      "placeConfidence" : "MEDIUM_CONFIDENCE",
      "centerLatE7" : 557540519,
      "centerLngE7" : 376210881,
      "visitConfidence" : 84,
      "otherCandidateLocations" : [ {
        "latitudeE7" : 557546967,
        "longitudeE7" : 376215215,
        "placeId" : "ChIJ_VJFi1lKtUYRBWr-cFsm8tI",
        "name" : "GUM",
        "locationConfidence" : 19.27295
      }, {
        "latitudeE7" : 557556570,
        "longitudeE7" : 376211202,
        "placeId" : "ChIJuxWijI1OtUYRDRRAmqtuudE",
        "name" : "Фонофактура",
        "locationConfidence" : 0.06401248
      }, {
        "latitudeE7" : 557546696,
        "longitudeE7" : 376246200,
        "placeId" : "ChIJQ6FnMRxLtUYRRilf5kdvP5w",
        "name" : "Triumf",
        "locationConfidence" : 0.05311104
      }, {
        "latitudeE7" : 557545951,
        "longitudeE7" : 376253214,
        "placeId" : "ChIJ0brYvVlKtUYRkgzZHSojikE",
        "name" : "Suvenirnyy Dvor Russkiy Suvenir",
        "locationConfidence" : 0.04758349
      } ],
      "editConfirmationStatus" : "NOT_CONFIRMED",
      "simplifiedRawPath" : {
        "points" : [ {
          "latE7" : 557550610,
          "lngE7" : 376206960,
          "timestampMs" : "1527935998256",
          "accuracyMeters" : 64
        }, {
          "latE7" : 557491155,
          "lngE7" : 376128312,
          "timestampMs" : "1527936600413",
          "accuracyMeters" : 48
        }, {
          "latE7" : 557491155,
          "lngE7" : 376128312,
          "timestampMs" : "1527936658804",
          "accuracyMeters" : 48
        }, {
          "latE7" : 557542477,
          "lngE7" : 376221095,
          "timestampMs" : "1527936888149",
          "accuracyMeters" : 96
        }, {
          "latE7" : 557532514,
          "lngE7" : 376223627,
          "timestampMs" : "1527937191687",
          "accuracyMeters" : 16
        }, {
          "latE7" : 557527704,
          "lngE7" : 376235494,
          "timestampMs" : "1527937485402",
          "accuracyMeters" : 48
        }, {
          "latE7" : 557536888,
          "lngE7" : 376210588,
          "timestampMs" : "1527938671493",
          "accuracyMeters" : 32
        }, {
          "latE7" : 557550610,
          "lngE7" : 376206960,
          "timestampMs" : "1527939579172",
          "accuracyMeters" : 64
        } ]
      }
    }
  }, {
    "activitySegment" : {
      "startLocation" : {
        "latitudeE7" : 557543846,
        "longitudeE7" : 376204228,
        "sourceInfo" : {
          "deviceTag" : 936760904
        }
      },
      "endLocation" : {
        "latitudeE7" : 557537425,
        "longitudeE7" : 376217306,
        "sourceInfo" : {
          "deviceTag" : 936760904
        }
      },
      "duration" : {
        "startTimestampMs" : "1527940824492",
        "endTimestampMs" : "1527941949424"
      },
      "distance" : 676,
      "activityType" : "WALKING",
      "confidence" : "HIGH",
      "activities" : [ {
        "activityType" : "WALKING",
        "probability" : 93.47425504348111
      }, {
        "activityType" : "IN_SUBWAY",
        "probability" : 2.317722297411055
      }, {
        "activityType" : "IN_PASSENGER_VEHICLE",
        "probability" : 2.049933744895958
      } ],
      "waypointPath" : {
        "waypoints" : [ {
          "latE7" : 557544097,
          "lngE7" : 376204643
        }, {
          "latE7" : 557540855,
          "lngE7" : 376211128
        }, {
          "latE7" : 557537612,
          "lngE7" : 376217613
        } ]
      },
      "simplifiedRawPath" : {
        "points" : [ {
          "latE7" : 557543846,
          "lngE7" : 376204228,
          "timestampMs" : "1527940824492",
          "accuracyMeters" : 16
        } ]
      },
      "editConfirmationStatus" : "NOT_CONFIRMED"
    }
  }, {
    "placeVisit" : {
      "location" : {
        "latitudeE7" : 557539303,
        "longitudeE7" : 376207950,
        "placeId" : "ChIJGaSPc1pKtUYRHzFSa1B9NHw",
        "address" : "Красная пл.\nМосква\nРоссия\n109012",
        "name" : "Red Square",
        "sourceInfo" : {
          "deviceTag" : 936760904
        },
        "locationConfidence" : 87.29894
      },
      "duration" : {
        "startTimestampMs" : "1527941949424",
        "endTimestampMs" : "1527944251446"
      },
      "placeConfidence" : "MEDIUM_CONFIDENCE",
      "centerLatE7" : 557537990,
      "centerLngE7" : 376215886,
      "visitConfidence" : 94,
      "otherCandidateLocations" : [ {
        "latitudeE7" : 557546967,
        "longitudeE7" : 376215215,
        "placeId" : "ChIJ_VJFi1lKtUYRBWr-cFsm8tI",
        "name" : "GUM",
        "locationConfidence" : 12.1464205
      }, {
        "latitudeE7" : 557545951,
        "longitudeE7" : 376253214,
        "placeId" : "ChIJ0brYvVlKtUYRkgzZHSojikE",
        "name" : "Suvenirnyy Dvor Russkiy Suvenir",
        "locationConfidence" : 0.06787436
      }, {
        "latitudeE7" : 557546696,
        "longitudeE7" : 376246200,
        "placeId" : "ChIJQ6FnMRxLtUYRRilf5kdvP5w",
        "name" : "Triumf",
        "locationConfidence" : 0.05731573
      }, {
        "latitudeE7" : 557556570,
        "longitudeE7" : 376211202,
        "placeId" : "ChIJuxWijI1OtUYRDRRAmqtuudE",
        "name" : "Фонофактура",
        "locationConfidence" : 0.03680143
      } ],
      "editConfirmationStatus" : "NOT_CONFIRMED",
      "simplifiedRawPath" : {
        "points" : [ {
          "latE7" : 557535406,
          "lngE7" : 376211037,
          "timestampMs" : "1527941949424",
          "accuracyMeters" : 10
        }, {
          "latE7" : 557539066,
          "lngE7" : 376219156,
          "timestampMs" : "1527944065207",
          "accuracyMeters" : 48
        }, {
          "latE7" : 557539066,
          "lngE7" : 376219156,
          "timestampMs" : "1527944109193",
          "accuracyMeters" : 48
        }, {
          "latE7" : 557539066,
          "lngE7" : 376219156,
          "timestampMs" : "1527944148455",
          "accuracyMeters" : 48
        }, {
          "latE7" : 557539066,
          "lngE7" : 376219156,
          "timestampMs" : "1527944212159",
          "accuracyMeters" : 48
        } ]
      }
    }
  }, {
    "activitySegment" : {
      "startLocation" : {
        "latitudeE7" : 557577200,
        "longitudeE7" : 376190410,
        "sourceInfo" : {
          "deviceTag" : 936760904
        }
      },
      "endLocation" : {
        "latitudeE7" : 558551790,
        "longitudeE7" : 374760340,
        "sourceInfo" : {
          "deviceTag" : 936760904
        }
      },
      "duration" : {
        "startTimestampMs" : "1527944251446",
        "endTimestampMs" : "1527946343605"
      },
      "distance" : 14708,
      "activityType" : "IN_SUBWAY",
      "confidence" : "LOW",
      "activities" : [ {
        "activityType" : "IN_SUBWAY",
        "probability" : 48.00559170321446
      }, {
        "activityType" : "WALKING",
        "probability" : 42.99975070364128
      }, {
        "activityType" : "IN_PASSENGER_VEHICLE",
        "probability" : 4.633709379416488
      } ],
      "transitPath" : {
        "transitStops" : [ {
          "latitudeE7" : 557577200,
          "longitudeE7" : 376190410,
          "placeId" : "ChIJEzHrJVtKtUYRMN6wZ8xvR7E",
          "name" : "Teatral'naya"
        }, {
          "latitudeE7" : 558551790,
          "longitudeE7" : 374760340,
          "placeId" : "ChIJyaeRhAQ4tUYRH8R1R2K7e6w",
          "name" : "Rechnoy vokzal"
        } ],
        "name" : "2",
        "hexRgbColor" : "66BB6A"
      },
      "simplifiedRawPath" : {
        "points" : [ {
          "latE7" : 557539066,
          "lngE7" : 376219156,
          "timestampMs" : "1527944251446",
          "accuracyMeters" : 48
        }, {
          "latE7" : 558558152,
          "lngE7" : 374682099,
          "timestampMs" : "1527945278746",
          "accuracyMeters" : 48
        } ]
      },
      "editConfirmationStatus" : "NOT_CONFIRMED"
    }
  }, {
    "activitySegment" : {
      "startLocation" : {
        "latitudeE7" : 558563089,
        "longitudeE7" : 374633626,
        "sourceInfo" : {
          "deviceTag" : 936760904
        }
      },
      "endLocation" : {
        "latitudeE7" : 558515894,
        "longitudeE7" : 374695232,
        "sourceInfo" : {
          "deviceTag" : 936760904
        }
      },
      "duration" : {
        "startTimestampMs" : "1527946343605",
        "endTimestampMs" : "1527948455412"
      },
      "distance" : 4308,
      "activityType" : "IN_PASSENGER_VEHICLE",
      "confidence" : "LOW",
      "activities" : [ {
        "activityType" : "IN_PASSENGER_VEHICLE",
        "probability" : 46.350279668190986
      }, {
        "activityType" : "WALKING",
        "probability" : 33.47655860590367
      }, {
        "activityType" : "IN_BUS",
        "probability" : 15.442661221230274
      } ],
      "waypointPath" : {
        "waypoints" : [ {
          "latE7" : 558562469,
          "lngE7" : 374630355
        }, {
          "latE7" : 558499755,
          "lngE7" : 374740524
        }, {
          "latE7" : 558712539,
          "lngE7" : 374563941
        }, {
          "latE7" : 558659477,
          "lngE7" : 374626693
        }, {
          "latE7" : 558512001,
          "lngE7" : 374698181
        } ]
      },
      "simplifiedRawPath" : {
        "points" : [ {
          "latE7" : 558715688,
          "lngE7" : 374551204,
          "timestampMs" : "1527947083383",
          "accuracyMeters" : 32
        } ]
      },
      "editConfirmationStatus" : "NOT_CONFIRMED"
    }
  }, {
    "placeVisit" : {
      "location" : {
        "latitudeE7" : 558515894,
        "longitudeE7" : 374695232,
        "placeId" : "ChIJ9T81WAY4tUYRi05Hym6PG2U",
        "address" : "Ленинградское ш.\nМосква\nРоссия\n125195",
        "name" : "Park Severnogo Rechnogo Vokzala",
        "sourceInfo" : {
          "deviceTag" : 936760904
        },
        "locationConfidence" : 52.707657
      },
      "duration" : {
        "startTimestampMs" : "1527948455412",
        "endTimestampMs" : "1527949032478"
      },
      "placeConfidence" : "LOW_CONFIDENCE",
      "centerLatE7" : 558566500,
      "centerLngE7" : 374691550,
      "visitConfidence" : 88,
      "otherCandidateLocations" : [ {
        "latitudeE7" : 558558610,
        "longitudeE7" : 374703920,
        "placeId" : "ChIJ26A0qwU4tUYRdRyKep5Dh7M",
        "name" : "Magnolia",
        "locationConfidence" : 21.594463
      }, {
        "latitudeE7" : 558569070,
        "longitudeE7" : 374693800,
        "placeId" : "ChIJHVU4ngU4tUYRx_fFcRgEna0",
        "name" : "Severnyy rechnoy port",
        "locationConfidence" : 11.598737
      }, {
        "latitudeE7" : 558569750,
        "longitudeE7" : 374711131,
        "placeId" : "ChIJ9eBNEQU4tUYRN0vOlVrQ6nI",
        "name" : "Gidrovell",
        "locationConfidence" : 1.648658
      }, {
        "latitudeE7" : 558565659,
        "longitudeE7" : 374699456,
        "placeId" : "ChIJy7f2_jxItUYRWsk_ihdkHIY",
        "name" : "Isvim",
        "locationConfidence" : 1.1013058
      }, {
        "latitudeE7" : 558555762,
        "longitudeE7" : 374705422,
        "placeId" : "ChIJ13yvrwU4tUYRlshjkhWDyuQ",
        "name" : "Bolshevichka",
        "locationConfidence" : 1.0210532
      }, {
        "latitudeE7" : 558547420,
        "longitudeE7" : 374714712,
        "placeId" : "ChIJTbHLRwQ4tUYRFXCWrFck0Ec",
        "name" : "Красное&Белое",
        "locationConfidence" : 0.85521823
      }, {
        "latitudeE7" : 558581752,
        "longitudeE7" : 374687296,
        "placeId" : "ChIJVcY7YQU4tUYRxpOausDTSW0",
        "name" : "Магазин Stihl",
        "locationConfidence" : 0.8024411
      }, {
        "latitudeE7" : 558579183,
        "longitudeE7" : 374660544,
        "placeId" : "ChIJbwW5wI9MtUYRh7TnYdtkrNk",
        "name" : "Кухонные столешницы Лигрон",
        "locationConfidence" : 0.6536871
      }, {
        "latitudeE7" : 558578938,
        "longitudeE7" : 374690309,
        "placeId" : "ChIJpwRbWQW1SkERyv2cW31gbco",
        "name" : "Opel ZIP",
        "locationConfidence" : 0.6435787
      } ],
      "editConfirmationStatus" : "NOT_CONFIRMED"
    }
  }, {
    "activitySegment" : {
      "startLocation" : {
        "latitudeE7" : 558515894,
        "longitudeE7" : 374695232,
        "sourceInfo" : {
          "deviceTag" : 936760904
        }
      },
      "endLocation" : {
        "latitudeE7" : 558561379,
        "longitudeE7" : 374629375,
        "sourceInfo" : {
          "deviceTag" : 936760904
        }
      },
      "duration" : {
        "startTimestampMs" : "1527949032478",
        "endTimestampMs" : "1527949507540"
      },
      "distance" : 138,
      "activityType" : "WALKING",
      "confidence" : "HIGH",
      "activities" : [ {
        "activityType" : "WALKING",
        "probability" : 88.99294745625677
      }, {
        "activityType" : "IN_BUS",
        "probability" : 5.699653282466578
      }, {
        "activityType" : "IN_PASSENGER_VEHICLE",
        "probability" : 4.521208437632215
      } ],
      "waypointPath" : {
        "waypoints" : [ {
          "latE7" : 558516311,
          "lngE7" : 374694976
        }, {
          "latE7" : 558527145,
          "lngE7" : 374672546
        }, {
          "latE7" : 558561515,
          "lngE7" : 374630241
        } ]
      },
      "simplifiedRawPath" : {
        "points" : [ {
          "latE7" : 558561379,
          "lngE7" : 374629375,
          "timestampMs" : "1527949486755",
          "accuracyMeters" : 35
        } ]
      },
      "editConfirmationStatus" : "NOT_CONFIRMED"
    }
  }, {
    "activitySegment" : {
      "startLocation" : {
        "latitudeE7" : 558561379,
        "longitudeE7" : 374629375,
        "sourceInfo" : {
          "deviceTag" : 936760904
        }
      },
      "endLocation" : {
        "latitudeE7" : 558879621,
        "longitudeE7" : 374569860,
        "sourceInfo" : {
          "deviceTag" : 936760904
        }
      },
      "duration" : {
        "startTimestampMs" : "1527949507540",
        "endTimestampMs" : "1527984000000"
      },
      "activityType" : "UNKNOWN_ACTIVITY_TYPE",
      "activities" : [ {
        "activityType" : "UNKNOWN_ACTIVITY_TYPE",
        "probability" : 0.0
      } ],
      "simplifiedRawPath" : {
        "points" : [ {
          "latE7" : 558715688,
          "lngE7" : 374551204,
          "timestampMs" : "1527950651526",
          "accuracyMeters" : 32
        }, {
          "latE7" : 558798260,
          "lngE7" : 374587825,
          "timestampMs" : "1527950931549",
          "accuracyMeters" : 319
        }, {
          "latE7" : 558879621,
          "lngE7" : 374569860,
          "timestampMs" : "1527951239088",
          "accuracyMeters" : 27
        }, {
          "latE7" : 558976758,
          "lngE7" : 374674213,
          "timestampMs" : "1527951601594",
          "accuracyMeters" : 64
        }, {
          "latE7" : 559054456,
          "lngE7" : 374678550,
          "timestampMs" : "1527951880431",
          "accuracyMeters" : 127
        }, {
          "latE7" : 559053463,
          "lngE7" : 374688831,
          "timestampMs" : "1527951900444",
          "accuracyMeters" : 116
        }, {
          "latE7" : 559115822,
          "lngE7" : 374800238,
          "timestampMs" : "1527952186158",
          "accuracyMeters" : 117
        }, {
          "latE7" : 559254993,
          "lngE7" : 374880584,
          "timestampMs" : "1527952775989",
          "accuracyMeters" : 113
        }, {
          "latE7" : 559363299,
          "lngE7" : 374854383,
          "timestampMs" : "1527953089297",
          "accuracyMeters" : 120
        }, {
          "latE7" : 559665884,
          "lngE7" : 375262810,
          "timestampMs" : "1527954932741",
          "accuracyMeters" : 244
        }, {
          "latE7" : 559868360,
          "lngE7" : 375611489,
          "timestampMs" : "1527955501093",
          "accuracyMeters" : 350
        } ]
      }
    }
  }, {
    "activitySegment" : {
      "startLocation" : {
        "latitudeE7" : 558879621,
        "longitudeE7" : 374569860,
        "sourceInfo" : {
          "deviceTag" : 936760904
        }
      },
      "endLocation" : {
        "latitudeE7" : 568844581,
        "longitudeE7" : 374049055,
        "sourceInfo" : {
          "deviceTag" : 936760904
        }
      },
      "duration" : {
        "startTimestampMs" : "1527984000000",
        "endTimestampMs" : "1528004305179"
      },
      "distance" : 112245,
      "activityType" : "IN_PASSENGER_VEHICLE",
      "confidence" : "MEDIUM",
      "activities" : [ {
        "activityType" : "IN_PASSENGER_VEHICLE",
        "probability" : 69.18085815163067
      }, {
        "activityType" : "WALKING",
        "probability" : 20.18346048166175
      }, {
        "activityType" : "CYCLING",
        "probability" : 3.4400848739943988
      } ],
      "waypointPath" : {
        "waypoints" : [ {
          "latE7" : 558881225,
          "lngE7" : 374573211
        }, {
          "latE7" : 558825111,
          "lngE7" : 374540519
        }, {
          "latE7" : 559552612,
          "lngE7" : 375111541
        }, {
          "latE7" : 561517219,
          "lngE7" : 374877281
        }, {
          "latE7" : 568864936,
          "lngE7" : 374052772
        } ]
      },
      "editConfirmationStatus" : "NOT_CONFIRMED"
    }
  }, {
    "activitySegment" : {
      "startLocation" : {
        "latitudeE7" : 580243450,
        "longitudeE7" : 390795905,
        "sourceInfo" : {
          "deviceTag" : 936760904
        }
      },
      "endLocation" : {
        "latitudeE7" : 598607107,
        "longitudeE7" : 304951291,
        "sourceInfo" : {
          "deviceTag" : 936760904
        }
      },
      "duration" : {
        "startTimestampMs" : "1528114272945",
        "endTimestampMs" : "1528117608452"
      },
      "distance" : 532613,
      "activityType" : "IN_PASSENGER_VEHICLE",
      "confidence" : "MEDIUM",
      "activities" : [ {
        "activityType" : "IN_PASSENGER_VEHICLE",
        "probability" : 71.27437354349595
      }, {
        "activityType" : "FLYING",
        "probability" : 16.73931864355406
      }, {
        "activityType" : "WALKING",
        "probability" : 8.168590656701669
      } ],
      "waypointPath" : {
        "waypoints" : [ {
          "latE7" : 580219955,
          "lngE7" : 390841827
        }, {
          "latE7" : 598961868,
          "lngE7" : 306728019
        }, {
          "latE7" : 598609428,
          "lngE7" : 304960136
        } ]
      },
      "editConfirmationStatus" : "NOT_CONFIRMED"
    }
  }, {
    "activitySegment" : {
      "startLocation" : {
        "latitudeE7" : 598607274,
        "longitudeE7" : 304978727,
        "sourceInfo" : {
          "deviceTag" : 936760904
        }
      },
      "endLocation" : {
        "latitudeE7" : 607121165,
        "longitudeE7" : 371302488,
        "sourceInfo" : {
          "deviceTag" : 936760904
        }
      },
      "duration" : {
        "startTimestampMs" : "1528117860358",
        "endTimestampMs" : "1528118233229"
      },
      "distance" : 1752,
      "activityType" : "IN_PASSENGER_VEHICLE",
      "confidence" : "MEDIUM",
      "activities" : [ {
        "activityType" : "IN_PASSENGER_VEHICLE",
        "probability" : 75.14990210482159
      }, {
        "activityType" : "WALKING",
        "probability" : 16.943119180868226
      }, {
        "activityType" : "FLYING",
        "probability" : 2.005170909782984
      } ],
      "waypointPath" : {
        "waypoints" : [ {
          "latE7" : 598608589,
          "lngE7" : 304981842
        }, {
          "latE7" : 598956298,
          "lngE7" : 306694545
        }, {
          "latE7" : 607285041,
          "lngE7" : 371355743
        } ]
      },
      "editConfirmationStatus" : "NOT_CONFIRMED"
    }
  }, {
    "activitySegment" : {
      "startLocation" : {
        "latitudeE7" : 607121165,
        "longitudeE7" : 371302488,
        "sourceInfo" : {
          "deviceTag" : 936760904
        }
      },
      "endLocation" : {
        "latitudeE7" : 607431747,
        "longitudeE7" : 371147594,
        "sourceInfo" : {
          "deviceTag" : 936760904
        }
      },
      "duration" : {
        "startTimestampMs" : "1528224736010",
        "endTimestampMs" : "1528225888482"
      },
      "distance" : 4124,
      "activityType" : "SKIING",
      "confidence" : "LOW",
      "activities" : [ {
        "activityType" : "SKIING",
        "probability" : 41.17915792792974
      }, {
        "activityType" : "CYCLING",
        "probability" : 35.828971925414635
      }, {
        "activityType" : "BOATING",
        "probability" : 7.670959911995897
      } ],
      "simplifiedRawPath" : {
        "points" : [ {
          "latE7" : 607236567,
          "lngE7" : 371270090,
          "timestampMs" : "1528225046010",
          "accuracyMeters" : 12
        }, {
          "latE7" : 607298057,
          "lngE7" : 371260989,
          "timestampMs" : "1528225263009",
          "accuracyMeters" : 10
        }, {
          "latE7" : 607467702,
          "lngE7" : 371112487,
          "timestampMs" : "1528225873482",
          "accuracyMeters" : 10
        } ]
      },
      "editConfirmationStatus" : "NOT_CONFIRMED"
    }
  }, {
    "activitySegment" : {
      "startLocation" : {
        "latitudeE7" : 607473661,
        "longitudeE7" : 371110568,
        "sourceInfo" : {
          "deviceTag" : 936760904
        }
      },
      "endLocation" : {
        "latitudeE7" : 607431747,
        "longitudeE7" : 371147594,
        "sourceInfo" : {
          "deviceTag" : 936760904
        }
      },
      "duration" : {
        "startTimestampMs" : "1528225888482",
        "endTimestampMs" : "1528228233238"
      },
      "distance" : 507,
      "activityType" : "IN_PASSENGER_VEHICLE",
      "confidence" : "MEDIUM",
      "activities" : [ {
        "activityType" : "IN_PASSENGER_VEHICLE",
        "probability" : 66.63240825984357
      }, {
        "activityType" : "WALKING",
        "probability" : 21.56315879545882
      }, {
        "activityType" : "SKIING",
        "probability" : 3.9775772704280037
      } ],
      "waypointPath" : {
        "waypoints" : [ {
          "latE7" : 607448997,
          "lngE7" : 370970191
        }, {
          "latE7" : 607358856,
          "lngE7" : 371199455
        }, {
          "latE7" : 607361755,
          "lngE7" : 371210250
        } ]
      },
      "editConfirmationStatus" : "NOT_CONFIRMED"
    }
  }, {
    "activitySegment" : {
      "startLocation" : {
        "latitudeE7" : 607431747,
        "longitudeE7" : 371147594,
        "sourceInfo" : {
          "deviceTag" : 936760904
        }
      },
      "endLocation" : {
        "latitudeE7" : 614274477,
        "longitudeE7" : 357759415,
        "sourceInfo" : {
          "deviceTag" : 936760904
        }
      },
      "duration" : {
        "startTimestampMs" : "1528228233238",
        "endTimestampMs" : "1528268422568"
      },
      "distance" : 178975,
      "activityType" : "IN_FERRY",
      "confidence" : "LOW",
      "activities" : [ {
        "activityType" : "IN_FERRY",
        "probability" : 30.85908873125401
      }, {
        "activityType" : "BOATING",
        "probability" : 29.88131756516461
      }, {
        "activityType" : "IN_PASSENGER_VEHICLE",
        "probability" : 27.99690204539931
      } ],
      "simplifiedRawPath" : {
        "points" : [ {
          "latE7" : 607303838,
          "lngE7" : 371260522,
          "timestampMs" : "1528228839344",
          "accuracyMeters" : 41
        }, {
          "latE7" : 607414797,
          "lngE7" : 371154555,
          "timestampMs" : "1528229290535",
          "accuracyMeters" : 10
        }, {
          "latE7" : 610941151,
          "lngE7" : 363013693,
          "timestampMs" : "1528257550315",
          "accuracyMeters" : 128
        }, {
          "latE7" : 610960662,
          "lngE7" : 362909185,
          "timestampMs" : "1528257686148",
          "accuracyMeters" : 16
        }, {
          "latE7" : 611040765,
          "lngE7" : 362691789,
          "timestampMs" : "1528257957148",
          "accuracyMeters" : 24
        }, {
          "latE7" : 611771248,
          "lngE7" : 361543725,
          "timestampMs" : "1528259688694",
          "accuracyMeters" : 250
        }, {
          "latE7" : 613365498,
          "lngE7" : 359150788,
          "timestampMs" : "1528266915894",
          "accuracyMeters" : 328
        }, {
          "latE7" : 613626378,
          "lngE7" : 358743018,
          "timestampMs" : "1528267455356",
          "accuracyMeters" : 370
        }, {
          "latE7" : 613767451,
          "lngE7" : 358548340,
          "timestampMs" : "1528267769449",
          "accuracyMeters" : 203
        }, {
          "latE7" : 614038082,
          "lngE7" : 358115099,
          "timestampMs" : "1528268415467",
          "accuracyMeters" : 346
        } ]
      },
      "editConfirmationStatus" : "NOT_CONFIRMED"
    }
  }, {
    "activitySegment" : {
      "startLocation" : {
        "latitudeE7" : 614274477,
        "longitudeE7" : 357759415,
        "sourceInfo" : {
          "deviceTag" : 936760904
        }
      },
      "endLocation" : {
        "latitudeE7" : 615196660,
        "longitudeE7" : 356355679,
        "sourceInfo" : {
          "deviceTag" : 936760904
        }
      },
      "duration" : {
        "startTimestampMs" : "1528268422568",
        "endTimestampMs" : "1528271297339"
      },
      "activityType" : "UNKNOWN_ACTIVITY_TYPE",
      "activities" : [ {
        "activityType" : "UNKNOWN_ACTIVITY_TYPE",
        "probability" : 0.0
      } ],
      "simplifiedRawPath" : {
        "points" : [ {
          "latE7" : 614038082,
          "lngE7" : 358115099,
          "timestampMs" : "1528268446637",
          "accuracyMeters" : 346
        }, {
          "latE7" : 615068588,
          "lngE7" : 356546753,
          "timestampMs" : "1528270835618",
          "accuracyMeters" : 465
        } ]
      }
    }
  }, {
    "activitySegment" : {
      "startLocation" : {
        "latitudeE7" : 615196660,
        "longitudeE7" : 356355679,
        "sourceInfo" : {
          "deviceTag" : 936760904
        }
      },
      "endLocation" : {
        "latitudeE7" : 618208841,
        "longitudeE7" : 351745513,
        "sourceInfo" : {
          "deviceTag" : 936760904
        }
      },
      "duration" : {
        "startTimestampMs" : "1528271297339",
        "endTimestampMs" : "1528274348780"
      },
      "distance" : 41402,
      "activityType" : "IN_PASSENGER_VEHICLE",
      "confidence" : "MEDIUM",
      "activities" : [ {
        "activityType" : "IN_PASSENGER_VEHICLE",
        "probability" : 64.42244654663631
      }, {
        "activityType" : "WALKING",
        "probability" : 19.242492786799318
      }, {
        "activityType" : "BOATING",
        "probability" : 5.8879777731068765
      } ],
      "editConfirmationStatus" : "NOT_CONFIRMED"
    }
  }, {
    "activitySegment" : {
      "startLocation" : {
        "latitudeE7" : 618208841,
        "longitudeE7" : 351745513,
        "sourceInfo" : {
          "deviceTag" : 936760904
        }
      },
      "endLocation" : {
        "latitudeE7" : 618288686,
        "longitudeE7" : 351625549,
        "sourceInfo" : {
          "deviceTag" : 936760904
        }
      },
      "duration" : {
        "startTimestampMs" : "1528274788481",
        "endTimestampMs" : "1528275971937"
      },
      "distance" : 8557,
      "activityType" : "IN_PASSENGER_VEHICLE",
      "confidence" : "LOW",
      "activities" : [ {
        "activityType" : "IN_PASSENGER_VEHICLE",
        "probability" : 30.991675190933947
      }, {
        "activityType" : "BOATING",
        "probability" : 26.111224674753558
      }, {
        "activityType" : "WALKING",
        "probability" : 22.350680495574814
      } ],
      "editConfirmationStatus" : "NOT_CONFIRMED"
    }
  }, {
    "activitySegment" : {
      "startLocation" : {
        "latitudeE7" : 618288686,
        "longitudeE7" : 351625549,
        "sourceInfo" : {
          "deviceTag" : 936760904
        }
      },
      "endLocation" : {
        "latitudeE7" : 605582821,
        "longitudeE7" : 322002153
      },
      "duration" : {
        "startTimestampMs" : "1528275971937",
        "endTimestampMs" : "1528386891133"
      },
      "activityType" : "UNKNOWN_ACTIVITY_TYPE",
      "activities" : [ {
        "activityType" : "UNKNOWN_ACTIVITY_TYPE",
        "probability" : 0.0
      } ],
      "simplifiedRawPath" : {
        "points" : [ {
          "latE7" : 617696422,
          "lngE7" : 352512179,
          "timestampMs" : "1528276825351",
          "accuracyMeters" : 128
        }, {
          "latE7" : 617999110,
          "lngE7" : 352064170,
          "timestampMs" : "1528277514282",
          "accuracyMeters" : 24
        }, {
          "latE7" : 618105948,
          "lngE7" : 351887408,
          "timestampMs" : "1528277790273",
          "accuracyMeters" : 96
        }, {
          "latE7" : 618208841,
          "lngE7" : 351745513,
          "timestampMs" : "1528278025278",
          "accuracyMeters" : 64
        }, {
          "latE7" : 618358047,
          "lngE7" : 351503714,
          "timestampMs" : "1528278376193",
          "accuracyMeters" : 48
        }, {
          "latE7" : 618695271,
          "lngE7" : 350997977,
          "timestampMs" : "1528279458755",
          "accuracyMeters" : 55
        }, {
          "latE7" : 620742861,
          "lngE7" : 352185908,
          "timestampMs" : "1528295469113",
          "accuracyMeters" : 10
        }, {
          "latE7" : 615071212,
          "lngE7" : 354605912,
          "timestampMs" : "1528308642508",
          "accuracyMeters" : 48
        }, {
          "latE7" : 614920262,
          "lngE7" : 354755218,
          "timestampMs" : "1528308937230",
          "accuracyMeters" : 10
        }, {
          "latE7" : 615071212,
          "lngE7" : 354605912,
          "timestampMs" : "1528312202374",
          "accuracyMeters" : 85
        }, {
          "latE7" : 613994082,
          "lngE7" : 355687012,
          "timestampMs" : "1528314287455",
          "accuracyMeters" : 48
        }, {
          "latE7" : 606544492,
          "lngE7" : 326128697,
          "timestampMs" : "1528380375268",
          "accuracyMeters" : 96
        }, {
          "latE7" : 606548036,
          "lngE7" : 325206425,
          "timestampMs" : "1528381213913",
          "accuracyMeters" : 32
        }, {
          "latE7" : 606528523,
          "lngE7" : 324986367,
          "timestampMs" : "1528381431901",
          "accuracyMeters" : 10
        }, {
          "latE7" : 605743308,
          "lngE7" : 322507832,
          "timestampMs" : "1528384149900",
          "accuracyMeters" : 24
        }, {
          "latE7" : 605724486,
          "lngE7" : 322429935,
          "timestampMs" : "1528384226781",
          "accuracyMeters" : 128
        } ]
      }
    }
  }, {
    "activitySegment" : {
      "startLocation" : {
        "latitudeE7" : 605582821,
        "longitudeE7" : 322002153
      },
      "endLocation" : {
        "latitudeE7" : 605575607,
        "longitudeE7" : 321979449
      },
      "duration" : {
        "startTimestampMs" : "1528386891133",
        "endTimestampMs" : "1528387075466"
      },
      "distance" : 119,
      "activityType" : "IN_PASSENGER_VEHICLE",
      "confidence" : "MEDIUM",
      "activities" : [ {
        "activityType" : "IN_PASSENGER_VEHICLE",
        "probability" : 76.56070589709859
      }, {
        "activityType" : "WALKING",
        "probability" : 14.300704799172092
      }, {
        "activityType" : "CYCLING",
        "probability" : 4.791632420891242
      } ],
      "editConfirmationStatus" : "NOT_CONFIRMED"
    }
  }, {
    "activitySegment" : {
      "startLocation" : {
        "latitudeE7" : 605575607,
        "longitudeE7" : 321979449
      },
      "endLocation" : {
        "latitudeE7" : 599065853,
        "longitudeE7" : 303885876
      },
      "duration" : {
        "startTimestampMs" : "1528387075466",
        "endTimestampMs" : "1528475982153"
      },
      "activityType" : "UNKNOWN_ACTIVITY_TYPE",
      "activities" : [ {
        "activityType" : "UNKNOWN_ACTIVITY_TYPE",
        "probability" : 0.0
      } ],
      "simplifiedRawPath" : {
        "points" : [ {
          "latE7" : 605801743,
          "lngE7" : 322681378,
          "timestampMs" : "1528387530600",
          "accuracyMeters" : 200
        }, {
          "latE7" : 605542657,
          "lngE7" : 321875772,
          "timestampMs" : "1528388368398",
          "accuracyMeters" : 81
        }, {
          "latE7" : 598607633,
          "lngE7" : 304948766,
          "timestampMs" : "1528432842829",
          "accuracyMeters" : 32
        }, {
          "latE7" : 598954363,
          "lngE7" : 304359143,
          "timestampMs" : "1528472235378",
          "accuracyMeters" : 32
        }, {
          "latE7" : 599130769,
          "lngE7" : 303749203,
          "timestampMs" : "1528472721998",
          "accuracyMeters" : 96
        } ]
      }
    }
  }, {
    "activitySegment" : {
      "startLocation" : {
        "latitudeE7" : 599065853,
        "longitudeE7" : 303885876
      },
      "endLocation" : {
        "latitudeE7" : 599054713,
        "longitudeE7" : 303909320
      },
      "duration" : {
        "startTimestampMs" : "1528475982153",
        "endTimestampMs" : "1528476250190"
      },
      "distance" : 153,
      "activityType" : "IN_PASSENGER_VEHICLE",
      "confidence" : "MEDIUM",
      "activities" : [ {
        "activityType" : "IN_PASSENGER_VEHICLE",
        "probability" : 83.71265002848833
      }, {
        "activityType" : "WALKING",
        "probability" : 13.358153779109728
      }, {
        "activityType" : "IN_BUS",
        "probability" : 1.8287742315579205
      } ],
      "waypointPath" : {
        "waypoints" : [ {
          "latE7" : 599052848,
          "lngE7" : 303902835
        }, {
          "latE7" : 599052009,
          "lngE7" : 303910999
        }, {
          "latE7" : 599053115,
          "lngE7" : 303912181
        } ]
      },
      "editConfirmationStatus" : "NOT_CONFIRMED"
    }
  }, {
    "activitySegment" : {
      "startLocation" : {
        "latitudeE7" : 599038463,
        "longitudeE7" : 303943516
      },
      "endLocation" : {
        "latitudeE7" : 599031567,
        "longitudeE7" : 303958025
      },
      "duration" : {
        "startTimestampMs" : "1528477863759",
        "endTimestampMs" : "1528479281644"
      },
      "distance" : 111,
      "activityType" : "IN_PASSENGER_VEHICLE",
      "confidence" : "MEDIUM",
      "activities" : [ {
        "activityType" : "IN_PASSENGER_VEHICLE",
        "probability" : 61.389937401807636
      }, {
        "activityType" : "WALKING",
        "probability" : 28.944454201631554
      }, {
        "activityType" : "CYCLING",
        "probability" : 3.8386816090184426
      } ],
      "waypointPath" : {
        "waypoints" : [ {
          "latE7" : 599030036,
          "lngE7" : 303936462
        }, {
          "latE7" : 599027137,
          "lngE7" : 303950233
        }, {
          "latE7" : 599031410,
          "lngE7" : 303958435
        } ]
      },
      "editConfirmationStatus" : "NOT_CONFIRMED"
    }
  }, {
    "activitySegment" : {
      "startLocation" : {
        "latitudeE7" : 599015052,
        "longitudeE7" : 303992772,
        "sourceInfo" : {
          "deviceTag" : 936760904
        }
      },
      "endLocation" : {
        "latitudeE7" : 598607870,
        "longitudeE7" : 304977483,
        "placeId" : "ChIJiXpUGBkvlkYRjuiiJ7qmHHw",
        "address" : "Октябрьская набережная, 122, к. 1, Санкт-Петербург, Россия, 195149",
        "name" : "Utkina Zavod'",
        "sourceInfo" : {
          "deviceTag" : 936760904
        },
        "locationConfidence" : 76.36655
      },
      "duration" : {
        "startTimestampMs" : "1528482115446",
        "endTimestampMs" : "1528483010470"
      },
      "activityType" : "IN_PASSENGER_VEHICLE",
      "confidence" : "MEDIUM",
      "activities" : [ {
        "activityType" : "IN_PASSENGER_VEHICLE",
        "probability" : 76.12664643426247
      }, {
        "activityType" : "IN_BUS",
        "probability" : 18.185919468021
      }, {
        "activityType" : "WALKING",
        "probability" : 3.6695123586142318
      } ],
      "waypointPath" : {
        "waypoints" : [ {
          "latE7" : 599014968,
          "lngE7" : 303994331
        }, {
          "latE7" : 598789901,
          "lngE7" : 304586887
        }, {
          "latE7" : 598604965,
          "lngE7" : 304971866
        } ]
      },
      "simplifiedRawPath" : {
        "points" : [ {
          "latE7" : 598790206,
          "lngE7" : 304598096,
          "timestampMs" : "1528482682462",
          "accuracyMeters" : 64
        } ]
      },
      "editConfirmationStatus" : "NOT_CONFIRMED"
    }
  }, {
    "placeVisit" : {
      "location" : {
        "latitudeE7" : 598607870,
        "longitudeE7" : 304977483,
        "placeId" : "ChIJiXpUGBkvlkYRjuiiJ7qmHHw",
        "address" : "Октябрьская набережная, 122, к. 1, Санкт-Петербург, Россия, 195149",
        "name" : "Utkina Zavod'",
        "sourceInfo" : {
          "deviceTag" : 936760904
        },
        "locationConfidence" : 76.36655
      },
      "duration" : {
        "startTimestampMs" : "1528483010470",
        "endTimestampMs" : "1528577350140"
      },
      "placeConfidence" : "MEDIUM_CONFIDENCE",
      "centerLatE7" : 598607660,
      "centerLngE7" : 304948433,
      "visitConfidence" : 85,
      "otherCandidateLocations" : [ {
        "latitudeE7" : 598605884,
        "longitudeE7" : 304959138,
        "placeId" : "ChIJxUYY-D0vlkYRAWQm2YSgwMQ",
        "name" : "Solyanaya Pristan'",
        "locationConfidence" : 6.3541927
      }, {
        "latitudeE7" : 598606630,
        "longitudeE7" : 304960880,
        "placeId" : "ChIJGbKW9z0vlkYROs59V-NP0M8",
        "name" : "Kont",
        "locationConfidence" : 4.194066
      }, {
        "latitudeE7" : 598613860,
        "longitudeE7" : 304962610,
        "placeId" : "ChIJj5_cIRYvlkYR9mVG-sAftlY",
        "name" : "Zhilgorodok",
        "locationConfidence" : 3.226018
      }, {
        "latitudeE7" : 598594917,
        "longitudeE7" : 304989374,
        "placeId" : "ChIJi0YAmD4vlkYR9NYBWttmDYw",
        "name" : "Solyanoy sklad",
        "locationConfidence" : 2.3465247
      }, {
        "latitudeE7" : 598606320,
        "longitudeE7" : 304966840,
        "placeId" : "ChIJqfvX8D0vlkYR3OMxTC-Qw2E",
        "name" : "Zhilgorodok",
        "locationConfidence" : 1.3931261
      }, {
        "latitudeE7" : 598621176,
        "longitudeE7" : 304997528,
        "placeId" : "ChIJ1fvN8T0vlkYR59Nqj7SlZfs",
        "name" : "hit Smile",
        "locationConfidence" : 1.1634763
      }, {
        "latitudeE7" : 598625918,
        "longitudeE7" : 304952848,
        "placeId" : "ChIJQ8zbSRYvlkYRW6RibZ8XY8c",
        "name" : "Rusanovskaya St",
        "locationConfidence" : 1.1061257
      }, {
        "latitudeE7" : 598628020,
        "longitudeE7" : 304979810,
        "placeId" : "ChIJN1DPOBYvlkYRSFlNrXEXEao",
        "name" : "Medved",
        "locationConfidence" : 0.91774225
      }, {
        "latitudeE7" : 598628830,
        "longitudeE7" : 304947420,
        "placeId" : "ChIJO_mRSxYvlkYRes7QpGGImWM",
        "name" : "Rusanovskaya St",
        "locationConfidence" : 0.45517415
      } ],
      "editConfirmationStatus" : "NOT_CONFIRMED"
    }
  }, {
    "activitySegment" : {
      "startLocation" : {
        "latitudeE7" : 598607660,
        "longitudeE7" : 304948433
      },
      "endLocation" : {
        "latitudeE7" : -257915599,
        "longitudeE7" : 282620721,
        "sourceInfo" : {
          "deviceTag" : 936760904
        }
      },
      "duration" : {
        "startTimestampMs" : "1528577350140",
        "endTimestampMs" : "1529068965831"
      },
      "activityType" : "UNKNOWN_ACTIVITY_TYPE",
      "activities" : [ {
        "activityType" : "UNKNOWN_ACTIVITY_TYPE",
        "probability" : 0.0
      } ],
      "simplifiedRawPath" : {
        "points" : [ {
          "latE7" : -257910795,
          "lngE7" : 282627355,
          "timestampMs" : "1529068933000",
          "accuracyMeters" : 10
        } ]
      }
    }
  }, {
    "activitySegment" : {
      "startLocation" : {
        "latitudeE7" : -257915599,
        "longitudeE7" : 282620721,
        "sourceInfo" : {
          "deviceTag" : 936760904
        }
      },
      "endLocation" : {
        "latitudeE7" : -257157174,
        "longitudeE7" : 282583990,
        "sourceInfo" : {
          "deviceTag" : 936760904
        }
      },
      "duration" : {
        "startTimestampMs" : "1529068965831",
        "endTimestampMs" : "1529077031319"
      },
      "distance" : 8900,
      "activityType" : "IN_PASSENGER_VEHICLE",
      "confidence" : "HIGH",
      "activities" : [ {
        "activityType" : "IN_PASSENGER_VEHICLE",
        "probability" : 95.32410118382502
      }, {
        "activityType" : "WALKING",
        "probability" : 3.265128000305996
      }, {
        "activityType" : "IN_BUS",
        "probability" : 0.5776089105626117
      } ],
      "waypointPath" : {
        "waypoints" : [ {
          "latE7" : -257915458,
          "lngE7" : 282620601
        }, {
          "latE7" : -257603225,
          "lngE7" : 282750759
        }, {
          "latE7" : -257157115,
          "lngE7" : 282583980
        } ]
      },
      "editConfirmationStatus" : "NOT_CONFIRMED"
    }
  }, {
    "placeVisit" : {
      "location" : {
        "latitudeE7" : -257162228,
        "longitudeE7" : 282578106,
        "placeId" : "ChIJSfliSoHfvx4RI5qQZawZ2-c",
        "address" : "6 Jeanette St\nKilner Park\nPretoria\n0186\nSouth Africa",
        "name" : "6 Jeanette St",
        "sourceInfo" : {
          "deviceTag" : 936760904
        },
        "locationConfidence" : 78.98249
      },
      "duration" : {
        "startTimestampMs" : "1529077031319",
        "endTimestampMs" : "1529078577475"
      },
      "placeConfidence" : "MEDIUM_CONFIDENCE",
      "centerLatE7" : -257159214,
      "centerLngE7" : 282584841,
      "visitConfidence" : 84,
      "otherCandidateLocations" : [ {
        "latitudeE7" : -257159810,
        "longitudeE7" : 282583170,
        "placeId" : "ChIJSfliSoHfvx4RmUBO5uU3Jig",
        "name" : "eezi kitchenz",
        "locationConfidence" : 16.325756
      }, {
        "latitudeE7" : -257157139,
        "longitudeE7" : 282555770,
        "placeId" : "ChIJ4aJ3goHfvx4RAWUmtsiSc3A",
        "name" : "Faroma",
        "locationConfidence" : 1.1722634
      }, {
        "latitudeE7" : -257149499,
        "longitudeE7" : 282610100,
        "placeId" : "ChIJLQcnj4bfvx4Rp20m8YwzXRo",
        "name" : "Nederduitse Gereformeerde Kerk - Noordoos-Pretoria",
        "locationConfidence" : 0.63305956
      }, {
        "latitudeE7" : -256931099,
        "longitudeE7" : 282965048,
        "placeId" : "ChIJOSU3mbVhlR4R0JvqJW9tmKk",
        "name" : "Hartbeesspruit",
        "locationConfidence" : 0.43258902
      }, {
        "latitudeE7" : -257154280,
        "longitudeE7" : 282594000,
        "placeId" : "ChIJvwkuuobfvx4Rwpt0xonPL1I",
        "name" : "Manhattan Auto (Pty) Ltd",
        "locationConfidence" : 0.34875512
      }, {
        "latitudeE7" : -257158020,
        "longitudeE7" : 282614530,
        "placeId" : "ChIJ50efWIbfvx4RBZHCJ5PepKI",
        "name" : "AutoArtServices",
        "locationConfidence" : 0.33982322
      }, {
        "latitudeE7" : -257148170,
        "longitudeE7" : 282561720,
        "placeId" : "ChIJ02ku14Pfvx4R_yPOS8rJKcU",
        "name" : "Aquila Corner",
        "locationConfidence" : 0.2753156
      }, {
        "latitudeE7" : -257164801,
        "longitudeE7" : 282560940,
        "placeId" : "ChIJaT-mc4Hfvx4RzWUCC8Z-na0",
        "name" : "Automerc",
        "locationConfidence" : 0.24817073
      }, {
        "latitudeE7" : -257146790,
        "longitudeE7" : 282569690,
        "placeId" : "ChIJF6YT3oPfvx4RWe8ZUfZuGmM",
        "name" : "Our Place Guest House",
        "locationConfidence" : 0.21687828
      } ],
      "editConfirmationStatus" : "NOT_CONFIRMED"
    }
  }, {
    "activitySegment" : {
      "startLocation" : {
        "latitudeE7" : -257162228,
        "longitudeE7" : 282578106,
        "sourceInfo" : {
          "deviceTag" : 936760904
        }
      },
      "endLocation" : {
        "latitudeE7" : -257117893,
        "longitudeE7" : 282603808,
        "sourceInfo" : {
          "deviceTag" : 936760904
        }
      },
      "duration" : {
        "startTimestampMs" : "1529078577475",
        "endTimestampMs" : "1529078744524"
      },
      "distance" : 903,
      "activityType" : "IN_PASSENGER_VEHICLE",
      "confidence" : "HIGH",
      "activities" : [ {
        "activityType" : "IN_PASSENGER_VEHICLE",
        "probability" : 98.07739756879403
      }, {
        "activityType" : "WALKING",
        "probability" : 1.640835888586023
      }, {
        "activityType" : "MOTORCYCLING",
        "probability" : 0.14594584978724348
      } ],
      "waypointPath" : {
        "waypoints" : [ {
          "latE7" : -257162208,
          "lngE7" : 282578411
        }, {
          "latE7" : -257118511,
          "lngE7" : 282612991
        }, {
          "latE7" : -257116127,
          "lngE7" : 282603683
        } ]
      },
      "simplifiedRawPath" : {
        "points" : [ {
          "latE7" : -257108547,
          "lngE7" : 282627029,
          "timestampMs" : "1529078666140",
          "accuracyMeters" : 72
        } ]
      },
      "editConfirmationStatus" : "NOT_CONFIRMED"
    }
  }, {
    "placeVisit" : {
      "location" : {
        "latitudeE7" : -257117893,
        "longitudeE7" : 282603808,
        "placeId" : "ChIJP_w3WYTfvx4RpzCmpUYKFDo",
        "address" : "330 Anna Wilson St\nKilner Park\nPretoria\n0186\nSouth Africa",
        "name" : "Sasol Stormvoel",
        "sourceInfo" : {
          "deviceTag" : 936760904
        },
        "locationConfidence" : 59.78628
      },
      "duration" : {
        "startTimestampMs" : "1529078744524",
        "endTimestampMs" : "1529079557915"
      },
      "placeConfidence" : "LOW_CONFIDENCE",
      "centerLatE7" : -257116433,
      "centerLngE7" : 282606692,
      "visitConfidence" : 90,
      "otherCandidateLocations" : [ {
        "latitudeE7" : -257117498,
        "longitudeE7" : 282605814,
        "placeId" : "ChIJP_w3WYTfvx4RpzCmpUYKFDo",
        "name" : "Sasol Stormvoel",
        "locationConfidence" : 27.0982
      }, {
        "latitudeE7" : -257112663,
        "longitudeE7" : 282612160,
        "placeId" : "ChIJm8JAbOdflR4RQigXw5kyG1U",
        "name" : "KFC Stormvoel Road",
        "locationConfidence" : 6.484245
      }, {
        "latitudeE7" : -257108651,
        "longitudeE7" : 282627317,
        "placeId" : "ChIJYcHXCoXfvx4RQ-HKLHwA3zI",
        "name" : "Total Waverley Service Station",
        "locationConfidence" : 2.5685327
      }, {
        "latitudeE7" : -257117939,
        "longitudeE7" : 282609340,
        "placeId" : "ChIJGzswUYTfvx4RuIANDkRR_4E",
        "name" : "KFC",
        "locationConfidence" : 1.354411
      }, {
        "latitudeE7" : -257116273,
        "longitudeE7" : 282617096,
        "placeId" : "ChIJHzWwr4Xfvx4RA-Zu-funKzs",
        "name" : "Kilnerpark Kwekery",
        "locationConfidence" : 0.87635416
      }, {
        "latitudeE7" : -257110779,
        "longitudeE7" : 282635534,
        "placeId" : "ChIJeVnud4Xfvx4R_-RWblRjws4",
        "name" : "Steers Total Waverley",
        "locationConfidence" : 0.7485167
      }, {
        "latitudeE7" : -257108320,
        "longitudeE7" : 282620636,
        "placeId" : "ChIJNQyo_YTfvx4R2B9UJWUpBvk",
        "name" : "WAVERLEY CAR WASH & VALET",
        "locationConfidence" : 0.28547746
      }, {
        "latitudeE7" : -257108409,
        "longitudeE7" : 282612940,
        "placeId" : "ChIJNQyo_YTfvx4RCmJ0FlmzCRk",
        "name" : "Bonjour",
        "locationConfidence" : 0.15648763
      }, {
        "latitudeE7" : -257108830,
        "longitudeE7" : 282612840,
        "placeId" : "ChIJAdOx_YTfvx4RtW6gTvWLRzs",
        "name" : "Waverley Trailers",
        "locationConfidence" : 0.15595357
      } ],
      "editConfirmationStatus" : "NOT_CONFIRMED"
    }
  }, {
    "activitySegment" : {
      "startLocation" : {
        "latitudeE7" : -257116433,
        "longitudeE7" : 282606692
      },
      "endLocation" : {
        "latitudeE7" : -258561692,
        "longitudeE7" : 281624402,
        "sourceInfo" : {
          "deviceTag" : 936760904
        }
      },
      "duration" : {
        "startTimestampMs" : "1529079557915",
        "endTimestampMs" : "1529383556950"
      },
      "activityType" : "UNKNOWN_ACTIVITY_TYPE",
      "activities" : [ {
        "activityType" : "UNKNOWN_ACTIVITY_TYPE",
        "probability" : 0.0
      } ],
      "simplifiedRawPath" : {
        "points" : [ {
          "latE7" : -258563073,
          "lngE7" : 281629979,
          "timestampMs" : "1529081996016",
          "accuracyMeters" : 96
        }, {
          "latE7" : -258557068,
          "lngE7" : 281629856,
          "timestampMs" : "1529082323424",
          "accuracyMeters" : 48
        }, {
          "latE7" : -258562019,
          "lngE7" : 281623237,
          "timestampMs" : "1529341018980",
          "accuracyMeters" : 48
        } ]
      }
    }
  }, {
    "activitySegment" : {
      "startLocation" : {
        "latitudeE7" : -258561692,
        "longitudeE7" : 281624402,
        "sourceInfo" : {
          "deviceTag" : 936760904
        }
      },
      "endLocation" : {
        "latitudeE7" : -257597369,
        "longitudeE7" : 282784810,
        "sourceInfo" : {
          "deviceTag" : 936760904
        }
      },
      "duration" : {
        "startTimestampMs" : "1529383556950",
        "endTimestampMs" : "1529385603329"
      },
      "distance" : 19347,
      "activityType" : "IN_PASSENGER_VEHICLE",
      "confidence" : "HIGH",
      "activities" : [ {
        "activityType" : "IN_PASSENGER_VEHICLE",
        "probability" : 89.84509042980648
      }, {
        "activityType" : "WALKING",
        "probability" : 9.806620611993349
      }, {
        "activityType" : "IN_BUS",
        "probability" : 0.2254781651568578
      } ],
      "waypointPath" : {
        "waypoints" : [ {
          "latE7" : -258561592,
          "lngE7" : 281622829
        }, {
          "latE7" : -258037643,
          "lngE7" : 282605133
        }, {
          "latE7" : -257571086,
          "lngE7" : 282803401
        } ]
      },
      "editConfirmationStatus" : "NOT_CONFIRMED"
    }
  }, {
    "activitySegment" : {
      "startLocation" : {
        "latitudeE7" : -257597369,
        "longitudeE7" : 282784810,
        "sourceInfo" : {
          "deviceTag" : 936760904
        }
      },
      "endLocation" : {
        "latitudeE7" : -257566771,
        "longitudeE7" : 282803438,
        "sourceInfo" : {
          "deviceTag" : 936760904
        }
      },
      "duration" : {
        "startTimestampMs" : "1529385603329",
        "endTimestampMs" : "1529385834852"
      },
      "distance" : 388,
      "activityType" : "WALKING",
      "confidence" : "HIGH",
      "activities" : [ {
        "activityType" : "WALKING",
        "probability" : 89.84509042980648
      }, {
        "activityType" : "IN_PASSENGER_VEHICLE",
        "probability" : 9.806620611993349
      }, {
        "activityType" : "IN_BUS",
        "probability" : 0.2254781651568578
      } ],
      "waypointPath" : {
        "waypoints" : [ {
          "latE7" : -258561592,
          "lngE7" : 281622829
        }, {
          "latE7" : -258037643,
          "lngE7" : 282605133
        }, {
          "latE7" : -257571086,
          "lngE7" : 282803401
        } ]
      },
      "editConfirmationStatus" : "NOT_CONFIRMED"
    }
  }, {
    "placeVisit" : {
      "location" : {
        "latitudeE7" : -257509575,
        "longitudeE7" : 282789735,
        "placeId" : "ChIJE5phV2ZglR4ROeioRG3BvyA",
        "address" : "Scientia 627-Jr\nPretoria\n0081\nSouth Africa",
        "name" : "Scientia 627-Jr"
      },
      "duration" : {
        "startTimestampMs" : "1529385834852",
        "endTimestampMs" : "1529387341541"
      },
      "placeConfidence" : "LOW_CONFIDENCE",
      "centerLatE7" : -257565673,
      "centerLngE7" : 282796457,
      "visitConfidence" : 90,
      "otherCandidateLocations" : [ {
        "latitudeE7" : -257468287,
        "longitudeE7" : 282788928,
        "placeId" : "ChIJS_P3g2lglR4RMs3iZtUFGUE",
        "name" : "CSIR",
        "locationConfidence" : 33.199165
      }, {
        "latitudeE7" : -257568762,
        "longitudeE7" : 282808313,
        "placeId" : "ChIJX7gxkWFglR4RX8Z79OPvdRw",
        "name" : "Transnet Engineering R&D Power and Control Lab",
        "locationConfidence" : 15.0120125
      }, {
        "latitudeE7" : -257530047,
        "longitudeE7" : 282767885,
        "placeId" : "ChIJAQsZRGdglR4REb2EhDpAEKw",
        "name" : "CSIR International Convention Centre",
        "locationConfidence" : 9.461535
      }, {
        "latitudeE7" : -257571069,
        "longitudeE7" : 282795005,
        "placeId" : "ChIJFQSqsWFglR4RPwZMxqBWJoM",
        "name" : "CSIR",
        "locationConfidence" : 1.4302787
      }, {
        "latitudeE7" : -257559032,
        "longitudeE7" : 282784452,
        "placeId" : "ChIJ__8TokJglR4Rk79ork5Izdo",
        "name" : "Meraka",
        "locationConfidence" : 0.5554325
      }, {
        "latitudeE7" : -257567013,
        "longitudeE7" : 282765334,
        "placeId" : "ChIJ52wVkUJglR4RijC9On9X7wo",
        "name" : "Department Of Science And Technology",
        "locationConfidence" : 0.2965226
      }, {
        "latitudeE7" : -257485620,
        "longitudeE7" : 282819320,
        "placeId" : "ChIJRwpxO2hglR4R32H9ICYBDzE",
        "name" : "Body Kinetics (CSIR CAMPUS PRETORIA)",
        "locationConfidence" : 0.295489
      }, {
        "latitudeE7" : -257473187,
        "longitudeE7" : 282762546,
        "placeId" : "ChIJu_6rIWhglR4RI7fWXpd9wzQ",
        "name" : "Aselsan-SA (Aselsan Elektronik Sanayi ve Ticaret AS)",
        "locationConfidence" : 0.15448155
      }, {
        "latitudeE7" : -257476958,
        "longitudeE7" : 282822665,
        "placeId" : "ChIJ7VGq-GVglR4R56JjMMmy0EM",
        "name" : "CSIR - East Gate",
        "locationConfidence" : 0.14530273
      } ],
      "editConfirmationStatus" : "CONFIRMED"
    }
  }, {
    "activitySegment" : {
      "startLocation" : {
        "latitudeE7" : -257565673,
        "longitudeE7" : 282796457
      },
      "endLocation" : {
        "latitudeE7" : -258561200,
        "longitudeE7" : 281626250
      },
      "duration" : {
        "startTimestampMs" : "1529387341541",
        "endTimestampMs" : "1529971200000"
      },
      "activityType" : "UNKNOWN_ACTIVITY_TYPE",
      "activities" : [ {
        "activityType" : "UNKNOWN_ACTIVITY_TYPE",
        "probability" : 0.0
      } ],
      "simplifiedRawPath" : {
        "points" : [ {
          "latE7" : -257567277,
          "lngE7" : 282802635,
          "timestampMs" : "1529387341541",
          "accuracyMeters" : 43
        } ]
      }
    }
  }, {
    "placeVisit" : {
      "location" : {
        "latitudeE7" : -258560467,
        "longitudeE7" : 281626186,
        "placeId" : "ChIJWVS1zllklR4R7ih8EDjLG2g",
        "address" : "31 Willem Rd\nEldoraigne\nCenturion\n0157\nSouth Africa",
        "name" : "31 Willem Rd",
        "semanticType" : "TYPE_HOME",
        "sourceInfo" : {
          "deviceTag" : 936760904
        },
        "locationConfidence" : 90.78359
      },
      "duration" : {
        "startTimestampMs" : "1529971200000",
        "endTimestampMs" : "1530245435107"
      },
      "placeConfidence" : "HIGH_CONFIDENCE",
      "centerLatE7" : -258561200,
      "centerLngE7" : 281626250,
      "visitConfidence" : 90,
      "otherCandidateLocations" : [ {
        "latitudeE7" : -258559780,
        "longitudeE7" : 281626430,
        "placeId" : "ChIJgf7JGllklR4RTqYK8tHPm_w",
        "semanticType" : "TYPE_SEARCHED_ADDRESS",
        "locationConfidence" : 8.717346
      }, {
        "latitudeE7" : -258565130,
        "longitudeE7" : 281611230,
        "placeId" : "ChIJjc378FhklR4R-lrwm02iVNY",
        "semanticType" : "TYPE_SEARCHED_ADDRESS",
        "locationConfidence" : 0.20841083
      }, {
        "latitudeE7" : -258560800,
        "longitudeE7" : 281633500,
        "placeId" : "ChIJqbfuDFlklR4R62Y6o0Rpy9w",
        "name" : "Eldoraigne Bus Stop",
        "locationConfidence" : 0.10841703
      }, {
        "latitudeE7" : -258559299,
        "longitudeE7" : 281639000,
        "placeId" : "ChIJs1lxcVlklR4RKfo-EA5nEP4",
        "name" : "Rondomtalie Kleuterskool/Naskool",
        "locationConfidence" : 0.030211402
      } ],
      "editConfirmationStatus" : "NOT_CONFIRMED"
    }
  } ]
}