{
  "timelineObjects" : [ {
    "placeVisit" : {
      "location" : {
        "latitudeE7" : -258560257,
        "longitudeE7" : 281626148,
        "placeId" : "ChIJWVS1zllklR4R7ih8EDjLG2g",
        "address" : "31 Willem Rd\nEldoraigne\nCenturion\n0157\nSouth Africa",
        "name" : "31 Willem Rd",
        "semanticType" : "TYPE_HOME",
        "sourceInfo" : {
          "deviceTag" : 936760904
        },
        "locationConfidence" : 75.20488
      },
      "duration" : {
        "startTimestampMs" : "1525233614311",
        "endTimestampMs" : "1525272779502"
      },
      "placeConfidence" : "MEDIUM_CONFIDENCE",
      "centerLatE7" : -258560998,
      "centerLngE7" : 281625650,
      "visitConfidence" : 87,
      "otherCandidateLocations" : [ {
        "latitudeE7" : -258559780,
        "longitudeE7" : 281626430,
        "placeId" : "ChIJgf7JGllklR4RTqYK8tHPm_w",
        "semanticType" : "TYPE_SEARCHED_ADDRESS",
        "locationConfidence" : 23.781366
      }, {
        "latitudeE7" : -258565130,
        "longitudeE7" : 281611230,
        "placeId" : "ChIJjc378FhklR4R-lrwm02iVNY",
        "semanticType" : "TYPE_SEARCHED_ADDRESS",
        "locationConfidence" : 0.44058537
      }, {
        "latitudeE7" : -258560800,
        "longitudeE7" : 281633500,
        "placeId" : "ChIJqbfuDFlklR4R62Y6o0Rpy9w",
        "name" : "Eldoraigne Bus Stop",
        "locationConfidence" : 0.28027153
      }, {
        "latitudeE7" : -258561810,
        "longitudeE7" : 281620170,
        "placeId" : "ChIJsU6mAllklR4RbXdXjLHI8jU",
        "name" : "Collin Tossel Versekerings Makelaars BK",
        "locationConfidence" : 0.066470645
      } ],
      "editConfirmationStatus" : "NOT_CONFIRMED"
    }
  }, {
    "activitySegment" : {
      "startLocation" : {
        "latitudeE7" : -258561475,
        "longitudeE7" : 281625316,
        "sourceInfo" : {
          "deviceTag" : 936760904
        }
      },
      "endLocation" : {
        "latitudeE7" : -258717754,
        "longitudeE7" : 281372801,
        "sourceInfo" : {
          "deviceTag" : 936760904
        }
      },
      "duration" : {
        "startTimestampMs" : "1525272779502",
        "endTimestampMs" : "1525273095213"
      },
      "distance" : 3596,
      "activityType" : "IN_PASSENGER_VEHICLE",
      "confidence" : "HIGH",
      "activities" : [ {
        "activityType" : "IN_PASSENGER_VEHICLE",
        "probability" : 99.26341178764923
      }, {
        "activityType" : "WALKING",
        "probability" : 0.5358120742729233
      }, {
        "activityType" : "MOTORCYCLING",
        "probability" : 0.11307957482149392
      } ],
      "waypointPath" : {
        "waypoints" : [ {
          "latE7" : -258561325,
          "lngE7" : 281622867
        }, {
          "latE7" : -258614311,
          "lngE7" : 281583518
        }, {
          "latE7" : -258714637,
          "lngE7" : 281379165
        } ]
      },
      "editConfirmationStatus" : "NOT_CONFIRMED"
    }
  }, {
    "placeVisit" : {
      "location" : {
        "latitudeE7" : -298326807,
        "longitudeE7" : 309687195,
        "placeId" : "ChIJ64lEf-gA9x4RaquvL1_C1Aw",
        "address" : "Sherwood\nDurban\n4091\nSouth Africa",
        "name" : "Sherwood"
      },
      "duration" : {
        "startTimestampMs" : "1525273095213",
        "endTimestampMs" : "1525275182499"
      },
      "placeConfidence" : "MEDIUM_CONFIDENCE",
      "centerLatE7" : -258718718,
      "centerLngE7" : 281365741,
      "visitConfidence" : 96,
      "otherCandidateLocations" : [ {
        "latitudeE7" : -258721474,
        "longitudeE7" : 281361787,
        "placeId" : "ChIJ38Dgl-BklR4R3X7FaDZDbPA",
        "name" : "Mugg & Bean Mall @ Reds",
        "locationConfidence" : 9.83535
      }, {
        "latitudeE7" : -258720149,
        "longitudeE7" : 281364000,
        "placeId" : "ChIJaT4AmuBklR4RqwyDxH63c64",
        "name" : "Tekkie Town",
        "locationConfidence" : 0.09427998
      }, {
        "latitudeE7" : -258721860,
        "longitudeE7" : 281368220,
        "placeId" : "ChIJoz88NuFklR4RWbbuW2SDPtY",
        "name" : "Torga Optical",
        "locationConfidence" : 0.07975539
      }, {
        "latitudeE7" : -258723379,
        "longitudeE7" : 281370834,
        "placeId" : "ChIJsyIljeBklR4RXKSlssAN0o0",
        "name" : "Princess Hair Salon Mall at Reds",
        "locationConfidence" : 0.063815735
      } ],
      "editConfirmationStatus" : "CONFIRMED"
    }
  }, {
    "activitySegment" : {
      "startLocation" : {
        "latitudeE7" : -258714260,
        "longitudeE7" : 281372630,
        "sourceInfo" : {
          "deviceTag" : 936760904
        }
      },
      "endLocation" : {
        "latitudeE7" : -258558396,
        "longitudeE7" : 281626384,
        "sourceInfo" : {
          "deviceTag" : 936760904
        }
      },
      "duration" : {
        "startTimestampMs" : "1525275182499",
        "endTimestampMs" : "1525275629668"
      },
      "distance" : 2530,
      "activityType" : "IN_PASSENGER_VEHICLE",
      "confidence" : "HIGH",
      "activities" : [ {
        "activityType" : "IN_PASSENGER_VEHICLE",
        "probability" : 98.63297169836362
      }, {
        "activityType" : "WALKING",
        "probability" : 0.9774185774701895
      }, {
        "activityType" : "IN_BUS",
        "probability" : 0.1622802195082589
      } ],
      "waypointPath" : {
        "waypoints" : [ {
          "latE7" : -258714637,
          "lngE7" : 281379165
        }, {
          "latE7" : -258679065,
          "lngE7" : 281523971
        }, {
          "latE7" : -258560047,
          "lngE7" : 281622962
        } ]
      },
      "editConfirmationStatus" : "NOT_CONFIRMED"
    }
  }, {
    "placeVisit" : {
      "location" : {
        "latitudeE7" : -258560257,
        "longitudeE7" : 281626148,
        "placeId" : "ChIJWVS1zllklR4R7ih8EDjLG2g",
        "address" : "31 Willem Rd\nEldoraigne\nCenturion\n0157\nSouth Africa",
        "name" : "31 Willem Rd",
        "semanticType" : "TYPE_HOME",
        "sourceInfo" : {
          "deviceTag" : 936760904
        },
        "locationConfidence" : 76.71762
      },
      "duration" : {
        "startTimestampMs" : "1525275629668",
        "endTimestampMs" : "1525280009514"
      },
      "placeConfidence" : "MEDIUM_CONFIDENCE",
      "centerLatE7" : -258560342,
      "centerLngE7" : 281625733,
      "visitConfidence" : 91,
      "otherCandidateLocations" : [ {
        "latitudeE7" : -258559780,
        "longitudeE7" : 281626430,
        "placeId" : "ChIJgf7JGllklR4RTqYK8tHPm_w",
        "semanticType" : "TYPE_SEARCHED_ADDRESS",
        "locationConfidence" : 22.054197
      }, {
        "latitudeE7" : -258560800,
        "longitudeE7" : 281633500,
        "placeId" : "ChIJqbfuDFlklR4R62Y6o0Rpy9w",
        "name" : "Eldoraigne Bus Stop",
        "locationConfidence" : 0.49743733
      }, {
        "latitudeE7" : -258565130,
        "longitudeE7" : 281611230,
        "placeId" : "ChIJjc378FhklR4R-lrwm02iVNY",
        "semanticType" : "TYPE_SEARCHED_ADDRESS",
        "locationConfidence" : 0.41429424
      }, {
        "latitudeE7" : -258561810,
        "longitudeE7" : 281620170,
        "placeId" : "ChIJsU6mAllklR4RbXdXjLHI8jU",
        "name" : "Collin Tossel Versekerings Makelaars BK",
        "locationConfidence" : 0.06337913
      } ],
      "editConfirmationStatus" : "NOT_CONFIRMED"
    }
  }, {
    "activitySegment" : {
      "startLocation" : {
        "latitudeE7" : -258560257,
        "longitudeE7" : 281626148,
        "sourceInfo" : {
          "deviceTag" : 936760904
        }
      },
      "endLocation" : {
        "latitudeE7" : -258604010,
        "longitudeE7" : 281771200,
        "sourceInfo" : {
          "deviceTag" : 936760904
        }
      },
      "duration" : {
        "startTimestampMs" : "1525280009514",
        "endTimestampMs" : "1525280181722"
      },
      "distance" : 1542,
      "activityType" : "IN_PASSENGER_VEHICLE",
      "confidence" : "HIGH",
      "activities" : [ {
        "activityType" : "IN_PASSENGER_VEHICLE",
        "probability" : 99.0615528112155
      }, {
        "activityType" : "WALKING",
        "probability" : 0.7689450925489445
      }, {
        "activityType" : "MOTORCYCLING",
        "probability" : 0.052661085058617524
      } ],
      "waypointPath" : {
        "waypoints" : [ {
          "latE7" : -258560047,
          "lngE7" : 281622962
        }, {
          "latE7" : -258597602,
          "lngE7" : 281771812
        }, {
          "latE7" : -258599510,
          "lngE7" : 281768074
        } ]
      },
      "editConfirmationStatus" : "NOT_CONFIRMED"
    }
  }, {
    "placeVisit" : {
      "location" : {
        "latitudeE7" : -258604010,
        "longitudeE7" : 281771200,
        "placeId" : "ChIJtQsnNklklR4RQUEPL_7IC4Q",
        "address" : "Hippo Avenue &\nHendrik Verwoerd Dr\nCenturion Central\nCenturion\n0157\nSouth Africa",
        "name" : "KSM (kerksondermure) Hippolaan",
        "sourceInfo" : {
          "deviceTag" : 936760904
        },
        "locationConfidence" : 99.47667
      },
      "duration" : {
        "startTimestampMs" : "1525280181722",
        "endTimestampMs" : "1525281880042"
      },
      "placeConfidence" : "HIGH_CONFIDENCE",
      "centerLatE7" : -258603852,
      "centerLngE7" : 281772068,
      "visitConfidence" : 89,
      "otherCandidateLocations" : [ {
        "latitudeE7" : -258603570,
        "longitudeE7" : 281771290,
        "placeId" : "ChIJdZc6NklklR4Rj_OPEog_fpU",
        "locationConfidence" : 0.09823473
      }, {
        "latitudeE7" : -258600050,
        "longitudeE7" : 281768170,
        "placeId" : "ChIJQwqoM0lklR4R59MSd5Yaylg",
        "name" : "Hendrik Verwoerd Ave & Hippo Ave",
        "locationConfidence" : 0.07990145
      }, {
        "latitudeE7" : -258601550,
        "longitudeE7" : 281761890,
        "placeId" : "ChIJDZOTzk5klR4RgwEDOefa6y4",
        "name" : "Hendrik Verwoerd Ave & Hippo Ave",
        "locationConfidence" : 0.06436627
      }, {
        "latitudeE7" : -258591889,
        "longitudeE7" : 281769790,
        "placeId" : "ChIJC8smKklklR4Rk7WyPKLhqZg",
        "name" : "Harvey House",
        "locationConfidence" : 0.027305178
      } ],
      "editConfirmationStatus" : "NOT_CONFIRMED"
    }
  }, {
    "placeVisit" : {
      "location" : {
        "latitudeE7" : -258560390,
        "longitudeE7" : 281626186,
        "placeId" : "ChIJWVS1zllklR4R7ih8EDjLG2g",
        "address" : "31 Willem Rd\nEldoraigne\nCenturion\n0157\nSouth Africa",
        "name" : "31 Willem Rd",
        "semanticType" : "TYPE_HOME",
        "sourceInfo" : {
          "deviceTag" : 936760904
        },
        "locationConfidence" : 74.06293
      },
      "duration" : {
        "startTimestampMs" : "1525666089993",
        "endTimestampMs" : "1525839057245"
      },
      "placeConfidence" : "MEDIUM_CONFIDENCE",
      "centerLatE7" : -258561100,
      "centerLngE7" : 281626175,
      "visitConfidence" : 88,
      "otherCandidateLocations" : [ {
        "latitudeE7" : -258559780,
        "longitudeE7" : 281626430,
        "placeId" : "ChIJgf7JGllklR4RTqYK8tHPm_w",
        "semanticType" : "TYPE_SEARCHED_ADDRESS",
        "locationConfidence" : 24.804743
      }, {
        "latitudeE7" : -258565130,
        "longitudeE7" : 281611230,
        "placeId" : "ChIJjc378FhklR4R-lrwm02iVNY",
        "semanticType" : "TYPE_SEARCHED_ADDRESS",
        "locationConfidence" : 0.45172644
      }, {
        "latitudeE7" : -258560800,
        "longitudeE7" : 281633500,
        "placeId" : "ChIJqbfuDFlklR4R62Y6o0Rpy9w",
        "name" : "Eldoraigne Bus Stop",
        "locationConfidence" : 0.34987047
      }, {
        "latitudeE7" : -258561810,
        "longitudeE7" : 281620170,
        "placeId" : "ChIJsU6mAllklR4RbXdXjLHI8jU",
        "name" : "Collin Tossel Versekerings Makelaars BK",
        "locationConfidence" : 0.06527206
      } ],
      "editConfirmationStatus" : "NOT_CONFIRMED"
    }
  }, {
    "placeVisit" : {
      "location" : {
        "latitudeE7" : -258166541,
        "longitudeE7" : 282624947,
        "placeId" : "ChIJvxSCVCpnlR4RnO5G1R8XGyw",
        "address" : "Erasmuskloof\nPretoria\n0181\nSuid-Afrika",
        "name" : "Erasmuskloof"
      },
      "duration" : {
        "startTimestampMs" : "1525931183727",
        "endTimestampMs" : "1525933688311"
      },
      "placeConfidence" : "MEDIUM_CONFIDENCE",
      "centerLatE7" : -258173900,
      "centerLngE7" : 282696200,
      "visitConfidence" : 90,
      "otherCandidateLocations" : [ {
        "latitudeE7" : -258176139,
        "longitudeE7" : 282688219,
        "placeId" : "ChIJnxiIRzpnlR4RJ39-di7PguY",
        "name" : "Castle Walk Shopping Centre",
        "locationConfidence" : 5.7894254
      }, {
        "latitudeE7" : -258175053,
        "longitudeE7" : 282691835,
        "placeId" : "ChIJKbW-v8tglR4R8CgvTxRKl1E",
        "name" : "Kings Meat Deli Castle Walk",
        "locationConfidence" : 1.8783945
      }, {
        "latitudeE7" : -258174645,
        "longitudeE7" : 282694608,
        "placeId" : "ChIJ7zYWLzpnlR4RU5dOWh35L2g",
        "name" : "Rhino Roastery",
        "locationConfidence" : 1.0316974
      }, {
        "latitudeE7" : -258175188,
        "longitudeE7" : 282678594,
        "placeId" : "ChIJd91dNzpnlR4R5nidwJnV0_I",
        "name" : "The Daily Coffee Café Castle Walk Erasmuskloof",
        "locationConfidence" : 0.68129593
      }, {
        "latitudeE7" : -258165388,
        "longitudeE7" : 282693854,
        "placeId" : "ChIJhaZ2STpnlR4RfDq-pRYvqQE",
        "name" : "Engen Castle Walk Filling Stations",
        "locationConfidence" : 0.31521523
      }, {
        "latitudeE7" : -258171063,
        "longitudeE7" : 282693642,
        "placeId" : "ChIJVZMeOzpnlR4RDJ_-iJ8icOY",
        "name" : "Castle Walk Filling Station",
        "locationConfidence" : 0.16688646
      }, {
        "latitudeE7" : -258188501,
        "longitudeE7" : 282707753,
        "placeId" : "ChIJvdC6ZzlnlR4Rc4HiCHPsqkw",
        "name" : "Castle View South.",
        "locationConfidence" : 0.12257193
      } ],
      "editConfirmationStatus" : "CONFIRMED"
    }
  }, {
    "activitySegment" : {
      "startLocation" : {
        "latitudeE7" : -258561184,
        "longitudeE7" : 281626203,
        "sourceInfo" : {
          "deviceTag" : 936760904
        }
      },
      "endLocation" : {
        "latitudeE7" : -258561164,
        "longitudeE7" : 281626231,
        "sourceInfo" : {
          "deviceTag" : 936760904
        }
      },
      "duration" : {
        "startTimestampMs" : "1525996800000",
        "endTimestampMs" : "1526012046878"
      },
      "distance" : 23045,
      "activityType" : "IN_PASSENGER_VEHICLE",
      "confidence" : "MEDIUM",
      "activities" : [ {
        "activityType" : "IN_PASSENGER_VEHICLE",
        "probability" : 76.41675498621777
      }, {
        "activityType" : "WALKING",
        "probability" : 16.40961086175982
      }, {
        "activityType" : "CYCLING",
        "probability" : 3.5700468847908318
      } ],
      "waypointPath" : {
        "waypoints" : [ {
          "latE7" : -258560981,
          "lngE7" : 281622886
        }, {
          "latE7" : -258648357,
          "lngE7" : 281974143
        }, {
          "latE7" : -258171730,
          "lngE7" : 282698173
        }, {
          "latE7" : -258335247,
          "lngE7" : 282395687
        }, {
          "latE7" : -258560962,
          "lngE7" : 281622886
        } ]
      },
      "editConfirmationStatus" : "NOT_CONFIRMED"
    }
  }, {
    "activitySegment" : {
      "startLocation" : {
        "latitudeE7" : -258561182,
        "longitudeE7" : 281625952,
        "sourceInfo" : {
          "deviceTag" : 936760904
        }
      },
      "endLocation" : {
        "latitudeE7" : -258561164,
        "longitudeE7" : 281626231,
        "sourceInfo" : {
          "deviceTag" : 936760904
        }
      },
      "duration" : {
        "startTimestampMs" : "1526109504463",
        "endTimestampMs" : "1526169600000"
      },
      "distance" : 15793,
      "activityType" : "IN_PASSENGER_VEHICLE",
      "confidence" : "HIGH",
      "activities" : [ {
        "activityType" : "IN_PASSENGER_VEHICLE",
        "probability" : 86.96160658327494
      }, {
        "activityType" : "WALKING",
        "probability" : 9.065544657162176
      }, {
        "activityType" : "CYCLING",
        "probability" : 1.3952600421627361
      } ],
      "waypointPath" : {
        "waypoints" : [ {
          "latE7" : -258560981,
          "lngE7" : 281622886
        }, {
          "latE7" : -258560962,
          "lngE7" : 281622886
        }, {
          "latE7" : -258560962,
          "lngE7" : 281622886
        } ]
      },
      "simplifiedRawPath" : {
        "points" : [ {
          "latE7" : -258561182,
          "lngE7" : 281625952,
          "timestampMs" : "1526109504463",
          "accuracyMeters" : 25
        } ]
      },
      "editConfirmationStatus" : "NOT_CONFIRMED"
    }
  }, {
    "activitySegment" : {
      "startLocation" : {
        "latitudeE7" : -258350166,
        "longitudeE7" : 282379582,
        "sourceInfo" : {
          "deviceTag" : 936760904
        }
      },
      "endLocation" : {
        "latitudeE7" : -258561164,
        "longitudeE7" : 281626231,
        "sourceInfo" : {
          "deviceTag" : 936760904
        }
      },
      "duration" : {
        "startTimestampMs" : "1526203063000",
        "endTimestampMs" : "1526271336596"
      },
      "distance" : 7895,
      "activityType" : "IN_PASSENGER_VEHICLE",
      "confidence" : "MEDIUM",
      "activities" : [ {
        "activityType" : "IN_PASSENGER_VEHICLE",
        "probability" : 84.8875451901589
      }, {
        "activityType" : "WALKING",
        "probability" : 10.2768049216796
      }, {
        "activityType" : "CYCLING",
        "probability" : 2.055273697931399
      } ],
      "waypointPath" : {
        "waypoints" : [ {
          "latE7" : -258349552,
          "lngE7" : 282378826
        }, {
          "latE7" : -258335247,
          "lngE7" : 282395687
        }, {
          "latE7" : -258560962,
          "lngE7" : 281622886
        } ]
      },
      "simplifiedRawPath" : {
        "points" : [ {
          "latE7" : -258350166,
          "lngE7" : 282379582,
          "timestampMs" : "1526203063000",
          "accuracyMeters" : 10
        } ]
      },
      "editConfirmationStatus" : "NOT_CONFIRMED"
    }
  }, {
    "activitySegment" : {
      "startLocation" : {
        "latitudeE7" : -258561164,
        "longitudeE7" : 281626231,
        "sourceInfo" : {
          "deviceTag" : 936760904
        }
      },
      "endLocation" : {
        "latitudeE7" : -257663805,
        "longitudeE7" : 282795790,
        "sourceInfo" : {
          "deviceTag" : 936760904
        }
      },
      "duration" : {
        "startTimestampMs" : "1526271336596",
        "endTimestampMs" : "1527255417999"
      },
      "activityType" : "UNKNOWN_ACTIVITY_TYPE",
      "activities" : [ {
        "activityType" : "UNKNOWN_ACTIVITY_TYPE",
        "probability" : 0.0
      } ],
      "simplifiedRawPath" : {
        "points" : [ {
          "latE7" : -257650197,
          "lngE7" : 282796352,
          "timestampMs" : "1527255369848",
          "accuracyMeters" : 10
        } ]
      }
    }
  }, {
    "activitySegment" : {
      "startLocation" : {
        "latitudeE7" : -257663805,
        "longitudeE7" : 282795790,
        "sourceInfo" : {
          "deviceTag" : 936760904
        }
      },
      "endLocation" : {
        "latitudeE7" : -258620191,
        "longitudeE7" : 281639977,
        "sourceInfo" : {
          "deviceTag" : 936760904
        }
      },
      "duration" : {
        "startTimestampMs" : "1527255417999",
        "endTimestampMs" : "1527257310179"
      },
      "distance" : 18292,
      "activityType" : "IN_PASSENGER_VEHICLE",
      "confidence" : "HIGH",
      "activities" : [ {
        "activityType" : "IN_PASSENGER_VEHICLE",
        "probability" : 98.96853565471334
      }, {
        "activityType" : "WALKING",
        "probability" : 0.8400329301910668
      }, {
        "activityType" : "IN_BUS",
        "probability" : 0.12946081721831684
      } ],
      "waypointPath" : {
        "waypoints" : [ {
          "latE7" : -257663764,
          "lngE7" : 282795581
        }, {
          "latE7" : -257749691,
          "lngE7" : 282824516
        }, {
          "latE7" : -257767810,
          "lngE7" : 282829570
        }, {
          "latE7" : -258045139,
          "lngE7" : 282604427
        }, {
          "latE7" : -258599014,
          "lngE7" : 281807327
        }, {
          "latE7" : -258601303,
          "lngE7" : 281764774
        }, {
          "latE7" : -258622741,
          "lngE7" : 281639957
        } ]
      },
      "simplifiedRawPath" : {
        "points" : [ {
          "latE7" : -257765426,
          "lngE7" : 282828203,
          "timestampMs" : "1527255575970",
          "accuracyMeters" : 12
        }, {
          "latE7" : -257766549,
          "lngE7" : 282829240,
          "timestampMs" : "1527255591999",
          "accuracyMeters" : 10
        } ]
      },
      "editConfirmationStatus" : "NOT_CONFIRMED"
    }
  }, {
    "activitySegment" : {
      "startLocation" : {
        "latitudeE7" : -258619527,
        "longitudeE7" : 282107840,
        "sourceInfo" : {
          "deviceTag" : 936760904
        }
      },
      "endLocation" : {
        "latitudeE7" : -258561391,
        "longitudeE7" : 281627864,
        "sourceInfo" : {
          "deviceTag" : 936760904
        }
      },
      "duration" : {
        "startTimestampMs" : "1527677341813",
        "endTimestampMs" : "1527689646925"
      },
      "distance" : 5029,
      "activityType" : "IN_PASSENGER_VEHICLE",
      "confidence" : "HIGH",
      "activities" : [ {
        "activityType" : "IN_PASSENGER_VEHICLE",
        "probability" : 94.34670111888614
      }, {
        "activityType" : "WALKING",
        "probability" : 2.9201121493709863
      }, {
        "activityType" : "CYCLING",
        "probability" : 1.229090711992109
      } ],
      "waypointPath" : {
        "waypoints" : [ {
          "latE7" : -258621559,
          "lngE7" : 282108249
        }, {
          "latE7" : -258644485,
          "lngE7" : 281896858
        }, {
          "latE7" : -258561058,
          "lngE7" : 281622886
        } ]
      },
      "editConfirmationStatus" : "NOT_CONFIRMED"
    }
  }, {
    "placeVisit" : {
      "location" : {
        "latitudeE7" : -258560390,
        "longitudeE7" : 281626186,
        "placeId" : "ChIJWVS1zllklR4R7ih8EDjLG2g",
        "address" : "31 Willem Rd\nEldoraigne\nCenturion\n0157\nSouth Africa",
        "name" : "31 Willem Rd",
        "semanticType" : "TYPE_HOME",
        "sourceInfo" : {
          "deviceTag" : 936760904
        },
        "locationConfidence" : 73.42138
      },
      "duration" : {
        "startTimestampMs" : "1527689646925",
        "endTimestampMs" : "1527692222919"
      },
      "placeConfidence" : "MEDIUM_CONFIDENCE",
      "centerLatE7" : -258558467,
      "centerLngE7" : 281625437,
      "visitConfidence" : 78,
      "otherCandidateLocations" : [ {
        "latitudeE7" : -258559780,
        "longitudeE7" : 281626430,
        "placeId" : "ChIJgf7JGllklR4RTqYK8tHPm_w",
        "semanticType" : "TYPE_SEARCHED_ADDRESS",
        "locationConfidence" : 25.272718
      }, {
        "latitudeE7" : -258560800,
        "longitudeE7" : 281633500,
        "placeId" : "ChIJqbfuDFlklR4R62Y6o0Rpy9w",
        "name" : "Eldoraigne Bus Stop",
        "locationConfidence" : 0.349782
      }, {
        "latitudeE7" : -258565130,
        "longitudeE7" : 281611230,
        "placeId" : "ChIJjc378FhklR4R-lrwm02iVNY",
        "semanticType" : "TYPE_SEARCHED_ADDRESS",
        "locationConfidence" : 0.34894073
      }, {
        "latitudeE7" : -258556046,
        "longitudeE7" : 281644996,
        "placeId" : "ChIJR2qzZFlklR4R6ONADWNKzIE",
        "name" : "Carnegie Park.",
        "locationConfidence" : 0.11454528
      } ],
      "editConfirmationStatus" : "NOT_CONFIRMED"
    }
  } ]
}