{
  "timelineObjects" : [ {
    "activitySegment" : {
      "startLocation" : {
        "latitudeE7" : -340419529,
        "longitudeE7" : 222194228,
        "sourceInfo" : {
          "deviceTag" : 936760904
        }
      },
      "endLocation" : {
        "latitudeE7" : -341191013,
        "longitudeE7" : 221197287,
        "sourceInfo" : {
          "deviceTag" : 936760904
        }
      },
      "duration" : {
        "startTimestampMs" : "1534504959000",
        "endTimestampMs" : "1534550400000"
      },
      "distance" : 42870,
      "activityType" : "IN_PASSENGER_VEHICLE",
      "confidence" : "HIGH",
      "activities" : [ {
        "activityType" : "IN_PASSENGER_VEHICLE",
        "probability" : 89.83865961495405
      }, {
        "activityType" : "WALKING",
        "probability" : 8.318759075917402
      }, {
        "activityType" : "MOTORCYCLING",
        "probability" : 0.48913640020918653
      } ],
      "waypointPath" : {
        "waypoints" : [ {
          "latE7" : -340419464,
          "lngE7" : 222193908
        }, {
          "latE7" : -340411872,
          "lngE7" : 222190990
        }, {
          "latE7" : -340120315,
          "lngE7" : 221912422
        }, {
          "latE7" : -341083755,
          "lngE7" : 221075325
        }, {
          "latE7" : -341191291,
          "lngE7" : 221197242
        } ]
      },
      "simplifiedRawPath" : {
        "points" : [ {
          "latE7" : -340408938,
          "lngE7" : 222187258,
          "timestampMs" : "1534504974000",
          "accuracyMeters" : 10
        }, {
          "latE7" : -340119939,
          "lngE7" : 221912386,
          "timestampMs" : "1534511336000",
          "accuracyMeters" : 10
        } ]
      },
      "editConfirmationStatus" : "NOT_CONFIRMED"
    }
  }, {
    "activitySegment" : {
      "startLocation" : {
        "latitudeE7" : -341191013,
        "longitudeE7" : 221197287,
        "sourceInfo" : {
          "deviceTag" : 936760904
        }
      },
      "endLocation" : {
        "latitudeE7" : -341190998,
        "longitudeE7" : 221194723,
        "sourceInfo" : {
          "deviceTag" : 936760904
        }
      },
      "duration" : {
        "startTimestampMs" : "1534550400000",
        "endTimestampMs" : "1534608079999"
      },
      "activityType" : "UNKNOWN_ACTIVITY_TYPE",
      "activities" : [ {
        "activityType" : "UNKNOWN_ACTIVITY_TYPE",
        "probability" : 0.0
      } ],
      "simplifiedRawPath" : {
        "points" : [ {
          "latE7" : -341185777,
          "lngE7" : 221203713,
          "timestampMs" : "1534607878999",
          "accuracyMeters" : 10
        } ]
      }
    }
  }, {
    "activitySegment" : {
      "startLocation" : {
        "latitudeE7" : -341190998,
        "longitudeE7" : 221194723,
        "sourceInfo" : {
          "deviceTag" : 936760904
        }
      },
      "endLocation" : {
        "latitudeE7" : -341281831,
        "longitudeE7" : 221145122,
        "sourceInfo" : {
          "deviceTag" : 936760904
        }
      },
      "duration" : {
        "startTimestampMs" : "1534608079999",
        "endTimestampMs" : "1534609441887"
      },
      "distance" : 1501,
      "activityType" : "WALKING",
      "confidence" : "HIGH",
      "activities" : [ {
        "activityType" : "WALKING",
        "probability" : 97.9380369523618
      }, {
        "activityType" : "IN_PASSENGER_VEHICLE",
        "probability" : 1.452948461113511
      }, {
        "activityType" : "RUNNING",
        "probability" : 0.23247794843058037
      } ],
      "waypointPath" : {
        "waypoints" : [ {
          "latE7" : -341191024,
          "lngE7" : 221194725
        }, {
          "latE7" : -341269721,
          "lngE7" : 221158599
        }, {
          "latE7" : -341282272,
          "lngE7" : 221145706
        } ]
      },
      "simplifiedRawPath" : {
        "points" : [ {
          "latE7" : -341264879,
          "lngE7" : 221165533,
          "timestampMs" : "1534608906917",
          "accuracyMeters" : 71
        } ]
      },
      "editConfirmationStatus" : "NOT_CONFIRMED"
    }
  }, {
    "placeVisit" : {
      "location" : {
        "latitudeE7" : -341275978,
        "longitudeE7" : 221134815,
        "placeId" : "ChIJo8Ey8Tlp1h0RmLNyGuTkTE8",
        "address" : "3 Thaba Nchu Ave\nHartenbos\nMossel Bay\n6520\nSouth Africa",
        "name" : "3 Thaba Nchu Ave",
        "sourceInfo" : {
          "deviceTag" : 936760904
        },
        "locationConfidence" : 34.519928
      },
      "duration" : {
        "startTimestampMs" : "1534609828249",
        "endTimestampMs" : "1534626306424"
      },
      "placeConfidence" : "MEDIUM_CONFIDENCE",
      "centerLatE7" : -341286185,
      "centerLngE7" : 221150000,
      "visitConfidence" : 80,
      "otherCandidateLocations" : [ {
        "latitudeE7" : -341294080,
        "longitudeE7" : 221151660,
        "placeId" : "ChIJ9Wm1Djlp1h0RmWde1hKEcyE",
        "name" : "Suidersee Apartment Block 2 - Hartenbos",
        "locationConfidence" : 13.620509
      }, {
        "latitudeE7" : -341270484,
        "longitudeE7" : 221172404,
        "placeId" : "ChIJHwNcOThp1h0RchMW0XKbepg",
        "name" : "Hartenbos Seafront",
        "locationConfidence" : 10.5814705
      }, {
        "latitudeE7" : -341275400,
        "longitudeE7" : 221173600,
        "placeId" : "ChIJB9P5JEhp1h0RO3hG5jtds2c",
        "name" : "ATKV Hartenbos",
        "locationConfidence" : 8.2946005
      }, {
        "latitudeE7" : -341283300,
        "longitudeE7" : 221133299,
        "placeId" : "ChIJpzNBijlp1h0RV6B7LLZmtPY",
        "name" : "Hartenbos",
        "locationConfidence" : 5.4263153
      }, {
        "latitudeE7" : -341282160,
        "longitudeE7" : 221159720,
        "placeId" : "ChIJraeisTlp1h0RdmCmP653op4",
        "name" : "Suidersee Apartment Block 1",
        "locationConfidence" : 4.884375
      }, {
        "latitudeE7" : -341276016,
        "longitudeE7" : 221167210,
        "placeId" : "ChIJI0DFSThp1h0Rr_NhXfaa_U8",
        "name" : "Doughy's",
        "locationConfidence" : 3.3461447
      }, {
        "latitudeE7" : -341271997,
        "longitudeE7" : 221165922,
        "placeId" : "ChIJr9alNjhp1h0RCNeVkNNqJJw",
        "name" : "Pick n Pay Hartenbos",
        "locationConfidence" : 3.0773695
      }, {
        "latitudeE7" : -341275400,
        "longitudeE7" : 221173600,
        "placeId" : "ChIJV1YlQThp1h0RpCb4yF3HFRk",
        "name" : "ATKV indoor swimming pool",
        "locationConfidence" : 2.2061493
      }, {
        "latitudeE7" : -341292418,
        "longitudeE7" : 221126954,
        "placeId" : "ChIJy-7yLzpp1h0RmsAhQzT3LZs",
        "name" : "Dolf se Stasie",
        "locationConfidence" : 2.1485498
      } ],
      "editConfirmationStatus" : "NOT_CONFIRMED"
    }
  }, {
    "activitySegment" : {
      "startLocation" : {
        "latitudeE7" : -341275978,
        "longitudeE7" : 221134815,
        "placeId" : "ChIJo8Ey8Tlp1h0RmLNyGuTkTE8",
        "address" : "3 Thaba Nchu Ave\nHartenbos\nMossel Bay\n6520\nSouth Africa",
        "name" : "3 Thaba Nchu Ave",
        "sourceInfo" : {
          "deviceTag" : 936760904
        },
        "locationConfidence" : 34.519928
      },
      "endLocation" : {
        "latitudeE7" : -340496282,
        "longitudeE7" : 222714357,
        "sourceInfo" : {
          "deviceTag" : 936760904
        }
      },
      "duration" : {
        "startTimestampMs" : "1534626306424",
        "endTimestampMs" : "1534674492999"
      },
      "activityType" : "IN_PASSENGER_VEHICLE",
      "confidence" : "HIGH",
      "activities" : [ {
        "activityType" : "IN_PASSENGER_VEHICLE",
        "probability" : 95.18636543236086
      }, {
        "activityType" : "WALKING",
        "probability" : 3.1054054705663603
      }, {
        "activityType" : "MOTORCYCLING",
        "probability" : 0.8083658754796117
      } ],
      "waypointPath" : {
        "waypoints" : [ {
          "latE7" : -341293830,
          "lngE7" : 221151485
        }, {
          "latE7" : -341075935,
          "lngE7" : 221116714
        }, {
          "latE7" : -340496253,
          "lngE7" : 222714347
        } ]
      },
      "simplifiedRawPath" : {
        "points" : [ {
          "latE7" : -341100224,
          "lngE7" : 221086445,
          "timestampMs" : "1534673554999",
          "accuracyMeters" : 12
        } ]
      },
      "editConfirmationStatus" : "NOT_CONFIRMED"
    }
  }, {
    "activitySegment" : {
      "startLocation" : {
        "latitudeE7" : -257775448,
        "longitudeE7" : 282740312,
        "sourceInfo" : {
          "deviceTag" : 936760904
        }
      },
      "endLocation" : {
        "latitudeE7" : -258561062,
        "longitudeE7" : 281626434,
        "sourceInfo" : {
          "deviceTag" : 936760904
        }
      },
      "duration" : {
        "startTimestampMs" : "1534932966256",
        "endTimestampMs" : "1534934169633"
      },
      "distance" : 17909,
      "activityType" : "IN_PASSENGER_VEHICLE",
      "confidence" : "HIGH",
      "activities" : [ {
        "activityType" : "IN_PASSENGER_VEHICLE",
        "probability" : 98.80353491644266
      }, {
        "activityType" : "WALKING",
        "probability" : 0.7668351367407743
      }, {
        "activityType" : "IN_BUS",
        "probability" : 0.2180884869542588
      } ],
      "waypointPath" : {
        "waypoints" : [ {
          "latE7" : -257777175,
          "lngE7" : 282739772
        }, {
          "latE7" : -258163127,
          "lngE7" : 282693271
        }, {
          "latE7" : -258172454,
          "lngE7" : 282680549
        }, {
          "latE7" : -258335247,
          "lngE7" : 282395687
        }, {
          "latE7" : -258560829,
          "lngE7" : 281622905
        } ]
      },
      "simplifiedRawPath" : {
        "points" : [ {
          "latE7" : -258139405,
          "lngE7" : 282683300,
          "timestampMs" : "1534933688478",
          "accuracyMeters" : 68
        } ]
      },
      "editConfirmationStatus" : "NOT_CONFIRMED"
    }
  }, {
    "placeVisit" : {
      "location" : {
        "latitudeE7" : -258559780,
        "longitudeE7" : 281626430,
        "placeId" : "ChIJgf7JGllklR4RTqYK8tHPm_w",
        "address" : "13 Willem Rd\nEldoraigne\nCenturion\n0157\nSouth Africa",
        "name" : "13 Willem Rd",
        "semanticType" : "TYPE_SEARCHED_ADDRESS",
        "sourceInfo" : {
          "deviceTag" : -63513299
        },
        "locationConfidence" : 84.24583
      },
      "duration" : {
        "startTimestampMs" : "1535128243013",
        "endTimestampMs" : "1535186645190"
      },
      "placeConfidence" : "HIGH_CONFIDENCE",
      "centerLatE7" : -258560794,
      "centerLngE7" : 281626099,
      "visitConfidence" : 95,
      "otherCandidateLocations" : [ {
        "latitudeE7" : -258584100,
        "longitudeE7" : 281624600,
        "placeId" : "ChIJWVS1zllklR4R7ih8EDjLG2g",
        "semanticType" : "TYPE_HOME",
        "locationConfidence" : 14.012506
      }, {
        "latitudeE7" : -258570590,
        "longitudeE7" : 281625620,
        "placeId" : "ChIJGZkpr1lklR4RvXt8NOQ53JI",
        "semanticType" : "TYPE_SEARCHED_ADDRESS",
        "locationConfidence" : 0.6990866
      }, {
        "latitudeE7" : -258560800,
        "longitudeE7" : 281633500,
        "placeId" : "ChIJqbfuDFlklR4R62Y6o0Rpy9w",
        "name" : "Eldoraigne Bus Stop",
        "locationConfidence" : 0.38016492
      }, {
        "latitudeE7" : -258565130,
        "longitudeE7" : 281611230,
        "placeId" : "ChIJjc378FhklR4R-lrwm02iVNY",
        "semanticType" : "TYPE_SEARCHED_ADDRESS",
        "locationConfidence" : 0.37325338
      } ],
      "editConfirmationStatus" : "NOT_CONFIRMED"
    }
  }, {
    "activitySegment" : {
      "startLocation" : {
        "latitudeE7" : -258559780,
        "longitudeE7" : 281626430,
        "sourceInfo" : {
          "deviceTag" : -63513299
        }
      },
      "endLocation" : {
        "latitudeE7" : -258574608,
        "longitudeE7" : 281830920,
        "sourceInfo" : {
          "deviceTag" : -63513299
        }
      },
      "duration" : {
        "startTimestampMs" : "1535186645190",
        "endTimestampMs" : "1535187313685"
      },
      "distance" : 2563,
      "activityType" : "IN_PASSENGER_VEHICLE",
      "confidence" : "HIGH",
      "activities" : [ {
        "activityType" : "IN_PASSENGER_VEHICLE",
        "probability" : 93.63860604836107
      }, {
        "activityType" : "WALKING",
        "probability" : 4.512644303608889
      }, {
        "activityType" : "IN_BUS",
        "probability" : 1.5650811034874954
      } ],
      "waypointPath" : {
        "waypoints" : [ {
          "latE7" : -258559551,
          "lngE7" : 281623001
        }, {
          "latE7" : -258596725,
          "lngE7" : 281772041
        }, {
          "latE7" : -258578090,
          "lngE7" : 281882629
        } ]
      },
      "editConfirmationStatus" : "NOT_CONFIRMED"
    }
  }, {
    "activitySegment" : {
      "startLocation" : {
        "latitudeE7" : -258574608,
        "longitudeE7" : 281830920,
        "sourceInfo" : {
          "deviceTag" : -63513299
        }
      },
      "endLocation" : {
        "latitudeE7" : -258576372,
        "longitudeE7" : 281880359,
        "sourceInfo" : {
          "deviceTag" : -63513299
        }
      },
      "duration" : {
        "startTimestampMs" : "1535187313685",
        "endTimestampMs" : "1535187491195"
      },
      "distance" : 495,
      "activityType" : "WALKING",
      "confidence" : "HIGH",
      "activities" : [ {
        "activityType" : "WALKING",
        "probability" : 93.63860604836107
      }, {
        "activityType" : "IN_PASSENGER_VEHICLE",
        "probability" : 4.512644303608889
      }, {
        "activityType" : "IN_BUS",
        "probability" : 1.5650811034874954
      } ],
      "waypointPath" : {
        "waypoints" : [ {
          "latE7" : -258559551,
          "lngE7" : 281623001
        }, {
          "latE7" : -258596725,
          "lngE7" : 281772041
        }, {
          "latE7" : -258578090,
          "lngE7" : 281882629
        } ]
      },
      "editConfirmationStatus" : "NOT_CONFIRMED"
    }
  }, {
    "placeVisit" : {
      "location" : {
        "latitudeE7" : -258614570,
        "longitudeE7" : 281802475,
        "placeId" : "ChIJCwR88zVklR4RhSK4_WI6Svk",
        "address" : "Centurion Central\nCenturion\n0157\nSouth Africa",
        "name" : "Centurion Central"
      },
      "duration" : {
        "startTimestampMs" : "1535187491195",
        "endTimestampMs" : "1535191367093"
      },
      "placeConfidence" : "MEDIUM_CONFIDENCE",
      "centerLatE7" : -258581182,
      "centerLngE7" : 281873827,
      "visitConfidence" : 96,
      "otherCandidateLocations" : [ {
        "latitudeE7" : -258571743,
        "longitudeE7" : 281867341,
        "placeId" : "ChIJiQP-IDdklR4ROFIOVGP_Qck",
        "name" : "FNB Bank ATM Centurion Mall",
        "locationConfidence" : 17.303196
      }, {
        "latitudeE7" : -258563928,
        "longitudeE7" : 281841177,
        "placeId" : "ChIJw5aqvzdklR4RIy_hDKZbYsQ",
        "name" : "PPS Centurion Square",
        "locationConfidence" : 0.113607064
      }, {
        "latitudeE7" : -258592131,
        "longitudeE7" : 281880558,
        "placeId" : "ChIJAd9UqzZklR4R_bIBQiCr-pA",
        "name" : "Mr Belly's Fast Food",
        "locationConfidence" : 0.10348572
      }, {
        "latitudeE7" : -258590761,
        "longitudeE7" : 281877083,
        "placeId" : "ChIJHwRUpqlllR4R4H_UBoRW6jI",
        "name" : "Metro Home Centre",
        "locationConfidence" : 0.08900204
      } ],
      "editConfirmationStatus" : "CONFIRMED"
    }
  }, {
    "activitySegment" : {
      "startLocation" : {
        "latitudeE7" : -258577445,
        "longitudeE7" : 281876489,
        "sourceInfo" : {
          "deviceTag" : -63513299
        }
      },
      "endLocation" : {
        "latitudeE7" : -258560470,
        "longitudeE7" : 281626142,
        "sourceInfo" : {
          "deviceTag" : -63513299
        }
      },
      "duration" : {
        "startTimestampMs" : "1535191367093",
        "endTimestampMs" : "1535192612716"
      },
      "distance" : 3963,
      "activityType" : "IN_PASSENGER_VEHICLE",
      "confidence" : "LOW",
      "activities" : [ {
        "activityType" : "IN_PASSENGER_VEHICLE",
        "probability" : 51.451502774808624
      }, {
        "activityType" : "WALKING",
        "probability" : 45.987606564816915
      }, {
        "activityType" : "CYCLING",
        "probability" : 1.0383945241290236
      } ],
      "waypointPath" : {
        "waypoints" : [ {
          "latE7" : -258581428,
          "lngE7" : 281879482
        }, {
          "latE7" : -258601303,
          "lngE7" : 281764774
        }, {
          "latE7" : -258559551,
          "lngE7" : 281623001
        } ]
      },
      "editConfirmationStatus" : "NOT_CONFIRMED"
    }
  }, {
    "placeVisit" : {
      "location" : {
        "latitudeE7" : -258559780,
        "longitudeE7" : 281626430,
        "placeId" : "ChIJgf7JGllklR4RTqYK8tHPm_w",
        "address" : "13 Willem Rd\nEldoraigne\nCenturion\n0157\nSouth Africa",
        "name" : "13 Willem Rd",
        "semanticType" : "TYPE_SEARCHED_ADDRESS",
        "sourceInfo" : {
          "deviceTag" : -63513299
        },
        "locationConfidence" : 89.27473
      },
      "duration" : {
        "startTimestampMs" : "1535192612716",
        "endTimestampMs" : "1535210622564"
      },
      "placeConfidence" : "HIGH_CONFIDENCE",
      "centerLatE7" : -258558679,
      "centerLngE7" : 281630946,
      "visitConfidence" : 95,
      "otherCandidateLocations" : [ {
        "latitudeE7" : -258584100,
        "longitudeE7" : 281624600,
        "placeId" : "ChIJWVS1zllklR4R7ih8EDjLG2g",
        "semanticType" : "TYPE_HOME",
        "locationConfidence" : 8.881218
      }, {
        "latitudeE7" : -258570590,
        "longitudeE7" : 281625620,
        "placeId" : "ChIJGZkpr1lklR4RvXt8NOQ53JI",
        "semanticType" : "TYPE_SEARCHED_ADDRESS",
        "locationConfidence" : 0.6952305
      }, {
        "latitudeE7" : -258560800,
        "longitudeE7" : 281633500,
        "placeId" : "ChIJqbfuDFlklR4R62Y6o0Rpy9w",
        "name" : "Eldoraigne Bus Stop",
        "locationConfidence" : 0.37407643
      }, {
        "latitudeE7" : -258565130,
        "longitudeE7" : 281611230,
        "placeId" : "ChIJjc378FhklR4R-lrwm02iVNY",
        "semanticType" : "TYPE_SEARCHED_ADDRESS",
        "locationConfidence" : 0.33438066
      } ],
      "editConfirmationStatus" : "NOT_CONFIRMED"
    }
  }, {
    "activitySegment" : {
      "startLocation" : {
        "latitudeE7" : -258559780,
        "longitudeE7" : 281626430,
        "sourceInfo" : {
          "deviceTag" : -63513299
        }
      },
      "endLocation" : {
        "latitudeE7" : -258717757,
        "longitudeE7" : 281370730,
        "sourceInfo" : {
          "deviceTag" : -63513299
        }
      },
      "duration" : {
        "startTimestampMs" : "1535210622564",
        "endTimestampMs" : "1535211106510"
      },
      "distance" : 3152,
      "activityType" : "IN_PASSENGER_VEHICLE",
      "confidence" : "HIGH",
      "activities" : [ {
        "activityType" : "IN_PASSENGER_VEHICLE",
        "probability" : 97.19636759066472
      }, {
        "activityType" : "WALKING",
        "probability" : 1.8668892221863564
      }, {
        "activityType" : "IN_BUS",
        "probability" : 0.5554282699703493
      } ],
      "waypointPath" : {
        "waypoints" : [ {
          "latE7" : -258559551,
          "lngE7" : 281623001
        }, {
          "latE7" : -258682041,
          "lngE7" : 281507663
        }, {
          "latE7" : -258714637,
          "lngE7" : 281379165
        } ]
      },
      "editConfirmationStatus" : "NOT_CONFIRMED"
    }
  }, {
    "placeVisit" : {
      "location" : {
        "latitudeE7" : -298326807,
        "longitudeE7" : 309687195,
        "placeId" : "ChIJ64lEf-gA9x4RaquvL1_C1Aw",
        "address" : "Sherwood\nDurban\n4091\nSouth Africa",
        "name" : "Sherwood"
      },
      "duration" : {
        "startTimestampMs" : "1535211106510",
        "endTimestampMs" : "1535212569705"
      },
      "placeConfidence" : "MEDIUM_CONFIDENCE",
      "centerLatE7" : -258717029,
      "centerLngE7" : 281367082,
      "visitConfidence" : 96,
      "otherCandidateLocations" : [ {
        "latitudeE7" : -258713472,
        "longitudeE7" : 281366267,
        "placeId" : "ChIJZdBjuOBklR4RqEHpE2Cr1-w",
        "name" : "Hogshead Centurion",
        "locationConfidence" : 7.2408547
      }, {
        "latitudeE7" : -258715566,
        "longitudeE7" : 281367776,
        "placeId" : "ChIJW0yE6uBklR4RtZrceKLMz3w",
        "name" : "Cappuccinos CAFE & PIZZERIA",
        "locationConfidence" : 5.1101356
      }, {
        "latitudeE7" : -258717370,
        "longitudeE7" : 281369330,
        "placeId" : "ChIJwZxUlOBklR4R_XsNAuCvosA",
        "name" : "Fish And Chips TAKE AWAYS",
        "locationConfidence" : 1.9948527
      }, {
        "latitudeE7" : -258710579,
        "longitudeE7" : 281379190,
        "placeId" : "ChIJ_7O63OBklR4RzduUPXS0d98",
        "name" : "Toys R Us Mall@Reds",
        "locationConfidence" : 0.82431
      } ],
      "editConfirmationStatus" : "CONFIRMED"
    }
  }, {
    "activitySegment" : {
      "startLocation" : {
        "latitudeE7" : -258717202,
        "longitudeE7" : 281366796,
        "sourceInfo" : {
          "deviceTag" : -63513299
        }
      },
      "endLocation" : {
        "latitudeE7" : -258559780,
        "longitudeE7" : 281626430,
        "sourceInfo" : {
          "deviceTag" : -63513299
        }
      },
      "duration" : {
        "startTimestampMs" : "1535212569705",
        "endTimestampMs" : "1535213037244"
      },
      "distance" : 3327,
      "activityType" : "IN_PASSENGER_VEHICLE",
      "confidence" : "HIGH",
      "activities" : [ {
        "activityType" : "IN_PASSENGER_VEHICLE",
        "probability" : 95.60590709572242
      }, {
        "activityType" : "WALKING",
        "probability" : 3.1681785047021247
      }, {
        "activityType" : "IN_BUS",
        "probability" : 0.7633922959864757
      } ],
      "waypointPath" : {
        "waypoints" : [ {
          "latE7" : -258714637,
          "lngE7" : 281379165
        }, {
          "latE7" : -258680171,
          "lngE7" : 281515197
        }, {
          "latE7" : -258559551,
          "lngE7" : 281623001
        } ]
      },
      "editConfirmationStatus" : "NOT_CONFIRMED"
    }
  }, {
    "placeVisit" : {
      "location" : {
        "latitudeE7" : -258559780,
        "longitudeE7" : 281626430,
        "placeId" : "ChIJgf7JGllklR4RTqYK8tHPm_w",
        "address" : "13 Willem Rd\nEldoraigne\nCenturion\n0157\nSouth Africa",
        "name" : "13 Willem Rd",
        "semanticType" : "TYPE_SEARCHED_ADDRESS",
        "sourceInfo" : {
          "deviceTag" : -63513299
        },
        "locationConfidence" : 88.96835
      },
      "duration" : {
        "startTimestampMs" : "1535213037244",
        "endTimestampMs" : "1535244875272"
      },
      "placeConfidence" : "HIGH_CONFIDENCE",
      "centerLatE7" : -258560718,
      "centerLngE7" : 281626045,
      "visitConfidence" : 93,
      "otherCandidateLocations" : [ {
        "latitudeE7" : -258584100,
        "longitudeE7" : 281624600,
        "placeId" : "ChIJWVS1zllklR4R7ih8EDjLG2g",
        "semanticType" : "TYPE_HOME",
        "locationConfidence" : 9.2616
      }, {
        "latitudeE7" : -258570590,
        "longitudeE7" : 281625620,
        "placeId" : "ChIJGZkpr1lklR4RvXt8NOQ53JI",
        "semanticType" : "TYPE_SEARCHED_ADDRESS",
        "locationConfidence" : 0.71822965
      }, {
        "latitudeE7" : -258560800,
        "longitudeE7" : 281633500,
        "placeId" : "ChIJqbfuDFlklR4R62Y6o0Rpy9w",
        "name" : "Eldoraigne Bus Stop",
        "locationConfidence" : 0.39902595
      }, {
        "latitudeE7" : -258565130,
        "longitudeE7" : 281611230,
        "placeId" : "ChIJjc378FhklR4R-lrwm02iVNY",
        "semanticType" : "TYPE_SEARCHED_ADDRESS",
        "locationConfidence" : 0.34615043
      } ],
      "editConfirmationStatus" : "NOT_CONFIRMED"
    }
  }, {
    "activitySegment" : {
      "startLocation" : {
        "latitudeE7" : -258561228,
        "longitudeE7" : 281626302,
        "sourceInfo" : {
          "deviceTag" : -63513299
        }
      },
      "endLocation" : {
        "latitudeE7" : -258613889,
        "longitudeE7" : 281614627,
        "sourceInfo" : {
          "deviceTag" : -63513299
        }
      },
      "duration" : {
        "startTimestampMs" : "1535244875272",
        "endTimestampMs" : "1535245814515"
      },
      "distance" : 1887,
      "activityType" : "IN_PASSENGER_VEHICLE",
      "confidence" : "HIGH",
      "activities" : [ {
        "activityType" : "IN_PASSENGER_VEHICLE",
        "probability" : 92.79329234282963
      }, {
        "activityType" : "WALKING",
        "probability" : 5.740293047563528
      }, {
        "activityType" : "IN_BUS",
        "probability" : 0.5095885767024052
      } ],
      "waypointPath" : {
        "waypoints" : [ {
          "latE7" : -258561000,
          "lngE7" : 281622886
        }, {
          "latE7" : -258592529,
          "lngE7" : 281620349
        }, {
          "latE7" : -258613891,
          "lngE7" : 281615123
        } ]
      },
      "simplifiedRawPath" : {
        "points" : [ {
          "latE7" : -258592308,
          "lngE7" : 281621385,
          "timestampMs" : "1535245693304",
          "accuracyMeters" : 30
        } ]
      },
      "editConfirmationStatus" : "NOT_CONFIRMED"
    }
  }, {
    "placeVisit" : {
      "location" : {
        "latitudeE7" : -258472042,
        "longitudeE7" : 281561533,
        "placeId" : "ChIJaWwUg5RklR4RfJyhTvSWRL4",
        "address" : "Eldoraigne\nCenturion\n0157\nSuid-Afrika",
        "name" : "Eldoraigne"
      },
      "duration" : {
        "startTimestampMs" : "1535245814515",
        "endTimestampMs" : "1535246613712"
      },
      "placeConfidence" : "LOW_CONFIDENCE",
      "centerLatE7" : -258612544,
      "centerLngE7" : 281617622,
      "visitConfidence" : 88,
      "otherCandidateLocations" : [ {
        "latitudeE7" : -258613298,
        "longitudeE7" : 281616963,
        "placeId" : "ChIJlUu6pldklR4RrPCr8ztpb0Y",
        "locationConfidence" : 21.51701
      }, {
        "latitudeE7" : -258613524,
        "longitudeE7" : 281629528,
        "placeId" : "ChIJw4CCEFdklR4RsHAAi7Vi8EM",
        "name" : "Saxby Total",
        "locationConfidence" : 10.388603
      }, {
        "latitudeE7" : -258610990,
        "longitudeE7" : 281617340,
        "placeId" : "ChIJlwUKoVdklR4RsKTJlbtLh1A",
        "locationConfidence" : 8.578774
      }, {
        "latitudeE7" : -258613118,
        "longitudeE7" : 281615431,
        "placeId" : "ChIJBVl1pFdklR4Rcgy0Ygw7-vI",
        "locationConfidence" : 6.76078
      }, {
        "latitudeE7" : -258608004,
        "longitudeE7" : 281601142,
        "placeId" : "ChIJVUGO7ldklR4RmvoJ4FmN-o0",
        "name" : "Klub M5 C C",
        "locationConfidence" : 2.4804623
      }, {
        "latitudeE7" : -258613524,
        "longitudeE7" : 281629528,
        "placeId" : "ChIJw4CCEFdklR4RlZzLhafV_hU",
        "name" : "Proudly Doors",
        "locationConfidence" : 1.8427696
      }, {
        "latitudeE7" : -258373559,
        "longitudeE7" : 280770857,
        "placeId" : "ChIJeXcpHax_lR4RYLkyp3KLuKY",
        "name" : "Hennopsrivier",
        "locationConfidence" : 1.1301247
      }, {
        "latitudeE7" : -258607904,
        "longitudeE7" : 281600258,
        "placeId" : "ChIJfYkp6VdklR4RV-AiXDCRgkI",
        "name" : "Kaapse Draai",
        "locationConfidence" : 1.011593
      }, {
        "latitudeE7" : -258617439,
        "longitudeE7" : 281636170,
        "placeId" : "ChIJPyll41ZklR4RNdmvHutdVjo",
        "name" : "Centurion Select",
        "locationConfidence" : 0.984525
      } ],
      "editConfirmationStatus" : "CONFIRMED"
    }
  }, {
    "activitySegment" : {
      "startLocation" : {
        "latitudeE7" : -258613889,
        "longitudeE7" : 281614627,
        "sourceInfo" : {
          "deviceTag" : -63513299
        }
      },
      "endLocation" : {
        "latitudeE7" : -258559780,
        "longitudeE7" : 281626430,
        "sourceInfo" : {
          "deviceTag" : -63513299
        }
      },
      "duration" : {
        "startTimestampMs" : "1535246613712",
        "endTimestampMs" : "1535248890237"
      },
      "distance" : 4498,
      "activityType" : "IN_PASSENGER_VEHICLE",
      "confidence" : "MEDIUM",
      "activities" : [ {
        "activityType" : "IN_PASSENGER_VEHICLE",
        "probability" : 85.69401480222545
      }, {
        "activityType" : "WALKING",
        "probability" : 10.706757563148367
      }, {
        "activityType" : "IN_BUS",
        "probability" : 2.2518606256272435
      } ],
      "waypointPath" : {
        "waypoints" : [ {
          "latE7" : -258613891,
          "lngE7" : 281615123
        }, {
          "latE7" : -258566417,
          "lngE7" : 281622447
        }, {
          "latE7" : -258559551,
          "lngE7" : 281623001
        } ]
      },
      "simplifiedRawPath" : {
        "points" : [ {
          "latE7" : -258563363,
          "lngE7" : 281622021,
          "timestampMs" : "1535247530310",
          "accuracyMeters" : 28
        } ]
      },
      "editConfirmationStatus" : "NOT_CONFIRMED"
    }
  }, {
    "placeVisit" : {
      "location" : {
        "latitudeE7" : -258559780,
        "longitudeE7" : 281626430,
        "placeId" : "ChIJgf7JGllklR4RTqYK8tHPm_w",
        "address" : "13 Willem Rd\nEldoraigne\nCenturion\n0157\nSouth Africa",
        "name" : "13 Willem Rd",
        "semanticType" : "TYPE_SEARCHED_ADDRESS",
        "sourceInfo" : {
          "deviceTag" : -63513299
        },
        "locationConfidence" : 72.20316
      },
      "duration" : {
        "startTimestampMs" : "1535248890237",
        "endTimestampMs" : "1535249344360"
      },
      "placeConfidence" : "LOW_CONFIDENCE",
      "centerLatE7" : -258560167,
      "centerLngE7" : 281622500,
      "visitConfidence" : 83,
      "otherCandidateLocations" : [ {
        "latitudeE7" : -258584100,
        "longitudeE7" : 281624600,
        "placeId" : "ChIJWVS1zllklR4R7ih8EDjLG2g",
        "semanticType" : "TYPE_HOME",
        "locationConfidence" : 23.807327
      }, {
        "latitudeE7" : -258565130,
        "longitudeE7" : 281611230,
        "placeId" : "ChIJjc378FhklR4R-lrwm02iVNY",
        "semanticType" : "TYPE_SEARCHED_ADDRESS",
        "locationConfidence" : 1.1611261
      }, {
        "latitudeE7" : -258570590,
        "longitudeE7" : 281625620,
        "placeId" : "ChIJGZkpr1lklR4RvXt8NOQ53JI",
        "semanticType" : "TYPE_SEARCHED_ADDRESS",
        "locationConfidence" : 0.76370496
      }, {
        "latitudeE7" : -258561810,
        "longitudeE7" : 281620170,
        "placeId" : "ChIJsU6mAllklR4RbXdXjLHI8jU",
        "name" : "Collin Tossel Versekerings Makelaars BK",
        "locationConfidence" : 0.59042066
      }, {
        "latitudeE7" : -258560800,
        "longitudeE7" : 281633500,
        "placeId" : "ChIJqbfuDFlklR4R62Y6o0Rpy9w",
        "name" : "Eldoraigne Bus Stop",
        "locationConfidence" : 0.52627254
      }, {
        "latitudeE7" : -258556046,
        "longitudeE7" : 281644996,
        "placeId" : "ChIJR2qzZFlklR4R6ONADWNKzIE",
        "name" : "Carnegie Park.",
        "locationConfidence" : 0.45546186
      } ],
      "editConfirmationStatus" : "NOT_CONFIRMED"
    }
  }, {
    "activitySegment" : {
      "startLocation" : {
        "latitudeE7" : -258558649,
        "longitudeE7" : 281621816,
        "sourceInfo" : {
          "deviceTag" : -63513299
        }
      },
      "endLocation" : {
        "latitudeE7" : -258560595,
        "longitudeE7" : 281626655,
        "sourceInfo" : {
          "deviceTag" : -63513299
        }
      },
      "duration" : {
        "startTimestampMs" : "1535249344360",
        "endTimestampMs" : "1535251450587"
      },
      "distance" : 3861,
      "activityType" : "IN_PASSENGER_VEHICLE",
      "confidence" : "MEDIUM",
      "activities" : [ {
        "activityType" : "IN_PASSENGER_VEHICLE",
        "probability" : 77.80018007181894
      }, {
        "activityType" : "WALKING",
        "probability" : 18.714846207570407
      }, {
        "activityType" : "CYCLING",
        "probability" : 1.180610837758273
      } ],
      "waypointPath" : {
        "waypoints" : [ {
          "latE7" : -258558731,
          "lngE7" : 281623058
        }, {
          "latE7" : -258596248,
          "lngE7" : 281598491
        }, {
          "latE7" : -258607006,
          "lngE7" : 281598968
        }, {
          "latE7" : -258559551,
          "lngE7" : 281623001
        } ]
      },
      "simplifiedRawPath" : {
        "points" : [ {
          "latE7" : -258599831,
          "lngE7" : 281598777,
          "timestampMs" : "1535249766638",
          "accuracyMeters" : 24
        }, {
          "latE7" : -258599831,
          "lngE7" : 281598777,
          "timestampMs" : "1535249770174",
          "accuracyMeters" : 24
        } ]
      },
      "editConfirmationStatus" : "NOT_CONFIRMED"
    }
  }, {
    "activitySegment" : {
      "startLocation" : {
        "latitudeE7" : -258558371,
        "longitudeE7" : 281622287,
        "sourceInfo" : {
          "deviceTag" : -63513299
        }
      },
      "endLocation" : {
        "latitudeE7" : -257567971,
        "longitudeE7" : 282791228,
        "sourceInfo" : {
          "deviceTag" : -63513299
        }
      },
      "duration" : {
        "startTimestampMs" : "1535344898686",
        "endTimestampMs" : "1535347394836"
      },
      "distance" : 21357,
      "activityType" : "IN_PASSENGER_VEHICLE",
      "confidence" : "HIGH",
      "activities" : [ {
        "activityType" : "IN_PASSENGER_VEHICLE",
        "probability" : 95.62305670086874
      }, {
        "activityType" : "WALKING",
        "probability" : 3.610565872169437
      }, {
        "activityType" : "IN_BUS",
        "probability" : 0.5103103776786537
      } ],
      "waypointPath" : {
        "waypoints" : [ {
          "latE7" : -258558425,
          "lngE7" : 281623096
        }, {
          "latE7" : -258037643,
          "lngE7" : 282605133
        }, {
          "latE7" : -257568016,
          "lngE7" : 282791595
        } ]
      },
      "editConfirmationStatus" : "NOT_CONFIRMED"
    }
  }, {
    "placeVisit" : {
      "location" : {
        "latitudeE7" : -257509575,
        "longitudeE7" : 282789735,
        "placeId" : "ChIJE5phV2ZglR4ROeioRG3BvyA",
        "address" : "Scientia 627-Jr\nPretoria\n0081\nSouth Africa",
        "name" : "Scientia 627-Jr"
      },
      "duration" : {
        "startTimestampMs" : "1535347394836",
        "endTimestampMs" : "1535357185273"
      },
      "placeConfidence" : "MEDIUM_CONFIDENCE",
      "centerLatE7" : -257563877,
      "centerLngE7" : 282794880,
      "visitConfidence" : 90,
      "otherCandidateLocations" : [ {
        "latitudeE7" : -257468287,
        "longitudeE7" : 282788928,
        "placeId" : "ChIJS_P3g2lglR4RMs3iZtUFGUE",
        "name" : "CSIR",
        "locationConfidence" : 12.775588
      }, {
        "latitudeE7" : -257530047,
        "longitudeE7" : 282767885,
        "placeId" : "ChIJAQsZRGdglR4REb2EhDpAEKw",
        "name" : "CSIR International Convention Centre",
        "locationConfidence" : 11.60903
      }, {
        "latitudeE7" : -257485620,
        "longitudeE7" : 282819320,
        "placeId" : "ChIJRwpxO2hglR4R32H9ICYBDzE",
        "name" : "Body Kinetics (CSIR CAMPUS PRETORIA)",
        "locationConfidence" : 5.9853554
      }, {
        "latitudeE7" : -257571069,
        "longitudeE7" : 282795005,
        "placeId" : "ChIJFQSqsWFglR4RPwZMxqBWJoM",
        "name" : "CSIR",
        "locationConfidence" : 4.61433
      }, {
        "latitudeE7" : -257559032,
        "longitudeE7" : 282784452,
        "placeId" : "ChIJ__8TokJglR4Rk79ork5Izdo",
        "name" : "Meraka",
        "locationConfidence" : 1.8224758
      }, {
        "latitudeE7" : -257567013,
        "longitudeE7" : 282765334,
        "placeId" : "ChIJ52wVkUJglR4RijC9On9X7wo",
        "name" : "Department Of Science And Technology",
        "locationConfidence" : 0.7287438
      } ],
      "editConfirmationStatus" : "CONFIRMED"
    }
  }, {
    "activitySegment" : {
      "startLocation" : {
        "latitudeE7" : -257566771,
        "longitudeE7" : 282803438,
        "sourceInfo" : {
          "deviceTag" : -63513299
        }
      },
      "endLocation" : {
        "latitudeE7" : -257566771,
        "longitudeE7" : 282803438,
        "sourceInfo" : {
          "deviceTag" : -63513299
        }
      },
      "duration" : {
        "startTimestampMs" : "1535357185273",
        "endTimestampMs" : "1535439063159"
      },
      "distance" : 32828,
      "activityType" : "IN_PASSENGER_VEHICLE",
      "confidence" : "HIGH",
      "activities" : [ {
        "activityType" : "IN_PASSENGER_VEHICLE",
        "probability" : 87.54963625342853
      }, {
        "activityType" : "WALKING",
        "probability" : 10.852602623763506
      }, {
        "activityType" : "MOTORCYCLING",
        "probability" : 0.32253446554082305
      } ],
      "editConfirmationStatus" : "NOT_CONFIRMED"
    }
  }, {
    "placeVisit" : {
      "location" : {
        "latitudeE7" : -257509575,
        "longitudeE7" : 282789735,
        "placeId" : "ChIJE5phV2ZglR4ROeioRG3BvyA",
        "address" : "Scientia 627-Jr\nPretoria\n0081\nSouth Africa",
        "name" : "Scientia 627-Jr"
      },
      "duration" : {
        "startTimestampMs" : "1535439063159",
        "endTimestampMs" : "1535467990214"
      },
      "placeConfidence" : "MEDIUM_CONFIDENCE",
      "centerLatE7" : -257566071,
      "centerLngE7" : 282796412,
      "visitConfidence" : 93,
      "otherCandidateLocations" : [ {
        "latitudeE7" : -257468287,
        "longitudeE7" : 282788928,
        "placeId" : "ChIJS_P3g2lglR4RMs3iZtUFGUE",
        "name" : "CSIR",
        "locationConfidence" : 13.125455
      }, {
        "latitudeE7" : -257530047,
        "longitudeE7" : 282767885,
        "placeId" : "ChIJAQsZRGdglR4REb2EhDpAEKw",
        "name" : "CSIR International Convention Centre",
        "locationConfidence" : 13.08415
      }, {
        "latitudeE7" : -257568762,
        "longitudeE7" : 282808313,
        "placeId" : "ChIJX7gxkWFglR4RX8Z79OPvdRw",
        "name" : "Transnet Engineering R&D Power and Control Lab",
        "locationConfidence" : 10.252498
      }, {
        "latitudeE7" : -257559232,
        "longitudeE7" : 282785672,
        "placeId" : "ChIJZWl6-2BglR4R1ugW5fMdZVo",
        "name" : "Meraka Institute",
        "locationConfidence" : 0.82196116
      }, {
        "latitudeE7" : -257559032,
        "longitudeE7" : 282784452,
        "placeId" : "ChIJ__8TokJglR4Rk79ork5Izdo",
        "name" : "Meraka",
        "locationConfidence" : 0.8123215
      }, {
        "latitudeE7" : -257571069,
        "longitudeE7" : 282795005,
        "placeId" : "ChIJFQSqsWFglR4RPwZMxqBWJoM",
        "name" : "CSIR",
        "locationConfidence" : 0.70486045
      } ],
      "editConfirmationStatus" : "CONFIRMED"
    }
  }, {
    "activitySegment" : {
      "startLocation" : {
        "latitudeE7" : -257564538,
        "longitudeE7" : 282795714,
        "sourceInfo" : {
          "deviceTag" : -63513299
        }
      },
      "endLocation" : {
        "latitudeE7" : -257658439,
        "longitudeE7" : 282807775,
        "sourceInfo" : {
          "deviceTag" : -63513299
        }
      },
      "duration" : {
        "startTimestampMs" : "1535467990214",
        "endTimestampMs" : "1535469060055"
      },
      "distance" : 1522,
      "activityType" : "IN_PASSENGER_VEHICLE",
      "confidence" : "MEDIUM",
      "activities" : [ {
        "activityType" : "IN_PASSENGER_VEHICLE",
        "probability" : 71.26684277766131
      }, {
        "activityType" : "WALKING",
        "probability" : 26.46450415068451
      }, {
        "activityType" : "IN_BUS",
        "probability" : 1.3940564147178192
      } ],
      "waypointPath" : {
        "waypoints" : [ {
          "latE7" : -257561817,
          "lngE7" : 282792491
        }, {
          "latE7" : -257629127,
          "lngE7" : 282798767
        }, {
          "latE7" : -257662048,
          "lngE7" : 282805080
        } ]
      },
      "editConfirmationStatus" : "NOT_CONFIRMED"
    }
  }, {
    "placeVisit" : {
      "location" : {
        "latitudeE7" : -257610373,
        "longitudeE7" : 282859975,
        "placeId" : "ChIJb8YbCGJglR4R9IttDKA-oOU",
        "address" : "Lynnwood Manor\nPretoria\n0081\nSuid-Afrika",
        "name" : "Lynnwood Manor"
      },
      "duration" : {
        "startTimestampMs" : "1535469060055",
        "endTimestampMs" : "1535470929402"
      },
      "placeConfidence" : "LOW_CONFIDENCE",
      "centerLatE7" : -257658138,
      "centerLngE7" : 282806506,
      "visitConfidence" : 91,
      "otherCandidateLocations" : [ {
        "latitudeE7" : -257659239,
        "longitudeE7" : 282787902,
        "placeId" : "ChIJ0SV4049glR4R9i5UDiEvo74",
        "name" : "Lynnwood Bridge Retail",
        "locationConfidence" : 12.324658
      }, {
        "latitudeE7" : -257657734,
        "longitudeE7" : 282809608,
        "placeId" : "ChIJM9MCPIxglR4RCLi__vIbw5Q",
        "name" : "Glenfair Super Spar",
        "locationConfidence" : 11.564057
      }, {
        "latitudeE7" : -257658210,
        "longitudeE7" : 282814833,
        "placeId" : "ChIJ4VCIOIxglR4R3mzqgMBO3dM",
        "name" : "Birillo Coffee Culture",
        "locationConfidence" : 9.231856
      }, {
        "latitudeE7" : -257658180,
        "longitudeE7" : 282805313,
        "placeId" : "ChIJG5AcQoxglR4RURndVkE3aWM",
        "name" : "Wimpy",
        "locationConfidence" : 3.7574654
      }, {
        "latitudeE7" : -257660292,
        "longitudeE7" : 282803605,
        "placeId" : "ChIJMZ-pR4xglR4REQJpHrvcMBg",
        "name" : "Brooklyn Brothers Glenfair",
        "locationConfidence" : 2.6697013
      }, {
        "latitudeE7" : -257656462,
        "longitudeE7" : 282816924,
        "placeId" : "ChIJSSpDnI5glR4RxtSEv6B_7xk",
        "name" : "Dis-Chem Pharmacy Glenfair",
        "locationConfidence" : 1.5210534
      }, {
        "latitudeE7" : -257661365,
        "longitudeE7" : 282808565,
        "placeId" : "ChIJG5AcQoxglR4Rb4VpvP9-U_g",
        "name" : "Lone Hawk Spur Steak Ranch",
        "locationConfidence" : 1.4949076
      }, {
        "latitudeE7" : -257658544,
        "longitudeE7" : 282814431,
        "placeId" : "ChIJdyEMRIxglR4RD4vJN5Dbn-Y",
        "name" : "Checkers Lynnwood",
        "locationConfidence" : 1.0268312
      }, {
        "latitudeE7" : -257654271,
        "longitudeE7" : 282801454,
        "placeId" : "ChIJoctwUYxglR4RnrLYuHKafQc",
        "name" : "Lion Bridge",
        "locationConfidence" : 1.0140501
      } ],
      "editConfirmationStatus" : "CONFIRMED"
    }
  }, {
    "activitySegment" : {
      "startLocation" : {
        "latitudeE7" : -257658138,
        "longitudeE7" : 282806506
      },
      "endLocation" : {
        "latitudeE7" : -258560224,
        "longitudeE7" : 281625459
      },
      "duration" : {
        "startTimestampMs" : "1535470929402",
        "endTimestampMs" : "1535797620769"
      },
      "activityType" : "UNKNOWN_ACTIVITY_TYPE",
      "activities" : [ {
        "activityType" : "UNKNOWN_ACTIVITY_TYPE",
        "probability" : 0.0
      } ],
      "simplifiedRawPath" : {
        "points" : [ {
          "latE7" : -257657842,
          "lngE7" : 282799021,
          "timestampMs" : "1535470929402",
          "accuracyMeters" : 93
        }, {
          "latE7" : -257756353,
          "lngE7" : 282825606,
          "timestampMs" : "1535471087000",
          "accuracyMeters" : 16
        }, {
          "latE7" : -257806721,
          "lngE7" : 282775626,
          "timestampMs" : "1535471188420",
          "accuracyMeters" : 142
        }, {
          "latE7" : -257828872,
          "lngE7" : 282779184,
          "timestampMs" : "1535471309269",
          "accuracyMeters" : 31
        }, {
          "latE7" : -257916343,
          "lngE7" : 282728384,
          "timestampMs" : "1535471430302",
          "accuracyMeters" : 37
        } ]
      }
    }
  } ]
}