{
  "timelineObjects" : [ {
    "placeVisit" : {
      "location" : {
        "latitudeE7" : -258560257,
        "longitudeE7" : 281626148,
        "placeId" : "ChIJWVS1zllklR4R7ih8EDjLG2g",
        "address" : "31 Willem Rd\nEldoraigne\nCenturion\n0157\nSouth Africa",
        "name" : "31 Willem Rd",
        "semanticType" : "TYPE_HOME",
        "sourceInfo" : {
          "deviceTag" : 936760904
        },
        "locationConfidence" : 85.20978
      },
      "duration" : {
        "startTimestampMs" : "1522987719167",
        "endTimestampMs" : "1522988950318"
      },
      "placeConfidence" : "MEDIUM_CONFIDENCE",
      "centerLatE7" : -258560780,
      "centerLngE7" : 281625620,
      "visitConfidence" : 87,
      "otherCandidateLocations" : [ {
        "latitudeE7" : -258559780,
        "longitudeE7" : 281626430,
        "placeId" : "ChIJgf7JGllklR4RTqYK8tHPm_w",
        "semanticType" : "TYPE_SEARCHED_ADDRESS",
        "locationConfidence" : 13.403366
      }, {
        "latitudeE7" : -258560800,
        "longitudeE7" : 281633500,
        "placeId" : "ChIJqbfuDFlklR4R62Y6o0Rpy9w",
        "name" : "Eldoraigne Bus Stop",
        "locationConfidence" : 0.36974052
      }, {
        "latitudeE7" : -258565130,
        "longitudeE7" : 281611230,
        "placeId" : "ChIJjc378FhklR4R-lrwm02iVNY",
        "semanticType" : "TYPE_SEARCHED_ADDRESS",
        "locationConfidence" : 0.24528657
      }, {
        "latitudeE7" : -258564430,
        "longitudeE7" : 281639450,
        "placeId" : "ChIJeeSNnVlklR4RZYivLKiClSY",
        "name" : "R101 Medical Centre & Pharmacy",
        "locationConfidence" : 0.22806813
      }, {
        "latitudeE7" : -258560970,
        "longitudeE7" : 281633730,
        "placeId" : "ChIJgaPqDFlklR4RFA6pnOxVLY4",
        "name" : "Claude Verdié | Live French Music",
        "locationConfidence" : 0.12769803
      }, {
        "latitudeE7" : -258566130,
        "longitudeE7" : 281639810,
        "placeId" : "ChIJN2BanFlklR4RLigzbnaorgA",
        "name" : "Kyarkanaye T",
        "locationConfidence" : 0.12671068
      } ],
      "editConfirmationStatus" : "NOT_CONFIRMED"
    }
  }, {
    "activitySegment" : {
      "startLocation" : {
        "latitudeE7" : -258561101,
        "longitudeE7" : 281626217
      },
      "endLocation" : {
        "latitudeE7" : -257629250,
        "longitudeE7" : 282758874
      },
      "duration" : {
        "startTimestampMs" : "1522988950318",
        "endTimestampMs" : "1522990202000"
      },
      "distance" : 17180,
      "activityType" : "IN_PASSENGER_VEHICLE",
      "confidence" : "HIGH",
      "activities" : [ {
        "activityType" : "IN_PASSENGER_VEHICLE",
        "probability" : 97.81290871101433
      }, {
        "activityType" : "WALKING",
        "probability" : 1.8076523616399782
      }, {
        "activityType" : "IN_BUS",
        "probability" : 0.24255415805316632
      } ],
      "waypointPath" : {
        "waypoints" : [ {
          "latE7" : -258560886,
          "lngE7" : 281622886
        }, {
          "latE7" : -258037643,
          "lngE7" : 282605133
        }, {
          "latE7" : -257629241,
          "lngE7" : 282759113
        } ]
      },
      "editConfirmationStatus" : "NOT_CONFIRMED"
    }
  }, {
    "activitySegment" : {
      "startLocation" : {
        "latitudeE7" : -257629250,
        "longitudeE7" : 282758874
      },
      "endLocation" : {
        "latitudeE7" : -258560800,
        "longitudeE7" : 281626267
      },
      "duration" : {
        "startTimestampMs" : "1522990202000",
        "endTimestampMs" : "1523592570400"
      },
      "activityType" : "UNKNOWN_ACTIVITY_TYPE",
      "activities" : [ {
        "activityType" : "UNKNOWN_ACTIVITY_TYPE",
        "probability" : 0.0
      } ],
      "simplifiedRawPath" : {
        "points" : [ {
          "latE7" : -257657188,
          "lngE7" : 282764431,
          "timestampMs" : "1523021033000",
          "accuracyMeters" : 12
        }, {
          "latE7" : -257706722,
          "lngE7" : 282740773,
          "timestampMs" : "1523021064000",
          "accuracyMeters" : 10
        }, {
          "latE7" : -257769933,
          "lngE7" : 282724108,
          "timestampMs" : "1523021096000",
          "accuracyMeters" : 10
        }, {
          "latE7" : -258158225,
          "lngE7" : 282558861,
          "timestampMs" : "1523021264000",
          "accuracyMeters" : 10
        }, {
          "latE7" : -258268752,
          "lngE7" : 282460795,
          "timestampMs" : "1523021318000",
          "accuracyMeters" : 10
        }, {
          "latE7" : -258616397,
          "lngE7" : 282096845,
          "timestampMs" : "1523021484000",
          "accuracyMeters" : 10
        }, {
          "latE7" : -258646572,
          "lngE7" : 281984797,
          "timestampMs" : "1523021539000",
          "accuracyMeters" : 10
        }, {
          "latE7" : -258673697,
          "lngE7" : 281926602,
          "timestampMs" : "1523021609000",
          "accuracyMeters" : 10
        }, {
          "latE7" : -258665934,
          "lngE7" : 281921977,
          "timestampMs" : "1523021632000",
          "accuracyMeters" : 10
        } ]
      }
    }
  }, {
    "placeVisit" : {
      "location" : {
        "latitudeE7" : -258560257,
        "longitudeE7" : 281626148,
        "placeId" : "ChIJWVS1zllklR4R7ih8EDjLG2g",
        "address" : "31 Willem Rd\nEldoraigne\nCenturion\n0157\nSouth Africa",
        "name" : "31 Willem Rd",
        "semanticType" : "TYPE_HOME",
        "sourceInfo" : {
          "deviceTag" : 936760904
        },
        "locationConfidence" : 81.49455
      },
      "duration" : {
        "startTimestampMs" : "1523592570400",
        "endTimestampMs" : "1523981797587"
      },
      "placeConfidence" : "MEDIUM_CONFIDENCE",
      "centerLatE7" : -258560800,
      "centerLngE7" : 281626267,
      "visitConfidence" : 90,
      "otherCandidateLocations" : [ {
        "latitudeE7" : -258559780,
        "longitudeE7" : 281626430,
        "placeId" : "ChIJgf7JGllklR4RTqYK8tHPm_w",
        "semanticType" : "TYPE_SEARCHED_ADDRESS",
        "locationConfidence" : 17.292355
      }, {
        "latitudeE7" : -258565130,
        "longitudeE7" : 281611230,
        "placeId" : "ChIJjc378FhklR4R-lrwm02iVNY",
        "semanticType" : "TYPE_SEARCHED_ADDRESS",
        "locationConfidence" : 0.41890737
      }, {
        "latitudeE7" : -258560800,
        "longitudeE7" : 281633500,
        "placeId" : "ChIJqbfuDFlklR4R62Y6o0Rpy9w",
        "name" : "Eldoraigne Bus Stop",
        "locationConfidence" : 0.40830192
      }, {
        "latitudeE7" : -258561810,
        "longitudeE7" : 281620170,
        "placeId" : "ChIJsU6mAllklR4RbXdXjLHI8jU",
        "name" : "Collin Tossel Versekerings Makelaars BK",
        "locationConfidence" : 0.06416723
      } ],
      "editConfirmationStatus" : "NOT_CONFIRMED"
    }
  } ]
}