{
  "timelineObjects" : [ {
    "placeVisit" : {
      "location" : {
        "latitudeE7" : -258559780,
        "longitudeE7" : 281626430,
        "placeId" : "ChIJgf7JGllklR4RTqYK8tHPm_w",
        "address" : "13 Willem Rd\nEldoraigne\nCenturion\n0157\nSouth Africa",
        "name" : "13 Willem Rd",
        "semanticType" : "TYPE_HOME",
        "sourceInfo" : {
          "deviceTag" : -63513299
        },
        "locationConfidence" : 97.153595
      },
      "duration" : {
        "startTimestampMs" : "1572581238357",
        "endTimestampMs" : "1572617438692"
      },
      "placeConfidence" : "HIGH_CONFIDENCE",
      "centerLatE7" : -258560674,
      "centerLngE7" : 281625553,
      "visitConfidence" : 87,
      "otherCandidateLocations" : [ {
        "latitudeE7" : -258584100,
        "longitudeE7" : 281624600,
        "placeId" : "ChIJWVS1zllklR4R7ih8EDjLG2g",
        "semanticType" : "TYPE_SEARCHED_ADDRESS",
        "locationConfidence" : 1.9274203
      }, {
        "latitudeE7" : -258565130,
        "longitudeE7" : 281611230,
        "placeId" : "ChIJjc378FhklR4R-lrwm02iVNY",
        "semanticType" : "TYPE_SEARCHED_ADDRESS",
        "locationConfidence" : 0.21977137
      }, {
        "latitudeE7" : -258570590,
        "longitudeE7" : 281625620,
        "placeId" : "ChIJGZkpr1lklR4RvXt8NOQ53JI",
        "semanticType" : "TYPE_SEARCHED_ADDRESS",
        "locationConfidence" : 0.18948457
      }, {
        "latitudeE7" : -258560800,
        "longitudeE7" : 281633500,
        "placeId" : "ChIJqbfuDFlklR4R62Y6o0Rpy9w",
        "locationConfidence" : 0.113659754
      } ],
      "editConfirmationStatus" : "NOT_CONFIRMED"
    }
  }, {
    "activitySegment" : {
      "startLocation" : {
        "latitudeE7" : -258560753,
        "longitudeE7" : 281626091
      },
      "endLocation" : {
        "latitudeE7" : -257718088,
        "longitudeE7" : 282345272
      },
      "duration" : {
        "startTimestampMs" : "1572617438692",
        "endTimestampMs" : "1572619228685"
      },
      "distance" : 11821,
      "activityType" : "IN_PASSENGER_VEHICLE",
      "confidence" : "HIGH",
      "activities" : [ {
        "activityType" : "IN_PASSENGER_VEHICLE",
        "probability" : 95.63309803222182
      }, {
        "activityType" : "WALKING",
        "probability" : 1.8000719981156001
      }, {
        "activityType" : "MOTORCYCLING",
        "probability" : 0.9751102628520683
      } ],
      "waypointPath" : {
        "waypoints" : [ {
          "latE7" : -258560543,
          "lngE7" : 281622924
        }, {
          "latE7" : -258486995,
          "lngE7" : 281574916
        }, {
          "latE7" : -258422756,
          "lngE7" : 281618232
        }, {
          "latE7" : -257739467,
          "lngE7" : 281954059
        }, {
          "latE7" : -257720546,
          "lngE7" : 282340564
        } ]
      },
      "simplifiedRawPath" : {
        "points" : [ {
          "latE7" : -258423603,
          "lngE7" : 281618391,
          "timestampMs" : "1572617824938",
          "accuracyMeters" : 12
        } ]
      }
    }
  }, {
    "placeVisit" : {
      "location" : {
        "latitudeE7" : -257732928,
        "longitudeE7" : 282307332,
        "placeId" : "ChIJIdFl2gphlR4RbUq9iuOSHzw",
        "address" : "Nieuw Muckleneuk\nPretoria\n0181\nSouth Africa",
        "name" : "Nieuw Muckleneuk"
      },
      "duration" : {
        "startTimestampMs" : "1572619228685",
        "endTimestampMs" : "1572619999194"
      },
      "placeConfidence" : "HIGH_CONFIDENCE",
      "centerLatE7" : -257716700,
      "centerLngE7" : 282345600,
      "visitConfidence" : 91,
      "otherCandidateLocations" : [ {
        "latitudeE7" : -257707063,
        "longitudeE7" : 282362636,
        "placeId" : "ChIJwTJHjwlhlR4R9O6ydkQXCvo",
        "locationConfidence" : 0.29683852
      }, {
        "latitudeE7" : -257699440,
        "longitudeE7" : 282357790,
        "placeId" : "ChIJbzyTqAlhlR4RIjM-cGrx8R4",
        "locationConfidence" : 0.14483446
      }, {
        "latitudeE7" : -257698384,
        "longitudeE7" : 282354135,
        "placeId" : "ChIJJ2e_kglhlR4R61sGlGOYG3Q",
        "locationConfidence" : 0.12207428
      }, {
        "latitudeE7" : -257709230,
        "longitudeE7" : 282318860,
        "placeId" : "ChIJr6s59wphlR4RQ9OQSfH-Ep4",
        "locationConfidence" : 0.120401695
      } ],
      "editConfirmationStatus" : "CONFIRMED"
    }
  }, {
    "placeVisit" : {
      "location" : {
        "latitudeE7" : -258559780,
        "longitudeE7" : 281626430,
        "placeId" : "ChIJgf7JGllklR4RTqYK8tHPm_w",
        "address" : "13 Willem Rd\nEldoraigne\nCenturion\n0157\nSouth Africa",
        "name" : "13 Willem Rd",
        "semanticType" : "TYPE_HOME",
        "sourceInfo" : {
          "deviceTag" : -63513299
        },
        "locationConfidence" : 97.23699
      },
      "duration" : {
        "startTimestampMs" : "1572763907193",
        "endTimestampMs" : "1572771002794"
      },
      "placeConfidence" : "HIGH_CONFIDENCE",
      "centerLatE7" : -258560855,
      "centerLngE7" : 281625784,
      "visitConfidence" : 91,
      "otherCandidateLocations" : [ {
        "latitudeE7" : -258584100,
        "longitudeE7" : 281624600,
        "placeId" : "ChIJWVS1zllklR4R7ih8EDjLG2g",
        "semanticType" : "TYPE_SEARCHED_ADDRESS",
        "locationConfidence" : 1.783683
      }, {
        "latitudeE7" : -258565130,
        "longitudeE7" : 281611230,
        "placeId" : "ChIJjc378FhklR4R-lrwm02iVNY",
        "semanticType" : "TYPE_SEARCHED_ADDRESS",
        "locationConfidence" : 0.23568735
      }, {
        "latitudeE7" : -258570590,
        "longitudeE7" : 281625620,
        "placeId" : "ChIJGZkpr1lklR4RvXt8NOQ53JI",
        "semanticType" : "TYPE_SEARCHED_ADDRESS",
        "locationConfidence" : 0.2121814
      }, {
        "latitudeE7" : -258560800,
        "longitudeE7" : 281633500,
        "placeId" : "ChIJqbfuDFlklR4R62Y6o0Rpy9w",
        "locationConfidence" : 0.14349324
      } ],
      "editConfirmationStatus" : "NOT_CONFIRMED"
    }
  }, {
    "activitySegment" : {
      "startLocation" : {
        "latitudeE7" : -258560753,
        "longitudeE7" : 281626091,
        "sourceInfo" : {
          "deviceTag" : -63513299
        }
      },
      "endLocation" : {
        "latitudeE7" : -260192706,
        "longitudeE7" : 279862666,
        "sourceInfo" : {
          "deviceTag" : -63513299
        }
      },
      "duration" : {
        "startTimestampMs" : "1572771002794",
        "endTimestampMs" : "1572773341481"
      },
      "distance" : 32258,
      "activityType" : "IN_PASSENGER_VEHICLE",
      "confidence" : "HIGH",
      "activities" : [ {
        "activityType" : "IN_PASSENGER_VEHICLE",
        "probability" : 99.23364837743746
      }, {
        "activityType" : "WALKING",
        "probability" : 0.3505590329919952
      }, {
        "activityType" : "IN_BUS",
        "probability" : 0.3093890941941005
      } ],
      "waypointPath" : {
        "waypoints" : [ {
          "latE7" : -258560543,
          "lngE7" : 281622924
        }, {
          "latE7" : -260425128,
          "lngE7" : 281027870
        }, {
          "latE7" : -260191326,
          "lngE7" : 279862384
        } ]
      }
    }
  }, {
    "placeVisit" : {
      "location" : {
        "latitudeE7" : -260184982,
        "longitudeE7" : 279862133,
        "placeId" : "ChIJa9Sy_ZJ2lR4RdGmBwdxdHSM",
        "address" : "0B Randa Rd\nSalfred AH\nSandton\nSouth Africa",
        "name" : "Inchanga Country Lofts",
        "sourceInfo" : {
          "deviceTag" : -63513299
        },
        "locationConfidence" : 42.446575
      },
      "duration" : {
        "startTimestampMs" : "1572773341481",
        "endTimestampMs" : "1572793931561"
      },
      "placeConfidence" : "MEDIUM_CONFIDENCE",
      "centerLatE7" : -260192042,
      "centerLngE7" : 279862734,
      "visitConfidence" : 94,
      "otherCandidateLocations" : [ {
        "latitudeE7" : -260191566,
        "longitudeE7" : 279863368,
        "placeId" : "ChIJMVRwSZJ2lR4RhysHxsVY2uY",
        "locationConfidence" : 39.972065
      }, {
        "latitudeE7" : -260179787,
        "longitudeE7" : 279864567,
        "placeId" : "ChIJm1mPAZN2lR4RwT3_V8ui80M",
        "locationConfidence" : 6.7804823
      }, {
        "latitudeE7" : -260205590,
        "longitudeE7" : 279848330,
        "placeId" : "ChIJaSK5F5J2lR4RK7y2b9U4D0s",
        "locationConfidence" : 1.7407944
      }, {
        "latitudeE7" : -260199827,
        "longitudeE7" : 279865015,
        "placeId" : "ChIJhdmfzJN2lR4R98cdgMwIGTY",
        "locationConfidence" : 1.6461412
      }, {
        "latitudeE7" : -260182499,
        "longitudeE7" : 279837990,
        "placeId" : "ChIJgSBdg5J2lR4ReN6h8GXeu_Q",
        "locationConfidence" : 1.4489759
      }, {
        "latitudeE7" : -260183740,
        "longitudeE7" : 279842558,
        "placeId" : "ChIJV1tFj5J2lR4Rar1IZAyv-TE",
        "locationConfidence" : 1.2158065
      }, {
        "latitudeE7" : -260174190,
        "longitudeE7" : 279869590,
        "placeId" : "ChIJBU3gGpN2lR4RrELW5RPoafQ",
        "locationConfidence" : 0.95944476
      }, {
        "latitudeE7" : -260203420,
        "longitudeE7" : 279880060,
        "placeId" : "ChIJLVAt55N2lR4RBj0EoPh0kZk",
        "locationConfidence" : 0.72919786
      }, {
        "latitudeE7" : -260204265,
        "longitudeE7" : 279863572,
        "placeId" : "ChIJhdmfzJN2lR4Rry5KO3G0-Zc",
        "locationConfidence" : 0.530153
      } ],
      "editConfirmationStatus" : "NOT_CONFIRMED"
    }
  }, {
    "activitySegment" : {
      "startLocation" : {
        "latitudeE7" : -260184982,
        "longitudeE7" : 279862133
      },
      "endLocation" : {
        "latitudeE7" : -258560753,
        "longitudeE7" : 281626091
      },
      "duration" : {
        "startTimestampMs" : "1572793931561",
        "endTimestampMs" : "1572795913999"
      },
      "distance" : 25247,
      "activityType" : "IN_PASSENGER_VEHICLE",
      "confidence" : "HIGH",
      "activities" : [ {
        "activityType" : "IN_PASSENGER_VEHICLE",
        "probability" : 93.20565979722831
      }, {
        "activityType" : "WALKING",
        "probability" : 3.2958524744072286
      }, {
        "activityType" : "MOTORCYCLING",
        "probability" : 1.5619629724960733
      } ],
      "waypointPath" : {
        "waypoints" : [ {
          "latE7" : -260191364,
          "lngE7" : 279862194
        }, {
          "latE7" : -260389728,
          "lngE7" : 280657138
        }, {
          "latE7" : -258559989,
          "lngE7" : 281622962
        } ]
      }
    }
  }, {
    "placeVisit" : {
      "location" : {
        "latitudeE7" : -258559780,
        "longitudeE7" : 281626430,
        "placeId" : "ChIJgf7JGllklR4RTqYK8tHPm_w",
        "address" : "13 Willem Rd\nEldoraigne\nCenturion\n0157\nSouth Africa",
        "name" : "13 Willem Rd",
        "semanticType" : "TYPE_HOME",
        "sourceInfo" : {
          "deviceTag" : -63513299
        },
        "locationConfidence" : 97.518814
      },
      "duration" : {
        "startTimestampMs" : "1572795913999",
        "endTimestampMs" : "1572840407570"
      },
      "placeConfidence" : "HIGH_CONFIDENCE",
      "centerLatE7" : -258560545,
      "centerLngE7" : 281625654,
      "visitConfidence" : 81,
      "otherCandidateLocations" : [ {
        "latitudeE7" : -258584100,
        "longitudeE7" : 281624600,
        "placeId" : "ChIJWVS1zllklR4R7ih8EDjLG2g",
        "semanticType" : "TYPE_SEARCHED_ADDRESS",
        "locationConfidence" : 1.6809144
      }, {
        "latitudeE7" : -258565130,
        "longitudeE7" : 281611230,
        "placeId" : "ChIJjc378FhklR4R-lrwm02iVNY",
        "semanticType" : "TYPE_SEARCHED_ADDRESS",
        "locationConfidence" : 0.21409975
      }, {
        "latitudeE7" : -258570590,
        "longitudeE7" : 281625620,
        "placeId" : "ChIJGZkpr1lklR4RvXt8NOQ53JI",
        "semanticType" : "TYPE_SEARCHED_ADDRESS",
        "locationConfidence" : 0.1647236
      }, {
        "latitudeE7" : -258560800,
        "longitudeE7" : 281633500,
        "placeId" : "ChIJqbfuDFlklR4R62Y6o0Rpy9w",
        "locationConfidence" : 0.13250002
      } ],
      "editConfirmationStatus" : "NOT_CONFIRMED"
    }
  }, {
    "placeVisit" : {
      "location" : {
        "latitudeE7" : -258559780,
        "longitudeE7" : 281626430,
        "placeId" : "ChIJgf7JGllklR4RTqYK8tHPm_w",
        "address" : "13 Willem Rd\nEldoraigne\nCenturion\n0157\nSouth Africa",
        "name" : "13 Willem Rd",
        "semanticType" : "TYPE_HOME",
        "sourceInfo" : {
          "deviceTag" : -63513299
        },
        "locationConfidence" : 97.17319
      },
      "duration" : {
        "startTimestampMs" : "1573013134511",
        "endTimestampMs" : "1573016161176"
      },
      "placeConfidence" : "HIGH_CONFIDENCE",
      "centerLatE7" : -258560035,
      "centerLngE7" : 281626125,
      "visitConfidence" : 91,
      "otherCandidateLocations" : [ {
        "latitudeE7" : -258584100,
        "longitudeE7" : 281624600,
        "placeId" : "ChIJWVS1zllklR4R7ih8EDjLG2g",
        "semanticType" : "TYPE_SEARCHED_ADDRESS",
        "locationConfidence" : 1.8740076
      }, {
        "latitudeE7" : -258560800,
        "longitudeE7" : 281633500,
        "placeId" : "ChIJqbfuDFlklR4R62Y6o0Rpy9w",
        "locationConfidence" : 0.17544763
      }, {
        "latitudeE7" : -258565130,
        "longitudeE7" : 281611230,
        "placeId" : "ChIJjc378FhklR4R-lrwm02iVNY",
        "semanticType" : "TYPE_SEARCHED_ADDRESS",
        "locationConfidence" : 0.16599694
      }, {
        "latitudeE7" : -258570590,
        "longitudeE7" : 281625620,
        "placeId" : "ChIJGZkpr1lklR4RvXt8NOQ53JI",
        "semanticType" : "TYPE_SEARCHED_ADDRESS",
        "locationConfidence" : 0.15610062
      } ],
      "editConfirmationStatus" : "NOT_CONFIRMED"
    }
  }, {
    "activitySegment" : {
      "startLocation" : {
        "latitudeE7" : -258559003,
        "longitudeE7" : 281626114,
        "sourceInfo" : {
          "deviceTag" : -63513299
        }
      },
      "endLocation" : {
        "latitudeE7" : -258415100,
        "longitudeE7" : 282352000,
        "sourceInfo" : {
          "deviceTag" : -63513299
        }
      },
      "duration" : {
        "startTimestampMs" : "1573016161176",
        "endTimestampMs" : "1573017433931"
      },
      "distance" : 11100,
      "activityType" : "IN_PASSENGER_VEHICLE",
      "confidence" : "HIGH",
      "activities" : [ {
        "activityType" : "IN_PASSENGER_VEHICLE",
        "probability" : 99.07926541551254
      }, {
        "activityType" : "WALKING",
        "probability" : 0.5687478576736558
      }, {
        "activityType" : "IN_BUS",
        "probability" : 0.20822301735749094
      } ],
      "waypointPath" : {
        "waypoints" : [ {
          "latE7" : -258558807,
          "lngE7" : 281623058
        }, {
          "latE7" : -258609333,
          "lngE7" : 281821498
        }, {
          "latE7" : -258420715,
          "lngE7" : 282316799
        } ]
      }
    }
  }, {
    "placeVisit" : {
      "location" : {
        "latitudeE7" : -258415100,
        "longitudeE7" : 282352000,
        "placeId" : "ChIJW6yVf-5mlR4RjtZWQJSuDds",
        "address" : "35 Vorster Ave\nPierre van Ryneveld Park\nCenturion\n0045\nSouth Africa",
        "name" : "35 Vorster Ave",
        "semanticType" : "TYPE_SEARCHED_ADDRESS",
        "sourceInfo" : {
          "deviceTag" : -63513299
        },
        "locationConfidence" : 78.10959
      },
      "duration" : {
        "startTimestampMs" : "1573017433931",
        "endTimestampMs" : "1573017919533"
      },
      "placeConfidence" : "MEDIUM_CONFIDENCE",
      "centerLatE7" : -258396900,
      "centerLngE7" : 282334800,
      "visitConfidence" : 70,
      "otherCandidateLocations" : [ {
        "latitudeE7" : -258415583,
        "longitudeE7" : 282311347,
        "placeId" : "ChIJjyKJuJJmlR4RA0f9hzPPUZM",
        "locationConfidence" : 6.9316506
      }, {
        "latitudeE7" : -258409850,
        "longitudeE7" : 282341880,
        "placeId" : "ChIJIWqGMOxmlR4RTYCeClhGr44",
        "locationConfidence" : 3.8856347
      }, {
        "latitudeE7" : -258415436,
        "longitudeE7" : 282315872,
        "placeId" : "ChIJJU_X5uxmlR4RYSTfVGCkfvs",
        "locationConfidence" : 2.1617901
      }, {
        "latitudeE7" : -258409850,
        "longitudeE7" : 282341880,
        "placeId" : "ChIJIWqGMOxmlR4RG-RHBPSq-eI",
        "locationConfidence" : 2.116591
      }, {
        "latitudeE7" : -258408490,
        "longitudeE7" : 282346490,
        "placeId" : "ChIJBWJwhE1nlR4RwzKodyzpCCs",
        "locationConfidence" : 1.9076216
      }, {
        "latitudeE7" : -258413510,
        "longitudeE7" : 282335440,
        "placeId" : "ChIJEymUSexmlR4RhT9C7ixQAfw",
        "locationConfidence" : 1.7458372
      }, {
        "latitudeE7" : -258396450,
        "longitudeE7" : 282344550,
        "placeId" : "ChIJR1ORGuxmlR4RYttsmfBmSzc",
        "locationConfidence" : 0.87098336
      }, {
        "latitudeE7" : -258417070,
        "longitudeE7" : 282351030,
        "placeId" : "ChIJQVAZN_RmlR4RVgsQKZaZ1Uw",
        "locationConfidence" : 0.8038007
      }, {
        "latitudeE7" : -258416597,
        "longitudeE7" : 282311860,
        "placeId" : "ChIJpcbq5exmlR4Ru8zhFiPtcwY",
        "locationConfidence" : 0.5220643
      } ],
      "editConfirmationStatus" : "NOT_CONFIRMED"
    }
  }, {
    "activitySegment" : {
      "startLocation" : {
        "latitudeE7" : -258415100,
        "longitudeE7" : 282352000,
        "sourceInfo" : {
          "deviceTag" : -63513299
        }
      },
      "endLocation" : {
        "latitudeE7" : -257566771,
        "longitudeE7" : 282803438,
        "sourceInfo" : {
          "deviceTag" : -63513299
        }
      },
      "duration" : {
        "startTimestampMs" : "1573017919533",
        "endTimestampMs" : "1573018911782"
      },
      "distance" : 10500,
      "activityType" : "IN_PASSENGER_VEHICLE",
      "confidence" : "HIGH",
      "activities" : [ {
        "activityType" : "IN_PASSENGER_VEHICLE",
        "probability" : 95.30548680619054
      }, {
        "activityType" : "WALKING",
        "probability" : 4.136250713424452
      }, {
        "activityType" : "IN_BUS",
        "probability" : 0.2244184910545972
      } ],
      "waypointPath" : {
        "waypoints" : [ {
          "latE7" : -258415317,
          "lngE7" : 282356185
        }, {
          "latE7" : -257659168,
          "lngE7" : 282742958
        }, {
          "latE7" : -257569675,
          "lngE7" : 282797775
        } ]
      }
    }
  }, {
    "placeVisit" : {
      "location" : {
        "latitudeE7" : -257509575,
        "longitudeE7" : 282789735,
        "placeId" : "ChIJE5phV2ZglR4ROeioRG3BvyA",
        "address" : "Scientia 627-Jr\nPretoria\n0081\nSouth Africa",
        "name" : "Scientia 627-Jr"
      },
      "duration" : {
        "startTimestampMs" : "1573018911782",
        "endTimestampMs" : "1573027753687"
      },
      "placeConfidence" : "MEDIUM_CONFIDENCE",
      "centerLatE7" : -257565527,
      "centerLngE7" : 282797839,
      "visitConfidence" : 94,
      "otherCandidateLocations" : [ {
        "latitudeE7" : -257565060,
        "longitudeE7" : 282798100,
        "placeId" : "ChIJleGC-2BglR4RgInWy3Dz3qI",
        "name" : "Council for Scientific and Industrial Research building 43",
        "locationConfidence" : 5.322952
      }, {
        "latitudeE7" : -257571069,
        "longitudeE7" : 282795005,
        "placeId" : "ChIJFQSqsWFglR4RPwZMxqBWJoM",
        "locationConfidence" : 2.4425387
      }, {
        "latitudeE7" : -257468287,
        "longitudeE7" : 282788928,
        "placeId" : "ChIJS_P3g2lglR4RMs3iZtUFGUE",
        "locationConfidence" : 1.897994
      }, {
        "latitudeE7" : -257529956,
        "longitudeE7" : 282767675,
        "placeId" : "ChIJAQsZRGdglR4REb2EhDpAEKw",
        "locationConfidence" : 0.7157489
      } ],
      "editConfirmationStatus" : "CONFIRMED"
    }
  }, {
    "activitySegment" : {
      "startLocation" : {
        "latitudeE7" : -257560192,
        "longitudeE7" : 282790470,
        "sourceInfo" : {
          "deviceTag" : -63513299
        }
      },
      "endLocation" : {
        "latitudeE7" : -258560753,
        "longitudeE7" : 281626091,
        "sourceInfo" : {
          "deviceTag" : -63513299
        }
      },
      "duration" : {
        "startTimestampMs" : "1573027753687",
        "endTimestampMs" : "1573069221215"
      },
      "distance" : 16626,
      "activityType" : "IN_PASSENGER_VEHICLE",
      "confidence" : "HIGH",
      "activities" : [ {
        "activityType" : "IN_PASSENGER_VEHICLE",
        "probability" : 91.85060790831419
      }, {
        "activityType" : "WALKING",
        "probability" : 5.961485525130448
      }, {
        "activityType" : "MOTORCYCLING",
        "probability" : 0.8611191397124636
      } ],
      "waypointPath" : {
        "waypoints" : [ {
          "latE7" : -257530174,
          "lngE7" : 282773189
        }, {
          "latE7" : -258335247,
          "lngE7" : 282395687
        }, {
          "latE7" : -258560543,
          "lngE7" : 281622924
        } ]
      }
    }
  }, {
    "placeVisit" : {
      "location" : {
        "latitudeE7" : -258559780,
        "longitudeE7" : 281626430,
        "placeId" : "ChIJgf7JGllklR4RTqYK8tHPm_w",
        "address" : "13 Willem Rd\nEldoraigne\nCenturion\n0157\nSouth Africa",
        "name" : "13 Willem Rd",
        "semanticType" : "TYPE_HOME",
        "sourceInfo" : {
          "deviceTag" : -63513299
        },
        "locationConfidence" : 97.43504
      },
      "duration" : {
        "startTimestampMs" : "1573069221215",
        "endTimestampMs" : "1573119576826"
      },
      "placeConfidence" : "HIGH_CONFIDENCE",
      "centerLatE7" : -258560941,
      "centerLngE7" : 281626567,
      "visitConfidence" : 91,
      "otherCandidateLocations" : [ {
        "latitudeE7" : -258584100,
        "longitudeE7" : 281624600,
        "placeId" : "ChIJWVS1zllklR4R7ih8EDjLG2g",
        "semanticType" : "TYPE_SEARCHED_ADDRESS",
        "locationConfidence" : 1.8510263
      }, {
        "latitudeE7" : -258565130,
        "longitudeE7" : 281611230,
        "placeId" : "ChIJjc378FhklR4R-lrwm02iVNY",
        "semanticType" : "TYPE_SEARCHED_ADDRESS",
        "locationConfidence" : 0.13973291
      }, {
        "latitudeE7" : -258570590,
        "longitudeE7" : 281625620,
        "placeId" : "ChIJGZkpr1lklR4RvXt8NOQ53JI",
        "semanticType" : "TYPE_SEARCHED_ADDRESS",
        "locationConfidence" : 0.1343466
      }, {
        "latitudeE7" : -258560800,
        "longitudeE7" : 281633500,
        "placeId" : "ChIJqbfuDFlklR4R62Y6o0Rpy9w",
        "locationConfidence" : 0.12829939
      } ],
      "editConfirmationStatus" : "NOT_CONFIRMED"
    }
  }, {
    "activitySegment" : {
      "startLocation" : {
        "latitudeE7" : -258560753,
        "longitudeE7" : 281626091,
        "sourceInfo" : {
          "deviceTag" : -63513299
        }
      },
      "endLocation" : {
        "latitudeE7" : -258719480,
        "longitudeE7" : 281581870,
        "sourceInfo" : {
          "deviceTag" : -63513299
        }
      },
      "duration" : {
        "startTimestampMs" : "1573119576826",
        "endTimestampMs" : "1573119989215"
      },
      "distance" : 2366,
      "activityType" : "IN_PASSENGER_VEHICLE",
      "confidence" : "HIGH",
      "activities" : [ {
        "activityType" : "IN_PASSENGER_VEHICLE",
        "probability" : 98.93494021405024
      }, {
        "activityType" : "WALKING",
        "probability" : 0.7111039972185987
      }, {
        "activityType" : "IN_BUS",
        "probability" : 0.26104279644382333
      } ],
      "waypointPath" : {
        "waypoints" : [ {
          "latE7" : -258560543,
          "lngE7" : 281622924
        }, {
          "latE7" : -258614311,
          "lngE7" : 281583518
        }, {
          "latE7" : -258719024,
          "lngE7" : 281585330
        } ]
      },
      "simplifiedRawPath" : {
        "points" : [ {
          "latE7" : -258593437,
          "lngE7" : 281579350,
          "timestampMs" : "1573119745201",
          "accuracyMeters" : 30
        } ]
      }
    }
  }, {
    "placeVisit" : {
      "location" : {
        "latitudeE7" : -258719480,
        "longitudeE7" : 281581870,
        "placeId" : "ChIJP2BZEABllR4RD_tGczPKonc",
        "address" : "13 Estcourt Ave\nWierdapark\nPretoria\n0001\nSouth Africa",
        "name" : "Goudsmid",
        "sourceInfo" : {
          "deviceTag" : -63513299
        },
        "locationConfidence" : 33.33494
      },
      "duration" : {
        "startTimestampMs" : "1573119989215",
        "endTimestampMs" : "1573124406910"
      },
      "placeConfidence" : "MEDIUM_CONFIDENCE",
      "centerLatE7" : -258718583,
      "centerLngE7" : 281582869,
      "visitConfidence" : 90,
      "otherCandidateLocations" : [ {
        "latitudeE7" : -258719596,
        "longitudeE7" : 281584472,
        "placeId" : "ChIJg8HoDwBllR4RD1FxbRgIlYc",
        "locationConfidence" : 25.751411
      }, {
        "latitudeE7" : -258741390,
        "longitudeE7" : 281577060,
        "placeId" : "ChIJywAgiwBllR4RI1mmszNgAUk",
        "locationConfidence" : 24.969337
      }, {
        "latitudeE7" : -258723784,
        "longitudeE7" : 281582162,
        "placeId" : "ChIJVa7D2ahllR4RWdZzatJ64So",
        "locationConfidence" : 3.2854562
      }, {
        "latitudeE7" : -258741390,
        "longitudeE7" : 281577060,
        "placeId" : "ChIJywAgiwBllR4RZzFsvtJ_Fg0",
        "semanticType" : "TYPE_SEARCHED_ADDRESS",
        "locationConfidence" : 2.7822351
      }, {
        "latitudeE7" : -258724830,
        "longitudeE7" : 281577710,
        "placeId" : "ChIJaUvlMABllR4Ry6upqGYfv_o",
        "locationConfidence" : 1.265714
      }, {
        "latitudeE7" : -258717240,
        "longitudeE7" : 281586330,
        "placeId" : "ChIJTUozbQBllR4Rtz_Oe_q-SJg",
        "locationConfidence" : 0.89030856
      } ],
      "editConfirmationStatus" : "NOT_CONFIRMED"
    }
  }, {
    "activitySegment" : {
      "startLocation" : {
        "latitudeE7" : -258766868,
        "longitudeE7" : 281654107,
        "sourceInfo" : {
          "deviceTag" : -63513299
        }
      },
      "endLocation" : {
        "latitudeE7" : -258560753,
        "longitudeE7" : 281626091,
        "sourceInfo" : {
          "deviceTag" : -63513299
        }
      },
      "duration" : {
        "startTimestampMs" : "1573124406910",
        "endTimestampMs" : "1573185745618"
      },
      "distance" : 2792,
      "activityType" : "IN_PASSENGER_VEHICLE",
      "confidence" : "HIGH",
      "activities" : [ {
        "activityType" : "IN_PASSENGER_VEHICLE",
        "probability" : 96.33236448324418
      }, {
        "activityType" : "WALKING",
        "probability" : 3.002674893985171
      }, {
        "activityType" : "IN_BUS",
        "probability" : 0.5439797152362525
      } ],
      "waypointPath" : {
        "waypoints" : [ {
          "latE7" : -258766517,
          "lngE7" : 281653594
        }, {
          "latE7" : -258761806,
          "lngE7" : 281643047
        }, {
          "latE7" : -258726005,
          "lngE7" : 281633300
        }, {
          "latE7" : -258623447,
          "lngE7" : 281624794
        }, {
          "latE7" : -258560543,
          "lngE7" : 281622924
        } ]
      },
      "simplifiedRawPath" : {
        "points" : [ {
          "latE7" : -258766868,
          "lngE7" : 281654107,
          "timestampMs" : "1573185289987",
          "accuracyMeters" : 34
        }, {
          "latE7" : -258728107,
          "lngE7" : 281636213,
          "timestampMs" : "1573185409352",
          "accuracyMeters" : 37
        } ]
      }
    }
  }, {
    "placeVisit" : {
      "location" : {
        "latitudeE7" : -258559780,
        "longitudeE7" : 281626430,
        "placeId" : "ChIJgf7JGllklR4RTqYK8tHPm_w",
        "address" : "13 Willem Rd\nEldoraigne\nCenturion\n0157\nSouth Africa",
        "name" : "13 Willem Rd",
        "semanticType" : "TYPE_HOME",
        "sourceInfo" : {
          "deviceTag" : -63513299
        },
        "locationConfidence" : 97.237366
      },
      "duration" : {
        "startTimestampMs" : "1573185745618",
        "endTimestampMs" : "1573188987834"
      },
      "placeConfidence" : "HIGH_CONFIDENCE",
      "centerLatE7" : -258559787,
      "centerLngE7" : 281626206,
      "visitConfidence" : 91,
      "otherCandidateLocations" : [ {
        "latitudeE7" : -258584100,
        "longitudeE7" : 281624600,
        "placeId" : "ChIJWVS1zllklR4R7ih8EDjLG2g",
        "semanticType" : "TYPE_SEARCHED_ADDRESS",
        "locationConfidence" : 1.8455616
      }, {
        "latitudeE7" : -258560800,
        "longitudeE7" : 281633500,
        "placeId" : "ChIJqbfuDFlklR4R62Y6o0Rpy9w",
        "locationConfidence" : 0.16780788
      }, {
        "latitudeE7" : -258565130,
        "longitudeE7" : 281611230,
        "placeId" : "ChIJjc378FhklR4R-lrwm02iVNY",
        "semanticType" : "TYPE_SEARCHED_ADDRESS",
        "locationConfidence" : 0.16169459
      }, {
        "latitudeE7" : -258563284,
        "longitudeE7" : 281638659,
        "placeId" : "ChIJUyXs_eRllR4R9OdOSKpRzI8",
        "locationConfidence" : 0.15371484
      } ],
      "editConfirmationStatus" : "NOT_CONFIRMED"
    }
  }, {
    "activitySegment" : {
      "startLocation" : {
        "latitudeE7" : -258558357,
        "longitudeE7" : 281626689,
        "sourceInfo" : {
          "deviceTag" : -63513299
        }
      },
      "endLocation" : {
        "latitudeE7" : -257566771,
        "longitudeE7" : 282803438,
        "sourceInfo" : {
          "deviceTag" : -63513299
        }
      },
      "duration" : {
        "startTimestampMs" : "1573188987834",
        "endTimestampMs" : "1573191638609"
      },
      "distance" : 21648,
      "activityType" : "IN_PASSENGER_VEHICLE",
      "confidence" : "HIGH",
      "activities" : [ {
        "activityType" : "IN_PASSENGER_VEHICLE",
        "probability" : 95.99298006817024
      }, {
        "activityType" : "WALKING",
        "probability" : 3.3993320895823853
      }, {
        "activityType" : "IN_BUS",
        "probability" : 0.4138957803644111
      } ],
      "waypointPath" : {
        "waypoints" : [ {
          "latE7" : -258557128,
          "lngE7" : 281623191
        }, {
          "latE7" : -258184146,
          "lngE7" : 282538185
        }, {
          "latE7" : -257477970,
          "lngE7" : 282736034
        }, {
          "latE7" : -257502956,
          "lngE7" : 282739124
        }, {
          "latE7" : -257571086,
          "lngE7" : 282803401
        } ]
      },
      "simplifiedRawPath" : {
        "points" : [ {
          "latE7" : -258190224,
          "lngE7" : 282534860,
          "timestampMs" : "1573190082999",
          "accuracyMeters" : 5
        }, {
          "latE7" : -257479280,
          "lngE7" : 282738927,
          "timestampMs" : "1573190901954",
          "accuracyMeters" : 36
        } ]
      }
    }
  }, {
    "placeVisit" : {
      "location" : {
        "latitudeE7" : -257509575,
        "longitudeE7" : 282789735,
        "placeId" : "ChIJE5phV2ZglR4ROeioRG3BvyA",
        "address" : "Scientia 627-Jr\nPretoria\n0081\nSouth Africa",
        "name" : "Scientia 627-Jr"
      },
      "duration" : {
        "startTimestampMs" : "1573191638609",
        "endTimestampMs" : "1573216345999"
      },
      "placeConfidence" : "MEDIUM_CONFIDENCE",
      "centerLatE7" : -257565932,
      "centerLngE7" : 282797629,
      "visitConfidence" : 95,
      "otherCandidateLocations" : [ {
        "latitudeE7" : -257565060,
        "longitudeE7" : 282798100,
        "placeId" : "ChIJleGC-2BglR4RgInWy3Dz3qI",
        "name" : "Council for Scientific and Industrial Research building 43",
        "locationConfidence" : 9.100785
      }, {
        "latitudeE7" : -257468287,
        "longitudeE7" : 282788928,
        "placeId" : "ChIJS_P3g2lglR4RMs3iZtUFGUE",
        "locationConfidence" : 1.0836993
      }, {
        "latitudeE7" : -257571069,
        "longitudeE7" : 282795005,
        "placeId" : "ChIJFQSqsWFglR4RPwZMxqBWJoM",
        "locationConfidence" : 0.95349187
      }, {
        "latitudeE7" : -257529956,
        "longitudeE7" : 282767675,
        "placeId" : "ChIJAQsZRGdglR4REb2EhDpAEKw",
        "locationConfidence" : 0.63573414
      } ],
      "editConfirmationStatus" : "CONFIRMED"
    }
  }, {
    "activitySegment" : {
      "startLocation" : {
        "latitudeE7" : -257562485,
        "longitudeE7" : 282787202,
        "sourceInfo" : {
          "deviceTag" : -63513299
        }
      },
      "endLocation" : {
        "latitudeE7" : -258560083,
        "longitudeE7" : 281625153,
        "sourceInfo" : {
          "deviceTag" : -63513299
        }
      },
      "duration" : {
        "startTimestampMs" : "1573216345999",
        "endTimestampMs" : "1573217926718"
      },
      "distance" : 19875,
      "activityType" : "IN_PASSENGER_VEHICLE",
      "confidence" : "HIGH",
      "activities" : [ {
        "activityType" : "IN_PASSENGER_VEHICLE",
        "probability" : 99.53058983080521
      }, {
        "activityType" : "WALKING",
        "probability" : 0.2541317617957155
      }, {
        "activityType" : "IN_BUS",
        "probability" : 0.12753163720932997
      } ],
      "waypointPath" : {
        "waypoints" : [ {
          "latE7" : -257563896,
          "lngE7" : 282787628
        }, {
          "latE7" : -258045139,
          "lngE7" : 282604427
        }, {
          "latE7" : -258559951,
          "lngE7" : 281622962
        } ]
      }
    }
  }, {
    "activitySegment" : {
      "startLocation" : {
        "latitudeE7" : -258560753,
        "longitudeE7" : 281626091
      },
      "endLocation" : {
        "latitudeE7" : -257718088,
        "longitudeE7" : 282345272
      },
      "duration" : {
        "startTimestampMs" : "1573222903477",
        "endTimestampMs" : "1573225257563"
      },
      "distance" : 11816,
      "activityType" : "IN_PASSENGER_VEHICLE",
      "confidence" : "HIGH",
      "activities" : [ {
        "activityType" : "IN_PASSENGER_VEHICLE",
        "probability" : 95.26583462531643
      }, {
        "activityType" : "WALKING",
        "probability" : 2.0236322034361582
      }, {
        "activityType" : "MOTORCYCLING",
        "probability" : 1.020860650646447
      } ],
      "waypointPath" : {
        "waypoints" : [ {
          "latE7" : -258560543,
          "lngE7" : 281622924
        }, {
          "latE7" : -257786045,
          "lngE7" : 281934337
        }, {
          "latE7" : -257714977,
          "lngE7" : 282353916
        } ]
      },
      "simplifiedRawPath" : {
        "points" : [ {
          "latE7" : -257807647,
          "lngE7" : 281928870,
          "timestampMs" : "1573223931000",
          "accuracyMeters" : 8
        } ]
      }
    }
  }, {
    "activitySegment" : {
      "startLocation" : {
        "latitudeE7" : -257718088,
        "longitudeE7" : 282345272
      },
      "endLocation" : {
        "latitudeE7" : -258560481,
        "longitudeE7" : 281626016
      },
      "duration" : {
        "startTimestampMs" : "1573225257563",
        "endTimestampMs" : "1574174248999"
      },
      "activityType" : "UNKNOWN_ACTIVITY_TYPE",
      "activities" : [ {
        "activityType" : "UNKNOWN_ACTIVITY_TYPE",
        "probability" : 0.0
      } ],
      "simplifiedRawPath" : {
        "points" : [ {
          "latE7" : -257708100,
          "lngE7" : 282348568,
          "timestampMs" : "1573225506223",
          "accuracyMeters" : 53
        }, {
          "latE7" : -257716608,
          "lngE7" : 282343798,
          "timestampMs" : "1573225749509",
          "accuracyMeters" : 30
        }, {
          "latE7" : -257724872,
          "lngE7" : 282342630,
          "timestampMs" : "1573226032453",
          "accuracyMeters" : 44
        } ]
      }
    }
  }, {
    "placeVisit" : {
      "location" : {
        "latitudeE7" : -258559780,
        "longitudeE7" : 281626430,
        "placeId" : "ChIJgf7JGllklR4RTqYK8tHPm_w",
        "address" : "13 Willem Rd\nEldoraigne\nCenturion\n0157\nSouth Africa",
        "name" : "13 Willem Rd",
        "semanticType" : "TYPE_HOME",
        "sourceInfo" : {
          "deviceTag" : -63513299
        },
        "locationConfidence" : 98.26981
      },
      "duration" : {
        "startTimestampMs" : "1574174248999",
        "endTimestampMs" : "1574349070165"
      },
      "placeConfidence" : "HIGH_CONFIDENCE",
      "centerLatE7" : -258560481,
      "centerLngE7" : 281626016,
      "visitConfidence" : 85,
      "otherCandidateLocations" : [ {
        "latitudeE7" : -258584100,
        "longitudeE7" : 281624600,
        "placeId" : "ChIJWVS1zllklR4R7ih8EDjLG2g",
        "semanticType" : "TYPE_SEARCHED_ADDRESS",
        "locationConfidence" : 1.1645695
      }, {
        "latitudeE7" : -258565130,
        "longitudeE7" : 281611230,
        "placeId" : "ChIJjc378FhklR4R-lrwm02iVNY",
        "semanticType" : "TYPE_SEARCHED_ADDRESS",
        "locationConfidence" : 0.19396959
      }, {
        "latitudeE7" : -258570590,
        "longitudeE7" : 281625620,
        "placeId" : "ChIJGZkpr1lklR4RvXt8NOQ53JI",
        "semanticType" : "TYPE_SEARCHED_ADDRESS",
        "locationConfidence" : 0.12552525
      }, {
        "latitudeE7" : -258560800,
        "longitudeE7" : 281633500,
        "placeId" : "ChIJqbfuDFlklR4R62Y6o0Rpy9w",
        "locationConfidence" : 0.06720228
      } ],
      "editConfirmationStatus" : "NOT_CONFIRMED"
    }
  }, {
    "placeVisit" : {
      "location" : {
        "latitudeE7" : -258412959,
        "longitudeE7" : 281602366,
        "placeId" : "ChIJnVssaGJklR4RW2W9zDFaEMw",
        "address" : "1023 Saxby Ave\nEldoraigne\nCenturion\n0157\nSouth Africa",
        "name" : "The Coffee Pot",
        "sourceInfo" : {
          "deviceTag" : -63513299
        },
        "locationConfidence" : 84.47559
      },
      "duration" : {
        "startTimestampMs" : "1574495751809",
        "endTimestampMs" : "1574497691099"
      },
      "placeConfidence" : "MEDIUM_CONFIDENCE",
      "centerLatE7" : -258414129,
      "centerLngE7" : 281604006,
      "visitConfidence" : 93,
      "otherCandidateLocations" : [ {
        "latitudeE7" : -258412683,
        "longitudeE7" : 281601632,
        "placeId" : "ChIJO7LRRmJklR4RKamXDp3mNaQ",
        "locationConfidence" : 12.10187
      }, {
        "latitudeE7" : -258412899,
        "longitudeE7" : 281605300,
        "placeId" : "ChIJO7LRRmJklR4R5mchqXhJ6E4",
        "locationConfidence" : 2.2135825
      }, {
        "latitudeE7" : -258413103,
        "longitudeE7" : 281603960,
        "placeId" : "ChIJCbBtQ2JklR4RzuJNQRkLFDI",
        "locationConfidence" : 0.5303736
      }, {
        "latitudeE7" : -258419310,
        "longitudeE7" : 281609400,
        "placeId" : "ChIJVeYuXWJklR4RQkRA1ro6D2M",
        "locationConfidence" : 0.30629757
      } ],
      "editConfirmationStatus" : "NOT_CONFIRMED"
    }
  }, {
    "activitySegment" : {
      "startLocation" : {
        "latitudeE7" : -258415524,
        "longitudeE7" : 281608962
      },
      "endLocation" : {
        "latitudeE7" : -258559914,
        "longitudeE7" : 281623926
      },
      "duration" : {
        "startTimestampMs" : "1574497691099",
        "endTimestampMs" : "1574498194847"
      },
      "distance" : 2257,
      "activityType" : "IN_PASSENGER_VEHICLE",
      "confidence" : "HIGH",
      "activities" : [ {
        "activityType" : "IN_PASSENGER_VEHICLE",
        "probability" : 95.07018327713013
      }, {
        "activityType" : "WALKING",
        "probability" : 2.9663046821951866
      }, {
        "activityType" : "STILL",
        "probability" : 0.9647181257605553
      }, {
        "activityType" : "CYCLING",
        "probability" : 0.37338363472372293
      }, {
        "activityType" : "MOTORCYCLING",
        "probability" : 0.25515914894640446
      }, {
        "activityType" : "IN_BUS",
        "probability" : 0.11690618703141809
      }, {
        "activityType" : "RUNNING",
        "probability" : 0.0968190492130816
      }, {
        "activityType" : "IN_FERRY",
        "probability" : 0.059811543906107545
      }, {
        "activityType" : "SKIING",
        "probability" : 0.04931548610329628
      }, {
        "activityType" : "FLYING",
        "probability" : 0.019205620628781617
      }, {
        "activityType" : "SAILING",
        "probability" : 0.01305455225519836
      }, {
        "activityType" : "IN_TRAM",
        "probability" : 0.011582199658732861
      }, {
        "activityType" : "IN_TRAIN",
        "probability" : 0.0023851745936553925
      }, {
        "activityType" : "IN_SUBWAY",
        "probability" : 0.001149441141023999
      }, {
        "activityType" : "IN_VEHICLE",
        "probability" : 2.4881092031137086E-5
      } ],
      "waypointPath" : {
        "waypoints" : [ {
          "latE7" : -258417797,
          "lngE7" : 281608180
        }, {
          "latE7" : -258559856,
          "lngE7" : 281622982
        } ]
      }
    }
  }, {
    "placeVisit" : {
      "location" : {
        "latitudeE7" : -258559780,
        "longitudeE7" : 281626430,
        "placeId" : "ChIJgf7JGllklR4RTqYK8tHPm_w",
        "address" : "13 Willem Rd\nEldoraigne\nCenturion\n0157\nSouth Africa",
        "name" : "13 Willem Rd",
        "semanticType" : "TYPE_HOME",
        "sourceInfo" : {
          "deviceTag" : -63513299
        },
        "locationConfidence" : 96.59101
      },
      "duration" : {
        "startTimestampMs" : "1574741608716",
        "endTimestampMs" : "1574777550456"
      },
      "placeConfidence" : "HIGH_CONFIDENCE",
      "centerLatE7" : -258558471,
      "centerLngE7" : 281626214,
      "visitConfidence" : 84,
      "otherCandidateLocations" : [ {
        "latitudeE7" : -258584100,
        "longitudeE7" : 281624600,
        "placeId" : "ChIJWVS1zllklR4R7ih8EDjLG2g",
        "semanticType" : "TYPE_SEARCHED_ADDRESS",
        "locationConfidence" : 1.9764527
      }, {
        "latitudeE7" : -258565130,
        "longitudeE7" : 281611230,
        "placeId" : "ChIJjc378FhklR4R-lrwm02iVNY",
        "semanticType" : "TYPE_SEARCHED_ADDRESS",
        "locationConfidence" : 0.45489472
      }, {
        "latitudeE7" : -258563284,
        "longitudeE7" : 281638659,
        "placeId" : "ChIJUyXs_eRllR4R9OdOSKpRzI8",
        "locationConfidence" : 0.33258393
      }, {
        "latitudeE7" : -258570590,
        "longitudeE7" : 281625620,
        "placeId" : "ChIJGZkpr1lklR4RvXt8NOQ53JI",
        "semanticType" : "TYPE_SEARCHED_ADDRESS",
        "locationConfidence" : 0.22917356
      } ],
      "editConfirmationStatus" : "NOT_CONFIRMED"
    }
  }, {
    "activitySegment" : {
      "startLocation" : {
        "latitudeE7" : -258559555,
        "longitudeE7" : 281624411
      },
      "endLocation" : {
        "latitudeE7" : -258409128,
        "longitudeE7" : 281851903
      },
      "duration" : {
        "startTimestampMs" : "1574777550456",
        "endTimestampMs" : "1574779187541"
      },
      "distance" : 4678,
      "activityType" : "IN_PASSENGER_VEHICLE",
      "confidence" : "HIGH",
      "activities" : [ {
        "activityType" : "IN_PASSENGER_VEHICLE",
        "probability" : 90.30458927154541
      }, {
        "activityType" : "STILL",
        "probability" : 5.266666412353516
      }, {
        "activityType" : "WALKING",
        "probability" : 3.4853246062994003
      }, {
        "activityType" : "MOTORCYCLING",
        "probability" : 0.4702606238424778
      }, {
        "activityType" : "CYCLING",
        "probability" : 0.22076894529163837
      }, {
        "activityType" : "IN_BUS",
        "probability" : 0.1253996160812676
      }, {
        "activityType" : "RUNNING",
        "probability" : 0.05321745411492884
      }, {
        "activityType" : "FLYING",
        "probability" : 0.02776512410491705
      }, {
        "activityType" : "IN_FERRY",
        "probability" : 0.022637257643509656
      }, {
        "activityType" : "IN_TRAIN",
        "probability" : 0.011875989730469882
      }, {
        "activityType" : "SKIING",
        "probability" : 0.004401502883411013
      }, {
        "activityType" : "SAILING",
        "probability" : 0.0032791271223686635
      }, {
        "activityType" : "IN_TRAM",
        "probability" : 0.0020916784706059843
      }, {
        "activityType" : "IN_SUBWAY",
        "probability" : 0.0016779487850726582
      }, {
        "activityType" : "IN_VEHICLE",
        "probability" : 4.4967279677621264E-5
      } ],
      "waypointPath" : {
        "waypoints" : [ {
          "latE7" : -258559455,
          "lngE7" : 281623001
        }, {
          "latE7" : -258620510,
          "lngE7" : 281628952
        }, {
          "latE7" : -258527565,
          "lngE7" : 281690273
        }, {
          "latE7" : -258387966,
          "lngE7" : 281786346
        }, {
          "latE7" : -258387813,
          "lngE7" : 281786994
        }, {
          "latE7" : -258391609,
          "lngE7" : 281852302
        }, {
          "latE7" : -258408412,
          "lngE7" : 281853046
        } ]
      },
      "simplifiedRawPath" : {
        "points" : [ {
          "latE7" : -258615979,
          "lngE7" : 281631211,
          "timestampMs" : "1574777832459",
          "accuracyMeters" : 27
        }, {
          "latE7" : -258529298,
          "lngE7" : 281694347,
          "timestampMs" : "1574778330646",
          "accuracyMeters" : 77
        }, {
          "latE7" : -258389965,
          "lngE7" : 281787610,
          "timestampMs" : "1574778573443",
          "accuracyMeters" : 37
        }, {
          "latE7" : -258425493,
          "lngE7" : 281855006,
          "timestampMs" : "1574778945407",
          "accuracyMeters" : 92
        } ]
      }
    }
  }, {
    "placeVisit" : {
      "location" : {
        "latitudeE7" : -258408036,
        "longitudeE7" : 281856448,
        "placeId" : "ChIJ0XhlshVklR4RFGrzumiLwzw",
        "address" : "Jean Ave & Rabie St\nDie Hoewes\nCenturion\n0140\nSouth Africa",
        "name" : "Jean Crossing",
        "sourceInfo" : {
          "deviceTag" : -63513299
        },
        "locationConfidence" : 57.943726
      },
      "duration" : {
        "startTimestampMs" : "1574779187541",
        "endTimestampMs" : "1574786927752"
      },
      "placeConfidence" : "MEDIUM_CONFIDENCE",
      "childVisits" : [ {
        "location" : {
          "latitudeE7" : -258411784,
          "longitudeE7" : 281851792,
          "placeId" : "ChIJndWppCRklR4R_gTTZrdFdKs",
          "address" : "Rabie Street\nShop 33\nJean Ave\nCnr\nCenturion\n0157\nSouth Africa",
          "name" : "Dis-Chem Pharmacy Jean Avenue - Centurion",
          "sourceInfo" : {
            "deviceTag" : -63513299
          },
          "locationConfidence" : 82.64981
        },
        "duration" : {
          "startTimestampMs" : "1574779187541",
          "endTimestampMs" : "1574780849425"
        },
        "placeConfidence" : "LOW_CONFIDENCE",
        "centerLatE7" : -258410530,
        "centerLngE7" : 281853149,
        "visitConfidence" : 91,
        "otherCandidateLocations" : [ {
          "latitudeE7" : -258413969,
          "longitudeE7" : 281855562,
          "placeId" : "ChIJX-E46TxklR4RIKhkXeY_IV8",
          "locationConfidence" : 7.668302
        }, {
          "latitudeE7" : -258399180,
          "longitudeE7" : 281855652,
          "placeId" : "ChIJmYeKrRVklR4RKHJBl0wNgKE",
          "locationConfidence" : 0.38092685
        }, {
          "latitudeE7" : -258406531,
          "longitudeE7" : 281851147,
          "placeId" : "ChIJv0-_1fpllR4RYLHCGXYT12k",
          "locationConfidence" : 0.043153748
        }, {
          "latitudeE7" : -258408036,
          "longitudeE7" : 281856448,
          "placeId" : "ChIJbU8ezBVklR4Rv5oTVKzi6os",
          "locationConfidence" : 0.032142796
        } ],
        "editConfirmationStatus" : "NOT_CONFIRMED"
      } ],
      "centerLatE7" : -258407185,
      "centerLngE7" : 281852604,
      "visitConfidence" : 91,
      "otherCandidateLocations" : [ {
        "latitudeE7" : -258413969,
        "longitudeE7" : 281855562,
        "placeId" : "ChIJX-E46TxklR4RIKhkXeY_IV8",
        "locationConfidence" : 41.12331
      }, {
        "latitudeE7" : -258403803,
        "longitudeE7" : 281849507,
        "placeId" : "ChIJCfDJ8BRklR4RMWvTUneADAk",
        "locationConfidence" : 0.66997135
      }, {
        "latitudeE7" : -258399180,
        "longitudeE7" : 281855652,
        "placeId" : "ChIJmYeKrRVklR4RKHJBl0wNgKE",
        "locationConfidence" : 0.0727522
      }, {
        "latitudeE7" : -258406531,
        "longitudeE7" : 281851147,
        "placeId" : "ChIJv0-_1fpllR4RYLHCGXYT12k",
        "locationConfidence" : 0.055007447
      } ],
      "editConfirmationStatus" : "NOT_CONFIRMED"
    }
  }, {
    "activitySegment" : {
      "startLocation" : {
        "latitudeE7" : -258399629,
        "longitudeE7" : 281859349
      },
      "endLocation" : {
        "latitudeE7" : -258561313,
        "longitudeE7" : 281625411
      },
      "duration" : {
        "startTimestampMs" : "1574786927752",
        "endTimestampMs" : "1574787610243"
      },
      "distance" : 5386,
      "activityType" : "IN_PASSENGER_VEHICLE",
      "confidence" : "HIGH",
      "activities" : [ {
        "activityType" : "IN_PASSENGER_VEHICLE",
        "probability" : 93.86445879936218
      }, {
        "activityType" : "WALKING",
        "probability" : 4.621763899922371
      }, {
        "activityType" : "CYCLING",
        "probability" : 0.41321380995213985
      }, {
        "activityType" : "MOTORCYCLING",
        "probability" : 0.3796463366597891
      }, {
        "activityType" : "STILL",
        "probability" : 0.34552828874439
      }, {
        "activityType" : "RUNNING",
        "probability" : 0.16992305172607303
      }, {
        "activityType" : "IN_BUS",
        "probability" : 0.09141527116298676
      }, {
        "activityType" : "SKIING",
        "probability" : 0.03669382422231138
      }, {
        "activityType" : "IN_FERRY",
        "probability" : 0.028333038790151477
      }, {
        "activityType" : "FLYING",
        "probability" : 0.01757059508236125
      }, {
        "activityType" : "IN_TRAM",
        "probability" : 0.012380404223222286
      }, {
        "activityType" : "SAILING",
        "probability" : 0.01158262966782786
      }, {
        "activityType" : "IN_TRAIN",
        "probability" : 0.004492868538363837
      }, {
        "activityType" : "IN_SUBWAY",
        "probability" : 0.002960442907351535
      }, {
        "activityType" : "IN_VEHICLE",
        "probability" : 3.303187270375929E-5
      } ],
      "waypointPath" : {
        "waypoints" : [ {
          "latE7" : -258413677,
          "lngE7" : 281860580
        }, {
          "latE7" : -258385372,
          "lngE7" : 281824684
        }, {
          "latE7" : -258472862,
          "lngE7" : 281576232
        }, {
          "latE7" : -258579063,
          "lngE7" : 281577930
        }, {
          "latE7" : -258561134,
          "lngE7" : 281622867
        } ]
      },
      "simplifiedRawPath" : {
        "points" : [ {
          "latE7" : -258473515,
          "lngE7" : 281576108,
          "timestampMs" : "1574787248999",
          "accuracyMeters" : 8
        }, {
          "latE7" : -258589746,
          "lngE7" : 281581190,
          "timestampMs" : "1574787397307",
          "accuracyMeters" : 29
        } ]
      }
    }
  }, {
    "placeVisit" : {
      "location" : {
        "latitudeE7" : -258559780,
        "longitudeE7" : 281626430,
        "placeId" : "ChIJgf7JGllklR4RTqYK8tHPm_w",
        "address" : "13 Willem Rd\nEldoraigne\nCenturion\n0157\nSouth Africa",
        "name" : "13 Willem Rd",
        "semanticType" : "TYPE_HOME",
        "sourceInfo" : {
          "deviceTag" : -63513299
        },
        "locationConfidence" : 97.82556
      },
      "duration" : {
        "startTimestampMs" : "1574787610243",
        "endTimestampMs" : "1574797339979"
      },
      "placeConfidence" : "HIGH_CONFIDENCE",
      "centerLatE7" : -258559057,
      "centerLngE7" : 281626105,
      "visitConfidence" : 87,
      "otherCandidateLocations" : [ {
        "latitudeE7" : -258584100,
        "longitudeE7" : 281624600,
        "placeId" : "ChIJWVS1zllklR4R7ih8EDjLG2g",
        "semanticType" : "TYPE_SEARCHED_ADDRESS",
        "locationConfidence" : 1.4185759
      }, {
        "latitudeE7" : -258565130,
        "longitudeE7" : 281611230,
        "placeId" : "ChIJjc378FhklR4R-lrwm02iVNY",
        "semanticType" : "TYPE_SEARCHED_ADDRESS",
        "locationConfidence" : 0.25532928
      }, {
        "latitudeE7" : -258570590,
        "longitudeE7" : 281625620,
        "placeId" : "ChIJGZkpr1lklR4RvXt8NOQ53JI",
        "semanticType" : "TYPE_SEARCHED_ADDRESS",
        "locationConfidence" : 0.15937662
      }, {
        "latitudeE7" : -258563284,
        "longitudeE7" : 281638659,
        "placeId" : "ChIJUyXs_eRllR4R9OdOSKpRzI8",
        "locationConfidence" : 0.10007219
      } ],
      "editConfirmationStatus" : "NOT_CONFIRMED"
    }
  }, {
    "placeVisit" : {
      "location" : {
        "latitudeE7" : -258559780,
        "longitudeE7" : 281626430,
        "placeId" : "ChIJgf7JGllklR4RTqYK8tHPm_w",
        "address" : "13 Willem Rd\nEldoraigne\nCenturion\n0157\nSouth Africa",
        "name" : "13 Willem Rd",
        "semanticType" : "TYPE_HOME",
        "sourceInfo" : {
          "deviceTag" : -63513299
        },
        "locationConfidence" : 97.39767
      },
      "duration" : {
        "startTimestampMs" : "1574915401999",
        "endTimestampMs" : "1574916438691"
      },
      "placeConfidence" : "HIGH_CONFIDENCE",
      "centerLatE7" : -258558582,
      "centerLngE7" : 281626264,
      "visitConfidence" : 84,
      "otherCandidateLocations" : [ {
        "latitudeE7" : -258584100,
        "longitudeE7" : 281624600,
        "placeId" : "ChIJWVS1zllklR4R7ih8EDjLG2g",
        "semanticType" : "TYPE_SEARCHED_ADDRESS",
        "locationConfidence" : 1.4681535
      }, {
        "latitudeE7" : -258565130,
        "longitudeE7" : 281611230,
        "placeId" : "ChIJjc378FhklR4R-lrwm02iVNY",
        "semanticType" : "TYPE_SEARCHED_ADDRESS",
        "locationConfidence" : 0.30346122
      }, {
        "latitudeE7" : -258563284,
        "longitudeE7" : 281638659,
        "placeId" : "ChIJUyXs_eRllR4R9OdOSKpRzI8",
        "locationConfidence" : 0.2813554
      }, {
        "latitudeE7" : -258570590,
        "longitudeE7" : 281625620,
        "placeId" : "ChIJGZkpr1lklR4RvXt8NOQ53JI",
        "semanticType" : "TYPE_SEARCHED_ADDRESS",
        "locationConfidence" : 0.15494595
      } ],
      "editConfirmationStatus" : "NOT_CONFIRMED"
    }
  }, {
    "activitySegment" : {
      "startLocation" : {
        "latitudeE7" : -258561558,
        "longitudeE7" : 281625488
      },
      "endLocation" : {
        "latitudeE7" : -257448269,
        "longitudeE7" : 282808449
      },
      "duration" : {
        "startTimestampMs" : "1574916438691",
        "endTimestampMs" : "1574919091000"
      },
      "distance" : 13488,
      "activityType" : "IN_PASSENGER_VEHICLE",
      "confidence" : "HIGH",
      "activities" : [ {
        "activityType" : "IN_PASSENGER_VEHICLE",
        "probability" : 95.90418934822083
      }, {
        "activityType" : "STILL",
        "probability" : 2.342046797275543
      }, {
        "activityType" : "WALKING",
        "probability" : 1.267941202968359
      }, {
        "activityType" : "MOTORCYCLING",
        "probability" : 0.17742349300533533
      }, {
        "activityType" : "IN_BUS",
        "probability" : 0.08553066872991621
      }, {
        "activityType" : "FLYING",
        "probability" : 0.07917655748315156
      }, {
        "activityType" : "RUNNING",
        "probability" : 0.05744373775087297
      }, {
        "activityType" : "CYCLING",
        "probability" : 0.03672493912745267
      }, {
        "activityType" : "IN_FERRY",
        "probability" : 0.02783427480608225
      }, {
        "activityType" : "SKIING",
        "probability" : 0.008041738328756765
      }, {
        "activityType" : "SAILING",
        "probability" : 0.006151939305709675
      }, {
        "activityType" : "IN_TRAIN",
        "probability" : 0.005124825474922545
      }, {
        "activityType" : "IN_SUBWAY",
        "probability" : 0.001257868279935792
      }, {
        "activityType" : "IN_TRAM",
        "probability" : 0.0010879039109568112
      }, {
        "activityType" : "IN_VEHICLE",
        "probability" : 2.679111901215947E-5
      } ],
      "waypointPath" : {
        "waypoints" : [ {
          "latE7" : -258561382,
          "lngE7" : 281622848
        }, {
          "latE7" : -258037643,
          "lngE7" : 282605133
        }, {
          "latE7" : -257448272,
          "lngE7" : 282808475
        } ]
      }
    }
  }, {
    "placeVisit" : {
      "location" : {
        "latitudeE7" : -257529956,
        "longitudeE7" : 282767675,
        "placeId" : "ChIJAQsZRGdglR4REb2EhDpAEKw",
        "address" : "Meiring Naude Rd\nBrummeria\nPretoria\n0001\nSouth Africa",
        "name" : "CSIR International Convention Centre",
        "sourceInfo" : {
          "deviceTag" : -63513299
        },
        "locationConfidence" : 80.78744
      },
      "duration" : {
        "startTimestampMs" : "1574919091000",
        "endTimestampMs" : "1574921513684"
      },
      "placeConfidence" : "MEDIUM_CONFIDENCE",
      "centerLatE7" : -257435500,
      "centerLngE7" : 282804361,
      "visitConfidence" : 92,
      "otherCandidateLocations" : [ {
        "latitudeE7" : -257450727,
        "longitudeE7" : 282782068,
        "placeId" : "ChIJQ6mmUmhglR4RoHuM5qSdDGo",
        "locationConfidence" : 7.998498
      }, {
        "latitudeE7" : -257468287,
        "longitudeE7" : 282788928,
        "placeId" : "ChIJS_P3g2lglR4RMs3iZtUFGUE",
        "locationConfidence" : 5.825434
      }, {
        "latitudeE7" : -257449045,
        "longitudeE7" : 282785001,
        "placeId" : "ChIJd--NpWlglR4RLbe2haWe8Q8",
        "locationConfidence" : 3.5608711
      }, {
        "latitudeE7" : -257571069,
        "longitudeE7" : 282795005,
        "placeId" : "ChIJFQSqsWFglR4RPwZMxqBWJoM",
        "locationConfidence" : 1.1769439
      } ],
      "editConfirmationStatus" : "NOT_CONFIRMED",
      "simplifiedRawPath" : {
        "points" : [ {
          "latE7" : -257448269,
          "lngE7" : 282808449,
          "timestampMs" : "1574919091000",
          "accuracyMeters" : 4
        }, {
          "latE7" : -257436948,
          "lngE7" : 282805458,
          "timestampMs" : "1574919169000",
          "accuracyMeters" : 8
        } ]
      }
    }
  }, {
    "activitySegment" : {
      "startLocation" : {
        "latitudeE7" : -257434116,
        "longitudeE7" : 282805136
      },
      "endLocation" : {
        "latitudeE7" : -257564023,
        "longitudeE7" : 282795487
      },
      "duration" : {
        "startTimestampMs" : "1574921513684",
        "endTimestampMs" : "1574922045445"
      },
      "distance" : 1632,
      "activityType" : "IN_PASSENGER_VEHICLE",
      "confidence" : "HIGH",
      "activities" : [ {
        "activityType" : "IN_PASSENGER_VEHICLE",
        "probability" : 88.34745287895203
      }, {
        "activityType" : "WALKING",
        "probability" : 6.683880090713501
      }, {
        "activityType" : "STILL",
        "probability" : 3.481205552816391
      }, {
        "activityType" : "IN_BUS",
        "probability" : 0.8562673814594746
      }, {
        "activityType" : "CYCLING",
        "probability" : 0.24958872236311436
      }, {
        "activityType" : "RUNNING",
        "probability" : 0.1612881780602038
      }, {
        "activityType" : "MOTORCYCLING",
        "probability" : 0.09552895207889378
      }, {
        "activityType" : "IN_FERRY",
        "probability" : 0.052565429359674454
      }, {
        "activityType" : "FLYING",
        "probability" : 0.0405061844503507
      }, {
        "activityType" : "SKIING",
        "probability" : 0.010251226922264323
      }, {
        "activityType" : "IN_TRAM",
        "probability" : 0.01002986537059769
      }, {
        "activityType" : "IN_TRAIN",
        "probability" : 0.008776730101089925
      }, {
        "activityType" : "SAILING",
        "probability" : 0.00164542616403196
      }, {
        "activityType" : "IN_SUBWAY",
        "probability" : 9.517599210084882E-4
      }, {
        "activityType" : "IN_VEHICLE",
        "probability" : 6.301817165876855E-5
      } ],
      "waypointPath" : {
        "waypoints" : [ {
          "latE7" : -257432537,
          "lngE7" : 282802219
        }, {
          "latE7" : -257509326,
          "lngE7" : 282789306
        }, {
          "latE7" : -257561645,
          "lngE7" : 282792663
        } ]
      },
      "simplifiedRawPath" : {
        "points" : [ {
          "latE7" : -257512309,
          "lngE7" : 282783787,
          "timestampMs" : "1574921847000",
          "accuracyMeters" : 8
        } ]
      }
    }
  }, {
    "placeVisit" : {
      "location" : {
        "latitudeE7" : -257566771,
        "longitudeE7" : 282803438,
        "placeId" : "ChIJ__-_omFglR4RSH6Xpj_69Dk",
        "address" : "Council for Scientific and Industrial Research, Building 44\nScientia 627-Jr\nPretoria\n0081\nSouth Africa",
        "name" : "CSIR Defence, Peace, Safety and Security",
        "sourceInfo" : {
          "deviceTag" : -63513299
        },
        "locationConfidence" : 80.209724
      },
      "duration" : {
        "startTimestampMs" : "1574922045445",
        "endTimestampMs" : "1574926291530"
      },
      "placeConfidence" : "MEDIUM_CONFIDENCE",
      "centerLatE7" : -257565700,
      "centerLngE7" : 282797455,
      "visitConfidence" : 96,
      "otherCandidateLocations" : [ {
        "latitudeE7" : -257565060,
        "longitudeE7" : 282798100,
        "placeId" : "ChIJleGC-2BglR4RgInWy3Dz3qI",
        "name" : "Council for Scientific and Industrial Research building 43",
        "locationConfidence" : 8.511177
      }, {
        "latitudeE7" : -257529956,
        "longitudeE7" : 282767675,
        "placeId" : "ChIJAQsZRGdglR4REb2EhDpAEKw",
        "locationConfidence" : 4.49862
      }, {
        "latitudeE7" : -257468287,
        "longitudeE7" : 282788928,
        "placeId" : "ChIJS_P3g2lglR4RMs3iZtUFGUE",
        "locationConfidence" : 3.1180205
      }, {
        "latitudeE7" : -257571069,
        "longitudeE7" : 282795005,
        "placeId" : "ChIJFQSqsWFglR4RPwZMxqBWJoM",
        "locationConfidence" : 3.062766
      } ],
      "editConfirmationStatus" : "NOT_CONFIRMED"
    }
  }, {
    "activitySegment" : {
      "startLocation" : {
        "latitudeE7" : -257561287,
        "longitudeE7" : 282790675
      },
      "endLocation" : {
        "latitudeE7" : -257456624,
        "longitudeE7" : 282809277
      },
      "duration" : {
        "startTimestampMs" : "1574926291530",
        "endTimestampMs" : "1574926659875"
      },
      "distance" : 1178,
      "activityType" : "IN_PASSENGER_VEHICLE",
      "confidence" : "HIGH",
      "activities" : [ {
        "activityType" : "IN_PASSENGER_VEHICLE",
        "probability" : 88.03850412368774
      }, {
        "activityType" : "WALKING",
        "probability" : 8.556440472602844
      }, {
        "activityType" : "STILL",
        "probability" : 1.042390801012516
      }, {
        "activityType" : "CYCLING",
        "probability" : 0.8104881271719933
      }, {
        "activityType" : "IN_BUS",
        "probability" : 0.7324273232370615
      }, {
        "activityType" : "RUNNING",
        "probability" : 0.4254714585840702
      }, {
        "activityType" : "MOTORCYCLING",
        "probability" : 0.15521959867328405
      }, {
        "activityType" : "IN_FERRY",
        "probability" : 0.10685552842915058
      }, {
        "activityType" : "SKIING",
        "probability" : 0.06026974297128618
      }, {
        "activityType" : "FLYING",
        "probability" : 0.03178291954100132
      }, {
        "activityType" : "IN_TRAM",
        "probability" : 0.030984453042037785
      }, {
        "activityType" : "IN_TRAIN",
        "probability" : 0.0041081017116084695
      }, {
        "activityType" : "SAILING",
        "probability" : 0.003535074574756436
      }, {
        "activityType" : "IN_SUBWAY",
        "probability" : 0.00146549991768552
      }, {
        "activityType" : "IN_VEHICLE",
        "probability" : 5.5707738511046045E-5
      } ],
      "waypointPath" : {
        "waypoints" : [ {
          "latE7" : -257562351,
          "lngE7" : 282791938
        }, {
          "latE7" : -257510852,
          "lngE7" : 282798061
        }, {
          "latE7" : -257456245,
          "lngE7" : 282807102
        } ]
      }
    }
  }, {
    "placeVisit" : {
      "location" : {
        "latitudeE7" : -257468287,
        "longitudeE7" : 282788928,
        "placeId" : "ChIJS_P3g2lglR4RMs3iZtUFGUE",
        "address" : "Meiring Naude Rd\nBrummeria\nPretoria\n0184\nSouth Africa",
        "name" : "CSIR",
        "sourceInfo" : {
          "deviceTag" : -63513299
        },
        "locationConfidence" : 68.88561
      },
      "duration" : {
        "startTimestampMs" : "1574926659875",
        "endTimestampMs" : "1574933452830"
      },
      "placeConfidence" : "MEDIUM_CONFIDENCE",
      "centerLatE7" : -257457711,
      "centerLngE7" : 282808484,
      "visitConfidence" : 95,
      "otherCandidateLocations" : [ {
        "latitudeE7" : -257469300,
        "longitudeE7" : 282769300,
        "placeId" : "ChIJnxJJQ2dglR4RtPGFqlF9E4g",
        "semanticType" : "TYPE_WORK",
        "locationConfidence" : 18.318243
      }, {
        "latitudeE7" : -257529956,
        "longitudeE7" : 282767675,
        "placeId" : "ChIJAQsZRGdglR4REb2EhDpAEKw",
        "locationConfidence" : 8.9425745
      }, {
        "latitudeE7" : -257457844,
        "longitudeE7" : 282807688,
        "placeId" : "ChIJI1uk3GhglR4Rwqib8iTeLSk",
        "locationConfidence" : 1.8613319
      }, {
        "latitudeE7" : -257458970,
        "longitudeE7" : 282812381,
        "placeId" : "ChIJOfIfStlhlR4RXAOGZLzySXk",
        "locationConfidence" : 1.1127356
      } ],
      "editConfirmationStatus" : "NOT_CONFIRMED"
    }
  }, {
    "activitySegment" : {
      "startLocation" : {
        "latitudeE7" : -257459129,
        "longitudeE7" : 282811572
      },
      "endLocation" : {
        "latitudeE7" : -257561386,
        "longitudeE7" : 282792225
      },
      "duration" : {
        "startTimestampMs" : "1574933452830",
        "endTimestampMs" : "1574933780697"
      },
      "distance" : 1154,
      "activityType" : "IN_PASSENGER_VEHICLE",
      "confidence" : "HIGH",
      "activities" : [ {
        "activityType" : "IN_PASSENGER_VEHICLE",
        "probability" : 93.37122440338135
      }, {
        "activityType" : "WALKING",
        "probability" : 4.922497645020485
      }, {
        "activityType" : "STILL",
        "probability" : 0.7307184394448996
      }, {
        "activityType" : "CYCLING",
        "probability" : 0.25395825505256653
      }, {
        "activityType" : "IN_BUS",
        "probability" : 0.19056834280490875
      }, {
        "activityType" : "MOTORCYCLING",
        "probability" : 0.1828705659136176
      }, {
        "activityType" : "RUNNING",
        "probability" : 0.17600564751774073
      }, {
        "activityType" : "IN_FERRY",
        "probability" : 0.08426738204434514
      }, {
        "activityType" : "FLYING",
        "probability" : 0.04259533598087728
      }, {
        "activityType" : "SKIING",
        "probability" : 0.02624918706715107
      }, {
        "activityType" : "SAILING",
        "probability" : 0.007969017315190285
      }, {
        "activityType" : "IN_TRAM",
        "probability" : 0.006856324762338772
      }, {
        "activityType" : "IN_TRAIN",
        "probability" : 0.0032723670301493257
      }, {
        "activityType" : "IN_SUBWAY",
        "probability" : 9.25633776205359E-4
      }, {
        "activityType" : "IN_VEHICLE",
        "probability" : 2.2547339995071525E-5
      } ],
      "waypointPath" : {
        "waypoints" : [ {
          "latE7" : -257458267,
          "lngE7" : 282806663
        }, {
          "latE7" : -257509326,
          "lngE7" : 282789306
        }, {
          "latE7" : -257561702,
          "lngE7" : 282792606
        } ]
      },
      "simplifiedRawPath" : {
        "points" : [ {
          "latE7" : -257494498,
          "lngE7" : 282807056,
          "timestampMs" : "1574933537410",
          "accuracyMeters" : 82
        } ]
      }
    }
  }, {
    "placeVisit" : {
      "location" : {
        "latitudeE7" : -257566771,
        "longitudeE7" : 282803438,
        "placeId" : "ChIJ__-_omFglR4RSH6Xpj_69Dk",
        "address" : "Council for Scientific and Industrial Research, Building 44\nScientia 627-Jr\nPretoria\n0081\nSouth Africa",
        "name" : "CSIR Defence, Peace, Safety and Security",
        "sourceInfo" : {
          "deviceTag" : -63513299
        },
        "locationConfidence" : 77.07449
      },
      "duration" : {
        "startTimestampMs" : "1574933780697",
        "endTimestampMs" : "1574946830265"
      },
      "placeConfidence" : "MEDIUM_CONFIDENCE",
      "centerLatE7" : -257565449,
      "centerLngE7" : 282797633,
      "visitConfidence" : 92,
      "otherCandidateLocations" : [ {
        "latitudeE7" : -257565060,
        "longitudeE7" : 282798100,
        "placeId" : "ChIJleGC-2BglR4RgInWy3Dz3qI",
        "name" : "Council for Scientific and Industrial Research building 43",
        "locationConfidence" : 15.324439
      }, {
        "latitudeE7" : -257529956,
        "longitudeE7" : 282767675,
        "placeId" : "ChIJAQsZRGdglR4REb2EhDpAEKw",
        "locationConfidence" : 3.2498941
      }, {
        "latitudeE7" : -257468287,
        "longitudeE7" : 282788928,
        "placeId" : "ChIJS_P3g2lglR4RMs3iZtUFGUE",
        "locationConfidence" : 2.100356
      }, {
        "latitudeE7" : -257571069,
        "longitudeE7" : 282795005,
        "placeId" : "ChIJFQSqsWFglR4RPwZMxqBWJoM",
        "locationConfidence" : 1.8070709
      } ],
      "editConfirmationStatus" : "NOT_CONFIRMED"
    }
  }, {
    "activitySegment" : {
      "startLocation" : {
        "latitudeE7" : -257559815,
        "longitudeE7" : 282790805
      },
      "endLocation" : {
        "latitudeE7" : -258626511,
        "longitudeE7" : 281661855
      },
      "duration" : {
        "startTimestampMs" : "1574946830265",
        "endTimestampMs" : "1574948159473"
      },
      "distance" : 17999,
      "activityType" : "IN_PASSENGER_VEHICLE",
      "confidence" : "HIGH",
      "activities" : [ {
        "activityType" : "IN_PASSENGER_VEHICLE",
        "probability" : 97.41353392601013
      }, {
        "activityType" : "WALKING",
        "probability" : 1.5060625039041042
      }, {
        "activityType" : "STILL",
        "probability" : 0.39851563051342964
      }, {
        "activityType" : "MOTORCYCLING",
        "probability" : 0.2977319061756134
      }, {
        "activityType" : "IN_BUS",
        "probability" : 0.13350360095500946
      }, {
        "activityType" : "CYCLING",
        "probability" : 0.06865760660730302
      }, {
        "activityType" : "RUNNING",
        "probability" : 0.06668376736342907
      }, {
        "activityType" : "FLYING",
        "probability" : 0.04646962333936244
      }, {
        "activityType" : "IN_FERRY",
        "probability" : 0.02787920238915831
      }, {
        "activityType" : "SKIING",
        "probability" : 0.017347742686979473
      }, {
        "activityType" : "SAILING",
        "probability" : 0.008520018309354782
      }, {
        "activityType" : "IN_TRAIN",
        "probability" : 0.005161626540939324
      }, {
        "activityType" : "IN_SUBWAY",
        "probability" : 0.0051152808737242594
      }, {
        "activityType" : "IN_TRAM",
        "probability" : 0.004786956560565159
      }, {
        "activityType" : "IN_VEHICLE",
        "probability" : 3.473373340057151E-5
      } ],
      "waypointPath" : {
        "waypoints" : [ {
          "latE7" : -257561511,
          "lngE7" : 282792816
        }, {
          "latE7" : -258045139,
          "lngE7" : 282604427
        }, {
          "latE7" : -258623962,
          "lngE7" : 281662578
        } ]
      }
    }
  }, {
    "placeVisit" : {
      "location" : {
        "latitudeE7" : -258625861,
        "longitudeE7" : 281662106,
        "placeId" : "ChIJS66dSPFklR4R8pThO-jv9Jg",
        "address" : "℅ Hendrik Verwoerd &\nJakaranda St\nHennopspark\nCenturion\n0157\nSouth Africa",
        "name" : "Heavenly Coffees",
        "sourceInfo" : {
          "deviceTag" : -63513299
        },
        "locationConfidence" : 69.02721
      },
      "duration" : {
        "startTimestampMs" : "1574948159473",
        "endTimestampMs" : "1574951357048"
      },
      "placeConfidence" : "MEDIUM_CONFIDENCE",
      "centerLatE7" : -258626240,
      "centerLngE7" : 281661520,
      "visitConfidence" : 96,
      "otherCandidateLocations" : [ {
        "latitudeE7" : -258625264,
        "longitudeE7" : 281661277,
        "placeId" : "ChIJRQuwOVFklR4RhWeVRxfmMUU",
        "locationConfidence" : 20.65499
      }, {
        "latitudeE7" : -258626451,
        "longitudeE7" : 281661837,
        "placeId" : "ChIJj5JWP1FklR4ReKW_6F0aQ1M",
        "locationConfidence" : 8.399472
      }, {
        "latitudeE7" : -258627030,
        "longitudeE7" : 281660139,
        "placeId" : "ChIJdTZMFFFklR4RSSelGRwzC_c",
        "locationConfidence" : 1.2124788
      }, {
        "latitudeE7" : -258636686,
        "longitudeE7" : 281667331,
        "placeId" : "ChIJO75AXVFklR4Ri6jpEWc0AFU",
        "locationConfidence" : 0.22748162
      } ],
      "editConfirmationStatus" : "NOT_CONFIRMED"
    }
  }, {
    "activitySegment" : {
      "startLocation" : {
        "latitudeE7" : -258625531,
        "longitudeE7" : 281660075
      },
      "endLocation" : {
        "latitudeE7" : -258558133,
        "longitudeE7" : 281623546
      },
      "duration" : {
        "startTimestampMs" : "1574951357048",
        "endTimestampMs" : "1574951715999"
      },
      "distance" : 1599,
      "activityType" : "IN_PASSENGER_VEHICLE",
      "confidence" : "HIGH",
      "activities" : [ {
        "activityType" : "IN_PASSENGER_VEHICLE",
        "probability" : 97.09483981132507
      }, {
        "activityType" : "WALKING",
        "probability" : 1.321476697921753
      }, {
        "activityType" : "STILL",
        "probability" : 1.0192902758717537
      }, {
        "activityType" : "MOTORCYCLING",
        "probability" : 0.25899119209498167
      }, {
        "activityType" : "CYCLING",
        "probability" : 0.16129190335050225
      }, {
        "activityType" : "RUNNING",
        "probability" : 0.045929261250421405
      }, {
        "activityType" : "IN_FERRY",
        "probability" : 0.03590538108255714
      }, {
        "activityType" : "IN_BUS",
        "probability" : 0.02809068246278912
      }, {
        "activityType" : "FLYING",
        "probability" : 0.01680212444625795
      }, {
        "activityType" : "SKIING",
        "probability" : 0.00741446710890159
      }, {
        "activityType" : "SAILING",
        "probability" : 0.005237191362539306
      }, {
        "activityType" : "IN_TRAIN",
        "probability" : 0.002878067971323617
      }, {
        "activityType" : "IN_TRAM",
        "probability" : 0.0015102469660632778
      }, {
        "activityType" : "IN_SUBWAY",
        "probability" : 3.3662461191852344E-4
      }, {
        "activityType" : "IN_VEHICLE",
        "probability" : 6.0393233525246615E-6
      } ],
      "waypointPath" : {
        "waypoints" : [ {
          "latE7" : -258623943,
          "lngE7" : 281660118
        }, {
          "latE7" : -258623447,
          "lngE7" : 281624794
        }, {
          "latE7" : -258558120,
          "lngE7" : 281623115
        } ]
      },
      "simplifiedRawPath" : {
        "points" : [ {
          "latE7" : -258623413,
          "lngE7" : 281647699,
          "timestampMs" : "1574951479417",
          "accuracyMeters" : 60
        } ]
      }
    }
  }, {
    "placeVisit" : {
      "location" : {
        "latitudeE7" : -258559780,
        "longitudeE7" : 281626430,
        "placeId" : "ChIJgf7JGllklR4RTqYK8tHPm_w",
        "address" : "13 Willem Rd\nEldoraigne\nCenturion\n0157\nSouth Africa",
        "name" : "13 Willem Rd",
        "semanticType" : "TYPE_HOME",
        "sourceInfo" : {
          "deviceTag" : -63513299
        },
        "locationConfidence" : 97.58959
      },
      "duration" : {
        "startTimestampMs" : "1574951715999",
        "endTimestampMs" : "1575036098856"
      },
      "placeConfidence" : "HIGH_CONFIDENCE",
      "centerLatE7" : -258560517,
      "centerLngE7" : 281625258,
      "visitConfidence" : 87,
      "otherCandidateLocations" : [ {
        "latitudeE7" : -258584100,
        "longitudeE7" : 281624600,
        "placeId" : "ChIJWVS1zllklR4R7ih8EDjLG2g",
        "semanticType" : "TYPE_SEARCHED_ADDRESS",
        "locationConfidence" : 1.5805138
      }, {
        "latitudeE7" : -258565130,
        "longitudeE7" : 281611230,
        "placeId" : "ChIJjc378FhklR4R-lrwm02iVNY",
        "semanticType" : "TYPE_SEARCHED_ADDRESS",
        "locationConfidence" : 0.27116752
      }, {
        "latitudeE7" : -258570590,
        "longitudeE7" : 281625620,
        "placeId" : "ChIJGZkpr1lklR4RvXt8NOQ53JI",
        "semanticType" : "TYPE_SEARCHED_ADDRESS",
        "locationConfidence" : 0.17546202
      }, {
        "latitudeE7" : -258563284,
        "longitudeE7" : 281638659,
        "placeId" : "ChIJUyXs_eRllR4R9OdOSKpRzI8",
        "locationConfidence" : 0.12037169
      } ],
      "editConfirmationStatus" : "NOT_CONFIRMED"
    }
  }, {
    "activitySegment" : {
      "startLocation" : {
        "latitudeE7" : -257562245,
        "longitudeE7" : 282790344
      },
      "endLocation" : {
        "latitudeE7" : -258560477,
        "longitudeE7" : 281624831
      },
      "duration" : {
        "startTimestampMs" : "1575036098856",
        "endTimestampMs" : "1575037822607"
      },
      "distance" : 9259,
      "activityType" : "IN_PASSENGER_VEHICLE",
      "confidence" : "HIGH",
      "activities" : [ {
        "activityType" : "IN_PASSENGER_VEHICLE",
        "probability" : 94.54862475395203
      }, {
        "activityType" : "STILL",
        "probability" : 3.321272134780884
      }, {
        "activityType" : "WALKING",
        "probability" : 0.7856255397200584
      }, {
        "activityType" : "MOTORCYCLING",
        "probability" : 0.717805465683341
      }, {
        "activityType" : "IN_BUS",
        "probability" : 0.2930644201114774
      }, {
        "activityType" : "CYCLING",
        "probability" : 0.10780994780361652
      }, {
        "activityType" : "FLYING",
        "probability" : 0.09590507252141833
      }, {
        "activityType" : "IN_FERRY",
        "probability" : 0.04563342372421175
      }, {
        "activityType" : "RUNNING",
        "probability" : 0.042799790389835835
      }, {
        "activityType" : "IN_TRAIN",
        "probability" : 0.024505966575816274
      }, {
        "activityType" : "SAILING",
        "probability" : 0.006140787445474416
      }, {
        "activityType" : "SKIING",
        "probability" : 0.005038329254603013
      }, {
        "activityType" : "IN_SUBWAY",
        "probability" : 0.0037341113056754693
      }, {
        "activityType" : "IN_TRAM",
        "probability" : 0.0019818673536065035
      }, {
        "activityType" : "IN_VEHICLE",
        "probability" : 6.334162208077032E-5
      } ],
      "waypointPath" : {
        "waypoints" : [ {
          "latE7" : -257931098,
          "lngE7" : 282674598
        }, {
          "latE7" : -258045139,
          "lngE7" : 282604427
        }, {
          "latE7" : -258560371,
          "lngE7" : 281622943
        } ]
      }
    }
  }, {
    "placeVisit" : {
      "location" : {
        "latitudeE7" : -258559780,
        "longitudeE7" : 281626430,
        "placeId" : "ChIJgf7JGllklR4RTqYK8tHPm_w",
        "address" : "13 Willem Rd\nEldoraigne\nCenturion\n0157\nSouth Africa",
        "name" : "13 Willem Rd",
        "semanticType" : "TYPE_HOME",
        "sourceInfo" : {
          "deviceTag" : -63513299
        },
        "locationConfidence" : 98.68713
      },
      "duration" : {
        "startTimestampMs" : "1575037822607",
        "endTimestampMs" : "1575084149656"
      },
      "placeConfidence" : "HIGH_CONFIDENCE",
      "centerLatE7" : -258560334,
      "centerLngE7" : 281625624,
      "visitConfidence" : 84,
      "otherCandidateLocations" : [ {
        "latitudeE7" : -258584100,
        "longitudeE7" : 281624600,
        "placeId" : "ChIJWVS1zllklR4R7ih8EDjLG2g",
        "semanticType" : "TYPE_SEARCHED_ADDRESS",
        "locationConfidence" : 0.8615198
      }, {
        "latitudeE7" : -258565130,
        "longitudeE7" : 281611230,
        "placeId" : "ChIJjc378FhklR4R-lrwm02iVNY",
        "semanticType" : "TYPE_SEARCHED_ADDRESS",
        "locationConfidence" : 0.15201621
      }, {
        "latitudeE7" : -258570590,
        "longitudeE7" : 281625620,
        "placeId" : "ChIJGZkpr1lklR4RvXt8NOQ53JI",
        "semanticType" : "TYPE_SEARCHED_ADDRESS",
        "locationConfidence" : 0.09725523
      }, {
        "latitudeE7" : -258560800,
        "longitudeE7" : 281633500,
        "placeId" : "ChIJqbfuDFlklR4R62Y6o0Rpy9w",
        "locationConfidence" : 0.049469024
      } ],
      "editConfirmationStatus" : "NOT_CONFIRMED"
    }
  }, {
    "activitySegment" : {
      "startLocation" : {
        "latitudeE7" : -258561250,
        "longitudeE7" : 281625710
      },
      "endLocation" : {
        "latitudeE7" : -258529562,
        "longitudeE7" : 281645942
      },
      "duration" : {
        "startTimestampMs" : "1575084149656",
        "endTimestampMs" : "1575084557489"
      },
      "distance" : 1513,
      "activityType" : "IN_PASSENGER_VEHICLE",
      "confidence" : "HIGH",
      "activities" : [ {
        "activityType" : "IN_PASSENGER_VEHICLE",
        "probability" : 92.64596700668335
      }, {
        "activityType" : "WALKING",
        "probability" : 4.926867410540581
      }, {
        "activityType" : "MOTORCYCLING",
        "probability" : 0.9802729822695255
      }, {
        "activityType" : "CYCLING",
        "probability" : 0.852290540933609
      }, {
        "activityType" : "STILL",
        "probability" : 0.3474441124126315
      }, {
        "activityType" : "RUNNING",
        "probability" : 0.14580627903342247
      }, {
        "activityType" : "IN_BUS",
        "probability" : 0.04041922511532903
      }, {
        "activityType" : "IN_FERRY",
        "probability" : 0.02599188592284918
      }, {
        "activityType" : "SKIING",
        "probability" : 0.01558880030643195
      }, {
        "activityType" : "FLYING",
        "probability" : 0.011817177437478676
      }, {
        "activityType" : "SAILING",
        "probability" : 0.004366215944173746
      }, {
        "activityType" : "IN_TRAIN",
        "probability" : 0.0014322071365313604
      }, {
        "activityType" : "IN_TRAM",
        "probability" : 0.0013324341125553474
      }, {
        "activityType" : "IN_SUBWAY",
        "probability" : 3.9885180740384385E-4
      }, {
        "activityType" : "IN_VEHICLE",
        "probability" : 7.416578284846764E-6
      } ],
      "waypointPath" : {
        "waypoints" : [ {
          "latE7" : -258561058,
          "lngE7" : 281622886
        }, {
          "latE7" : -258614311,
          "lngE7" : 281583518
        }, {
          "latE7" : -258529529,
          "lngE7" : 281644458
        } ]
      },
      "simplifiedRawPath" : {
        "points" : [ {
          "latE7" : -258590253,
          "lngE7" : 281579328,
          "timestampMs" : "1575084314215",
          "accuracyMeters" : 26
        } ]
      }
    }
  }, {
    "placeVisit" : {
      "location" : {
        "latitudeE7" : -258529110,
        "longitudeE7" : 281646870,
        "placeId" : "ChIJg_GQqF5klR4ReyxWwFSJiHA",
        "address" : "253 Tipperary Rd\nHennopspark\nCenturion\n0172\nSouth Africa",
        "name" : "253 Tipperary Rd",
        "sourceInfo" : {
          "deviceTag" : -63513299
        },
        "locationConfidence" : 32.772015
      },
      "duration" : {
        "startTimestampMs" : "1575084557489",
        "endTimestampMs" : "1575094728759"
      },
      "placeConfidence" : "MEDIUM_CONFIDENCE",
      "centerLatE7" : -258530371,
      "centerLngE7" : 281645988,
      "visitConfidence" : 95,
      "otherCandidateLocations" : [ {
        "latitudeE7" : -258531840,
        "longitudeE7" : 281646940,
        "placeId" : "ChIJURRjqV5klR4R21YQy7AbvJo",
        "locationConfidence" : 22.540216
      }, {
        "latitudeE7" : -258532747,
        "longitudeE7" : 281641777,
        "placeId" : "ChIJCQ4deFlklR4RL3RK9h04eAU",
        "locationConfidence" : 20.735714
      }, {
        "latitudeE7" : -258528822,
        "longitudeE7" : 281647920,
        "placeId" : "ChIJ112AqF5klR4RoD9bZEdAeqw",
        "locationConfidence" : 19.454203
      }, {
        "latitudeE7" : -258531859,
        "longitudeE7" : 281641521,
        "placeId" : "ChIJtXO7sV5klR4RxxwpWI81OUY",
        "locationConfidence" : 1.6710228
      }, {
        "latitudeE7" : -258532050,
        "longitudeE7" : 281640670,
        "placeId" : "ChIJL5-6sV5klR4R6sAeZkjTcm0",
        "locationConfidence" : 1.040974
      }, {
        "latitudeE7" : -258527790,
        "longitudeE7" : 281648120,
        "placeId" : "ChIJ43HEp15klR4R6L9D3QFSGUw",
        "locationConfidence" : 0.77454
      } ],
      "editConfirmationStatus" : "NOT_CONFIRMED"
    }
  }, {
    "activitySegment" : {
      "startLocation" : {
        "latitudeE7" : -258534895,
        "longitudeE7" : 281642709
      },
      "endLocation" : {
        "latitudeE7" : -258623622,
        "longitudeE7" : 281631597
      },
      "duration" : {
        "startTimestampMs" : "1575094728759",
        "endTimestampMs" : "1575094883155"
      },
      "distance" : 992,
      "activityType" : "IN_PASSENGER_VEHICLE",
      "confidence" : "HIGH",
      "activities" : [ {
        "activityType" : "IN_PASSENGER_VEHICLE",
        "probability" : 97.55311608314514
      }, {
        "activityType" : "WALKING",
        "probability" : 1.3099130243062973
      }, {
        "activityType" : "STILL",
        "probability" : 0.5064274184405804
      }, {
        "activityType" : "MOTORCYCLING",
        "probability" : 0.34890195820480585
      }, {
        "activityType" : "CYCLING",
        "probability" : 0.11037134099751711
      }, {
        "activityType" : "IN_BUS",
        "probability" : 0.07401509792543948
      }, {
        "activityType" : "RUNNING",
        "probability" : 0.04324879846535623
      }, {
        "activityType" : "FLYING",
        "probability" : 0.023477955255657434
      }, {
        "activityType" : "IN_FERRY",
        "probability" : 0.02243972849100828
      }, {
        "activityType" : "SKIING",
        "probability" : 0.004287379852030426
      }, {
        "activityType" : "IN_TRAIN",
        "probability" : 0.0017209853467647918
      }, {
        "activityType" : "SAILING",
        "probability" : 0.0012837129361287225
      }, {
        "activityType" : "IN_TRAM",
        "probability" : 5.34412583874655E-4
      }, {
        "activityType" : "IN_SUBWAY",
        "probability" : 2.534070745241479E-4
      }, {
        "activityType" : "IN_VEHICLE",
        "probability" : 4.118316709877945E-6
      } ],
      "waypointPath" : {
        "waypoints" : [ {
          "latE7" : -258534812,
          "lngE7" : 281644268
        }, {
          "latE7" : -258623542,
          "lngE7" : 281631603
        } ]
      }
    }
  } ]
}