{
  "timelineObjects" : [ {
    "placeVisit" : {
      "location" : {
        "latitudeE7" : -339200596,
        "longitudeE7" : 224768287,
        "placeId" : "ChIJ06QCvVgE1h0R8WW7XbG7XtQ",
        "address" : "George Municipality\nSouth Africa",
        "name" : "George Municipality"
      },
      "duration" : {
        "startTimestampMs" : "1546328995660",
        "endTimestampMs" : "1546334332395"
      },
      "placeConfidence" : "MEDIUM_CONFIDENCE",
      "centerLatE7" : -339865970,
      "centerLngE7" : 225037725,
      "visitConfidence" : 93,
      "otherCandidateLocations" : [ {
        "latitudeE7" : -339875457,
        "longitudeE7" : 225025142,
        "placeId" : "ChIJO2S8Wi4b1h0R-IwpWpXDZ90",
        "locationConfidence" : 19.530384
      }, {
        "latitudeE7" : -339836671,
        "longitudeE7" : 225043153,
        "placeId" : "ChIJx0vybmsb1h0RJ_r_D5zTYH8",
        "locationConfidence" : 6.0518394
      }, {
        "latitudeE7" : -339865302,
        "longitudeE7" : 225036689,
        "placeId" : "ChIJibrXsW8b1h0Rvjavx6c2lV0",
        "locationConfidence" : 5.2259316
      }, {
        "latitudeE7" : -339864846,
        "longitudeE7" : 225035256,
        "placeId" : "ChIJZTd5mmwb1h0R5mk12PQcb5s",
        "locationConfidence" : 4.674368
      }, {
        "latitudeE7" : -339871504,
        "longitudeE7" : 225029043,
        "placeId" : "ChIJk0-1pS4F1h0RM7Yo8eBb6t0",
        "locationConfidence" : 4.673703
      }, {
        "latitudeE7" : -339879970,
        "longitudeE7" : 225022520,
        "placeId" : "ChIJ3xcnjEvVeh4Rwuqp-Au6MGw",
        "locationConfidence" : 2.6253595
      }, {
        "latitudeE7" : -339865955,
        "longitudeE7" : 225033355,
        "placeId" : "ChIJaxoyn2wb1h0R2ExYVXgaHJo",
        "locationConfidence" : 2.3676422
      }, {
        "latitudeE7" : -339863812,
        "longitudeE7" : 225039599,
        "placeId" : "ChIJDWMBlBQb1h0RZzBj0FwhMug",
        "locationConfidence" : 1.8363467
      }, {
        "latitudeE7" : -339861696,
        "longitudeE7" : 225048400,
        "placeId" : "ChIJxZEb92wb1h0RQQw6wIcDfEY",
        "locationConfidence" : 1.6293557
      } ],
      "editConfirmationStatus" : "CONFIRMED"
    }
  }, {
    "activitySegment" : {
      "startLocation" : {
        "latitudeE7" : -339870381,
        "longitudeE7" : 225037214,
        "sourceInfo" : {
          "deviceTag" : -63513299
        }
      },
      "endLocation" : {
        "latitudeE7" : -339907104,
        "longitudeE7" : 225172239,
        "sourceInfo" : {
          "deviceTag" : -63513299
        }
      },
      "duration" : {
        "startTimestampMs" : "1546334332395",
        "endTimestampMs" : "1546335060298"
      },
      "distance" : 4643,
      "activityType" : "IN_PASSENGER_VEHICLE",
      "confidence" : "HIGH",
      "activities" : [ {
        "activityType" : "IN_PASSENGER_VEHICLE",
        "probability" : 98.59176128205702
      }, {
        "activityType" : "WALKING",
        "probability" : 1.2134593715385775
      }, {
        "activityType" : "MOTORCYCLING",
        "probability" : 0.048339087974119545
      } ],
      "waypointPath" : {
        "waypoints" : [ {
          "latE7" : -339874954,
          "lngE7" : 225040473
        }, {
          "latE7" : -339919700,
          "lngE7" : 225194530
        }, {
          "latE7" : -339904060,
          "lngE7" : 225176219
        } ]
      },
      "simplifiedRawPath" : {
        "points" : [ {
          "latE7" : -339918308,
          "lngE7" : 225203929,
          "timestampMs" : "1546334818342",
          "accuracyMeters" : 77
        } ]
      }
    }
  }, {
    "placeVisit" : {
      "location" : {
        "latitudeE7" : -339907104,
        "longitudeE7" : 225172239,
        "placeId" : "ChIJ5d6e6Xsb1h0RRYrprQ6ZI80",
        "address" : "437 N2\n437 N2\nSouth Africa",
        "name" : "Eden Place",
        "sourceInfo" : {
          "deviceTag" : -63513299
        },
        "locationConfidence" : 80.71228
      },
      "duration" : {
        "startTimestampMs" : "1546335060298",
        "endTimestampMs" : "1546335859275"
      },
      "placeConfidence" : "LOW_CONFIDENCE",
      "centerLatE7" : -339885100,
      "centerLngE7" : 225158600,
      "visitConfidence" : 55,
      "otherCandidateLocations" : [ {
        "latitudeE7" : -339884931,
        "longitudeE7" : 225148230,
        "placeId" : "ChIJn3cZ92wb1h0RBHg5jSPAQJs",
        "locationConfidence" : 11.048464
      }, {
        "latitudeE7" : -339907332,
        "longitudeE7" : 225173324,
        "placeId" : "ChIJE_Nq6Xsb1h0Rn4b5pP7Ln2s",
        "locationConfidence" : 3.542659
      }, {
        "latitudeE7" : -339884629,
        "longitudeE7" : 225150451,
        "placeId" : "ChIJ4awp5Hob1h0RkDf7DerGSis",
        "locationConfidence" : 2.8175726
      }, {
        "latitudeE7" : -339894928,
        "longitudeE7" : 225164829,
        "placeId" : "ChIJE7c1eW4b1h0RQY5HAowycdk",
        "locationConfidence" : 1.8790209
      } ],
      "editConfirmationStatus" : "NOT_CONFIRMED"
    }
  }, {
    "activitySegment" : {
      "startLocation" : {
        "latitudeE7" : -339907104,
        "longitudeE7" : 225172239
      },
      "endLocation" : {
        "latitudeE7" : -341294080,
        "longitudeE7" : 221151660
      },
      "duration" : {
        "startTimestampMs" : "1546335859275",
        "endTimestampMs" : "1546337105517"
      },
      "distance" : 40120,
      "activityType" : "IN_PASSENGER_VEHICLE",
      "confidence" : "HIGH",
      "activities" : [ {
        "activityType" : "IN_PASSENGER_VEHICLE",
        "probability" : 94.9676292590627
      }, {
        "activityType" : "WALKING",
        "probability" : 2.953488406145327
      }, {
        "activityType" : "MOTORCYCLING",
        "probability" : 0.7883152614618509
      } ],
      "waypointPath" : {
        "waypoints" : [ {
          "latE7" : -339904060,
          "lngE7" : 225176219
        }, {
          "latE7" : -339959373,
          "lngE7" : 224702129
        }, {
          "latE7" : -341282577,
          "lngE7" : 221145362
        } ]
      }
    }
  }, {
    "placeVisit" : {
      "location" : {
        "latitudeE7" : -341216695,
        "longitudeE7" : 220983105,
        "placeId" : "ChIJMyF2MNRu1h0Rc4SgMCAKK9Q",
        "address" : "Hartenbos\nMosselbaai\n6520\nSuid-Afrika",
        "name" : "Hartenbos"
      },
      "duration" : {
        "startTimestampMs" : "1546337105517",
        "endTimestampMs" : "1546346516399"
      },
      "placeConfidence" : "MEDIUM_CONFIDENCE",
      "centerLatE7" : -341289007,
      "centerLngE7" : 221149104,
      "visitConfidence" : 88,
      "otherCandidateLocations" : [ {
        "latitudeE7" : -341270484,
        "longitudeE7" : 221172404,
        "placeId" : "ChIJHwNcOThp1h0RchMW0XKbepg",
        "locationConfidence" : 15.910155
      }, {
        "latitudeE7" : -341283300,
        "longitudeE7" : 221133299,
        "placeId" : "ChIJpzNBijlp1h0RV6B7LLZmtPY",
        "locationConfidence" : 6.8153152
      }, {
        "latitudeE7" : -341275400,
        "longitudeE7" : 221173600,
        "placeId" : "ChIJB9P5JEhp1h0RO3hG5jtds2c",
        "locationConfidence" : 6.3440046
      }, {
        "latitudeE7" : -341295650,
        "longitudeE7" : 221152610,
        "placeId" : "ChIJQ8hUDjlp1h0RSptbLZ8_hLY",
        "locationConfidence" : 3.8550963
      }, {
        "latitudeE7" : -341293330,
        "longitudeE7" : 221153650,
        "placeId" : "ChIJP7K3CDlp1h0RikrC_O82w68",
        "locationConfidence" : 3.2110634
      }, {
        "latitudeE7" : -341275400,
        "longitudeE7" : 221173600,
        "placeId" : "ChIJV1YlQThp1h0RpCb4yF3HFRk",
        "locationConfidence" : 2.889747
      }, {
        "latitudeE7" : -341291820,
        "longitudeE7" : 221151860,
        "placeId" : "ChIJPfa8CTlp1h0RFZ-Kzz5x76o",
        "locationConfidence" : 1.8237888
      }, {
        "latitudeE7" : -341282160,
        "longitudeE7" : 221159720,
        "placeId" : "ChIJraeisTlp1h0RdmCmP653op4",
        "locationConfidence" : 1.8128039
      }, {
        "latitudeE7" : -341291426,
        "longitudeE7" : 221128471,
        "placeId" : "ChIJjb9SKTpp1h0RUWEsZfY-Oz4",
        "locationConfidence" : 1.7531556
      } ],
      "editConfirmationStatus" : "CONFIRMED"
    }
  }, {
    "activitySegment" : {
      "startLocation" : {
        "latitudeE7" : -341289251,
        "longitudeE7" : 221165567,
        "sourceInfo" : {
          "deviceTag" : -63513299
        }
      },
      "endLocation" : {
        "latitudeE7" : -257519310,
        "longitudeE7" : 282405770,
        "sourceInfo" : {
          "deviceTag" : -63513299
        }
      },
      "duration" : {
        "startTimestampMs" : "1546497830357",
        "endTimestampMs" : "1546498590886"
      },
      "distance" : 1102226,
      "activityType" : "IN_PASSENGER_VEHICLE",
      "confidence" : "MEDIUM",
      "activities" : [ {
        "activityType" : "IN_PASSENGER_VEHICLE",
        "probability" : 63.13839235035341
      }, {
        "activityType" : "WALKING",
        "probability" : 26.198203143367877
      }, {
        "activityType" : "FLYING",
        "probability" : 2.54475983320183
      } ]
    }
  }, {
    "placeVisit" : {
      "location" : {
        "latitudeE7" : -257519310,
        "longitudeE7" : 282405770,
        "placeId" : "ChIJSyICDLphlR4Rq-Xpkbm3ipA",
        "address" : "1211 Prospect St\nHatfield\nPretoria\n0002\nSouth Africa",
        "name" : "Hatfield Court.",
        "sourceInfo" : {
          "deviceTag" : -63513299
        },
        "locationConfidence" : 42.592625
      },
      "duration" : {
        "startTimestampMs" : "1546498590886",
        "endTimestampMs" : "1546499663823"
      },
      "placeConfidence" : "LOW_CONFIDENCE",
      "centerLatE7" : -257520936,
      "centerLngE7" : 282409064,
      "visitConfidence" : 88,
      "otherCandidateLocations" : [ {
        "latitudeE7" : -257502878,
        "longitudeE7" : 282396019,
        "placeId" : "ChIJHeXfkrlhlR4Rff-IOEBiyCw",
        "locationConfidence" : 10.199102
      }, {
        "latitudeE7" : -257514775,
        "longitudeE7" : 282406930,
        "placeId" : "ChIJT56iBrphlR4Ri4zqpN4uHOs",
        "locationConfidence" : 7.856259
      }, {
        "latitudeE7" : -257527490,
        "longitudeE7" : 282406390,
        "placeId" : "ChIJrQY8We5glR4RyBS6ImgtnFo",
        "locationConfidence" : 6.184477
      }, {
        "latitudeE7" : -257520970,
        "longitudeE7" : 282411680,
        "placeId" : "ChIJjfXNobBhlR4R2kJZ8Va7iMw",
        "locationConfidence" : 3.6823308
      }, {
        "latitudeE7" : -257519779,
        "longitudeE7" : 282412640,
        "placeId" : "ChIJDSgcJbphlR4RaJU1PXNfscI",
        "locationConfidence" : 3.5774062
      }, {
        "latitudeE7" : -257521220,
        "longitudeE7" : 282408020,
        "placeId" : "ChIJRd7gCrphlR4RLfsrGsuz89k",
        "locationConfidence" : 2.2185469
      }, {
        "latitudeE7" : -257520989,
        "longitudeE7" : 282413720,
        "placeId" : "ChIJP_vIobBhlR4ROjHsVwIWXXs",
        "locationConfidence" : 1.9500258
      }, {
        "latitudeE7" : -257513300,
        "longitudeE7" : 282414560,
        "placeId" : "ChIJd4yCW7lhlR4REReTUSddJyY",
        "locationConfidence" : 1.3502342
      }, {
        "latitudeE7" : -257526629,
        "longitudeE7" : 282406600,
        "placeId" : "ChIJBfS4drphlR4RKRXhEiUslOY",
        "locationConfidence" : 0.6889341
      } ],
      "editConfirmationStatus" : "NOT_CONFIRMED"
    }
  }, {
    "activitySegment" : {
      "startLocation" : {
        "latitudeE7" : -257519310,
        "longitudeE7" : 282405770
      },
      "endLocation" : {
        "latitudeE7" : -341283300,
        "longitudeE7" : 221133299
      },
      "duration" : {
        "startTimestampMs" : "1546499663823",
        "endTimestampMs" : "1546499701633"
      },
      "distance" : 1102413,
      "activityType" : "WALKING",
      "confidence" : "LOW",
      "activities" : [ {
        "activityType" : "WALKING",
        "probability" : 41.33104723644648
      }, {
        "activityType" : "IN_PASSENGER_VEHICLE",
        "probability" : 27.050725866958675
      }, {
        "activityType" : "IN_TRAIN",
        "probability" : 10.36434796296616
      } ]
    }
  }, {
    "placeVisit" : {
      "location" : {
        "latitudeE7" : -341283300,
        "longitudeE7" : 221133299,
        "placeId" : "ChIJpzNBijlp1h0RV6B7LLZmtPY",
        "address" : "Oranje Ave\nHartenbos\nMossel Bay\n6520\nSouth Africa",
        "name" : "Hartenbos",
        "sourceInfo" : {
          "deviceTag" : -63513299
        },
        "locationConfidence" : 39.468956
      },
      "duration" : {
        "startTimestampMs" : "1546499701633",
        "endTimestampMs" : "1546504921517"
      },
      "placeConfidence" : "MEDIUM_CONFIDENCE",
      "centerLatE7" : -341283600,
      "centerLngE7" : 221145533,
      "visitConfidence" : 86,
      "otherCandidateLocations" : [ {
        "latitudeE7" : -341271978,
        "longitudeE7" : 221176078,
        "placeId" : "ChIJr9alNjhp1h0RCNeVkNNqJJw",
        "locationConfidence" : 15.674469
      }, {
        "latitudeE7" : -341270484,
        "longitudeE7" : 221172404,
        "placeId" : "ChIJHwNcOThp1h0RchMW0XKbepg",
        "locationConfidence" : 11.036476
      }, {
        "latitudeE7" : -341294080,
        "longitudeE7" : 221151660,
        "placeId" : "ChIJ9Wm1Djlp1h0RmWde1hKEcyE",
        "locationConfidence" : 7.239321
      }, {
        "latitudeE7" : -341275400,
        "longitudeE7" : 221173600,
        "placeId" : "ChIJB9P5JEhp1h0RO3hG5jtds2c",
        "locationConfidence" : 6.669681
      }, {
        "latitudeE7" : -341291426,
        "longitudeE7" : 221128471,
        "placeId" : "ChIJjb9SKTpp1h0RUWEsZfY-Oz4",
        "locationConfidence" : 5.0099373
      }, {
        "latitudeE7" : -341282160,
        "longitudeE7" : 221159720,
        "placeId" : "ChIJraeisTlp1h0RdmCmP653op4",
        "locationConfidence" : 2.2449975
      }, {
        "latitudeE7" : -341275400,
        "longitudeE7" : 221173600,
        "placeId" : "ChIJV1YlQThp1h0RpCb4yF3HFRk",
        "locationConfidence" : 1.5341446
      }, {
        "latitudeE7" : -341285580,
        "longitudeE7" : 221138490,
        "placeId" : "ChIJbRL8Cthp1h0R6o0PVPnQZvc",
        "locationConfidence" : 1.2279603
      }, {
        "latitudeE7" : -341276016,
        "longitudeE7" : 221167210,
        "placeId" : "ChIJI0DFSThp1h0Rr_NhXfaa_U8",
        "locationConfidence" : 0.98891306
      } ],
      "editConfirmationStatus" : "NOT_CONFIRMED"
    }
  }, {
    "activitySegment" : {
      "startLocation" : {
        "latitudeE7" : -341283600,
        "longitudeE7" : 221145533
      },
      "endLocation" : {
        "latitudeE7" : -341257431,
        "longitudeE7" : 221123057
      },
      "duration" : {
        "startTimestampMs" : "1546504921517",
        "endTimestampMs" : "1546672548333"
      },
      "activityType" : "UNKNOWN_ACTIVITY_TYPE",
      "activities" : [ {
        "activityType" : "UNKNOWN_ACTIVITY_TYPE",
        "probability" : 0.0
      } ],
      "simplifiedRawPath" : {
        "points" : [ {
          "latE7" : -341243005,
          "lngE7" : 221110050,
          "timestampMs" : "1546671760017",
          "accuracyMeters" : 26
        } ]
      }
    }
  }, {
    "activitySegment" : {
      "startLocation" : {
        "latitudeE7" : -341257431,
        "longitudeE7" : 221123057
      },
      "endLocation" : {
        "latitudeE7" : -341281814,
        "longitudeE7" : 221143870
      },
      "duration" : {
        "startTimestampMs" : "1546672548333",
        "endTimestampMs" : "1546672818206"
      },
      "distance" : 341,
      "activityType" : "IN_PASSENGER_VEHICLE",
      "confidence" : "MEDIUM",
      "activities" : [ {
        "activityType" : "IN_PASSENGER_VEHICLE",
        "probability" : 83.71240646725596
      }, {
        "activityType" : "WALKING",
        "probability" : 15.373415384508125
      }, {
        "activityType" : "MOTORCYCLING",
        "probability" : 0.23160755729371008
      } ],
      "waypointPath" : {
        "waypoints" : [ {
          "latE7" : -341258773,
          "lngE7" : 221126594
        }, {
          "latE7" : -341275634,
          "lngE7" : 221154880
        }, {
          "latE7" : -341282768,
          "lngE7" : 221145133
        } ]
      }
    }
  }, {
    "placeVisit" : {
      "location" : {
        "latitudeE7" : -341283300,
        "longitudeE7" : 221133299,
        "placeId" : "ChIJpzNBijlp1h0RV6B7LLZmtPY",
        "address" : "Oranje Ave\nHartenbos\nMossel Bay\n6520\nSouth Africa",
        "name" : "Hartenbos",
        "sourceInfo" : {
          "deviceTag" : -63513299
        },
        "locationConfidence" : 22.38909
      },
      "duration" : {
        "startTimestampMs" : "1546672818206",
        "endTimestampMs" : "1546678345352"
      },
      "placeConfidence" : "MEDIUM_CONFIDENCE",
      "centerLatE7" : -341281600,
      "centerLngE7" : 221143933,
      "visitConfidence" : 90,
      "otherCandidateLocations" : [ {
        "latitudeE7" : -341275400,
        "longitudeE7" : 221173600,
        "placeId" : "ChIJB9P5JEhp1h0RO3hG5jtds2c",
        "locationConfidence" : 12.39797
      }, {
        "latitudeE7" : -341291426,
        "longitudeE7" : 221128471,
        "placeId" : "ChIJjb9SKTpp1h0RUWEsZfY-Oz4",
        "locationConfidence" : 12.277781
      }, {
        "latitudeE7" : -341270484,
        "longitudeE7" : 221172404,
        "placeId" : "ChIJHwNcOThp1h0RchMW0XKbepg",
        "locationConfidence" : 11.325017
      }, {
        "latitudeE7" : -341285580,
        "longitudeE7" : 221138490,
        "placeId" : "ChIJbRL8Cthp1h0R6o0PVPnQZvc",
        "locationConfidence" : 10.709358
      }, {
        "latitudeE7" : -341282160,
        "longitudeE7" : 221159720,
        "placeId" : "ChIJraeisTlp1h0RdmCmP653op4",
        "locationConfidence" : 4.9652696
      }, {
        "latitudeE7" : -341294080,
        "longitudeE7" : 221151660,
        "placeId" : "ChIJ9Wm1Djlp1h0RmWde1hKEcyE",
        "locationConfidence" : 2.758986
      }, {
        "latitudeE7" : -341292418,
        "longitudeE7" : 221126954,
        "placeId" : "ChIJy-7yLzpp1h0RmsAhQzT3LZs",
        "locationConfidence" : 1.8642601
      }, {
        "latitudeE7" : -341275400,
        "longitudeE7" : 221173600,
        "placeId" : "ChIJV1YlQThp1h0RpCb4yF3HFRk",
        "locationConfidence" : 1.7233645
      }, {
        "latitudeE7" : -341271978,
        "longitudeE7" : 221176078,
        "placeId" : "ChIJr9alNjhp1h0RCNeVkNNqJJw",
        "locationConfidence" : 1.5087247
      } ],
      "editConfirmationStatus" : "NOT_CONFIRMED"
    }
  }, {
    "activitySegment" : {
      "startLocation" : {
        "latitudeE7" : -341281805,
        "longitudeE7" : 221143239,
        "sourceInfo" : {
          "deviceTag" : -63513299
        }
      },
      "endLocation" : {
        "latitudeE7" : -340472196,
        "longitudeE7" : 222153381,
        "sourceInfo" : {
          "deviceTag" : -63513299
        }
      },
      "duration" : {
        "startTimestampMs" : "1546678345352",
        "endTimestampMs" : "1546680135999"
      },
      "distance" : 12945,
      "activityType" : "IN_PASSENGER_VEHICLE",
      "confidence" : "HIGH",
      "activities" : [ {
        "activityType" : "IN_PASSENGER_VEHICLE",
        "probability" : 95.6814202904089
      }, {
        "activityType" : "WALKING",
        "probability" : 3.6682772582629095
      }, {
        "activityType" : "MOTORCYCLING",
        "probability" : 0.244090576019788
      } ],
      "waypointPath" : {
        "waypoints" : [ {
          "latE7" : -341283035,
          "lngE7" : 221144847
        }, {
          "latE7" : -340575218,
          "lngE7" : 222163753
        }, {
          "latE7" : -340473480,
          "lngE7" : 222155590
        } ]
      }
    }
  }, {
    "placeVisit" : {
      "location" : {
        "latitudeE7" : -340471850,
        "longitudeE7" : 222153160,
        "placeId" : "ChIJVaQzZSJt1h0Rp8kY5gNc-IM",
        "address" : "39 Long St\nBergsig\nGroot Brakrivier\n6525\nSouth Africa",
        "name" : "39 Long St",
        "semanticType" : "TYPE_SEARCHED_ADDRESS",
        "sourceInfo" : {
          "deviceTag" : -63513299
        },
        "locationConfidence" : 50.651787
      },
      "duration" : {
        "startTimestampMs" : "1546680135999",
        "endTimestampMs" : "1546684945816"
      },
      "placeConfidence" : "HIGH_CONFIDENCE",
      "centerLatE7" : -340472243,
      "centerLngE7" : 222154271,
      "visitConfidence" : 92,
      "otherCandidateLocations" : [ {
        "latitudeE7" : -340471850,
        "longitudeE7" : 222153160,
        "placeId" : "ChIJVaQzZSJt1h0R_rQuInOx2B8",
        "locationConfidence" : 21.988617
      }, {
        "latitudeE7" : -340474797,
        "longitudeE7" : 222151236,
        "placeId" : "ChIJ58KnYCJt1h0RG_lUm9XT0Wc",
        "locationConfidence" : 11.287803
      }, {
        "latitudeE7" : -340471836,
        "longitudeE7" : 222153586,
        "placeId" : "ChIJvSk6ZSJt1h0RgD8ymuzvo04",
        "locationConfidence" : 5.02717
      }, {
        "latitudeE7" : -340473519,
        "longitudeE7" : 222151711,
        "placeId" : "ChIJe_BwcCJt1h0Rayncs9St8Vs",
        "locationConfidence" : 1.7718265
      }, {
        "latitudeE7" : -340460830,
        "longitudeE7" : 222170600,
        "placeId" : "ChIJN_YW-SJt1h0RQuM9Tq4W32A",
        "locationConfidence" : 1.5327499
      }, {
        "latitudeE7" : -340476550,
        "longitudeE7" : 222151960,
        "placeId" : "ChIJZfBwcCJt1h0R6c_gukE6sno",
        "locationConfidence" : 1.2606807
      }, {
        "latitudeE7" : -340486981,
        "longitudeE7" : 222141164,
        "placeId" : "ChIJ9ReWoRht1h0RfxtI4kcGjSA",
        "locationConfidence" : 1.1415881
      }, {
        "latitudeE7" : -340472309,
        "longitudeE7" : 222156640,
        "placeId" : "ChIJLXlVbyJt1h0RZlasqkVg31A",
        "locationConfidence" : 0.78395313
      }, {
        "latitudeE7" : -340472309,
        "longitudeE7" : 222156640,
        "placeId" : "ChIJLXlVbyJt1h0ReFlQxKXiIy8",
        "locationConfidence" : 0.5360623
      } ],
      "editConfirmationStatus" : "NOT_CONFIRMED"
    }
  }, {
    "activitySegment" : {
      "startLocation" : {
        "latitudeE7" : -340473707,
        "longitudeE7" : 222154058,
        "sourceInfo" : {
          "deviceTag" : -63513299
        }
      },
      "endLocation" : {
        "latitudeE7" : -341280226,
        "longitudeE7" : 221142996,
        "sourceInfo" : {
          "deviceTag" : -63513299
        }
      },
      "duration" : {
        "startTimestampMs" : "1546684945816",
        "endTimestampMs" : "1546687381471"
      },
      "distance" : 12942,
      "activityType" : "IN_PASSENGER_VEHICLE",
      "confidence" : "HIGH",
      "activities" : [ {
        "activityType" : "IN_PASSENGER_VEHICLE",
        "probability" : 94.00709888426144
      }, {
        "activityType" : "WALKING",
        "probability" : 5.338748079288693
      }, {
        "activityType" : "MOTORCYCLING",
        "probability" : 0.2860150522944626
      } ],
      "waypointPath" : {
        "waypoints" : [ {
          "latE7" : -340474243,
          "lngE7" : 222154941
        }, {
          "latE7" : -340781135,
          "lngE7" : 221466522
        }, {
          "latE7" : -341282272,
          "lngE7" : 221145706
        } ]
      }
    }
  }, {
    "placeVisit" : {
      "location" : {
        "latitudeE7" : -341283300,
        "longitudeE7" : 221133299,
        "placeId" : "ChIJpzNBijlp1h0RV6B7LLZmtPY",
        "address" : "Oranje Ave\nHartenbos\nMossel Bay\n6520\nSouth Africa",
        "name" : "Hartenbos",
        "sourceInfo" : {
          "deviceTag" : -63513299
        },
        "locationConfidence" : 22.799835
      },
      "duration" : {
        "startTimestampMs" : "1546687381471",
        "endTimestampMs" : "1546693774999"
      },
      "placeConfidence" : "MEDIUM_CONFIDENCE",
      "centerLatE7" : -341280960,
      "centerLngE7" : 221143120,
      "visitConfidence" : 91,
      "otherCandidateLocations" : [ {
        "latitudeE7" : -341275400,
        "longitudeE7" : 221173600,
        "placeId" : "ChIJB9P5JEhp1h0RO3hG5jtds2c",
        "locationConfidence" : 12.147557
      }, {
        "latitudeE7" : -341270484,
        "longitudeE7" : 221172404,
        "placeId" : "ChIJHwNcOThp1h0RchMW0XKbepg",
        "locationConfidence" : 10.875798
      }, {
        "latitudeE7" : -341285580,
        "longitudeE7" : 221138490,
        "placeId" : "ChIJbRL8Cthp1h0R6o0PVPnQZvc",
        "locationConfidence" : 10.548192
      }, {
        "latitudeE7" : -341291426,
        "longitudeE7" : 221128471,
        "placeId" : "ChIJjb9SKTpp1h0RUWEsZfY-Oz4",
        "locationConfidence" : 10.516864
      }, {
        "latitudeE7" : -341292418,
        "longitudeE7" : 221126954,
        "placeId" : "ChIJy-7yLzpp1h0RmsAhQzT3LZs",
        "locationConfidence" : 5.008017
      }, {
        "latitudeE7" : -341275382,
        "longitudeE7" : 221173791,
        "placeId" : "ChIJaSgvTzdp1h0R70JoAjg2gGM",
        "locationConfidence" : 4.9089313
      }, {
        "latitudeE7" : -341282160,
        "longitudeE7" : 221159720,
        "placeId" : "ChIJraeisTlp1h0RdmCmP653op4",
        "locationConfidence" : 3.266911
      }, {
        "latitudeE7" : -341294080,
        "longitudeE7" : 221151660,
        "placeId" : "ChIJ9Wm1Djlp1h0RmWde1hKEcyE",
        "locationConfidence" : 1.8777269
      }, {
        "latitudeE7" : -341271978,
        "longitudeE7" : 221176078,
        "placeId" : "ChIJr9alNjhp1h0RCNeVkNNqJJw",
        "locationConfidence" : 1.1605316
      } ],
      "editConfirmationStatus" : "NOT_CONFIRMED"
    }
  }, {
    "placeVisit" : {
      "location" : {
        "latitudeE7" : -341283300,
        "longitudeE7" : 221133299,
        "placeId" : "ChIJpzNBijlp1h0RV6B7LLZmtPY",
        "address" : "Oranje Ave\nHartenbos\nMossel Bay\n6520\nSouth Africa",
        "name" : "Hartenbos",
        "sourceInfo" : {
          "deviceTag" : -63513299
        },
        "locationConfidence" : 23.517302
      },
      "duration" : {
        "startTimestampMs" : "1547111907662",
        "endTimestampMs" : "1547129518897"
      },
      "placeConfidence" : "MEDIUM_CONFIDENCE",
      "centerLatE7" : -341280570,
      "centerLngE7" : 221143897,
      "visitConfidence" : 92,
      "otherCandidateLocations" : [ {
        "latitudeE7" : -341275400,
        "longitudeE7" : 221173600,
        "placeId" : "ChIJB9P5JEhp1h0RO3hG5jtds2c",
        "locationConfidence" : 12.843702
      }, {
        "latitudeE7" : -341285580,
        "longitudeE7" : 221138490,
        "placeId" : "ChIJbRL8Cthp1h0R6o0PVPnQZvc",
        "locationConfidence" : 12.075065
      }, {
        "latitudeE7" : -341270484,
        "longitudeE7" : 221172404,
        "placeId" : "ChIJHwNcOThp1h0RchMW0XKbepg",
        "locationConfidence" : 9.215302
      }, {
        "latitudeE7" : -341291426,
        "longitudeE7" : 221128471,
        "placeId" : "ChIJjb9SKTpp1h0RUWEsZfY-Oz4",
        "locationConfidence" : 6.468462
      }, {
        "latitudeE7" : -341282160,
        "longitudeE7" : 221159720,
        "placeId" : "ChIJraeisTlp1h0RdmCmP653op4",
        "locationConfidence" : 4.26764
      }, {
        "latitudeE7" : -341275382,
        "longitudeE7" : 221173791,
        "placeId" : "ChIJaSgvTzdp1h0R70JoAjg2gGM",
        "locationConfidence" : 3.6505153
      }, {
        "latitudeE7" : -341292418,
        "longitudeE7" : 221126954,
        "placeId" : "ChIJy-7yLzpp1h0RmsAhQzT3LZs",
        "locationConfidence" : 3.052941
      }, {
        "latitudeE7" : -341294080,
        "longitudeE7" : 221151660,
        "placeId" : "ChIJ9Wm1Djlp1h0RmWde1hKEcyE",
        "locationConfidence" : 2.6692164
      }, {
        "latitudeE7" : -341275400,
        "longitudeE7" : 221173600,
        "placeId" : "ChIJV1YlQThp1h0RpCb4yF3HFRk",
        "locationConfidence" : 1.1853949
      } ],
      "editConfirmationStatus" : "NOT_CONFIRMED"
    }
  }, {
    "activitySegment" : {
      "startLocation" : {
        "latitudeE7" : -341283300,
        "longitudeE7" : 221133299
      },
      "endLocation" : {
        "latitudeE7" : -341239531,
        "longitudeE7" : 221103432
      },
      "duration" : {
        "startTimestampMs" : "1547129518897",
        "endTimestampMs" : "1547130514999"
      },
      "distance" : 697,
      "activityType" : "IN_PASSENGER_VEHICLE",
      "confidence" : "MEDIUM",
      "activities" : [ {
        "activityType" : "IN_PASSENGER_VEHICLE",
        "probability" : 70.84294298868411
      }, {
        "activityType" : "WALKING",
        "probability" : 25.310184562493898
      }, {
        "activityType" : "CYCLING",
        "probability" : 2.220370672996859
      } ],
      "waypointPath" : {
        "waypoints" : [ {
          "latE7" : -341279945,
          "lngE7" : 221132125
        }, {
          "latE7" : -341255531,
          "lngE7" : 221133651
        }, {
          "latE7" : -341238822,
          "lngE7" : 221102237
        } ]
      },
      "simplifiedRawPath" : {
        "points" : [ {
          "latE7" : -341282565,
          "lngE7" : 221142542,
          "timestampMs" : "1547129518897",
          "accuracyMeters" : 48
        } ]
      }
    }
  }, {
    "placeVisit" : {
      "location" : {
        "latitudeE7" : -341239531,
        "longitudeE7" : 221103432,
        "placeId" : "ChIJJfD0RDdp1h0RdqTfIUHbrIs",
        "address" : "7 Kompanje Ave\nKaap De Goede Hoop Ave\nHartenbos\nMossel Bay\n6500\nSouth Africa",
        "name" : "SPAR Hartenbos",
        "sourceInfo" : {
          "deviceTag" : -63513299
        },
        "locationConfidence" : 40.16716
      },
      "duration" : {
        "startTimestampMs" : "1547130514999",
        "endTimestampMs" : "1547132362624"
      },
      "placeConfidence" : "LOW_CONFIDENCE",
      "centerLatE7" : -341243600,
      "centerLngE7" : 221107600,
      "visitConfidence" : 88,
      "otherCandidateLocations" : [ {
        "latitudeE7" : -341244490,
        "longitudeE7" : 221106613,
        "placeId" : "ChIJufbWLvRp1h0Rvs7gETySGjY",
        "locationConfidence" : 22.302137
      }, {
        "latitudeE7" : -341241020,
        "longitudeE7" : 221107140,
        "placeId" : "ChIJP1uhrzZp1h0R0xB0w7MQJ5M",
        "locationConfidence" : 6.726464
      }, {
        "latitudeE7" : -341246302,
        "longitudeE7" : 221106368,
        "placeId" : "ChIJZRMHAjFp1h0RtO8b86mfrbs",
        "locationConfidence" : 6.345621
      }, {
        "latitudeE7" : -341244193,
        "longitudeE7" : 221115283,
        "placeId" : "ChIJpwn2HzFp1h0Rt7YGnr6iz-0",
        "locationConfidence" : 5.641506
      }, {
        "latitudeE7" : -341238461,
        "longitudeE7" : 221105711,
        "placeId" : "ChIJVd_QCDFp1h0RcCq43CIKSHs",
        "locationConfidence" : 2.1800382
      }, {
        "latitudeE7" : -341241026,
        "longitudeE7" : 221103652,
        "placeId" : "ChIJPSEcrDFp1h0RXJQeURMy5xo",
        "locationConfidence" : 1.9487947
      }, {
        "latitudeE7" : -341246088,
        "longitudeE7" : 221104494,
        "placeId" : "ChIJFzXJATFp1h0Rx2csJ5MIpbQ",
        "locationConfidence" : 1.2992166
      }, {
        "latitudeE7" : -341244673,
        "longitudeE7" : 221090161,
        "placeId" : "ChIJWfsi4TBp1h0RuVQk7epAOC4",
        "locationConfidence" : 1.233019
      }, {
        "latitudeE7" : -341245940,
        "longitudeE7" : 221110469,
        "placeId" : "ChIJvwKV4TBp1h0RTxQUhCVilFg",
        "locationConfidence" : 1.0064311
      } ],
      "editConfirmationStatus" : "NOT_CONFIRMED"
    }
  }, {
    "activitySegment" : {
      "startLocation" : {
        "latitudeE7" : -341239531,
        "longitudeE7" : 221103432
      },
      "endLocation" : {
        "latitudeE7" : -341283300,
        "longitudeE7" : 221133299
      },
      "duration" : {
        "startTimestampMs" : "1547132362624",
        "endTimestampMs" : "1547133463659"
      },
      "distance" : 697,
      "activityType" : "WALKING",
      "confidence" : "LOW",
      "activities" : [ {
        "activityType" : "WALKING",
        "probability" : 48.41655809516046
      }, {
        "activityType" : "IN_PASSENGER_VEHICLE",
        "probability" : 47.13908587991499
      }, {
        "activityType" : "CYCLING",
        "probability" : 1.7552167053140393
      } ],
      "waypointPath" : {
        "waypoints" : [ {
          "latE7" : -341247596,
          "lngE7" : 221107540
        }, {
          "latE7" : -341258888,
          "lngE7" : 221142234
        }, {
          "latE7" : -341280632,
          "lngE7" : 221147499
        } ]
      },
      "simplifiedRawPath" : {
        "points" : [ {
          "latE7" : -341244070,
          "lngE7" : 221107940,
          "timestampMs" : "1547132362624",
          "accuracyMeters" : 15
        } ]
      }
    }
  }, {
    "placeVisit" : {
      "location" : {
        "latitudeE7" : -341283300,
        "longitudeE7" : 221133299,
        "placeId" : "ChIJpzNBijlp1h0RV6B7LLZmtPY",
        "address" : "Oranje Ave\nHartenbos\nMossel Bay\n6520\nSouth Africa",
        "name" : "Hartenbos",
        "sourceInfo" : {
          "deviceTag" : -63513299
        },
        "locationConfidence" : 29.113865
      },
      "duration" : {
        "startTimestampMs" : "1547133463659",
        "endTimestampMs" : "1547145372325"
      },
      "placeConfidence" : "MEDIUM_CONFIDENCE",
      "centerLatE7" : -341281833,
      "centerLngE7" : 221143000,
      "visitConfidence" : 92,
      "otherCandidateLocations" : [ {
        "latitudeE7" : -341275400,
        "longitudeE7" : 221173600,
        "placeId" : "ChIJB9P5JEhp1h0RO3hG5jtds2c",
        "locationConfidence" : 12.7604
      }, {
        "latitudeE7" : -341270484,
        "longitudeE7" : 221172404,
        "placeId" : "ChIJHwNcOThp1h0RchMW0XKbepg",
        "locationConfidence" : 10.584097
      }, {
        "latitudeE7" : -341285580,
        "longitudeE7" : 221138490,
        "placeId" : "ChIJbRL8Cthp1h0R6o0PVPnQZvc",
        "locationConfidence" : 9.978953
      }, {
        "latitudeE7" : -341291426,
        "longitudeE7" : 221128471,
        "placeId" : "ChIJjb9SKTpp1h0RUWEsZfY-Oz4",
        "locationConfidence" : 7.3935137
      }, {
        "latitudeE7" : -341292418,
        "longitudeE7" : 221126954,
        "placeId" : "ChIJy-7yLzpp1h0RmsAhQzT3LZs",
        "locationConfidence" : 5.9233427
      }, {
        "latitudeE7" : -341275382,
        "longitudeE7" : 221173791,
        "placeId" : "ChIJaSgvTzdp1h0R70JoAjg2gGM",
        "locationConfidence" : 4.4088144
      }, {
        "latitudeE7" : -341282160,
        "longitudeE7" : 221159720,
        "placeId" : "ChIJraeisTlp1h0RdmCmP653op4",
        "locationConfidence" : 2.634262
      }, {
        "latitudeE7" : -341294080,
        "longitudeE7" : 221151660,
        "placeId" : "ChIJ9Wm1Djlp1h0RmWde1hKEcyE",
        "locationConfidence" : 1.9561906
      }, {
        "latitudeE7" : -341276016,
        "longitudeE7" : 221167210,
        "placeId" : "ChIJI0DFSThp1h0Rr_NhXfaa_U8",
        "locationConfidence" : 1.1218729
      } ],
      "editConfirmationStatus" : "NOT_CONFIRMED"
    }
  }, {
    "activitySegment" : {
      "startLocation" : {
        "latitudeE7" : -341281833,
        "longitudeE7" : 221143000
      },
      "endLocation" : {
        "latitudeE7" : -258560445,
        "longitudeE7" : 281625035
      },
      "duration" : {
        "startTimestampMs" : "1547145372325",
        "endTimestampMs" : "1547438691764"
      },
      "activityType" : "UNKNOWN_ACTIVITY_TYPE",
      "activities" : [ {
        "activityType" : "UNKNOWN_ACTIVITY_TYPE",
        "probability" : 0.0
      } ],
      "simplifiedRawPath" : {
        "points" : [ {
          "latE7" : -341274209,
          "lngE7" : 221182109,
          "timestampMs" : "1547146768977",
          "accuracyMeters" : 13
        } ]
      }
    }
  }, {
    "placeVisit" : {
      "location" : {
        "latitudeE7" : -258584100,
        "longitudeE7" : 281624600,
        "placeId" : "ChIJWVS1zllklR4R7ih8EDjLG2g",
        "address" : "31 Willem Rd\nEldoraigne\nCenturion\n0157\nSouth Africa",
        "name" : "31 Willem Rd",
        "semanticType" : "TYPE_HOME",
        "sourceInfo" : {
          "deviceTag" : -63513299
        },
        "locationConfidence" : 81.73051
      },
      "duration" : {
        "startTimestampMs" : "1547438691764",
        "endTimestampMs" : "1547449103943"
      },
      "placeConfidence" : "HIGH_CONFIDENCE",
      "centerLatE7" : -258560445,
      "centerLngE7" : 281625035,
      "visitConfidence" : 88,
      "otherCandidateLocations" : [ {
        "latitudeE7" : -258559780,
        "longitudeE7" : 281626430,
        "placeId" : "ChIJgf7JGllklR4RTqYK8tHPm_w",
        "semanticType" : "TYPE_SEARCHED_ADDRESS",
        "locationConfidence" : 16.344028
      }, {
        "latitudeE7" : -258556046,
        "longitudeE7" : 281644996,
        "placeId" : "ChIJR2qzZFlklR4R6ONADWNKzIE",
        "locationConfidence" : 0.49923027
      }, {
        "latitudeE7" : -258565130,
        "longitudeE7" : 281611230,
        "placeId" : "ChIJjc378FhklR4R-lrwm02iVNY",
        "semanticType" : "TYPE_SEARCHED_ADDRESS",
        "locationConfidence" : 0.40725407
      }, {
        "latitudeE7" : -258570590,
        "longitudeE7" : 281625620,
        "placeId" : "ChIJGZkpr1lklR4RvXt8NOQ53JI",
        "semanticType" : "TYPE_SEARCHED_ADDRESS",
        "locationConfidence" : 0.33361727
      } ],
      "editConfirmationStatus" : "NOT_CONFIRMED"
    }
  }, {
    "placeVisit" : {
      "location" : {
        "latitudeE7" : -258584100,
        "longitudeE7" : 281624600,
        "placeId" : "ChIJWVS1zllklR4R7ih8EDjLG2g",
        "address" : "31 Willem Rd\nEldoraigne\nCenturion\n0157\nSouth Africa",
        "name" : "31 Willem Rd",
        "semanticType" : "TYPE_HOME",
        "sourceInfo" : {
          "deviceTag" : -63513299
        },
        "locationConfidence" : 79.167694
      },
      "duration" : {
        "startTimestampMs" : "1547785654172",
        "endTimestampMs" : "1547796001087"
      },
      "placeConfidence" : "HIGH_CONFIDENCE",
      "centerLatE7" : -258559841,
      "centerLngE7" : 281625964,
      "visitConfidence" : 95,
      "otherCandidateLocations" : [ {
        "latitudeE7" : -258559780,
        "longitudeE7" : 281626430,
        "placeId" : "ChIJgf7JGllklR4RTqYK8tHPm_w",
        "semanticType" : "TYPE_SEARCHED_ADDRESS",
        "locationConfidence" : 18.861359
      }, {
        "latitudeE7" : -258556046,
        "longitudeE7" : 281644996,
        "placeId" : "ChIJR2qzZFlklR4R6ONADWNKzIE",
        "locationConfidence" : 0.5782071
      }, {
        "latitudeE7" : -258565130,
        "longitudeE7" : 281611230,
        "placeId" : "ChIJjc378FhklR4R-lrwm02iVNY",
        "semanticType" : "TYPE_SEARCHED_ADDRESS",
        "locationConfidence" : 0.35606417
      }, {
        "latitudeE7" : -258570590,
        "longitudeE7" : 281625620,
        "placeId" : "ChIJGZkpr1lklR4RvXt8NOQ53JI",
        "semanticType" : "TYPE_SEARCHED_ADDRESS",
        "locationConfidence" : 0.30561063
      } ],
      "editConfirmationStatus" : "NOT_CONFIRMED"
    }
  }, {
    "activitySegment" : {
      "startLocation" : {
        "latitudeE7" : -258559379,
        "longitudeE7" : 281626829,
        "sourceInfo" : {
          "deviceTag" : -63513299
        }
      },
      "endLocation" : {
        "latitudeE7" : -258785314,
        "longitudeE7" : 281641082,
        "sourceInfo" : {
          "deviceTag" : -63513299
        }
      },
      "duration" : {
        "startTimestampMs" : "1547796001087",
        "endTimestampMs" : "1547798646378"
      },
      "distance" : 6708,
      "activityType" : "IN_PASSENGER_VEHICLE",
      "confidence" : "HIGH",
      "activities" : [ {
        "activityType" : "IN_PASSENGER_VEHICLE",
        "probability" : 97.0998474182009
      }, {
        "activityType" : "WALKING",
        "probability" : 1.9209057275022448
      }, {
        "activityType" : "IN_BUS",
        "probability" : 0.6268669725308669
      } ],
      "waypointPath" : {
        "waypoints" : [ {
          "latE7" : -258559131,
          "lngE7" : 281623039
        }, {
          "latE7" : -258596725,
          "lngE7" : 281772041
        }, {
          "latE7" : -258614864,
          "lngE7" : 281905498
        }, {
          "latE7" : -258723487,
          "lngE7" : 281740093
        }, {
          "latE7" : -258785037,
          "lngE7" : 281640720
        } ]
      },
      "simplifiedRawPath" : {
        "points" : [ {
          "latE7" : -258615323,
          "lngE7" : 281903769,
          "timestampMs" : "1547796869489",
          "accuracyMeters" : 48
        } ]
      }
    }
  }, {
    "placeVisit" : {
      "location" : {
        "latitudeE7" : -258976925,
        "longitudeE7" : 281737044,
        "placeId" : "ChIJ-cyvLhBllR4RZJTIKwM2R2I",
        "address" : "Brakfontein 399-Jr\nCenturion\nSouth Africa",
        "name" : "Brakfontein 399-Jr"
      },
      "duration" : {
        "startTimestampMs" : "1547798646378",
        "endTimestampMs" : "1547799452280"
      },
      "placeConfidence" : "MEDIUM_CONFIDENCE",
      "centerLatE7" : -258785908,
      "centerLngE7" : 281640469,
      "visitConfidence" : 93,
      "otherCandidateLocations" : [ {
        "latitudeE7" : -258778771,
        "longitudeE7" : 281650558,
        "placeId" : "ChIJF_eaKq9llR4R_3kFgxN-5o0",
        "locationConfidence" : 1.258586
      }, {
        "latitudeE7" : -258760300,
        "longitudeE7" : 281637540,
        "placeId" : "ChIJIQS5XKlllR4RIO7NQcUzS9I",
        "locationConfidence" : 1.2250881
      }, {
        "latitudeE7" : -258777000,
        "longitudeE7" : 281618000,
        "placeId" : "ChIJHwRUpqlllR4RFWMXuMiwO0g",
        "locationConfidence" : 0.63749325
      }, {
        "latitudeE7" : -258773448,
        "longitudeE7" : 281653564,
        "placeId" : "ChIJPQpp0a5llR4R8kXWjclAcW8",
        "locationConfidence" : 0.59370846
      } ],
      "editConfirmationStatus" : "CONFIRMED"
    }
  }, {
    "activitySegment" : {
      "startLocation" : {
        "latitudeE7" : -258786005,
        "longitudeE7" : 281640310,
        "sourceInfo" : {
          "deviceTag" : -63513299
        }
      },
      "endLocation" : {
        "latitudeE7" : -258560753,
        "longitudeE7" : 281626091,
        "sourceInfo" : {
          "deviceTag" : -63513299
        }
      },
      "duration" : {
        "startTimestampMs" : "1547799452280",
        "endTimestampMs" : "1547800709536"
      },
      "distance" : 2586,
      "activityType" : "IN_PASSENGER_VEHICLE",
      "confidence" : "HIGH",
      "activities" : [ {
        "activityType" : "IN_PASSENGER_VEHICLE",
        "probability" : 96.10142906014966
      }, {
        "activityType" : "WALKING",
        "probability" : 2.734517464629773
      }, {
        "activityType" : "IN_BUS",
        "probability" : 0.7858405593243843
      } ],
      "waypointPath" : {
        "waypoints" : [ {
          "latE7" : -258785705,
          "lngE7" : 281640014
        }, {
          "latE7" : -258623447,
          "lngE7" : 281624794
        }, {
          "latE7" : -258560543,
          "lngE7" : 281622924
        } ]
      }
    }
  }, {
    "placeVisit" : {
      "location" : {
        "latitudeE7" : -258584100,
        "longitudeE7" : 281624600,
        "placeId" : "ChIJWVS1zllklR4R7ih8EDjLG2g",
        "address" : "31 Willem Rd\nEldoraigne\nCenturion\n0157\nSouth Africa",
        "name" : "31 Willem Rd",
        "semanticType" : "TYPE_HOME",
        "sourceInfo" : {
          "deviceTag" : -63513299
        },
        "locationConfidence" : 76.36584
      },
      "duration" : {
        "startTimestampMs" : "1547800709536",
        "endTimestampMs" : "1547978786885"
      },
      "placeConfidence" : "HIGH_CONFIDENCE",
      "centerLatE7" : -258559596,
      "centerLngE7" : 281626197,
      "visitConfidence" : 92,
      "otherCandidateLocations" : [ {
        "latitudeE7" : -258559780,
        "longitudeE7" : 281626430,
        "placeId" : "ChIJgf7JGllklR4RTqYK8tHPm_w",
        "semanticType" : "TYPE_SEARCHED_ADDRESS",
        "locationConfidence" : 21.834707
      }, {
        "latitudeE7" : -258556046,
        "longitudeE7" : 281644996,
        "placeId" : "ChIJR2qzZFlklR4R6ONADWNKzIE",
        "locationConfidence" : 0.45768148
      }, {
        "latitudeE7" : -258565130,
        "longitudeE7" : 281611230,
        "placeId" : "ChIJjc378FhklR4R-lrwm02iVNY",
        "semanticType" : "TYPE_SEARCHED_ADDRESS",
        "locationConfidence" : 0.329024
      }, {
        "latitudeE7" : -258570590,
        "longitudeE7" : 281625620,
        "placeId" : "ChIJGZkpr1lklR4RvXt8NOQ53JI",
        "semanticType" : "TYPE_SEARCHED_ADDRESS",
        "locationConfidence" : 0.32199708
      } ],
      "editConfirmationStatus" : "NOT_CONFIRMED"
    }
  }, {
    "activitySegment" : {
      "startLocation" : {
        "latitudeE7" : -258560753,
        "longitudeE7" : 281626091,
        "sourceInfo" : {
          "deviceTag" : -63513299
        }
      },
      "endLocation" : {
        "latitudeE7" : -258413103,
        "longitudeE7" : 281603960,
        "sourceInfo" : {
          "deviceTag" : -63513299
        }
      },
      "duration" : {
        "startTimestampMs" : "1547978786885",
        "endTimestampMs" : "1547982964578"
      },
      "distance" : 1682,
      "activityType" : "IN_PASSENGER_VEHICLE",
      "confidence" : "HIGH",
      "activities" : [ {
        "activityType" : "IN_PASSENGER_VEHICLE",
        "probability" : 96.02889598633696
      }, {
        "activityType" : "WALKING",
        "probability" : 2.876946809142566
      }, {
        "activityType" : "MOTORCYCLING",
        "probability" : 0.35349187501888923
      } ],
      "waypointPath" : {
        "waypoints" : [ {
          "latE7" : -258560543,
          "lngE7" : 281622924
        }, {
          "latE7" : -258579063,
          "lngE7" : 281577930
        }, {
          "latE7" : -258414802,
          "lngE7" : 281603317
        } ]
      }
    }
  }, {
    "placeVisit" : {
      "location" : {
        "latitudeE7" : -258413103,
        "longitudeE7" : 281603960,
        "placeId" : "ChIJCbBtQ2JklR4RzuJNQRkLFDI",
        "address" : "Eldo Village Shopping Centre, Saxby Drive &\nFrederik Ave\nEldoraigne\nCenturion\n0157\nSouth Africa",
        "name" : "Ocean Basket Eldoraigne",
        "sourceInfo" : {
          "deviceTag" : -63513299
        },
        "locationConfidence" : 39.871387
      },
      "duration" : {
        "startTimestampMs" : "1547982964578",
        "endTimestampMs" : "1547984407000"
      },
      "placeConfidence" : "LOW_CONFIDENCE",
      "centerLatE7" : -258412700,
      "centerLngE7" : 281603544,
      "visitConfidence" : 92,
      "otherCandidateLocations" : [ {
        "latitudeE7" : -258412899,
        "longitudeE7" : 281605300,
        "placeId" : "ChIJO7LRRmJklR4R5mchqXhJ6E4",
        "locationConfidence" : 27.903446
      }, {
        "latitudeE7" : -258414796,
        "longitudeE7" : 281606948,
        "placeId" : "ChIJVeYuXWJklR4RQkRA1ro6D2M",
        "locationConfidence" : 13.333032
      }, {
        "latitudeE7" : -258412959,
        "longitudeE7" : 281602366,
        "placeId" : "ChIJnVssaGJklR4RW2W9zDFaEMw",
        "locationConfidence" : 12.527079
      }, {
        "latitudeE7" : -258413473,
        "longitudeE7" : 281601125,
        "placeId" : "ChIJRbmlRmJklR4Rx7nC65P257I",
        "locationConfidence" : 0.6312368
      }, {
        "latitudeE7" : -258412002,
        "longitudeE7" : 281599877,
        "placeId" : "ChIJZdPYXWJklR4RmiKZtTfyBMA",
        "locationConfidence" : 0.5530491
      } ],
      "editConfirmationStatus" : "NOT_CONFIRMED"
    }
  }, {
    "activitySegment" : {
      "startLocation" : {
        "latitudeE7" : -258411859,
        "longitudeE7" : 281601458,
        "sourceInfo" : {
          "deviceTag" : -63513299
        }
      },
      "endLocation" : {
        "latitudeE7" : -257488801,
        "longitudeE7" : 279348212,
        "sourceInfo" : {
          "deviceTag" : -63513299
        }
      },
      "duration" : {
        "startTimestampMs" : "1547984462132",
        "endTimestampMs" : "1547986967099"
      },
      "distance" : 26424,
      "activityType" : "IN_PASSENGER_VEHICLE",
      "confidence" : "HIGH",
      "activities" : [ {
        "activityType" : "IN_PASSENGER_VEHICLE",
        "probability" : 97.03545858408798
      }, {
        "activityType" : "MOTORCYCLING",
        "probability" : 2.1843869954896484
      }, {
        "activityType" : "WALKING",
        "probability" : 0.40773172236907435
      } ],
      "waypointPath" : {
        "waypoints" : [ {
          "latE7" : -258414230,
          "lngE7" : 281601295
        }, {
          "latE7" : -257488708,
          "lngE7" : 279348354
        } ]
      }
    }
  }, {
    "activitySegment" : {
      "startLocation" : {
        "latitudeE7" : -258559484,
        "longitudeE7" : 281625489,
        "sourceInfo" : {
          "deviceTag" : -63513299
        }
      },
      "endLocation" : {
        "latitudeE7" : -257933837,
        "longitudeE7" : 283019737,
        "sourceInfo" : {
          "deviceTag" : -63513299
        }
      },
      "duration" : {
        "startTimestampMs" : "1548390422370",
        "endTimestampMs" : "1548487348976"
      },
      "distance" : 15593,
      "activityType" : "IN_PASSENGER_VEHICLE",
      "confidence" : "MEDIUM",
      "activities" : [ {
        "activityType" : "IN_PASSENGER_VEHICLE",
        "probability" : 82.740985828029
      }, {
        "activityType" : "WALKING",
        "probability" : 11.225404063963051
      }, {
        "activityType" : "IN_BUS",
        "probability" : 2.8836501793933826
      } ],
      "waypointPath" : {
        "waypoints" : [ {
          "latE7" : -258559322,
          "lngE7" : 281623020
        }, {
          "latE7" : -258037643,
          "lngE7" : 282605133
        }, {
          "latE7" : -257931671,
          "lngE7" : 283016281
        } ]
      }
    }
  }, {
    "placeVisit" : {
      "location" : {
        "latitudeE7" : -257926130,
        "longitudeE7" : 283035690,
        "placeId" : "ChIJpdnlaAFelR4R83zhQYWBl2Q",
        "address" : "662 Hesteleen St\nGarsfontein\nPretoria\n0042\nSouth Africa",
        "name" : "662 Hesteleen St",
        "sourceInfo" : {
          "deviceTag" : -63513299
        },
        "locationConfidence" : 30.026752
      },
      "duration" : {
        "startTimestampMs" : "1548487576091",
        "endTimestampMs" : "1548488798347"
      },
      "placeConfidence" : "LOW_CONFIDENCE",
      "centerLatE7" : -257926943,
      "centerLngE7" : 283034814,
      "visitConfidence" : 90,
      "otherCandidateLocations" : [ {
        "latitudeE7" : -257926090,
        "longitudeE7" : 283032840,
        "placeId" : "ChIJBUx0bwFelR4R73okRJ6aezQ",
        "locationConfidence" : 14.929529
      }, {
        "latitudeE7" : -257928664,
        "longitudeE7" : 283038259,
        "placeId" : "ChIJDYJ0QgFelR4R1X2ZhGOk5d8",
        "locationConfidence" : 14.574208
      }, {
        "latitudeE7" : -257926090,
        "longitudeE7" : 283032840,
        "placeId" : "ChIJBUx0bwFelR4RyO4nlrDTPvk",
        "locationConfidence" : 9.298239
      }, {
        "latitudeE7" : -257944550,
        "longitudeE7" : 283016730,
        "placeId" : "ChIJ2So7rgFelR4R5gtHWqBnMs8",
        "locationConfidence" : 6.6247954
      }, {
        "latitudeE7" : -257943750,
        "longitudeE7" : 283015530,
        "placeId" : "ChIJ41UsrgFelR4R_YfNKxwQEXg",
        "locationConfidence" : 2.300269
      }, {
        "latitudeE7" : -257948390,
        "longitudeE7" : 283012840,
        "placeId" : "ChIJE8CDqQFelR4RugXmGTRaXNY",
        "locationConfidence" : 2.176485
      }, {
        "latitudeE7" : -257946499,
        "longitudeE7" : 283012770,
        "placeId" : "ChIJTVOxswFelR4Rz6vcvSSbiNg",
        "locationConfidence" : 2.110251
      }, {
        "latitudeE7" : -257929079,
        "longitudeE7" : 283040730,
        "placeId" : "ChIJGZrmQAFelR4RBH1UHl2auwA",
        "locationConfidence" : 1.4812206
      }, {
        "latitudeE7" : -257940854,
        "longitudeE7" : 283009670,
        "placeId" : "ChIJn_25uAFelR4RWkjbcDFd7PM",
        "locationConfidence" : 0.6391691
      } ],
      "editConfirmationStatus" : "NOT_CONFIRMED"
    }
  }, {
    "activitySegment" : {
      "startLocation" : {
        "latitudeE7" : -257926130,
        "longitudeE7" : 283035690,
        "sourceInfo" : {
          "deviceTag" : -63513299
        }
      },
      "endLocation" : {
        "latitudeE7" : -258560753,
        "longitudeE7" : 281626091,
        "sourceInfo" : {
          "deviceTag" : -63513299
        }
      },
      "duration" : {
        "startTimestampMs" : "1548488798347",
        "endTimestampMs" : "1548509412400"
      },
      "distance" : 31221,
      "activityType" : "IN_PASSENGER_VEHICLE",
      "confidence" : "LOW",
      "activities" : [ {
        "activityType" : "IN_PASSENGER_VEHICLE",
        "probability" : 57.20928420833058
      }, {
        "activityType" : "WALKING",
        "probability" : 37.23431846951722
      }, {
        "activityType" : "IN_BUS",
        "probability" : 1.4027230281352931
      } ],
      "waypointPath" : {
        "waypoints" : [ {
          "latE7" : -257929000,
          "lngE7" : 283035640
        }, {
          "latE7" : -257898998,
          "lngE7" : 283092555
        }, {
          "latE7" : -257874794,
          "lngE7" : 283068275
        }, {
          "latE7" : -257905578,
          "lngE7" : 283103446
        }, {
          "latE7" : -257896690,
          "lngE7" : 283278274
        }, {
          "latE7" : -258335247,
          "lngE7" : 282395687
        }, {
          "latE7" : -258560543,
          "lngE7" : 281622924
        } ]
      },
      "simplifiedRawPath" : {
        "points" : [ {
          "latE7" : -257906351,
          "lngE7" : 283105206,
          "timestampMs" : "1548498904472",
          "accuracyMeters" : 48
        }, {
          "latE7" : -257895932,
          "lngE7" : 283276793,
          "timestampMs" : "1548499975999",
          "accuracyMeters" : 4
        } ]
      }
    }
  }, {
    "placeVisit" : {
      "location" : {
        "latitudeE7" : -258584100,
        "longitudeE7" : 281624600,
        "placeId" : "ChIJWVS1zllklR4R7ih8EDjLG2g",
        "address" : "31 Willem Rd\nEldoraigne\nCenturion\n0157\nSouth Africa",
        "name" : "31 Willem Rd",
        "semanticType" : "TYPE_HOME",
        "sourceInfo" : {
          "deviceTag" : -63513299
        },
        "locationConfidence" : 75.79913
      },
      "duration" : {
        "startTimestampMs" : "1548509412400",
        "endTimestampMs" : "1548569147513"
      },
      "placeConfidence" : "HIGH_CONFIDENCE",
      "centerLatE7" : -258559589,
      "centerLngE7" : 281625550,
      "visitConfidence" : 94,
      "otherCandidateLocations" : [ {
        "latitudeE7" : -258559780,
        "longitudeE7" : 281626430,
        "placeId" : "ChIJgf7JGllklR4RTqYK8tHPm_w",
        "semanticType" : "TYPE_SEARCHED_ADDRESS",
        "locationConfidence" : 21.989445
      }, {
        "latitudeE7" : -258556046,
        "longitudeE7" : 281644996,
        "placeId" : "ChIJR2qzZFlklR4R6ONADWNKzIE",
        "locationConfidence" : 0.6594283
      }, {
        "latitudeE7" : -258565130,
        "longitudeE7" : 281611230,
        "placeId" : "ChIJjc378FhklR4R-lrwm02iVNY",
        "semanticType" : "TYPE_SEARCHED_ADDRESS",
        "locationConfidence" : 0.40001717
      }, {
        "latitudeE7" : -258570590,
        "longitudeE7" : 281625620,
        "placeId" : "ChIJGZkpr1lklR4RvXt8NOQ53JI",
        "semanticType" : "TYPE_SEARCHED_ADDRESS",
        "locationConfidence" : 0.39841896
      } ],
      "editConfirmationStatus" : "NOT_CONFIRMED"
    }
  }, {
    "activitySegment" : {
      "startLocation" : {
        "latitudeE7" : -258560753,
        "longitudeE7" : 281626091,
        "sourceInfo" : {
          "deviceTag" : -63513299
        }
      },
      "endLocation" : {
        "latitudeE7" : -260017323,
        "longitudeE7" : 279820526,
        "sourceInfo" : {
          "deviceTag" : -63513299
        }
      },
      "duration" : {
        "startTimestampMs" : "1548569147513",
        "endTimestampMs" : "1548573325118"
      },
      "distance" : 24285,
      "activityType" : "IN_PASSENGER_VEHICLE",
      "confidence" : "HIGH",
      "activities" : [ {
        "activityType" : "IN_PASSENGER_VEHICLE",
        "probability" : 96.06169566611243
      }, {
        "activityType" : "WALKING",
        "probability" : 2.989509218230155
      }, {
        "activityType" : "MOTORCYCLING",
        "probability" : 0.4380421414707489
      } ],
      "waypointPath" : {
        "waypoints" : [ {
          "latE7" : -258560543,
          "lngE7" : 281622924
        }, {
          "latE7" : -259350757,
          "lngE7" : 279919757
        }, {
          "latE7" : -260018749,
          "lngE7" : 279819393
        } ]
      }
    }
  }, {
    "placeVisit" : {
      "location" : {
        "latitudeE7" : -260019107,
        "longitudeE7" : 279823937,
        "placeId" : "ChIJeew6tuR2lR4R9afREJOhEuc",
        "address" : "Broadacres Lifestyle Centre Cnr Valley Rd &\nCedar Rd\nFourways\nSandton\n2055\nSouth Africa",
        "name" : "Buitengeluk Broadacres",
        "sourceInfo" : {
          "deviceTag" : -63513299
        },
        "locationConfidence" : 49.569134
      },
      "duration" : {
        "startTimestampMs" : "1548573325118",
        "endTimestampMs" : "1548584377257"
      },
      "placeConfidence" : "MEDIUM_CONFIDENCE",
      "centerLatE7" : -260015000,
      "centerLngE7" : 279820155,
      "visitConfidence" : 94,
      "otherCandidateLocations" : [ {
        "latitudeE7" : -260009178,
        "longitudeE7" : 279834677,
        "placeId" : "ChIJoVhQ6rt2lR4Rk98Md830wXc",
        "locationConfidence" : 25.119917
      }, {
        "latitudeE7" : -260008672,
        "longitudeE7" : 279826934,
        "placeId" : "ChIJt21n6OR2lR4Rc1f1OUBoh1I",
        "locationConfidence" : 4.4384346
      }, {
        "latitudeE7" : -260010214,
        "longitudeE7" : 279825372,
        "placeId" : "ChIJt21n6OR2lR4RzHhI1jnN7Jo",
        "locationConfidence" : 3.684218
      }, {
        "latitudeE7" : -260011109,
        "longitudeE7" : 279825490,
        "placeId" : "ChIJ64UyRPt2lR4Rfnm3IisvAmc",
        "locationConfidence" : 2.3401074
      }, {
        "latitudeE7" : -260026999,
        "longitudeE7" : 279827816,
        "placeId" : "ChIJQ1AbKft2lR4RP5Z2PAafuxQ",
        "locationConfidence" : 1.2238443
      }, {
        "latitudeE7" : -260003593,
        "longitudeE7" : 279839021,
        "placeId" : "ChIJjToiruR2lR4Rd_kxXkw3avc",
        "locationConfidence" : 1.00554
      }, {
        "latitudeE7" : -260011109,
        "longitudeE7" : 279825489,
        "placeId" : "ChIJ64UyRPt2lR4R8Eczq1EhrL4",
        "locationConfidence" : 0.83705103
      }, {
        "latitudeE7" : -259997590,
        "longitudeE7" : 279821082,
        "placeId" : "ChIJ9b48V_t2lR4R5dtjyL3qNcw",
        "locationConfidence" : 0.81467867
      }, {
        "latitudeE7" : -260013547,
        "longitudeE7" : 279828262,
        "placeId" : "ChIJt21n6OR2lR4Rt8ey3CD6i-A",
        "locationConfidence" : 0.55014527
      } ],
      "editConfirmationStatus" : "NOT_CONFIRMED"
    }
  }, {
    "activitySegment" : {
      "startLocation" : {
        "latitudeE7" : -260013850,
        "longitudeE7" : 279820048,
        "sourceInfo" : {
          "deviceTag" : -63513299
        }
      },
      "endLocation" : {
        "latitudeE7" : -260197190,
        "longitudeE7" : 279865640,
        "sourceInfo" : {
          "deviceTag" : -63513299
        }
      },
      "duration" : {
        "startTimestampMs" : "1548584377257",
        "endTimestampMs" : "1548587652606"
      },
      "distance" : 2110,
      "activityType" : "IN_PASSENGER_VEHICLE",
      "confidence" : "HIGH",
      "activities" : [ {
        "activityType" : "IN_PASSENGER_VEHICLE",
        "probability" : 94.51518400880036
      }, {
        "activityType" : "WALKING",
        "probability" : 4.368188496476001
      }, {
        "activityType" : "CYCLING",
        "probability" : 0.4268521582518117
      } ],
      "waypointPath" : {
        "waypoints" : [ {
          "latE7" : -260017395,
          "lngE7" : 279817256
        }, {
          "latE7" : -260109310,
          "lngE7" : 279949645
        }, {
          "latE7" : -260197181,
          "lngE7" : 279865646
        } ]
      }
    }
  }, {
    "placeVisit" : {
      "location" : {
        "latitudeE7" : -260192480,
        "longitudeE7" : 279867680,
        "placeId" : "ChIJ0Wh9tJN2lR4RxIrGfI_4qIo",
        "address" : "Salfred AH\nSandton\nSouth Africa",
        "name" : "Salfred AH"
      },
      "duration" : {
        "startTimestampMs" : "1548587652606",
        "endTimestampMs" : "1548588813095"
      },
      "placeConfidence" : "LOW_CONFIDENCE",
      "centerLatE7" : -260196300,
      "centerLngE7" : 279863050,
      "visitConfidence" : 87,
      "otherCandidateLocations" : [ {
        "latitudeE7" : -260191566,
        "longitudeE7" : 279863368,
        "placeId" : "ChIJMVRwSZJ2lR4RhysHxsVY2uY",
        "locationConfidence" : 31.505295
      }, {
        "latitudeE7" : -260199827,
        "longitudeE7" : 279865015,
        "placeId" : "ChIJhdmfzJN2lR4Rry5KO3G0-Zc",
        "locationConfidence" : 18.176779
      }, {
        "latitudeE7" : -260184982,
        "longitudeE7" : 279862133,
        "placeId" : "ChIJa9Sy_ZJ2lR4RdGmBwdxdHSM",
        "locationConfidence" : 2.9951477
      }, {
        "latitudeE7" : -260199730,
        "longitudeE7" : 279840960,
        "placeId" : "ChIJRUFfcpJ2lR4RwkPPhJLugtc",
        "locationConfidence" : 0.8189791
      }, {
        "latitudeE7" : -260205590,
        "longitudeE7" : 279848330,
        "placeId" : "ChIJaSK5F5J2lR4RK7y2b9U4D0s",
        "locationConfidence" : 0.61205477
      }, {
        "latitudeE7" : -260203420,
        "longitudeE7" : 279880060,
        "placeId" : "ChIJLVAt55N2lR4RBj0EoPh0kZk",
        "locationConfidence" : 0.577024
      }, {
        "latitudeE7" : -260173684,
        "longitudeE7" : 279882218,
        "placeId" : "ChIJ9a0ncpN2lR4R0Jgoorua_a4",
        "locationConfidence" : 0.5300978
      } ],
      "editConfirmationStatus" : "CONFIRMED"
    }
  }, {
    "activitySegment" : {
      "startLocation" : {
        "latitudeE7" : -260196119,
        "longitudeE7" : 279863294,
        "sourceInfo" : {
          "deviceTag" : -63513299
        }
      },
      "endLocation" : {
        "latitudeE7" : -258559705,
        "longitudeE7" : 281624373,
        "sourceInfo" : {
          "deviceTag" : -63513299
        }
      },
      "duration" : {
        "startTimestampMs" : "1548588813095",
        "endTimestampMs" : "1548590948944"
      },
      "distance" : 29207,
      "activityType" : "IN_PASSENGER_VEHICLE",
      "confidence" : "HIGH",
      "activities" : [ {
        "activityType" : "IN_PASSENGER_VEHICLE",
        "probability" : 98.93766666440125
      }, {
        "activityType" : "WALKING",
        "probability" : 0.6081483581163951
      }, {
        "activityType" : "IN_BUS",
        "probability" : 0.1726524742863933
      } ],
      "waypointPath" : {
        "waypoints" : [ {
          "latE7" : -260195732,
          "lngE7" : 279865283
        }, {
          "latE7" : -260254440,
          "lngE7" : 281108074
        }, {
          "latE7" : -258559608,
          "lngE7" : 281623001
        } ]
      }
    }
  }, {
    "placeVisit" : {
      "location" : {
        "latitudeE7" : -258584100,
        "longitudeE7" : 281624600,
        "placeId" : "ChIJWVS1zllklR4R7ih8EDjLG2g",
        "address" : "31 Willem Rd\nEldoraigne\nCenturion\n0157\nSouth Africa",
        "name" : "31 Willem Rd",
        "semanticType" : "TYPE_HOME",
        "sourceInfo" : {
          "deviceTag" : -63513299
        },
        "locationConfidence" : 82.69617
      },
      "duration" : {
        "startTimestampMs" : "1548590948944",
        "endTimestampMs" : "1548676448999"
      },
      "placeConfidence" : "HIGH_CONFIDENCE",
      "centerLatE7" : -258559696,
      "centerLngE7" : 281625664,
      "visitConfidence" : 94,
      "otherCandidateLocations" : [ {
        "latitudeE7" : -258559780,
        "longitudeE7" : 281626430,
        "placeId" : "ChIJgf7JGllklR4RTqYK8tHPm_w",
        "semanticType" : "TYPE_SEARCHED_ADDRESS",
        "locationConfidence" : 15.486024
      }, {
        "latitudeE7" : -258556046,
        "longitudeE7" : 281644996,
        "placeId" : "ChIJR2qzZFlklR4R6ONADWNKzIE",
        "locationConfidence" : 0.45324448
      }, {
        "latitudeE7" : -258565130,
        "longitudeE7" : 281611230,
        "placeId" : "ChIJjc378FhklR4R-lrwm02iVNY",
        "semanticType" : "TYPE_SEARCHED_ADDRESS",
        "locationConfidence" : 0.3995305
      }, {
        "latitudeE7" : -258570590,
        "longitudeE7" : 281625620,
        "placeId" : "ChIJGZkpr1lklR4RvXt8NOQ53JI",
        "semanticType" : "TYPE_SEARCHED_ADDRESS",
        "locationConfidence" : 0.29214844
      } ],
      "editConfirmationStatus" : "NOT_CONFIRMED"
    }
  }, {
    "activitySegment" : {
      "startLocation" : {
        "latitudeE7" : -258560753,
        "longitudeE7" : 281626091,
        "sourceInfo" : {
          "deviceTag" : -63513299
        }
      },
      "endLocation" : {
        "latitudeE7" : -257748662,
        "longitudeE7" : 283489771,
        "sourceInfo" : {
          "deviceTag" : -63513299
        }
      },
      "duration" : {
        "startTimestampMs" : "1548676448999",
        "endTimestampMs" : "1548678931709"
      },
      "distance" : 21089,
      "activityType" : "IN_PASSENGER_VEHICLE",
      "confidence" : "HIGH",
      "activities" : [ {
        "activityType" : "IN_PASSENGER_VEHICLE",
        "probability" : 98.27491373643332
      }, {
        "activityType" : "WALKING",
        "probability" : 1.012251190998315
      }, {
        "activityType" : "MOTORCYCLING",
        "probability" : 0.3203284440057371
      } ],
      "waypointPath" : {
        "waypoints" : [ {
          "latE7" : -258560543,
          "lngE7" : 281622924
        }, {
          "latE7" : -258037643,
          "lngE7" : 282605133
        }, {
          "latE7" : -257755050,
          "lngE7" : 283491630
        } ]
      }
    }
  }, {
    "placeVisit" : {
      "location" : {
        "latitudeE7" : -257716161,
        "longitudeE7" : 283492361,
        "placeId" : "ChIJncWs0otelR4R3iZYGyqhySk",
        "address" : "Equestria\nPretoria\n0184\nSouth Africa",
        "name" : "Vergelegen",
        "sourceInfo" : {
          "deviceTag" : -63513299
        },
        "locationConfidence" : 96.611534
      },
      "duration" : {
        "startTimestampMs" : "1548678931709",
        "endTimestampMs" : "1548682670000"
      },
      "placeConfidence" : "HIGH_CONFIDENCE",
      "centerLatE7" : -257726533,
      "centerLngE7" : 283489647,
      "visitConfidence" : 93,
      "otherCandidateLocations" : [ {
        "latitudeE7" : -257727169,
        "longitudeE7" : 283470790,
        "placeId" : "ChIJldSF8IlelR4RpLPjz4bry1I",
        "locationConfidence" : 1.8798345
      }, {
        "latitudeE7" : -257725470,
        "longitudeE7" : 283481600,
        "placeId" : "ChIJD2FvmClclR4R9ot-APMsSno",
        "locationConfidence" : 0.278179
      }, {
        "latitudeE7" : -257728010,
        "longitudeE7" : 283472700,
        "placeId" : "ChIJGzCs7olelR4RoNUpcp8qGps",
        "locationConfidence" : 0.22097868
      }, {
        "latitudeE7" : -257730964,
        "longitudeE7" : 283452097,
        "placeId" : "ChIJ7epoEWJelR4RhAlG8Dk3vM4",
        "locationConfidence" : 0.11859189
      } ],
      "editConfirmationStatus" : "NOT_CONFIRMED"
    }
  }, {
    "activitySegment" : {
      "startLocation" : {
        "latitudeE7" : -257721012,
        "longitudeE7" : 283485599,
        "sourceInfo" : {
          "deviceTag" : -63513299
        }
      },
      "endLocation" : {
        "latitudeE7" : -258720373,
        "longitudeE7" : 281646914,
        "sourceInfo" : {
          "deviceTag" : -63513299
        }
      },
      "duration" : {
        "startTimestampMs" : "1548682670000",
        "endTimestampMs" : "1548685224999"
      },
      "distance" : 21636,
      "activityType" : "IN_PASSENGER_VEHICLE",
      "confidence" : "HIGH",
      "activities" : [ {
        "activityType" : "IN_PASSENGER_VEHICLE",
        "probability" : 98.89213711923189
      }, {
        "activityType" : "WALKING",
        "probability" : 0.9378593639270122
      }, {
        "activityType" : "IN_BUS",
        "probability" : 0.06320696429104236
      } ],
      "waypointPath" : {
        "waypoints" : [ {
          "latE7" : -257724437,
          "lngE7" : 283486938
        }, {
          "latE7" : -258045139,
          "lngE7" : 282604427
        }, {
          "latE7" : -258724079,
          "lngE7" : 281646327
        } ]
      }
    }
  }, {
    "placeVisit" : {
      "location" : {
        "latitudeE7" : -258718248,
        "longitudeE7" : 281642198,
        "placeId" : "ChIJmdPHe6tllR4RsDJButVuolA",
        "address" : "Old Johannesburg Road &\nMagiel St\nHennopspark\nCenturion\n0157\nSouth Africa",
        "name" : "Chamberlains Centurion - Famous for Hardware since 1903",
        "sourceInfo" : {
          "deviceTag" : -63513299
        },
        "locationConfidence" : 90.54058
      },
      "duration" : {
        "startTimestampMs" : "1548685224999",
        "endTimestampMs" : "1548686647950"
      },
      "placeConfidence" : "MEDIUM_CONFIDENCE",
      "centerLatE7" : -258719936,
      "centerLngE7" : 281645693,
      "visitConfidence" : 95,
      "otherCandidateLocations" : [ {
        "latitudeE7" : -258719880,
        "longitudeE7" : 281645060,
        "placeId" : "ChIJ3Sxue6tllR4RRO-fw52faH8",
        "locationConfidence" : 4.7557416
      }, {
        "latitudeE7" : -258774094,
        "longitudeE7" : 281642110,
        "placeId" : "ChIJu-8V1qhllR4Rz-3GwYYc7G0",
        "locationConfidence" : 0.4682056
      }, {
        "latitudeE7" : -258726930,
        "longitudeE7" : 281649710,
        "placeId" : "ChIJ4eR6h6xllR4RsNirPbyqka4",
        "locationConfidence" : 0.2248493
      }, {
        "latitudeE7" : -258723499,
        "longitudeE7" : 281654950,
        "placeId" : "ChIJHwRUpqlllR4RXVxvvoTdifY",
        "locationConfidence" : 0.1544169
      } ],
      "editConfirmationStatus" : "NOT_CONFIRMED"
    }
  }, {
    "activitySegment" : {
      "startLocation" : {
        "latitudeE7" : -258718248,
        "longitudeE7" : 281642198,
        "sourceInfo" : {
          "deviceTag" : -63513299
        }
      },
      "endLocation" : {
        "latitudeE7" : -258716936,
        "longitudeE7" : 281365430,
        "sourceInfo" : {
          "deviceTag" : -63513299
        }
      },
      "duration" : {
        "startTimestampMs" : "1548686647950",
        "endTimestampMs" : "1548691113894"
      },
      "distance" : 3800,
      "activityType" : "IN_PASSENGER_VEHICLE",
      "confidence" : "HIGH",
      "activities" : [ {
        "activityType" : "IN_PASSENGER_VEHICLE",
        "probability" : 97.07279656404064
      }, {
        "activityType" : "WALKING",
        "probability" : 2.4201144672501536
      }, {
        "activityType" : "IN_BUS",
        "probability" : 0.15227412968263865
      } ],
      "waypointPath" : {
        "waypoints" : [ {
          "latE7" : -258722114,
          "lngE7" : 281641387
        }, {
          "latE7" : -258623447,
          "lngE7" : 281624794
        }, {
          "latE7" : -258624706,
          "lngE7" : 281595783
        }, {
          "latE7" : -258680191,
          "lngE7" : 281520462
        }, {
          "latE7" : -258708209,
          "lngE7" : 281372547
        } ]
      },
      "simplifiedRawPath" : {
        "points" : [ {
          "latE7" : -258623327,
          "lngE7" : 281604777,
          "timestampMs" : "1548687395076",
          "accuracyMeters" : 96
        }, {
          "latE7" : -258633398,
          "lngE7" : 281583959,
          "timestampMs" : "1548687422999",
          "accuracyMeters" : 24
        } ]
      }
    }
  }, {
    "placeVisit" : {
      "location" : {
        "latitudeE7" : -298326807,
        "longitudeE7" : 309687195,
        "placeId" : "ChIJ64lEf-gA9x4RaquvL1_C1Aw",
        "address" : "Sherwood\nDurban\n4091\nSouth Africa",
        "name" : "Sherwood"
      },
      "duration" : {
        "startTimestampMs" : "1548691113894",
        "endTimestampMs" : "1548694480999"
      },
      "placeConfidence" : "LOW_CONFIDENCE",
      "centerLatE7" : -258716272,
      "centerLngE7" : 281365478,
      "visitConfidence" : 92,
      "otherCandidateLocations" : [ {
        "latitudeE7" : -258713472,
        "longitudeE7" : 281366267,
        "placeId" : "ChIJZdBjuOBklR4RqEHpE2Cr1-w",
        "locationConfidence" : 22.464708
      }, {
        "latitudeE7" : -258717640,
        "longitudeE7" : 281368880,
        "placeId" : "ChIJ6afo1uBklR4R1ZiYvPg8W5U",
        "locationConfidence" : 19.637856
      }, {
        "latitudeE7" : -258718359,
        "longitudeE7" : 281365330,
        "placeId" : "ChIJYSkPl-BklR4Rol_HDA6ZZu8",
        "locationConfidence" : 3.5316362
      }, {
        "latitudeE7" : -258716914,
        "longitudeE7" : 281365281,
        "placeId" : "ChIJi8PEl-BklR4RK97oBe1T73w",
        "locationConfidence" : 1.0731096
      }, {
        "latitudeE7" : -258715000,
        "longitudeE7" : 281368330,
        "placeId" : "ChIJF6vi0eBklR4RCxZ8R3uF9Kc",
        "locationConfidence" : 0.94312054
      }, {
        "latitudeE7" : -258717546,
        "longitudeE7" : 281371651,
        "placeId" : "ChIJDYo26-BklR4Rb6f6WGZ_6bw",
        "locationConfidence" : 0.8449161
      }, {
        "latitudeE7" : -258713430,
        "longitudeE7" : 281365580,
        "placeId" : "ChIJYffNV-BklR4RgfHpp202rho",
        "locationConfidence" : 0.84129786
      }, {
        "latitudeE7" : -258714341,
        "longitudeE7" : 281359920,
        "placeId" : "ChIJ4cBovuBklR4Re9WZI9zvycU",
        "locationConfidence" : 0.6108194
      }, {
        "latitudeE7" : -258714984,
        "longitudeE7" : 281366790,
        "placeId" : "ChIJBYS4veBklR4ROLenSp4QTdo",
        "locationConfidence" : 0.504041
      } ],
      "editConfirmationStatus" : "CONFIRMED"
    }
  }, {
    "activitySegment" : {
      "startLocation" : {
        "latitudeE7" : -258716420,
        "longitudeE7" : 281365492,
        "sourceInfo" : {
          "deviceTag" : -63513299
        }
      },
      "endLocation" : {
        "latitudeE7" : -258560753,
        "longitudeE7" : 281626091,
        "sourceInfo" : {
          "deviceTag" : -63513299
        }
      },
      "duration" : {
        "startTimestampMs" : "1548694480999",
        "endTimestampMs" : "1548697648257"
      },
      "distance" : 3144,
      "activityType" : "IN_PASSENGER_VEHICLE",
      "confidence" : "HIGH",
      "activities" : [ {
        "activityType" : "IN_PASSENGER_VEHICLE",
        "probability" : 96.43076314822615
      }, {
        "activityType" : "WALKING",
        "probability" : 2.6256349657986977
      }, {
        "activityType" : "IN_BUS",
        "probability" : 0.37056247887308674
      } ],
      "waypointPath" : {
        "waypoints" : [ {
          "latE7" : -258708209,
          "lngE7" : 281372547
        }, {
          "latE7" : -258626251,
          "lngE7" : 281591148
        }, {
          "latE7" : -258560543,
          "lngE7" : 281622924
        } ]
      }
    }
  }, {
    "placeVisit" : {
      "location" : {
        "latitudeE7" : -258584100,
        "longitudeE7" : 281624600,
        "placeId" : "ChIJWVS1zllklR4R7ih8EDjLG2g",
        "address" : "31 Willem Rd\nEldoraigne\nCenturion\n0157\nSouth Africa",
        "name" : "31 Willem Rd",
        "semanticType" : "TYPE_HOME",
        "sourceInfo" : {
          "deviceTag" : -63513299
        },
        "locationConfidence" : 78.2901
      },
      "duration" : {
        "startTimestampMs" : "1548697648257",
        "endTimestampMs" : "1548733740011"
      },
      "placeConfidence" : "HIGH_CONFIDENCE",
      "centerLatE7" : -258558544,
      "centerLngE7" : 281625983,
      "visitConfidence" : 83,
      "otherCandidateLocations" : [ {
        "latitudeE7" : -258559780,
        "longitudeE7" : 281626430,
        "placeId" : "ChIJgf7JGllklR4RTqYK8tHPm_w",
        "semanticType" : "TYPE_SEARCHED_ADDRESS",
        "locationConfidence" : 19.687
      }, {
        "latitudeE7" : -258556046,
        "longitudeE7" : 281644996,
        "placeId" : "ChIJR2qzZFlklR4R6ONADWNKzIE",
        "locationConfidence" : 0.62082916
      }, {
        "latitudeE7" : -258570590,
        "longitudeE7" : 281625620,
        "placeId" : "ChIJGZkpr1lklR4RvXt8NOQ53JI",
        "semanticType" : "TYPE_SEARCHED_ADDRESS",
        "locationConfidence" : 0.36173293
      }, {
        "latitudeE7" : -258565130,
        "longitudeE7" : 281611230,
        "placeId" : "ChIJjc378FhklR4R-lrwm02iVNY",
        "semanticType" : "TYPE_SEARCHED_ADDRESS",
        "locationConfidence" : 0.35267717
      } ],
      "editConfirmationStatus" : "NOT_CONFIRMED"
    }
  } ]
}