{
  "timelineObjects" : [ {
    "activitySegment" : {
      "startLocation" : {
        "latitudeE7" : -258415611,
        "longitudeE7" : 281605003,
        "sourceInfo" : {
          "deviceTag" : -63513299
        }
      },
      "endLocation" : {
        "latitudeE7" : -258562832,
        "longitudeE7" : 281621329,
        "sourceInfo" : {
          "deviceTag" : -63513299
        }
      },
      "duration" : {
        "startTimestampMs" : "1556730234159",
        "endTimestampMs" : "1556730712966"
      },
      "distance" : 1737,
      "activityType" : "IN_PASSENGER_VEHICLE",
      "confidence" : "HIGH",
      "activities" : [ {
        "activityType" : "IN_PASSENGER_VEHICLE",
        "probability" : 96.3787192881619
      }, {
        "activityType" : "WALKING",
        "probability" : 3.3944482303443992
      }, {
        "activityType" : "IN_BUS",
        "probability" : 0.06980302402488449
      } ],
      "waypointPath" : {
        "waypoints" : [ {
          "latE7" : -258415317,
          "lngE7" : 281605091
        }, {
          "latE7" : -258490619,
          "lngE7" : 281575870
        }, {
          "latE7" : -258562927,
          "lngE7" : 281622734
        } ]
      }
    }
  }, {
    "placeVisit" : {
      "location" : {
        "latitudeE7" : -258559780,
        "longitudeE7" : 281626430,
        "placeId" : "ChIJgf7JGllklR4RTqYK8tHPm_w",
        "address" : "13 Willem Rd\nEldoraigne\nCenturion\n0157\nSouth Africa",
        "name" : "13 Willem Rd",
        "semanticType" : "TYPE_HOME",
        "sourceInfo" : {
          "deviceTag" : -63513299
        },
        "locationConfidence" : 98.20572
      },
      "duration" : {
        "startTimestampMs" : "1556730712966",
        "endTimestampMs" : "1556809278152"
      },
      "placeConfidence" : "HIGH_CONFIDENCE",
      "centerLatE7" : -258560477,
      "centerLngE7" : 281625756,
      "visitConfidence" : 92,
      "otherCandidateLocations" : [ {
        "latitudeE7" : -258584100,
        "longitudeE7" : 281624600,
        "placeId" : "ChIJWVS1zllklR4R7ih8EDjLG2g",
        "semanticType" : "TYPE_SEARCHED_ADDRESS",
        "locationConfidence" : 1.0288073
      }, {
        "latitudeE7" : -258565130,
        "longitudeE7" : 281611230,
        "placeId" : "ChIJjc378FhklR4R-lrwm02iVNY",
        "semanticType" : "TYPE_SEARCHED_ADDRESS",
        "locationConfidence" : 0.19422041
      }, {
        "latitudeE7" : -258570590,
        "longitudeE7" : 281625620,
        "placeId" : "ChIJGZkpr1lklR4RvXt8NOQ53JI",
        "semanticType" : "TYPE_SEARCHED_ADDRESS",
        "locationConfidence" : 0.16285034
      }, {
        "latitudeE7" : -258560800,
        "longitudeE7" : 281633500,
        "placeId" : "ChIJqbfuDFlklR4R62Y6o0Rpy9w",
        "locationConfidence" : 0.119810514
      } ],
      "editConfirmationStatus" : "NOT_CONFIRMED"
    }
  }, {
    "activitySegment" : {
      "startLocation" : {
        "latitudeE7" : -258560477,
        "longitudeE7" : 281625756
      },
      "endLocation" : {
        "latitudeE7" : -258559078,
        "longitudeE7" : 281626178
      },
      "duration" : {
        "startTimestampMs" : "1556809278152",
        "endTimestampMs" : "1557374796730"
      },
      "activityType" : "UNKNOWN_ACTIVITY_TYPE",
      "activities" : [ {
        "activityType" : "UNKNOWN_ACTIVITY_TYPE",
        "probability" : 0.0
      } ],
      "simplifiedRawPath" : {
        "points" : [ {
          "latE7" : -260141920,
          "lngE7" : 280258426,
          "timestampMs" : "1556952201692",
          "accuracyMeters" : 42
        } ]
      }
    }
  }, {
    "placeVisit" : {
      "location" : {
        "latitudeE7" : -258559780,
        "longitudeE7" : 281626430,
        "placeId" : "ChIJgf7JGllklR4RTqYK8tHPm_w",
        "address" : "13 Willem Rd\nEldoraigne\nCenturion\n0157\nSouth Africa",
        "name" : "13 Willem Rd",
        "semanticType" : "TYPE_HOME",
        "sourceInfo" : {
          "deviceTag" : -63513299
        },
        "locationConfidence" : 97.001915
      },
      "duration" : {
        "startTimestampMs" : "1557374796730",
        "endTimestampMs" : "1557375269354"
      },
      "placeConfidence" : "HIGH_CONFIDENCE",
      "centerLatE7" : -258559078,
      "centerLngE7" : 281626178,
      "visitConfidence" : 75,
      "otherCandidateLocations" : [ {
        "latitudeE7" : -258584100,
        "longitudeE7" : 281624600,
        "placeId" : "ChIJWVS1zllklR4R7ih8EDjLG2g",
        "semanticType" : "TYPE_SEARCHED_ADDRESS",
        "locationConfidence" : 1.6138704
      }, {
        "latitudeE7" : -258565130,
        "longitudeE7" : 281611230,
        "placeId" : "ChIJjc378FhklR4R-lrwm02iVNY",
        "semanticType" : "TYPE_SEARCHED_ADDRESS",
        "locationConfidence" : 0.30248743
      }, {
        "latitudeE7" : -258570590,
        "longitudeE7" : 281625620,
        "placeId" : "ChIJGZkpr1lklR4RvXt8NOQ53JI",
        "semanticType" : "TYPE_SEARCHED_ADDRESS",
        "locationConfidence" : 0.24047816
      }, {
        "latitudeE7" : -258560800,
        "longitudeE7" : 281633500,
        "placeId" : "ChIJqbfuDFlklR4R62Y6o0Rpy9w",
        "locationConfidence" : 0.22899058
      } ],
      "editConfirmationStatus" : "NOT_CONFIRMED"
    }
  }, {
    "activitySegment" : {
      "startLocation" : {
        "latitudeE7" : -258545319,
        "longitudeE7" : 281640525,
        "sourceInfo" : {
          "deviceTag" : -63513299
        }
      },
      "endLocation" : {
        "latitudeE7" : -257561838,
        "longitudeE7" : 282791448,
        "sourceInfo" : {
          "deviceTag" : -63513299
        }
      },
      "duration" : {
        "startTimestampMs" : "1557375406235",
        "endTimestampMs" : "1557387758999"
      },
      "distance" : 15885,
      "activityType" : "IN_PASSENGER_VEHICLE",
      "confidence" : "HIGH",
      "activities" : [ {
        "activityType" : "IN_PASSENGER_VEHICLE",
        "probability" : 91.36475473318737
      }, {
        "activityType" : "WALKING",
        "probability" : 4.899838074322466
      }, {
        "activityType" : "MOTORCYCLING",
        "probability" : 1.454227390909958
      } ],
      "waypointPath" : {
        "waypoints" : [ {
          "latE7" : -258557128,
          "lngE7" : 281623191
        }, {
          "latE7" : -257566719,
          "lngE7" : 282790660
        }, {
          "latE7" : -257477874,
          "lngE7" : 282107315
        } ]
      },
      "simplifiedRawPath" : {
        "points" : [ {
          "latE7" : -257565918,
          "lngE7" : 282791100,
          "timestampMs" : "1557386853999",
          "accuracyMeters" : 6
        } ]
      }
    }
  }, {
    "activitySegment" : {
      "startLocation" : {
        "latitudeE7" : -257561838,
        "longitudeE7" : 282791448,
        "sourceInfo" : {
          "deviceTag" : -63513299
        }
      },
      "endLocation" : {
        "latitudeE7" : -258559781,
        "longitudeE7" : 281626162
      },
      "duration" : {
        "startTimestampMs" : "1557387758999",
        "endTimestampMs" : "1557638347000"
      },
      "activityType" : "UNKNOWN_ACTIVITY_TYPE",
      "activities" : [ {
        "activityType" : "UNKNOWN_ACTIVITY_TYPE",
        "probability" : 0.0
      } ],
      "simplifiedRawPath" : {
        "points" : [ {
          "latE7" : -257478265,
          "lngE7" : 282107345,
          "timestampMs" : "1557387758999",
          "accuracyMeters" : 5
        } ]
      }
    }
  }, {
    "placeVisit" : {
      "location" : {
        "latitudeE7" : -258559780,
        "longitudeE7" : 281626430,
        "placeId" : "ChIJgf7JGllklR4RTqYK8tHPm_w",
        "address" : "13 Willem Rd\nEldoraigne\nCenturion\n0157\nSouth Africa",
        "name" : "13 Willem Rd",
        "semanticType" : "TYPE_HOME",
        "sourceInfo" : {
          "deviceTag" : -63513299
        },
        "locationConfidence" : 97.49959
      },
      "duration" : {
        "startTimestampMs" : "1557638347000",
        "endTimestampMs" : "1557651951151"
      },
      "placeConfidence" : "HIGH_CONFIDENCE",
      "centerLatE7" : -258559781,
      "centerLngE7" : 281626162,
      "visitConfidence" : 93,
      "otherCandidateLocations" : [ {
        "latitudeE7" : -258584100,
        "longitudeE7" : 281624600,
        "placeId" : "ChIJWVS1zllklR4R7ih8EDjLG2g",
        "semanticType" : "TYPE_SEARCHED_ADDRESS",
        "locationConfidence" : 1.463438
      }, {
        "latitudeE7" : -258565130,
        "longitudeE7" : 281611230,
        "placeId" : "ChIJjc378FhklR4R-lrwm02iVNY",
        "semanticType" : "TYPE_SEARCHED_ADDRESS",
        "locationConfidence" : 0.2682754
      }, {
        "latitudeE7" : -258560800,
        "longitudeE7" : 281633500,
        "placeId" : "ChIJqbfuDFlklR4R62Y6o0Rpy9w",
        "locationConfidence" : 0.22443137
      }, {
        "latitudeE7" : -258570590,
        "longitudeE7" : 281625620,
        "placeId" : "ChIJGZkpr1lklR4RvXt8NOQ53JI",
        "semanticType" : "TYPE_SEARCHED_ADDRESS",
        "locationConfidence" : 0.22188984
      } ],
      "editConfirmationStatus" : "NOT_CONFIRMED"
    }
  }, {
    "activitySegment" : {
      "startLocation" : {
        "latitudeE7" : -258560977,
        "longitudeE7" : 281626135,
        "sourceInfo" : {
          "deviceTag" : -63513299
        }
      },
      "endLocation" : {
        "latitudeE7" : -257192585,
        "longitudeE7" : 282585335,
        "sourceInfo" : {
          "deviceTag" : -63513299
        }
      },
      "duration" : {
        "startTimestampMs" : "1557651951151",
        "endTimestampMs" : "1557653220573"
      },
      "distance" : 24201,
      "activityType" : "IN_PASSENGER_VEHICLE",
      "confidence" : "HIGH",
      "activities" : [ {
        "activityType" : "IN_PASSENGER_VEHICLE",
        "probability" : 99.08521915294902
      }, {
        "activityType" : "WALKING",
        "probability" : 0.48039570706980067
      }, {
        "activityType" : "IN_BUS",
        "probability" : 0.2992863396748966
      } ],
      "waypointPath" : {
        "waypoints" : [ {
          "latE7" : -258560771,
          "lngE7" : 281622905
        }, {
          "latE7" : -258037643,
          "lngE7" : 282605133
        }, {
          "latE7" : -257192611,
          "lngE7" : 282585334
        } ]
      }
    }
  }, {
    "placeVisit" : {
      "location" : {
        "latitudeE7" : -257159810,
        "longitudeE7" : 282583170,
        "placeId" : "ChIJSfliSoHfvx4RI5qQZawZ2-c",
        "address" : "6 Jeanette St\nKilner Park\nPretoria\n0186\nSouth Africa",
        "name" : "6 Jeanette St",
        "semanticType" : "TYPE_SEARCHED_ADDRESS",
        "sourceInfo" : {
          "deviceTag" : -63513299
        },
        "locationConfidence" : 84.917534
      },
      "duration" : {
        "startTimestampMs" : "1557653220573",
        "endTimestampMs" : "1557653602098"
      },
      "placeConfidence" : "MEDIUM_CONFIDENCE",
      "centerLatE7" : -257156600,
      "centerLngE7" : 282582500,
      "visitConfidence" : 88,
      "otherCandidateLocations" : [ {
        "latitudeE7" : -257159810,
        "longitudeE7" : 282583170,
        "placeId" : "ChIJSfliSoHfvx4RmUBO5uU3Jig",
        "locationConfidence" : 8.796992
      }, {
        "latitudeE7" : -257160833,
        "longitudeE7" : 282572778,
        "placeId" : "ChIJs67iQIHfvx4RHsSNs3YQi5M",
        "locationConfidence" : 0.88015866
      }, {
        "latitudeE7" : -257155309,
        "longitudeE7" : 282561946,
        "placeId" : "ChIJvTlse4Hfvx4Rxwsyk63rMQA",
        "locationConfidence" : 0.8364771
      }, {
        "latitudeE7" : -257149499,
        "longitudeE7" : 282610100,
        "placeId" : "ChIJLQcnj4bfvx4Rp20m8YwzXRo",
        "locationConfidence" : 0.7761911
      }, {
        "latitudeE7" : -257157139,
        "longitudeE7" : 282555770,
        "placeId" : "ChIJ4aJ3goHfvx4RAWUmtsiSc3A",
        "locationConfidence" : 0.5568609
      }, {
        "latitudeE7" : -256931099,
        "longitudeE7" : 282965048,
        "placeId" : "ChIJOSU3mbVhlR4R0JvqJW9tmKk",
        "locationConfidence" : 0.45573667
      } ],
      "editConfirmationStatus" : "NOT_CONFIRMED"
    }
  }, {
    "activitySegment" : {
      "startLocation" : {
        "latitudeE7" : -257159810,
        "longitudeE7" : 282583170,
        "sourceInfo" : {
          "deviceTag" : -63513299
        }
      },
      "endLocation" : {
        "latitudeE7" : -257309528,
        "longitudeE7" : 282460348,
        "sourceInfo" : {
          "deviceTag" : -63513299
        }
      },
      "duration" : {
        "startTimestampMs" : "1557653602098",
        "endTimestampMs" : "1557654182353"
      },
      "distance" : 2377,
      "activityType" : "IN_PASSENGER_VEHICLE",
      "confidence" : "HIGH",
      "activities" : [ {
        "activityType" : "IN_PASSENGER_VEHICLE",
        "probability" : 97.87945300324003
      }, {
        "activityType" : "WALKING",
        "probability" : 1.3886816273525402
      }, {
        "activityType" : "IN_BUS",
        "probability" : 0.565633752223235
      } ],
      "waypointPath" : {
        "waypoints" : [ {
          "latE7" : -257159919,
          "lngE7" : 282580986
        }, {
          "latE7" : -257274227,
          "lngE7" : 282585811
        }, {
          "latE7" : -257309570,
          "lngE7" : 282459793
        } ]
      }
    }
  }, {
    "activitySegment" : {
      "startLocation" : {
        "latitudeE7" : -257309528,
        "longitudeE7" : 282460348,
        "sourceInfo" : {
          "deviceTag" : -63513299
        }
      },
      "endLocation" : {
        "latitudeE7" : -257317862,
        "longitudeE7" : 282453205,
        "sourceInfo" : {
          "deviceTag" : -63513299
        }
      },
      "duration" : {
        "startTimestampMs" : "1557654182353",
        "endTimestampMs" : "1557654344408"
      },
      "distance" : 117,
      "activityType" : "WALKING",
      "confidence" : "HIGH",
      "activities" : [ {
        "activityType" : "WALKING",
        "probability" : 97.87945300324003
      }, {
        "activityType" : "IN_PASSENGER_VEHICLE",
        "probability" : 1.3886816273525402
      }, {
        "activityType" : "IN_BUS",
        "probability" : 0.565633752223235
      } ],
      "waypointPath" : {
        "waypoints" : [ {
          "latE7" : -257309570,
          "lngE7" : 282459793
        }, {
          "latE7" : -257316341,
          "lngE7" : 282460231
        }, {
          "latE7" : -257320652,
          "lngE7" : 282459487
        } ]
      }
    }
  }, {
    "placeVisit" : {
      "location" : {
        "latitudeE7" : -257300240,
        "longitudeE7" : 282497386,
        "placeId" : "ChIJdUrHMdRhlR4RRMIVPktxY0I",
        "address" : "Queenswood\nPretoria\n0186\nSouth Africa",
        "name" : "Queenswood"
      },
      "duration" : {
        "startTimestampMs" : "1557654344408",
        "endTimestampMs" : "1557660774221"
      },
      "placeConfidence" : "MEDIUM_CONFIDENCE",
      "centerLatE7" : -257317411,
      "centerLngE7" : 282453609,
      "visitConfidence" : 94,
      "otherCandidateLocations" : [ {
        "latitudeE7" : -257320032,
        "longitudeE7" : 282444476,
        "placeId" : "ChIJ77tLvdFhlR4RDKsgICqmOCQ",
        "locationConfidence" : 24.691156
      }, {
        "latitudeE7" : -257314246,
        "longitudeE7" : 282454109,
        "placeId" : "ChIJR5bRudFhlR4RCPCzgUTEZ4Q",
        "locationConfidence" : 22.789736
      }, {
        "latitudeE7" : -257320889,
        "longitudeE7" : 282455117,
        "placeId" : "ChIJFYapldFhlR4RHwO1lYHC83I",
        "locationConfidence" : 18.387201
      }, {
        "latitudeE7" : -257321639,
        "longitudeE7" : 282452030,
        "placeId" : "ChIJLdGsv9FhlR4RpE_7NOcLIEY",
        "locationConfidence" : 3.652309
      }, {
        "latitudeE7" : -257317041,
        "longitudeE7" : 282452924,
        "placeId" : "ChIJ78xpbyNhlR4RT42Qi844RfU",
        "locationConfidence" : 0.89096993
      } ],
      "editConfirmationStatus" : "CONFIRMED"
    }
  }, {
    "activitySegment" : {
      "startLocation" : {
        "latitudeE7" : -257325051,
        "longitudeE7" : 282446755,
        "sourceInfo" : {
          "deviceTag" : -63513299
        }
      },
      "endLocation" : {
        "latitudeE7" : -258559040,
        "longitudeE7" : 281625726,
        "sourceInfo" : {
          "deviceTag" : -63513299
        }
      },
      "duration" : {
        "startTimestampMs" : "1557660774221",
        "endTimestampMs" : "1557662759637"
      },
      "distance" : 23819,
      "activityType" : "IN_PASSENGER_VEHICLE",
      "confidence" : "HIGH",
      "activities" : [ {
        "activityType" : "IN_PASSENGER_VEHICLE",
        "probability" : 98.61812295717488
      }, {
        "activityType" : "WALKING",
        "probability" : 0.9076388608897112
      }, {
        "activityType" : "IN_BUS",
        "probability" : 0.2735901427251597
      } ],
      "waypointPath" : {
        "waypoints" : [ {
          "latE7" : -257328815,
          "lngE7" : 282446975
        }, {
          "latE7" : -257120132,
          "lngE7" : 282575435
        }, {
          "latE7" : -257110080,
          "lngE7" : 282628002
        }, {
          "latE7" : -257885208,
          "lngE7" : 282694110
        }, {
          "latE7" : -258558864,
          "lngE7" : 281623058
        } ]
      },
      "simplifiedRawPath" : {
        "points" : [ {
          "latE7" : -257156660,
          "lngE7" : 282582533,
          "timestampMs" : "1557661268462",
          "accuracyMeters" : 92
        }, {
          "latE7" : -257109753,
          "lngE7" : 282628043,
          "timestampMs" : "1557661510676",
          "accuracyMeters" : 34
        } ]
      }
    }
  }, {
    "placeVisit" : {
      "location" : {
        "latitudeE7" : -258559780,
        "longitudeE7" : 281626430,
        "placeId" : "ChIJgf7JGllklR4RTqYK8tHPm_w",
        "address" : "13 Willem Rd\nEldoraigne\nCenturion\n0157\nSouth Africa",
        "name" : "13 Willem Rd",
        "semanticType" : "TYPE_HOME",
        "sourceInfo" : {
          "deviceTag" : -63513299
        },
        "locationConfidence" : 97.93338
      },
      "duration" : {
        "startTimestampMs" : "1557662759637",
        "endTimestampMs" : "1557741067705"
      },
      "placeConfidence" : "HIGH_CONFIDENCE",
      "centerLatE7" : -258560345,
      "centerLngE7" : 281626087,
      "visitConfidence" : 95,
      "otherCandidateLocations" : [ {
        "latitudeE7" : -258584100,
        "longitudeE7" : 281624600,
        "placeId" : "ChIJWVS1zllklR4R7ih8EDjLG2g",
        "semanticType" : "TYPE_SEARCHED_ADDRESS",
        "locationConfidence" : 1.3383783
      }, {
        "latitudeE7" : -258565130,
        "longitudeE7" : 281611230,
        "placeId" : "ChIJjc378FhklR4R-lrwm02iVNY",
        "semanticType" : "TYPE_SEARCHED_ADDRESS",
        "locationConfidence" : 0.20203547
      }, {
        "latitudeE7" : -258570590,
        "longitudeE7" : 281625620,
        "placeId" : "ChIJGZkpr1lklR4RvXt8NOQ53JI",
        "semanticType" : "TYPE_SEARCHED_ADDRESS",
        "locationConfidence" : 0.17841074
      }, {
        "latitudeE7" : -258560800,
        "longitudeE7" : 281633500,
        "placeId" : "ChIJqbfuDFlklR4R62Y6o0Rpy9w",
        "locationConfidence" : 0.11467342
      } ],
      "editConfirmationStatus" : "NOT_CONFIRMED"
    }
  }, {
    "activitySegment" : {
      "startLocation" : {
        "latitudeE7" : -258560753,
        "longitudeE7" : 281626091,
        "sourceInfo" : {
          "deviceTag" : -63513299
        }
      },
      "endLocation" : {
        "latitudeE7" : -257720107,
        "longitudeE7" : 283488373,
        "sourceInfo" : {
          "deviceTag" : -63513299
        }
      },
      "duration" : {
        "startTimestampMs" : "1557741067705",
        "endTimestampMs" : "1557743194602"
      },
      "distance" : 24437,
      "activityType" : "IN_PASSENGER_VEHICLE",
      "confidence" : "HIGH",
      "activities" : [ {
        "activityType" : "IN_PASSENGER_VEHICLE",
        "probability" : 99.28258657646593
      }, {
        "activityType" : "WALKING",
        "probability" : 0.5281446308019403
      }, {
        "activityType" : "IN_BUS",
        "probability" : 0.11501504169907704
      } ],
      "waypointPath" : {
        "waypoints" : [ {
          "latE7" : -258560543,
          "lngE7" : 281622924
        }, {
          "latE7" : -258037643,
          "lngE7" : 282605133
        }, {
          "latE7" : -257893371,
          "lngE7" : 282762947
        }, {
          "latE7" : -257814731,
          "lngE7" : 282866325
        }, {
          "latE7" : -257747230,
          "lngE7" : 282909374
        }, {
          "latE7" : -257664890,
          "lngE7" : 283052806
        }, {
          "latE7" : -257721824,
          "lngE7" : 283490962
        } ]
      },
      "simplifiedRawPath" : {
        "points" : [ {
          "latE7" : -257895988,
          "lngE7" : 282761184,
          "timestampMs" : "1557742223429",
          "accuracyMeters" : 60
        }, {
          "latE7" : -257747703,
          "lngE7" : 282913348,
          "timestampMs" : "1557742468321",
          "accuracyMeters" : 68
        } ]
      }
    }
  }, {
    "placeVisit" : {
      "location" : {
        "latitudeE7" : -257716161,
        "longitudeE7" : 283492361,
        "placeId" : "ChIJncWs0otelR4R3iZYGyqhySk",
        "address" : "Equestria\nPretoria\n0184\nSouth Africa",
        "name" : "Vergelegen",
        "sourceInfo" : {
          "deviceTag" : -63513299
        },
        "locationConfidence" : 98.974655
      },
      "duration" : {
        "startTimestampMs" : "1557743194602",
        "endTimestampMs" : "1557746680285"
      },
      "placeConfidence" : "HIGH_CONFIDENCE",
      "centerLatE7" : -257720605,
      "centerLngE7" : 283485431,
      "visitConfidence" : 80,
      "otherCandidateLocations" : [ {
        "latitudeE7" : -257716981,
        "longitudeE7" : 283494924,
        "placeId" : "ChIJPWHge4lelR4RPu21kx7R4NI",
        "locationConfidence" : 0.3040797
      }, {
        "latitudeE7" : -257716690,
        "longitudeE7" : 283483230,
        "placeId" : "ChIJtz9kiIlelR4R1fhMEVrgMDY",
        "locationConfidence" : 0.13293344
      }, {
        "latitudeE7" : -257721085,
        "longitudeE7" : 283504440,
        "placeId" : "ChIJp2ImYg1flR4RqtRW5PCmbLI",
        "locationConfidence" : 0.12121247
      }, {
        "latitudeE7" : -257727169,
        "longitudeE7" : 283470790,
        "placeId" : "ChIJldSF8IlelR4RpLPjz4bry1I",
        "locationConfidence" : 0.08604393
      } ],
      "editConfirmationStatus" : "NOT_CONFIRMED"
    }
  }, {
    "activitySegment" : {
      "startLocation" : {
        "latitudeE7" : -257716161,
        "longitudeE7" : 283492361
      },
      "endLocation" : {
        "latitudeE7" : -257565060,
        "longitudeE7" : 282798100
      },
      "duration" : {
        "startTimestampMs" : "1557746680285",
        "endTimestampMs" : "1557766937769"
      },
      "distance" : 8879,
      "activityType" : "IN_PASSENGER_VEHICLE",
      "confidence" : "HIGH",
      "activities" : [ {
        "activityType" : "IN_PASSENGER_VEHICLE",
        "probability" : 91.3447676569299
      }, {
        "activityType" : "WALKING",
        "probability" : 6.031693294395795
      }, {
        "activityType" : "CYCLING",
        "probability" : 1.0275271779395292
      } ],
      "waypointPath" : {
        "waypoints" : [ {
          "latE7" : -257724895,
          "lngE7" : 283485202
        }, {
          "latE7" : -257519340,
          "lngE7" : 282988929
        }, {
          "latE7" : -257569675,
          "lngE7" : 282797775
        } ]
      }
    }
  }, {
    "placeVisit" : {
      "location" : {
        "latitudeE7" : -257565060,
        "longitudeE7" : 282798100,
        "placeId" : "ChIJleGC-2BglR4RgInWy3Dz3qI",
        "address" : "CSIR Main Campus\nCouncil for Scientific and Industrial Research building 43\n1 Meiring Naude Rd\nScientia 627-Jr\nPretoria\n0081\nSouth Africa",
        "name" : "Council for Scientific and Industrial Research building 43",
        "sourceInfo" : {
          "deviceTag" : -63513299
        },
        "locationConfidence" : 34.760136
      },
      "duration" : {
        "startTimestampMs" : "1557766937769",
        "endTimestampMs" : "1557767361133"
      },
      "placeConfidence" : "LOW_CONFIDENCE",
      "centerLatE7" : -257564667,
      "centerLngE7" : 282794800,
      "visitConfidence" : 91,
      "otherCandidateLocations" : [ {
        "latitudeE7" : -257566771,
        "longitudeE7" : 282803438,
        "placeId" : "ChIJ__-_omFglR4RSH6Xpj_69Dk",
        "locationConfidence" : 21.655468
      }, {
        "latitudeE7" : -257529956,
        "longitudeE7" : 282767675,
        "placeId" : "ChIJAQsZRGdglR4REb2EhDpAEKw",
        "locationConfidence" : 16.83809
      }, {
        "latitudeE7" : -257468287,
        "longitudeE7" : 282788928,
        "placeId" : "ChIJS_P3g2lglR4RMs3iZtUFGUE",
        "locationConfidence" : 15.620672
      }, {
        "latitudeE7" : -257559032,
        "longitudeE7" : 282784452,
        "placeId" : "ChIJ__8TokJglR4Rk79ork5Izdo",
        "locationConfidence" : 5.5050116
      }, {
        "latitudeE7" : -257571069,
        "longitudeE7" : 282795005,
        "placeId" : "ChIJFQSqsWFglR4RPwZMxqBWJoM",
        "locationConfidence" : 1.7408425
      }, {
        "latitudeE7" : -257559232,
        "longitudeE7" : 282785672,
        "placeId" : "ChIJZWl6-2BglR4R1ugW5fMdZVo",
        "locationConfidence" : 1.2881489
      } ],
      "editConfirmationStatus" : "NOT_CONFIRMED"
    }
  }, {
    "activitySegment" : {
      "startLocation" : {
        "latitudeE7" : -257565060,
        "longitudeE7" : 282798100
      },
      "endLocation" : {
        "latitudeE7" : -258560753,
        "longitudeE7" : 281626091
      },
      "duration" : {
        "startTimestampMs" : "1557767361133",
        "endTimestampMs" : "1557768704626"
      },
      "distance" : 29785,
      "activityType" : "IN_PASSENGER_VEHICLE",
      "confidence" : "HIGH",
      "activities" : [ {
        "activityType" : "IN_PASSENGER_VEHICLE",
        "probability" : 95.43947976784996
      }, {
        "activityType" : "WALKING",
        "probability" : 2.2126779937567327
      }, {
        "activityType" : "MOTORCYCLING",
        "probability" : 1.1954074462232411
      } ],
      "waypointPath" : {
        "waypoints" : [ {
          "latE7" : -257569675,
          "lngE7" : 282797775
        }, {
          "latE7" : -257885208,
          "lngE7" : 282694110
        }, {
          "latE7" : -258560543,
          "lngE7" : 281622924
        } ]
      }
    }
  }, {
    "placeVisit" : {
      "location" : {
        "latitudeE7" : -258559780,
        "longitudeE7" : 281626430,
        "placeId" : "ChIJgf7JGllklR4RTqYK8tHPm_w",
        "address" : "13 Willem Rd\nEldoraigne\nCenturion\n0157\nSouth Africa",
        "name" : "13 Willem Rd",
        "semanticType" : "TYPE_HOME",
        "sourceInfo" : {
          "deviceTag" : -63513299
        },
        "locationConfidence" : 97.02243
      },
      "duration" : {
        "startTimestampMs" : "1557768704626",
        "endTimestampMs" : "1557773305453"
      },
      "placeConfidence" : "HIGH_CONFIDENCE",
      "centerLatE7" : -258560992,
      "centerLngE7" : 281626108,
      "visitConfidence" : 86,
      "otherCandidateLocations" : [ {
        "latitudeE7" : -258584100,
        "longitudeE7" : 281624600,
        "placeId" : "ChIJWVS1zllklR4R7ih8EDjLG2g",
        "semanticType" : "TYPE_SEARCHED_ADDRESS",
        "locationConfidence" : 1.8405055
      }, {
        "latitudeE7" : -258565130,
        "longitudeE7" : 281611230,
        "placeId" : "ChIJjc378FhklR4R-lrwm02iVNY",
        "semanticType" : "TYPE_SEARCHED_ADDRESS",
        "locationConfidence" : 0.28244486
      }, {
        "latitudeE7" : -258570590,
        "longitudeE7" : 281625620,
        "placeId" : "ChIJGZkpr1lklR4RvXt8NOQ53JI",
        "semanticType" : "TYPE_SEARCHED_ADDRESS",
        "locationConfidence" : 0.246019
      }, {
        "latitudeE7" : -258560800,
        "longitudeE7" : 281633500,
        "placeId" : "ChIJqbfuDFlklR4R62Y6o0Rpy9w",
        "locationConfidence" : 0.18655625
      } ],
      "editConfirmationStatus" : "NOT_CONFIRMED"
    }
  }, {
    "activitySegment" : {
      "startLocation" : {
        "latitudeE7" : -257669863,
        "longitudeE7" : 283576219,
        "sourceInfo" : {
          "deviceTag" : -63513299
        }
      },
      "endLocation" : {
        "latitudeE7" : -258560770,
        "longitudeE7" : 281626093,
        "sourceInfo" : {
          "deviceTag" : -63513299
        }
      },
      "duration" : {
        "startTimestampMs" : "1557937842687",
        "endTimestampMs" : "1557940076741"
      },
      "distance" : 29616,
      "activityType" : "IN_PASSENGER_VEHICLE",
      "confidence" : "HIGH",
      "activities" : [ {
        "activityType" : "IN_PASSENGER_VEHICLE",
        "probability" : 98.78159492732084
      }, {
        "activityType" : "WALKING",
        "probability" : 0.7696588911854839
      }, {
        "activityType" : "IN_BUS",
        "probability" : 0.3156535683349081
      } ],
      "waypointPath" : {
        "waypoints" : [ {
          "latE7" : -257669067,
          "lngE7" : 283576850
        }, {
          "latE7" : -258045139,
          "lngE7" : 282604427
        }, {
          "latE7" : -258560562,
          "lngE7" : 281622924
        } ]
      }
    }
  }, {
    "placeVisit" : {
      "location" : {
        "latitudeE7" : -258559780,
        "longitudeE7" : 281626430,
        "placeId" : "ChIJgf7JGllklR4RTqYK8tHPm_w",
        "address" : "13 Willem Rd\nEldoraigne\nCenturion\n0157\nSouth Africa",
        "name" : "13 Willem Rd",
        "semanticType" : "TYPE_HOME",
        "sourceInfo" : {
          "deviceTag" : -63513299
        },
        "locationConfidence" : 98.13661
      },
      "duration" : {
        "startTimestampMs" : "1557940076741",
        "endTimestampMs" : "1558003759732"
      },
      "placeConfidence" : "HIGH_CONFIDENCE",
      "centerLatE7" : -258560431,
      "centerLngE7" : 281626157,
      "visitConfidence" : 95,
      "otherCandidateLocations" : [ {
        "latitudeE7" : -258584100,
        "longitudeE7" : 281624600,
        "placeId" : "ChIJWVS1zllklR4R7ih8EDjLG2g",
        "semanticType" : "TYPE_SEARCHED_ADDRESS",
        "locationConfidence" : 1.1509241
      }, {
        "latitudeE7" : -258565130,
        "longitudeE7" : 281611230,
        "placeId" : "ChIJjc378FhklR4R-lrwm02iVNY",
        "semanticType" : "TYPE_SEARCHED_ADDRESS",
        "locationConfidence" : 0.18720661
      }, {
        "latitudeE7" : -258570590,
        "longitudeE7" : 281625620,
        "placeId" : "ChIJGZkpr1lklR4RvXt8NOQ53JI",
        "semanticType" : "TYPE_SEARCHED_ADDRESS",
        "locationConfidence" : 0.18637481
      }, {
        "latitudeE7" : -258560800,
        "longitudeE7" : 281633500,
        "placeId" : "ChIJqbfuDFlklR4R62Y6o0Rpy9w",
        "locationConfidence" : 0.11940813
      } ],
      "editConfirmationStatus" : "NOT_CONFIRMED"
    }
  }, {
    "activitySegment" : {
      "startLocation" : {
        "latitudeE7" : -258560753,
        "longitudeE7" : 281626091,
        "sourceInfo" : {
          "deviceTag" : -63513299
        }
      },
      "endLocation" : {
        "latitudeE7" : -258699312,
        "longitudeE7" : 281512159,
        "sourceInfo" : {
          "deviceTag" : -63513299
        }
      },
      "duration" : {
        "startTimestampMs" : "1558003759732",
        "endTimestampMs" : "1558004136499"
      },
      "distance" : 1993,
      "activityType" : "IN_PASSENGER_VEHICLE",
      "confidence" : "HIGH",
      "activities" : [ {
        "activityType" : "IN_PASSENGER_VEHICLE",
        "probability" : 98.98183849806342
      }, {
        "activityType" : "WALKING",
        "probability" : 0.6586820652190615
      }, {
        "activityType" : "IN_BUS",
        "probability" : 0.2908305669066874
      } ],
      "waypointPath" : {
        "waypoints" : [ {
          "latE7" : -258560543,
          "lngE7" : 281622924
        }, {
          "latE7" : -258685493,
          "lngE7" : 281518802
        }, {
          "latE7" : -258699073,
          "lngE7" : 281513767
        } ]
      },
      "simplifiedRawPath" : {
        "points" : [ {
          "latE7" : -258685402,
          "lngE7" : 281524859,
          "timestampMs" : "1558004015474",
          "accuracyMeters" : 98
        } ]
      }
    }
  }, {
    "placeVisit" : {
      "location" : {
        "latitudeE7" : -258604986,
        "longitudeE7" : 281444516,
        "placeId" : "ChIJwbagredklR4RvXdgKYSk3qw",
        "address" : "Wierdapark\nCenturion\n0157\nSouth Africa",
        "name" : "Wierdapark"
      },
      "duration" : {
        "startTimestampMs" : "1558004136499",
        "endTimestampMs" : "1558004655753"
      },
      "placeConfidence" : "MEDIUM_CONFIDENCE",
      "centerLatE7" : -258700350,
      "centerLngE7" : 281512233,
      "visitConfidence" : 94,
      "otherCandidateLocations" : [ {
        "latitudeE7" : -258702047,
        "longitudeE7" : 281517888,
        "placeId" : "ChIJQbYCtv1klR4RefobgNWIcgs",
        "locationConfidence" : 18.364796
      }, {
        "latitudeE7" : -258700930,
        "longitudeE7" : 281517830,
        "placeId" : "ChIJGR8Gyv1klR4R63QtkVIvcuo",
        "locationConfidence" : 1.7607539
      }, {
        "latitudeE7" : -258695695,
        "longitudeE7" : 281514436,
        "placeId" : "ChIJX_astP1klR4RXz5UVgEM6L0",
        "locationConfidence" : 1.0573546
      }, {
        "latitudeE7" : -258697650,
        "longitudeE7" : 281516800,
        "placeId" : "ChIJt1-4SvxklR4R1pLVUVTqdtY",
        "locationConfidence" : 0.5640678
      } ],
      "editConfirmationStatus" : "CONFIRMED"
    }
  }, {
    "activitySegment" : {
      "startLocation" : {
        "latitudeE7" : -258700485,
        "longitudeE7" : 281511827,
        "sourceInfo" : {
          "deviceTag" : -63513299
        }
      },
      "endLocation" : {
        "latitudeE7" : -258713889,
        "longitudeE7" : 281372222,
        "sourceInfo" : {
          "deviceTag" : -63513299
        }
      },
      "duration" : {
        "startTimestampMs" : "1558004655753",
        "endTimestampMs" : "1558004906132"
      },
      "distance" : 1892,
      "activityType" : "IN_PASSENGER_VEHICLE",
      "confidence" : "HIGH",
      "activities" : [ {
        "activityType" : "IN_PASSENGER_VEHICLE",
        "probability" : 99.07198274003595
      }, {
        "activityType" : "WALKING",
        "probability" : 0.6717454838299249
      }, {
        "activityType" : "IN_BUS",
        "probability" : 0.15029748595440853
      } ],
      "waypointPath" : {
        "waypoints" : [ {
          "latE7" : -258700675,
          "lngE7" : 281510276
        }, {
          "latE7" : -258681545,
          "lngE7" : 281517162
        }, {
          "latE7" : -258708286,
          "lngE7" : 281372833
        } ]
      },
      "simplifiedRawPath" : {
        "points" : [ {
          "latE7" : -258675377,
          "lngE7" : 281523932,
          "timestampMs" : "1558004782437",
          "accuracyMeters" : 54
        } ]
      }
    }
  }, {
    "placeVisit" : {
      "location" : {
        "latitudeE7" : -298326807,
        "longitudeE7" : 309687195,
        "placeId" : "ChIJ64lEf-gA9x4RaquvL1_C1Aw",
        "address" : "Sherwood\nDurban\n4091\nSouth Africa",
        "name" : "Sherwood"
      },
      "duration" : {
        "startTimestampMs" : "1558004906132",
        "endTimestampMs" : "1558005461132"
      },
      "placeConfidence" : "MEDIUM_CONFIDENCE",
      "centerLatE7" : -258715429,
      "centerLngE7" : 281367629,
      "visitConfidence" : 77,
      "otherCandidateLocations" : [ {
        "latitudeE7" : -258717640,
        "longitudeE7" : 281368880,
        "placeId" : "ChIJ6afo1uBklR4R1ZiYvPg8W5U",
        "locationConfidence" : 2.9458957
      }, {
        "latitudeE7" : -258714984,
        "longitudeE7" : 281366790,
        "placeId" : "ChIJBYS4veBklR4ROLenSp4QTdo",
        "locationConfidence" : 1.7021649
      }, {
        "latitudeE7" : -258717546,
        "longitudeE7" : 281371651,
        "placeId" : "ChIJDYo26-BklR4Rb6f6WGZ_6bw",
        "locationConfidence" : 1.4759493
      }, {
        "latitudeE7" : -258719730,
        "longitudeE7" : 281373960,
        "placeId" : "ChIJxci07eBklR4Rh2k0My257po",
        "locationConfidence" : 0.48722687
      } ],
      "editConfirmationStatus" : "CONFIRMED"
    }
  }, {
    "activitySegment" : {
      "startLocation" : {
        "latitudeE7" : -258717682,
        "longitudeE7" : 281364556,
        "sourceInfo" : {
          "deviceTag" : -63513299
        }
      },
      "endLocation" : {
        "latitudeE7" : -258560753,
        "longitudeE7" : 281626091,
        "sourceInfo" : {
          "deviceTag" : -63513299
        }
      },
      "duration" : {
        "startTimestampMs" : "1558005461132",
        "endTimestampMs" : "1558071062522"
      },
      "distance" : 3147,
      "activityType" : "IN_PASSENGER_VEHICLE",
      "confidence" : "HIGH",
      "activities" : [ {
        "activityType" : "IN_PASSENGER_VEHICLE",
        "probability" : 89.44359228364658
      }, {
        "activityType" : "WALKING",
        "probability" : 7.032526867842666
      }, {
        "activityType" : "CYCLING",
        "probability" : 1.1282295474182702
      } ],
      "waypointPath" : {
        "waypoints" : [ {
          "latE7" : -258719787,
          "lngE7" : 281353435
        }, {
          "latE7" : -258680171,
          "lngE7" : 281515197
        }, {
          "latE7" : -258560543,
          "lngE7" : 281622924
        } ]
      }
    }
  }, {
    "placeVisit" : {
      "location" : {
        "latitudeE7" : -258559780,
        "longitudeE7" : 281626430,
        "placeId" : "ChIJgf7JGllklR4RTqYK8tHPm_w",
        "address" : "13 Willem Rd\nEldoraigne\nCenturion\n0157\nSouth Africa",
        "name" : "13 Willem Rd",
        "semanticType" : "TYPE_HOME",
        "sourceInfo" : {
          "deviceTag" : -63513299
        },
        "locationConfidence" : 97.41518
      },
      "duration" : {
        "startTimestampMs" : "1558071062522",
        "endTimestampMs" : "1558144634278"
      },
      "placeConfidence" : "HIGH_CONFIDENCE",
      "centerLatE7" : -258560109,
      "centerLngE7" : 281626235,
      "visitConfidence" : 89,
      "otherCandidateLocations" : [ {
        "latitudeE7" : -258584100,
        "longitudeE7" : 281624600,
        "placeId" : "ChIJWVS1zllklR4R7ih8EDjLG2g",
        "semanticType" : "TYPE_SEARCHED_ADDRESS",
        "locationConfidence" : 1.6348073
      }, {
        "latitudeE7" : -258565130,
        "longitudeE7" : 281611230,
        "placeId" : "ChIJjc378FhklR4R-lrwm02iVNY",
        "semanticType" : "TYPE_SEARCHED_ADDRESS",
        "locationConfidence" : 0.2528043
      }, {
        "latitudeE7" : -258570590,
        "longitudeE7" : 281625620,
        "placeId" : "ChIJGZkpr1lklR4RvXt8NOQ53JI",
        "semanticType" : "TYPE_SEARCHED_ADDRESS",
        "locationConfidence" : 0.2193557
      }, {
        "latitudeE7" : -258560800,
        "longitudeE7" : 281633500,
        "placeId" : "ChIJqbfuDFlklR4R62Y6o0Rpy9w",
        "locationConfidence" : 0.15135147
      } ],
      "editConfirmationStatus" : "NOT_CONFIRMED"
    }
  }, {
    "activitySegment" : {
      "startLocation" : {
        "latitudeE7" : -258560753,
        "longitudeE7" : 281626091
      },
      "endLocation" : {
        "latitudeE7" : -258408036,
        "longitudeE7" : 281856448
      },
      "duration" : {
        "startTimestampMs" : "1558144634278",
        "endTimestampMs" : "1558162136549"
      },
      "distance" : 2878,
      "activityType" : "IN_PASSENGER_VEHICLE",
      "confidence" : "MEDIUM",
      "activities" : [ {
        "activityType" : "IN_PASSENGER_VEHICLE",
        "probability" : 82.94592651734142
      }, {
        "activityType" : "WALKING",
        "probability" : 12.641752737629904
      }, {
        "activityType" : "CYCLING",
        "probability" : 1.8828118873695756
      } ],
      "waypointPath" : {
        "waypoints" : [ {
          "latE7" : -258558273,
          "lngE7" : 281623096
        }, {
          "latE7" : -258441638,
          "lngE7" : 281835746
        }, {
          "latE7" : -258405418,
          "lngE7" : 281851634
        } ]
      }
    }
  }, {
    "placeVisit" : {
      "location" : {
        "latitudeE7" : -258408036,
        "longitudeE7" : 281856448,
        "placeId" : "ChIJ0XhlshVklR4RFGrzumiLwzw",
        "address" : "Jean Ave & Rabie St\nDie Hoewes\nCenturion\n0140\nSouth Africa",
        "name" : "Jean Crossing",
        "sourceInfo" : {
          "deviceTag" : -63513299
        },
        "locationConfidence" : 76.80098
      },
      "duration" : {
        "startTimestampMs" : "1558162136549",
        "endTimestampMs" : "1558162518996"
      },
      "placeConfidence" : "MEDIUM_CONFIDENCE",
      "centerLatE7" : -258405325,
      "centerLngE7" : 281850350,
      "visitConfidence" : 90,
      "otherCandidateLocations" : [ {
        "latitudeE7" : -258403761,
        "longitudeE7" : 281850131,
        "placeId" : "ChIJWyv66nhklR4R93duNJx1fxs",
        "locationConfidence" : 4.6662126
      }, {
        "latitudeE7" : -258401359,
        "longitudeE7" : 281851958,
        "placeId" : "ChIJRe3q-BRklR4RX9VSM_7KMG0",
        "locationConfidence" : 3.8440218
      }, {
        "latitudeE7" : -258403803,
        "longitudeE7" : 281849507,
        "placeId" : "ChIJCfDJ8BRklR4RMWvTUneADAk",
        "locationConfidence" : 3.4161212
      }, {
        "latitudeE7" : -258413969,
        "longitudeE7" : 281855562,
        "placeId" : "ChIJX-E46TxklR4RIKhkXeY_IV8",
        "locationConfidence" : 2.0327024
      }, {
        "latitudeE7" : -258401395,
        "longitudeE7" : 281852897,
        "placeId" : "ChIJO_ypBXdllR4R-tGQvIVbIZg",
        "locationConfidence" : 0.48756805
      } ],
      "editConfirmationStatus" : "CONFIRMED"
    }
  }, {
    "placeVisit" : {
      "location" : {
        "latitudeE7" : -258559780,
        "longitudeE7" : 281626430,
        "placeId" : "ChIJgf7JGllklR4RTqYK8tHPm_w",
        "address" : "13 Willem Rd\nEldoraigne\nCenturion\n0157\nSouth Africa",
        "name" : "13 Willem Rd",
        "semanticType" : "TYPE_HOME",
        "sourceInfo" : {
          "deviceTag" : -63513299
        },
        "locationConfidence" : 97.60687
      },
      "duration" : {
        "startTimestampMs" : "1558334505593",
        "endTimestampMs" : "1558384966337"
      },
      "placeConfidence" : "HIGH_CONFIDENCE",
      "centerLatE7" : -258560277,
      "centerLngE7" : 281626124,
      "visitConfidence" : 83,
      "otherCandidateLocations" : [ {
        "latitudeE7" : -258584100,
        "longitudeE7" : 281624600,
        "placeId" : "ChIJWVS1zllklR4R7ih8EDjLG2g",
        "semanticType" : "TYPE_SEARCHED_ADDRESS",
        "locationConfidence" : 1.5875684
      }, {
        "latitudeE7" : -258565130,
        "longitudeE7" : 281611230,
        "placeId" : "ChIJjc378FhklR4R-lrwm02iVNY",
        "semanticType" : "TYPE_SEARCHED_ADDRESS",
        "locationConfidence" : 0.21457417
      }, {
        "latitudeE7" : -258570590,
        "longitudeE7" : 281625620,
        "placeId" : "ChIJGZkpr1lklR4RvXt8NOQ53JI",
        "semanticType" : "TYPE_SEARCHED_ADDRESS",
        "locationConfidence" : 0.18334043
      }, {
        "latitudeE7" : -258560800,
        "longitudeE7" : 281633500,
        "placeId" : "ChIJqbfuDFlklR4R62Y6o0Rpy9w",
        "locationConfidence" : 0.12090643
      } ],
      "editConfirmationStatus" : "NOT_CONFIRMED"
    }
  }, {
    "placeVisit" : {
      "location" : {
        "latitudeE7" : -258559780,
        "longitudeE7" : 281626430,
        "placeId" : "ChIJgf7JGllklR4RTqYK8tHPm_w",
        "address" : "13 Willem Rd\nEldoraigne\nCenturion\n0157\nSouth Africa",
        "name" : "13 Willem Rd",
        "semanticType" : "TYPE_HOME",
        "sourceInfo" : {
          "deviceTag" : -63513299
        },
        "locationConfidence" : 97.04613
      },
      "duration" : {
        "startTimestampMs" : "1558847637995",
        "endTimestampMs" : "1558857462098"
      },
      "placeConfidence" : "HIGH_CONFIDENCE",
      "centerLatE7" : -258559763,
      "centerLngE7" : 281625985,
      "visitConfidence" : 85,
      "otherCandidateLocations" : [ {
        "latitudeE7" : -258584100,
        "longitudeE7" : 281624600,
        "placeId" : "ChIJWVS1zllklR4R7ih8EDjLG2g",
        "semanticType" : "TYPE_SEARCHED_ADDRESS",
        "locationConfidence" : 1.7778754
      }, {
        "latitudeE7" : -258565130,
        "longitudeE7" : 281611230,
        "placeId" : "ChIJjc378FhklR4R-lrwm02iVNY",
        "semanticType" : "TYPE_SEARCHED_ADDRESS",
        "locationConfidence" : 0.28779
      }, {
        "latitudeE7" : -258560800,
        "longitudeE7" : 281633500,
        "placeId" : "ChIJqbfuDFlklR4R62Y6o0Rpy9w",
        "locationConfidence" : 0.22984327
      }, {
        "latitudeE7" : -258570590,
        "longitudeE7" : 281625620,
        "placeId" : "ChIJGZkpr1lklR4RvXt8NOQ53JI",
        "semanticType" : "TYPE_SEARCHED_ADDRESS",
        "locationConfidence" : 0.2287637
      } ],
      "editConfirmationStatus" : "NOT_CONFIRMED"
    }
  }, {
    "activitySegment" : {
      "startLocation" : {
        "latitudeE7" : -257550962,
        "longitudeE7" : 282768634,
        "sourceInfo" : {
          "deviceTag" : -63513299
        }
      },
      "endLocation" : {
        "latitudeE7" : -258560861,
        "longitudeE7" : 281625353,
        "sourceInfo" : {
          "deviceTag" : -63513299
        }
      },
      "duration" : {
        "startTimestampMs" : "1559049926215",
        "endTimestampMs" : "1559054013218"
      },
      "distance" : 30344,
      "activityType" : "IN_PASSENGER_VEHICLE",
      "confidence" : "HIGH",
      "activities" : [ {
        "activityType" : "IN_PASSENGER_VEHICLE",
        "probability" : 93.83195635794937
      }, {
        "activityType" : "WALKING",
        "probability" : 4.656359428853301
      }, {
        "activityType" : "IN_BUS",
        "probability" : 1.0442885326454943
      } ],
      "waypointPath" : {
        "waypoints" : [ {
          "latE7" : -257550849,
          "lngE7" : 282768440
        }, {
          "latE7" : -257788715,
          "lngE7" : 282890548
        }, {
          "latE7" : -257790603,
          "lngE7" : 282888908
        }, {
          "latE7" : -257928619,
          "lngE7" : 282815399
        }, {
          "latE7" : -257953605,
          "lngE7" : 282820968
        }, {
          "latE7" : -257885208,
          "lngE7" : 282694110
        }, {
          "latE7" : -258002414,
          "lngE7" : 282263240
        }, {
          "latE7" : -258213691,
          "lngE7" : 282394981
        }, {
          "latE7" : -258560714,
          "lngE7" : 281622905
        } ]
      },
      "simplifiedRawPath" : {
        "points" : [ {
          "latE7" : -257789483,
          "lngE7" : 282887342,
          "timestampMs" : "1559050448999",
          "accuracyMeters" : 3
        }, {
          "latE7" : -257796649,
          "lngE7" : 282883551,
          "timestampMs" : "1559050463999",
          "accuracyMeters" : 4
        }, {
          "latE7" : -257922046,
          "lngE7" : 282805659,
          "timestampMs" : "1559051035000",
          "accuracyMeters" : 6
        }, {
          "latE7" : -257857375,
          "lngE7" : 282726981,
          "timestampMs" : "1559051217000",
          "accuracyMeters" : 3
        }, {
          "latE7" : -258002459,
          "lngE7" : 282263204,
          "timestampMs" : "1559051726000",
          "accuracyMeters" : 6
        } ]
      }
    }
  }, {
    "placeVisit" : {
      "location" : {
        "latitudeE7" : -258559780,
        "longitudeE7" : 281626430,
        "placeId" : "ChIJgf7JGllklR4RTqYK8tHPm_w",
        "address" : "13 Willem Rd\nEldoraigne\nCenturion\n0157\nSouth Africa",
        "name" : "13 Willem Rd",
        "semanticType" : "TYPE_HOME",
        "sourceInfo" : {
          "deviceTag" : -63513299
        },
        "locationConfidence" : 92.88592
      },
      "duration" : {
        "startTimestampMs" : "1559054031056",
        "endTimestampMs" : "1559054524853"
      },
      "placeConfidence" : "HIGH_CONFIDENCE",
      "centerLatE7" : -258560050,
      "centerLngE7" : 281625150,
      "visitConfidence" : 92,
      "otherCandidateLocations" : [ {
        "latitudeE7" : -258584100,
        "longitudeE7" : 281624600,
        "placeId" : "ChIJWVS1zllklR4R7ih8EDjLG2g",
        "semanticType" : "TYPE_SEARCHED_ADDRESS",
        "locationConfidence" : 5.321353
      }, {
        "latitudeE7" : -258565130,
        "longitudeE7" : 281611230,
        "placeId" : "ChIJjc378FhklR4R-lrwm02iVNY",
        "semanticType" : "TYPE_SEARCHED_ADDRESS",
        "locationConfidence" : 0.373036
      }, {
        "latitudeE7" : -258570590,
        "longitudeE7" : 281625620,
        "placeId" : "ChIJGZkpr1lklR4RvXt8NOQ53JI",
        "semanticType" : "TYPE_SEARCHED_ADDRESS",
        "locationConfidence" : 0.3438336
      }, {
        "latitudeE7" : -258563284,
        "longitudeE7" : 281638659,
        "placeId" : "ChIJUyXs_eRllR4R9OdOSKpRzI8",
        "locationConfidence" : 0.27431354
      } ],
      "editConfirmationStatus" : "NOT_CONFIRMED"
    }
  }, {
    "activitySegment" : {
      "startLocation" : {
        "latitudeE7" : -258560753,
        "longitudeE7" : 281626091,
        "sourceInfo" : {
          "deviceTag" : -63513299
        }
      },
      "endLocation" : {
        "latitudeE7" : -258607219,
        "longitudeE7" : 281652388,
        "sourceInfo" : {
          "deviceTag" : -63513299
        }
      },
      "duration" : {
        "startTimestampMs" : "1559054524853",
        "endTimestampMs" : "1559054951471"
      },
      "distance" : 1784,
      "activityType" : "IN_PASSENGER_VEHICLE",
      "confidence" : "HIGH",
      "activities" : [ {
        "activityType" : "IN_PASSENGER_VEHICLE",
        "probability" : 97.71869744911504
      }, {
        "activityType" : "MOTORCYCLING",
        "probability" : 1.3162629734484361
      }, {
        "activityType" : "WALKING",
        "probability" : 0.8193246612498425
      } ],
      "waypointPath" : {
        "waypoints" : [ {
          "latE7" : -258560543,
          "lngE7" : 281622924
        }, {
          "latE7" : -258622665,
          "lngE7" : 281624755
        }, {
          "latE7" : -258610706,
          "lngE7" : 281652278
        } ]
      },
      "simplifiedRawPath" : {
        "points" : [ {
          "latE7" : -258625416,
          "lngE7" : 281591452,
          "timestampMs" : "1559054708445",
          "accuracyMeters" : 36
        } ]
      }
    }
  }, {
    "placeVisit" : {
      "location" : {
        "latitudeE7" : -258610036,
        "longitudeE7" : 281652444,
        "placeId" : "ChIJZ_fvzVBklR4RdeWHaGSr4Kc",
        "address" : "107 Pine Laan\nBronberrick\nCenturion\n0157\nSuid-Afrika",
        "name" : "Yoga Connection",
        "sourceInfo" : {
          "deviceTag" : -63513299
        },
        "locationConfidence" : 83.35923
      },
      "duration" : {
        "startTimestampMs" : "1559054951471",
        "endTimestampMs" : "1559059336292"
      },
      "placeConfidence" : "MEDIUM_CONFIDENCE",
      "centerLatE7" : -258608107,
      "centerLngE7" : 281653329,
      "visitConfidence" : 92,
      "otherCandidateLocations" : [ {
        "latitudeE7" : -258610061,
        "longitudeE7" : 281652452,
        "placeId" : "ChIJSTow0lBklR4RF-P9gODKhS8",
        "locationConfidence" : 4.0104218
      }, {
        "latitudeE7" : -258610068,
        "longitudeE7" : 281654170,
        "placeId" : "ChIJZ_fvzVBklR4RaIMejIhEpnk",
        "locationConfidence" : 1.8857859
      }, {
        "latitudeE7" : -258608330,
        "longitudeE7" : 281656250,
        "placeId" : "ChIJt34F0FBklR4Rk1lHh0jQRhk",
        "locationConfidence" : 1.1286937
      }, {
        "latitudeE7" : -258617800,
        "longitudeE7" : 281670400,
        "placeId" : "ChIJsUK-GlFklR4RliInW6GQJwU",
        "locationConfidence" : 0.9492283
      }, {
        "latitudeE7" : -258608330,
        "longitudeE7" : 281656250,
        "placeId" : "ChIJt34F0FBklR4Rk0cLKnV0Ktw",
        "locationConfidence" : 0.71163493
      }, {
        "latitudeE7" : -258617193,
        "longitudeE7" : 281671380,
        "placeId" : "ChIJk2LdGlFklR4Ruy2DfbVgCVo",
        "locationConfidence" : 0.46408904
      } ],
      "editConfirmationStatus" : "NOT_CONFIRMED"
    }
  }, {
    "activitySegment" : {
      "startLocation" : {
        "latitudeE7" : -258610036,
        "longitudeE7" : 281652444,
        "sourceInfo" : {
          "deviceTag" : -63513299
        }
      },
      "endLocation" : {
        "latitudeE7" : -258560753,
        "longitudeE7" : 281626091,
        "sourceInfo" : {
          "deviceTag" : -63513299
        }
      },
      "duration" : {
        "startTimestampMs" : "1559059336292",
        "endTimestampMs" : "1559059794059"
      },
      "distance" : 1260,
      "activityType" : "IN_PASSENGER_VEHICLE",
      "confidence" : "HIGH",
      "activities" : [ {
        "activityType" : "IN_PASSENGER_VEHICLE",
        "probability" : 99.02668375886097
      }, {
        "activityType" : "WALKING",
        "probability" : 0.7347141171566623
      }, {
        "activityType" : "IN_BUS",
        "probability" : 0.09586276083438558
      } ],
      "waypointPath" : {
        "waypoints" : [ {
          "latE7" : -258610706,
          "lngE7" : 281652431
        }, {
          "latE7" : -258623447,
          "lngE7" : 281624794
        }, {
          "latE7" : -258560543,
          "lngE7" : 281622924
        } ]
      },
      "simplifiedRawPath" : {
        "points" : [ {
          "latE7" : -258609448,
          "lngE7" : 281653959,
          "timestampMs" : "1559059336292",
          "accuracyMeters" : 29
        } ]
      }
    }
  }, {
    "placeVisit" : {
      "location" : {
        "latitudeE7" : -258559780,
        "longitudeE7" : 281626430,
        "placeId" : "ChIJgf7JGllklR4RTqYK8tHPm_w",
        "address" : "13 Willem Rd\nEldoraigne\nCenturion\n0157\nSouth Africa",
        "name" : "13 Willem Rd",
        "semanticType" : "TYPE_HOME",
        "sourceInfo" : {
          "deviceTag" : -63513299
        },
        "locationConfidence" : 89.7805
      },
      "duration" : {
        "startTimestampMs" : "1559059794059",
        "endTimestampMs" : "1559138382338"
      },
      "placeConfidence" : "HIGH_CONFIDENCE",
      "centerLatE7" : -258559961,
      "centerLngE7" : 281626262,
      "visitConfidence" : 91,
      "otherCandidateLocations" : [ {
        "latitudeE7" : -258584100,
        "longitudeE7" : 281624600,
        "placeId" : "ChIJWVS1zllklR4R7ih8EDjLG2g",
        "semanticType" : "TYPE_SEARCHED_ADDRESS",
        "locationConfidence" : 9.295685
      }, {
        "latitudeE7" : -258565130,
        "longitudeE7" : 281611230,
        "placeId" : "ChIJjc378FhklR4R-lrwm02iVNY",
        "semanticType" : "TYPE_SEARCHED_ADDRESS",
        "locationConfidence" : 0.22586082
      }, {
        "latitudeE7" : -258570590,
        "longitudeE7" : 281625620,
        "placeId" : "ChIJGZkpr1lklR4RvXt8NOQ53JI",
        "semanticType" : "TYPE_SEARCHED_ADDRESS",
        "locationConfidence" : 0.19737351
      }, {
        "latitudeE7" : -258560800,
        "longitudeE7" : 281633500,
        "placeId" : "ChIJqbfuDFlklR4R62Y6o0Rpy9w",
        "locationConfidence" : 0.14616354
      } ],
      "editConfirmationStatus" : "NOT_CONFIRMED"
    }
  }, {
    "activitySegment" : {
      "startLocation" : {
        "latitudeE7" : -258560753,
        "longitudeE7" : 281626091,
        "sourceInfo" : {
          "deviceTag" : -63513299
        }
      },
      "endLocation" : {
        "latitudeE7" : -258738585,
        "longitudeE7" : 281670966,
        "sourceInfo" : {
          "deviceTag" : -63513299
        }
      },
      "duration" : {
        "startTimestampMs" : "1559138382338",
        "endTimestampMs" : "1559139490518"
      },
      "distance" : 33449,
      "activityType" : "IN_PASSENGER_VEHICLE",
      "confidence" : "HIGH",
      "activities" : [ {
        "activityType" : "IN_PASSENGER_VEHICLE",
        "probability" : 92.00369531539249
      }, {
        "activityType" : "WALKING",
        "probability" : 3.1357234337700706
      }, {
        "activityType" : "IN_BUS",
        "probability" : 2.672718434759692
      } ],
      "waypointPath" : {
        "waypoints" : [ {
          "latE7" : -258560543,
          "lngE7" : 281622924
        }, {
          "latE7" : -258622665,
          "lngE7" : 281624755
        }, {
          "latE7" : -258738365,
          "lngE7" : 281669120
        } ]
      },
      "simplifiedRawPath" : {
        "points" : [ {
          "latE7" : -258587344,
          "lngE7" : 281594697,
          "timestampMs" : "1559138529999",
          "accuracyMeters" : 4
        } ]
      }
    }
  }, {
    "placeVisit" : {
      "location" : {
        "latitudeE7" : -258976925,
        "longitudeE7" : 281737044,
        "placeId" : "ChIJ-cyvLhBllR4RZJTIKwM2R2I",
        "address" : "Brakfontein 399-Jr\nCenturion\nSouth Africa",
        "name" : "Brakfontein 399-Jr"
      },
      "duration" : {
        "startTimestampMs" : "1559139490518",
        "endTimestampMs" : "1559142361792"
      },
      "placeConfidence" : "HIGH_CONFIDENCE",
      "centerLatE7" : -258738312,
      "centerLngE7" : 281677206,
      "visitConfidence" : 96,
      "otherCandidateLocations" : [ {
        "latitudeE7" : -258727852,
        "longitudeE7" : 281672845,
        "placeId" : "ChIJ3RPKp6lllR4RVdTSHe9OzLg",
        "locationConfidence" : 0.39682332
      }, {
        "latitudeE7" : -258756154,
        "longitudeE7" : 281671493,
        "placeId" : "ChIJmTEijq5llR4RvhoBX4IFTkI",
        "locationConfidence" : 0.252451
      }, {
        "latitudeE7" : -258733330,
        "longitudeE7" : 281653920,
        "placeId" : "ChIJ3b9ncaxllR4RLmySjdGgIs0",
        "locationConfidence" : 0.13256928
      }, {
        "latitudeE7" : -258719110,
        "longitudeE7" : 281686110,
        "placeId" : "ChIJa6IzTK1llR4RCI9ZcyGiU9E",
        "locationConfidence" : 0.113740586
      } ],
      "editConfirmationStatus" : "CONFIRMED"
    }
  }, {
    "activitySegment" : {
      "startLocation" : {
        "latitudeE7" : -258739780,
        "longitudeE7" : 281677392,
        "sourceInfo" : {
          "deviceTag" : -63513299
        }
      },
      "endLocation" : {
        "latitudeE7" : -258560753,
        "longitudeE7" : 281626091,
        "sourceInfo" : {
          "deviceTag" : -63513299
        }
      },
      "duration" : {
        "startTimestampMs" : "1559142361792",
        "endTimestampMs" : "1559143653358"
      },
      "distance" : 2484,
      "activityType" : "IN_PASSENGER_VEHICLE",
      "confidence" : "HIGH",
      "activities" : [ {
        "activityType" : "IN_PASSENGER_VEHICLE",
        "probability" : 96.94800616058625
      }, {
        "activityType" : "WALKING",
        "probability" : 2.4960286275295833
      }, {
        "activityType" : "IN_BUS",
        "probability" : 0.24661174071209302
      } ],
      "waypointPath" : {
        "waypoints" : [ {
          "latE7" : -258741683,
          "lngE7" : 281677532
        }, {
          "latE7" : -258626251,
          "lngE7" : 281591148
        }, {
          "latE7" : -258560543,
          "lngE7" : 281622924
        } ]
      }
    }
  }, {
    "placeVisit" : {
      "location" : {
        "latitudeE7" : -258559780,
        "longitudeE7" : 281626430,
        "placeId" : "ChIJgf7JGllklR4RTqYK8tHPm_w",
        "address" : "13 Willem Rd\nEldoraigne\nCenturion\n0157\nSouth Africa",
        "name" : "13 Willem Rd",
        "semanticType" : "TYPE_HOME",
        "sourceInfo" : {
          "deviceTag" : -63513299
        },
        "locationConfidence" : 89.705956
      },
      "duration" : {
        "startTimestampMs" : "1559143653358",
        "endTimestampMs" : "1559186826938"
      },
      "placeConfidence" : "HIGH_CONFIDENCE",
      "centerLatE7" : -258560090,
      "centerLngE7" : 281626038,
      "visitConfidence" : 81,
      "otherCandidateLocations" : [ {
        "latitudeE7" : -258584100,
        "longitudeE7" : 281624600,
        "placeId" : "ChIJWVS1zllklR4R7ih8EDjLG2g",
        "semanticType" : "TYPE_SEARCHED_ADDRESS",
        "locationConfidence" : 9.246398
      }, {
        "latitudeE7" : -258565130,
        "longitudeE7" : 281611230,
        "placeId" : "ChIJjc378FhklR4R-lrwm02iVNY",
        "semanticType" : "TYPE_SEARCHED_ADDRESS",
        "locationConfidence" : 0.2566916
      }, {
        "latitudeE7" : -258570590,
        "longitudeE7" : 281625620,
        "placeId" : "ChIJGZkpr1lklR4RvXt8NOQ53JI",
        "semanticType" : "TYPE_SEARCHED_ADDRESS",
        "locationConfidence" : 0.22372025
      }, {
        "latitudeE7" : -258560800,
        "longitudeE7" : 281633500,
        "placeId" : "ChIJqbfuDFlklR4R62Y6o0Rpy9w",
        "locationConfidence" : 0.1871208
      } ],
      "editConfirmationStatus" : "NOT_CONFIRMED"
    }
  }, {
    "activitySegment" : {
      "startLocation" : {
        "latitudeE7" : -258560753,
        "longitudeE7" : 281626091
      },
      "endLocation" : {
        "latitudeE7" : -256719357,
        "longitudeE7" : 272123117
      },
      "duration" : {
        "startTimestampMs" : "1559186826938",
        "endTimestampMs" : "1559194691000"
      },
      "distance" : 97343,
      "activityType" : "IN_PASSENGER_VEHICLE",
      "confidence" : "HIGH",
      "activities" : [ {
        "activityType" : "IN_PASSENGER_VEHICLE",
        "probability" : 93.65991344913192
      }, {
        "activityType" : "WALKING",
        "probability" : 3.8610423225269495
      }, {
        "activityType" : "MOTORCYCLING",
        "probability" : 0.7148683846593594
      } ],
      "waypointPath" : {
        "waypoints" : [ {
          "latE7" : -258560543,
          "lngE7" : 281622924
        }, {
          "latE7" : -259052162,
          "lngE7" : 280270233
        }, {
          "latE7" : -257576885,
          "lngE7" : 277770080
        }, {
          "latE7" : -257359943,
          "lngE7" : 276455841
        }, {
          "latE7" : -256723194,
          "lngE7" : 272121734
        } ]
      },
      "simplifiedRawPath" : {
        "points" : [ {
          "latE7" : -257577261,
          "lngE7" : 277770719,
          "timestampMs" : "1559191396107",
          "accuracyMeters" : 52
        } ]
      }
    }
  }, {
    "placeVisit" : {
      "location" : {
        "latitudeE7" : -256719357,
        "longitudeE7" : 272123117,
        "placeId" : "ChIJn8eyrykKvh4RKRe_c_vE8ho",
        "address" : "C/o Watsonia & Kremetart Ave, Donkerhoek Cemetery GPS Co-ords : S 25°40'18.7\" / E27°12'45.3\" Geelhout Park Ext 6 Rustenburg 0300 South Africa\nGeelhoutpark\nRustenburg\n2999\nSouth Africa",
        "name" : "Rustenburg Crematorium",
        "sourceInfo" : {
          "deviceTag" : -63513299
        },
        "locationConfidence" : 95.78586
      },
      "duration" : {
        "startTimestampMs" : "1559194691000",
        "endTimestampMs" : "1559195666182"
      },
      "placeConfidence" : "HIGH_CONFIDENCE",
      "centerLatE7" : -256719650,
      "centerLngE7" : 272123880,
      "visitConfidence" : 92,
      "otherCandidateLocations" : [ {
        "latitudeE7" : -256719257,
        "longitudeE7" : 272110682,
        "placeId" : "ChIJuf1PVygKvh4RqeLmiJplTTg",
        "semanticType" : "TYPE_SEARCHED_ADDRESS",
        "locationConfidence" : 3.7083218
      }, {
        "latitudeE7" : -256740654,
        "longitudeE7" : 272124307,
        "placeId" : "ChIJRbrj1ykKvh4Rw2KFQfD8Sk4",
        "locationConfidence" : 0.1959755
      }, {
        "latitudeE7" : -256737367,
        "longitudeE7" : 272143286,
        "placeId" : "ChIJmxvv-ykKvh4Ryt2nD5mq1fc",
        "locationConfidence" : 0.13838248
      }, {
        "latitudeE7" : -256702700,
        "longitudeE7" : 272150200,
        "placeId" : "ChIJKXow1ysKvh4RsvE5AKshYBc",
        "locationConfidence" : 0.122953266
      } ],
      "editConfirmationStatus" : "NOT_CONFIRMED"
    }
  } ]
}