{
  "timelineObjects" : [ {
    "placeVisit" : {
      "location" : {
        "latitudeE7" : -258559780,
        "longitudeE7" : 281626430,
        "placeId" : "ChIJgf7JGllklR4RTqYK8tHPm_w",
        "address" : "13 Willem Rd\nEldoraigne\nCenturion\n0157\nSouth Africa",
        "name" : "13 Willem Rd",
        "semanticType" : "TYPE_HOME",
        "sourceInfo" : {
          "deviceTag" : -63513299
        },
        "locationConfidence" : 98.54108
      },
      "duration" : {
        "startTimestampMs" : "1575228039715",
        "endTimestampMs" : "1575268374999"
      },
      "placeConfidence" : "HIGH_CONFIDENCE",
      "centerLatE7" : -258560589,
      "centerLngE7" : 281625789,
      "visitConfidence" : 80,
      "otherCandidateLocations" : [ {
        "latitudeE7" : -258584100,
        "longitudeE7" : 281624600,
        "placeId" : "ChIJWVS1zllklR4R7ih8EDjLG2g",
        "semanticType" : "TYPE_SEARCHED_ADDRESS",
        "locationConfidence" : 0.8585527
      }, {
        "latitudeE7" : -258565130,
        "longitudeE7" : 281611230,
        "placeId" : "ChIJjc378FhklR4R-lrwm02iVNY",
        "semanticType" : "TYPE_SEARCHED_ADDRESS",
        "locationConfidence" : 0.18533824
      }, {
        "latitudeE7" : -258560800,
        "longitudeE7" : 281633500,
        "placeId" : "ChIJqbfuDFlklR4R62Y6o0Rpy9w",
        "locationConfidence" : 0.09248813
      }, {
        "latitudeE7" : -258570590,
        "longitudeE7" : 281625620,
        "placeId" : "ChIJGZkpr1lklR4RvXt8NOQ53JI",
        "semanticType" : "TYPE_SEARCHED_ADDRESS",
        "locationConfidence" : 0.091160536
      } ],
      "editConfirmationStatus" : "NOT_CONFIRMED"
    }
  }, {
    "activitySegment" : {
      "startLocation" : {
        "latitudeE7" : -258559906,
        "longitudeE7" : 281623870
      },
      "endLocation" : {
        "latitudeE7" : -258629455,
        "longitudeE7" : 281660932
      },
      "duration" : {
        "startTimestampMs" : "1575268374999",
        "endTimestampMs" : "1575268760570"
      },
      "distance" : 1666,
      "activityType" : "IN_PASSENGER_VEHICLE",
      "confidence" : "HIGH",
      "activities" : [ {
        "activityType" : "IN_PASSENGER_VEHICLE",
        "probability" : 95.76485753059387
      }, {
        "activityType" : "WALKING",
        "probability" : 2.9507266357541084
      }, {
        "activityType" : "STILL",
        "probability" : 0.4764552693814039
      }, {
        "activityType" : "CYCLING",
        "probability" : 0.360685377381742
      }, {
        "activityType" : "MOTORCYCLING",
        "probability" : 0.1577847171574831
      }, {
        "activityType" : "RUNNING",
        "probability" : 0.15250210417434573
      }, {
        "activityType" : "IN_FERRY",
        "probability" : 0.04039485938847065
      }, {
        "activityType" : "IN_BUS",
        "probability" : 0.031772672082297504
      }, {
        "activityType" : "FLYING",
        "probability" : 0.028027207008562982
      }, {
        "activityType" : "SAILING",
        "probability" : 0.011739265028154477
      }, {
        "activityType" : "SKIING",
        "probability" : 0.01156411090050824
      }, {
        "activityType" : "IN_TRAIN",
        "probability" : 0.007841988553991541
      }, {
        "activityType" : "IN_TRAM",
        "probability" : 0.005202353349886835
      }, {
        "activityType" : "IN_SUBWAY",
        "probability" : 4.3924469537159894E-4
      }, {
        "activityType" : "IN_VEHICLE",
        "probability" : 1.0082546708645168E-5
      } ],
      "waypointPath" : {
        "waypoints" : [ {
          "latE7" : -258559856,
          "lngE7" : 281622982
        }, {
          "latE7" : -258622665,
          "lngE7" : 281624755
        }, {
          "latE7" : -258630218,
          "lngE7" : 281660881
        } ]
      },
      "simplifiedRawPath" : {
        "points" : [ {
          "latE7" : -258622798,
          "lngE7" : 281613616,
          "timestampMs" : "1575268624000",
          "accuracyMeters" : 3
        } ]
      }
    }
  }, {
    "placeVisit" : {
      "location" : {
        "latitudeE7" : -258625264,
        "longitudeE7" : 281661277,
        "placeId" : "ChIJRQuwOVFklR4RhWeVRxfmMUU",
        "address" : "2133 Hendrik Verwoerd Dr\nHennopspark\nCenturion\n0157\nSouth Africa",
        "name" : "Minuteman Press Centurion",
        "sourceInfo" : {
          "deviceTag" : -63513299
        },
        "locationConfidence" : 59.795624
      },
      "duration" : {
        "startTimestampMs" : "1575268760570",
        "endTimestampMs" : "1575269452946"
      },
      "placeConfidence" : "MEDIUM_CONFIDENCE",
      "centerLatE7" : -258626243,
      "centerLngE7" : 281660086,
      "visitConfidence" : 96,
      "otherCandidateLocations" : [ {
        "latitudeE7" : -258625861,
        "longitudeE7" : 281662106,
        "placeId" : "ChIJS66dSPFklR4R8pThO-jv9Jg",
        "locationConfidence" : 30.20506
      }, {
        "latitudeE7" : -258627030,
        "longitudeE7" : 281660139,
        "placeId" : "ChIJdTZMFFFklR4RSSelGRwzC_c",
        "locationConfidence" : 6.5218105
      }, {
        "latitudeE7" : -258625039,
        "longitudeE7" : 281658692,
        "placeId" : "ChIJ8ZFzOVFklR4Rph0W5sy_gd0",
        "locationConfidence" : 1.8293107
      }, {
        "latitudeE7" : -258626451,
        "longitudeE7" : 281661837,
        "placeId" : "ChIJj5JWP1FklR4ReKW_6F0aQ1M",
        "locationConfidence" : 0.71489877
      } ],
      "editConfirmationStatus" : "NOT_CONFIRMED"
    }
  }, {
    "activitySegment" : {
      "startLocation" : {
        "latitudeE7" : -258625584,
        "longitudeE7" : 281659776
      },
      "endLocation" : {
        "latitudeE7" : -258559893,
        "longitudeE7" : 281625937
      },
      "duration" : {
        "startTimestampMs" : "1575269452946",
        "endTimestampMs" : "1575269817653"
      },
      "distance" : 1427,
      "activityType" : "IN_PASSENGER_VEHICLE",
      "confidence" : "HIGH",
      "activities" : [ {
        "activityType" : "IN_PASSENGER_VEHICLE",
        "probability" : 96.51736617088318
      }, {
        "activityType" : "WALKING",
        "probability" : 2.297073043882847
      }, {
        "activityType" : "STILL",
        "probability" : 0.4423771519213915
      }, {
        "activityType" : "CYCLING",
        "probability" : 0.34953479189425707
      }, {
        "activityType" : "MOTORCYCLING",
        "probability" : 0.16501815989613533
      }, {
        "activityType" : "RUNNING",
        "probability" : 0.10016674641519785
      }, {
        "activityType" : "IN_BUS",
        "probability" : 0.07049593259580433
      }, {
        "activityType" : "IN_FERRY",
        "probability" : 0.027662827051244676
      }, {
        "activityType" : "FLYING",
        "probability" : 0.014059252862352878
      }, {
        "activityType" : "SKIING",
        "probability" : 0.008272766717709601
      }, {
        "activityType" : "IN_TRAM",
        "probability" : 0.002780980139505118
      }, {
        "activityType" : "IN_TRAIN",
        "probability" : 0.002682669037312735
      }, {
        "activityType" : "SAILING",
        "probability" : 0.0023274102204595692
      }, {
        "activityType" : "IN_SUBWAY",
        "probability" : 1.7920651771419216E-4
      }, {
        "activityType" : "IN_VEHICLE",
        "probability" : 7.074215346847268E-6
      } ],
      "waypointPath" : {
        "waypoints" : [ {
          "latE7" : -258623943,
          "lngE7" : 281659812
        }, {
          "latE7" : -258626251,
          "lngE7" : 281591148
        }, {
          "latE7" : -258559703,
          "lngE7" : 281622982
        } ]
      },
      "simplifiedRawPath" : {
        "points" : [ {
          "latE7" : -258618797,
          "lngE7" : 281591478,
          "timestampMs" : "1575269572972",
          "accuracyMeters" : 66
        } ]
      }
    }
  }, {
    "placeVisit" : {
      "location" : {
        "latitudeE7" : -258559780,
        "longitudeE7" : 281626430,
        "placeId" : "ChIJgf7JGllklR4RTqYK8tHPm_w",
        "address" : "13 Willem Rd\nEldoraigne\nCenturion\n0157\nSouth Africa",
        "name" : "13 Willem Rd",
        "semanticType" : "TYPE_HOME",
        "sourceInfo" : {
          "deviceTag" : -63513299
        },
        "locationConfidence" : 98.64323
      },
      "duration" : {
        "startTimestampMs" : "1575269817653",
        "endTimestampMs" : "1575347720272"
      },
      "placeConfidence" : "HIGH_CONFIDENCE",
      "centerLatE7" : -258560944,
      "centerLngE7" : 281625833,
      "visitConfidence" : 80,
      "otherCandidateLocations" : [ {
        "latitudeE7" : -258584100,
        "longitudeE7" : 281624600,
        "placeId" : "ChIJWVS1zllklR4R7ih8EDjLG2g",
        "semanticType" : "TYPE_SEARCHED_ADDRESS",
        "locationConfidence" : 0.9351371
      }, {
        "latitudeE7" : -258565130,
        "longitudeE7" : 281611230,
        "placeId" : "ChIJjc378FhklR4R-lrwm02iVNY",
        "semanticType" : "TYPE_SEARCHED_ADDRESS",
        "locationConfidence" : 0.15466811
      }, {
        "latitudeE7" : -258570590,
        "longitudeE7" : 281625620,
        "placeId" : "ChIJGZkpr1lklR4RvXt8NOQ53JI",
        "semanticType" : "TYPE_SEARCHED_ADDRESS",
        "locationConfidence" : 0.09583082
      }, {
        "latitudeE7" : -258560800,
        "longitudeE7" : 281633500,
        "placeId" : "ChIJqbfuDFlklR4R62Y6o0Rpy9w",
        "locationConfidence" : 0.052442294
      } ],
      "editConfirmationStatus" : "NOT_CONFIRMED"
    }
  }, {
    "activitySegment" : {
      "startLocation" : {
        "latitudeE7" : -258559769,
        "longitudeE7" : 281624244
      },
      "endLocation" : {
        "latitudeE7" : -257566086,
        "longitudeE7" : 282798011
      },
      "duration" : {
        "startTimestampMs" : "1575347720272",
        "endTimestampMs" : "1575350943435"
      },
      "distance" : 12161,
      "activityType" : "IN_PASSENGER_VEHICLE",
      "confidence" : "HIGH",
      "activities" : [ {
        "activityType" : "IN_PASSENGER_VEHICLE",
        "probability" : 97.4732756614685
      }, {
        "activityType" : "STILL",
        "probability" : 1.725924015045166
      }, {
        "activityType" : "WALKING",
        "probability" : 0.4833103623241186
      }, {
        "activityType" : "MOTORCYCLING",
        "probability" : 0.12584405485540628
      }, {
        "activityType" : "RUNNING",
        "probability" : 0.05256155855022371
      }, {
        "activityType" : "FLYING",
        "probability" : 0.04546167911030352
      }, {
        "activityType" : "CYCLING",
        "probability" : 0.04404627252370119
      }, {
        "activityType" : "IN_FERRY",
        "probability" : 0.01574238995090127
      }, {
        "activityType" : "IN_BUS",
        "probability" : 0.014599887072108686
      }, {
        "activityType" : "SAILING",
        "probability" : 0.00851094227982685
      }, {
        "activityType" : "SKIING",
        "probability" : 0.005760344356531277
      }, {
        "activityType" : "IN_TRAIN",
        "probability" : 0.003899528383044526
      }, {
        "activityType" : "IN_TRAM",
        "probability" : 6.4867090259213E-4
      }, {
        "activityType" : "IN_SUBWAY",
        "probability" : 3.9851374822319485E-4
      }, {
        "activityType" : "IN_VEHICLE",
        "probability" : 6.44088018475486E-6
      } ],
      "waypointPath" : {
        "waypoints" : [ {
          "latE7" : -258559684,
          "lngE7" : 281622982
        }, {
          "latE7" : -258037643,
          "lngE7" : 282605133
        }, {
          "latE7" : -257563896,
          "lngE7" : 282787647
        } ]
      }
    }
  }, {
    "placeVisit" : {
      "location" : {
        "latitudeE7" : -257566771,
        "longitudeE7" : 282803438,
        "placeId" : "ChIJ__-_omFglR4RSH6Xpj_69Dk",
        "address" : "Council for Scientific and Industrial Research, Building 44\nScientia 627-Jr\nPretoria\n0081\nSouth Africa",
        "name" : "CSIR Defence, Peace, Safety and Security",
        "sourceInfo" : {
          "deviceTag" : -63513299
        },
        "locationConfidence" : 75.69879
      },
      "duration" : {
        "startTimestampMs" : "1575350943435",
        "endTimestampMs" : "1575370521594"
      },
      "placeConfidence" : "MEDIUM_CONFIDENCE",
      "centerLatE7" : -257565973,
      "centerLngE7" : 282797990,
      "visitConfidence" : 95,
      "otherCandidateLocations" : [ {
        "latitudeE7" : -257565060,
        "longitudeE7" : 282798100,
        "placeId" : "ChIJleGC-2BglR4RgInWy3Dz3qI",
        "name" : "Council for Scientific and Industrial Research building 43",
        "locationConfidence" : 15.227544
      }, {
        "latitudeE7" : -257529956,
        "longitudeE7" : 282767675,
        "placeId" : "ChIJAQsZRGdglR4REb2EhDpAEKw",
        "locationConfidence" : 3.4138026
      }, {
        "latitudeE7" : -257569436,
        "longitudeE7" : 282801289,
        "placeId" : "ChIJFQSqsWFglR4RPwZMxqBWJoM",
        "locationConfidence" : 3.0714154
      }, {
        "latitudeE7" : -257468287,
        "longitudeE7" : 282788928,
        "placeId" : "ChIJS_P3g2lglR4RMs3iZtUFGUE",
        "locationConfidence" : 2.0123327
      } ],
      "editConfirmationStatus" : "NOT_CONFIRMED"
    }
  }, {
    "activitySegment" : {
      "startLocation" : {
        "latitudeE7" : -257560795,
        "longitudeE7" : 282788492
      },
      "endLocation" : {
        "latitudeE7" : -258559907,
        "longitudeE7" : 281624079
      },
      "duration" : {
        "startTimestampMs" : "1575370521594",
        "endTimestampMs" : "1575372081475"
      },
      "distance" : 19653,
      "activityType" : "IN_PASSENGER_VEHICLE",
      "confidence" : "HIGH",
      "activities" : [ {
        "activityType" : "IN_PASSENGER_VEHICLE",
        "probability" : 86.02960705757141
      }, {
        "activityType" : "STILL",
        "probability" : 12.086040526628494
      }, {
        "activityType" : "WALKING",
        "probability" : 1.2889287434518337
      }, {
        "activityType" : "MOTORCYCLING",
        "probability" : 0.2540664980188012
      }, {
        "activityType" : "CYCLING",
        "probability" : 0.135874398984015
      }, {
        "activityType" : "RUNNING",
        "probability" : 0.051254319259896874
      }, {
        "activityType" : "IN_BUS",
        "probability" : 0.04972650785930455
      }, {
        "activityType" : "FLYING",
        "probability" : 0.03814120136667043
      }, {
        "activityType" : "IN_FERRY",
        "probability" : 0.033025682205334306
      }, {
        "activityType" : "IN_TRAIN",
        "probability" : 0.014565644960384816
      }, {
        "activityType" : "SAILING",
        "probability" : 0.009597567259334028
      }, {
        "activityType" : "SKIING",
        "probability" : 0.005307592073222622
      }, {
        "activityType" : "IN_TRAM",
        "probability" : 0.0026037196221295744
      }, {
        "activityType" : "IN_SUBWAY",
        "probability" : 0.0012290980521356687
      }, {
        "activityType" : "IN_VEHICLE",
        "probability" : 2.6900943339569494E-5
      } ],
      "waypointPath" : {
        "waypoints" : [ {
          "latE7" : -257563781,
          "lngE7" : 282788810
        }, {
          "latE7" : -258045139,
          "lngE7" : 282604427
        }, {
          "latE7" : -258559837,
          "lngE7" : 281622982
        } ]
      }
    }
  }, {
    "placeVisit" : {
      "location" : {
        "latitudeE7" : -258559780,
        "longitudeE7" : 281626430,
        "placeId" : "ChIJgf7JGllklR4RTqYK8tHPm_w",
        "address" : "13 Willem Rd\nEldoraigne\nCenturion\n0157\nSouth Africa",
        "name" : "13 Willem Rd",
        "semanticType" : "TYPE_HOME",
        "sourceInfo" : {
          "deviceTag" : -63513299
        },
        "locationConfidence" : 98.44335
      },
      "duration" : {
        "startTimestampMs" : "1575372081475",
        "endTimestampMs" : "1575382486705"
      },
      "placeConfidence" : "HIGH_CONFIDENCE",
      "centerLatE7" : -258559450,
      "centerLngE7" : 281625941,
      "visitConfidence" : 82,
      "otherCandidateLocations" : [ {
        "latitudeE7" : -258584100,
        "longitudeE7" : 281624600,
        "placeId" : "ChIJWVS1zllklR4R7ih8EDjLG2g",
        "semanticType" : "TYPE_SEARCHED_ADDRESS",
        "locationConfidence" : 1.0244572
      }, {
        "latitudeE7" : -258565130,
        "longitudeE7" : 281611230,
        "placeId" : "ChIJjc378FhklR4R-lrwm02iVNY",
        "semanticType" : "TYPE_SEARCHED_ADDRESS",
        "locationConfidence" : 0.18739738
      }, {
        "latitudeE7" : -258570590,
        "longitudeE7" : 281625620,
        "placeId" : "ChIJGZkpr1lklR4RvXt8NOQ53JI",
        "semanticType" : "TYPE_SEARCHED_ADDRESS",
        "locationConfidence" : 0.112535134
      }, {
        "latitudeE7" : -258563284,
        "longitudeE7" : 281638659,
        "placeId" : "ChIJUyXs_eRllR4R9OdOSKpRzI8",
        "locationConfidence" : 0.062925376
      } ],
      "editConfirmationStatus" : "NOT_CONFIRMED"
    }
  }, {
    "activitySegment" : {
      "startLocation" : {
        "latitudeE7" : -258558532,
        "longitudeE7" : 281622260
      },
      "endLocation" : {
        "latitudeE7" : -258718044,
        "longitudeE7" : 281372389
      },
      "duration" : {
        "startTimestampMs" : "1575382486705",
        "endTimestampMs" : "1575383041775"
      },
      "distance" : 25278,
      "activityType" : "IN_PASSENGER_VEHICLE",
      "confidence" : "HIGH",
      "activities" : [ {
        "activityType" : "IN_PASSENGER_VEHICLE",
        "probability" : 94.56803798675537
      }, {
        "activityType" : "WALKING",
        "probability" : 3.902488201856613
      }, {
        "activityType" : "STILL",
        "probability" : 0.5411539226770401
      }, {
        "activityType" : "MOTORCYCLING",
        "probability" : 0.36775569897145033
      }, {
        "activityType" : "CYCLING",
        "probability" : 0.27913213707506657
      }, {
        "activityType" : "IN_BUS",
        "probability" : 0.14970169868320227
      }, {
        "activityType" : "RUNNING",
        "probability" : 0.10076317703351378
      }, {
        "activityType" : "IN_FERRY",
        "probability" : 0.031570979626849294
      }, {
        "activityType" : "FLYING",
        "probability" : 0.02588830830063671
      }, {
        "activityType" : "SKIING",
        "probability" : 0.011888951121363789
      }, {
        "activityType" : "IN_TRAM",
        "probability" : 0.0067811255576089025
      }, {
        "activityType" : "IN_TRAIN",
        "probability" : 0.006213737651705742
      }, {
        "activityType" : "SAILING",
        "probability" : 0.005979005800327286
      }, {
        "activityType" : "IN_SUBWAY",
        "probability" : 0.0026176847313763574
      }, {
        "activityType" : "IN_VEHICLE",
        "probability" : 2.4940217713265156E-5
      } ],
      "waypointPath" : {
        "waypoints" : [ {
          "latE7" : -258558597,
          "lngE7" : 281623077
        }, {
          "latE7" : -258614311,
          "lngE7" : 281583518
        }, {
          "latE7" : -258714637,
          "lngE7" : 281379165
        } ]
      },
      "simplifiedRawPath" : {
        "points" : [ {
          "latE7" : -258605556,
          "lngE7" : 281575867,
          "timestampMs" : "1575382615168",
          "accuracyMeters" : 72
        } ]
      }
    }
  }, {
    "activitySegment" : {
      "startLocation" : {
        "latitudeE7" : -258718044,
        "longitudeE7" : 281372389
      },
      "endLocation" : {
        "latitudeE7" : -257658238,
        "longitudeE7" : 282792737
      },
      "duration" : {
        "startTimestampMs" : "1575383041775",
        "endTimestampMs" : "1575992856813"
      },
      "activityType" : "UNKNOWN_ACTIVITY_TYPE",
      "activities" : [ {
        "activityType" : "UNKNOWN_ACTIVITY_TYPE",
        "probability" : 0.0
      } ],
      "simplifiedRawPath" : {
        "points" : [ {
          "latE7" : -258728225,
          "lngE7" : 281365752,
          "timestampMs" : "1575383405575",
          "accuracyMeters" : 30
        }, {
          "latE7" : -258717602,
          "lngE7" : 281367212,
          "timestampMs" : "1575385364517",
          "accuracyMeters" : 25
        }, {
          "latE7" : -258413163,
          "lngE7" : 281604277,
          "timestampMs" : "1575703020290",
          "accuracyMeters" : 42
        } ]
      }
    }
  }, {
    "placeVisit" : {
      "location" : {
        "latitudeE7" : -257659239,
        "longitudeE7" : 282787902,
        "placeId" : "ChIJ0SV4049glR4R9i5UDiEvo74",
        "address" : "Daventry St\nLynnwood Manor\nPretoria\n0081\nSouth Africa",
        "name" : "Lynnwood Bridge Retail",
        "sourceInfo" : {
          "deviceTag" : -63513299
        },
        "locationConfidence" : 92.76112
      },
      "duration" : {
        "startTimestampMs" : "1575992856813",
        "endTimestampMs" : "1575993854626"
      },
      "placeConfidence" : "MEDIUM_CONFIDENCE",
      "childVisits" : [ {
        "location" : {
          "latitudeE7" : -257658451,
          "longitudeE7" : 282790300,
          "placeId" : "ChIJVWjeioxglR4R7T7Sk8dhkCI",
          "address" : "4 Daventry St\nLynnwood Manor\nPretoria\n0081\nSouth Africa",
          "name" : "Atterbury Theatre",
          "sourceInfo" : {
            "deviceTag" : -63513299
          },
          "locationConfidence" : 38.056583
        },
        "duration" : {
          "startTimestampMs" : "1575992856813",
          "endTimestampMs" : "1575993473390"
        },
        "placeConfidence" : "LOW_CONFIDENCE",
        "centerLatE7" : -257658238,
        "centerLngE7" : 282792737,
        "visitConfidence" : 96,
        "otherCandidateLocations" : [ {
          "latitudeE7" : -257659730,
          "longitudeE7" : 282788320,
          "placeId" : "ChIJo6FfYYxglR4Rq5QFAOLnDXU",
          "locationConfidence" : 18.65686
        }, {
          "latitudeE7" : -257659193,
          "longitudeE7" : 282786973,
          "placeId" : "ChIJjai19IxglR4R5m_QN91NJV0",
          "locationConfidence" : 7.059795
        }, {
          "latitudeE7" : -257657745,
          "longitudeE7" : 282803981,
          "placeId" : "ChIJnVCaQIxglR4RxpZWRgoh9I0",
          "locationConfidence" : 6.954836
        }, {
          "latitudeE7" : -257656652,
          "longitudeE7" : 282814195,
          "placeId" : "ChIJSSpDnI5glR4RxtSEv6B_7xk",
          "locationConfidence" : 5.243929
        }, {
          "latitudeE7" : -257656581,
          "longitudeE7" : 282791984,
          "placeId" : "ChIJO7vbYIxglR4Rk-Yo0oxbCow",
          "locationConfidence" : 2.9368048
        }, {
          "latitudeE7" : -257657111,
          "longitudeE7" : 282789259,
          "placeId" : "ChIJdwlMYIxglR4RJxTLK8fREYw",
          "locationConfidence" : 2.4740446
        }, {
          "latitudeE7" : -257654348,
          "longitudeE7" : 282815438,
          "placeId" : "ChIJ1X8AUYxglR4RfI074fEEX0k",
          "locationConfidence" : 2.2028127
        }, {
          "latitudeE7" : -257657734,
          "longitudeE7" : 282809608,
          "placeId" : "ChIJM9MCPIxglR4RCLi__vIbw5Q",
          "locationConfidence" : 2.035825
        }, {
          "latitudeE7" : -257654901,
          "longitudeE7" : 282786159,
          "placeId" : "ChIJo6FfYYxglR4RRrYPF64jObI",
          "locationConfidence" : 1.949384
        } ],
        "editConfirmationStatus" : "NOT_CONFIRMED"
      } ],
      "centerLatE7" : -257658238,
      "centerLngE7" : 282792737,
      "visitConfidence" : 96,
      "otherCandidateLocations" : [ {
        "latitudeE7" : -257657745,
        "longitudeE7" : 282803981,
        "placeId" : "ChIJnVCaQIxglR4RxpZWRgoh9I0",
        "locationConfidence" : 2.8186722
      }, {
        "latitudeE7" : -257656652,
        "longitudeE7" : 282814195,
        "placeId" : "ChIJSSpDnI5glR4RxtSEv6B_7xk",
        "locationConfidence" : 2.1252718
      }, {
        "latitudeE7" : -257654348,
        "longitudeE7" : 282815438,
        "placeId" : "ChIJ1X8AUYxglR4RfI074fEEX0k",
        "locationConfidence" : 0.89276105
      }, {
        "latitudeE7" : -257657734,
        "longitudeE7" : 282809608,
        "placeId" : "ChIJM9MCPIxglR4RCLi__vIbw5Q",
        "locationConfidence" : 0.825084
      } ],
      "editConfirmationStatus" : "NOT_CONFIRMED"
    }
  }, {
    "activitySegment" : {
      "startLocation" : {
        "latitudeE7" : -257656964,
        "longitudeE7" : 282800116
      },
      "endLocation" : {
        "latitudeE7" : -258561087,
        "longitudeE7" : 281625496
      },
      "duration" : {
        "startTimestampMs" : "1575993854626",
        "endTimestampMs" : "1575996549434"
      },
      "distance" : 14434,
      "activityType" : "IN_PASSENGER_VEHICLE",
      "confidence" : "HIGH",
      "activities" : [ {
        "activityType" : "IN_PASSENGER_VEHICLE",
        "probability" : 95.13947367668152
      }, {
        "activityType" : "STILL",
        "probability" : 2.403687685728073
      }, {
        "activityType" : "WALKING",
        "probability" : 1.571015641093254
      }, {
        "activityType" : "MOTORCYCLING",
        "probability" : 0.3417329164221883
      }, {
        "activityType" : "IN_BUS",
        "probability" : 0.28777350671589375
      }, {
        "activityType" : "FLYING",
        "probability" : 0.09524673223495483
      }, {
        "activityType" : "CYCLING",
        "probability" : 0.05174516118131578
      }, {
        "activityType" : "RUNNING",
        "probability" : 0.04400559701025486
      }, {
        "activityType" : "IN_FERRY",
        "probability" : 0.03467172500677407
      }, {
        "activityType" : "SKIING",
        "probability" : 0.008858327782945707
      }, {
        "activityType" : "IN_TRAIN",
        "probability" : 0.008381161751458421
      }, {
        "activityType" : "SAILING",
        "probability" : 0.007037236355245113
      }, {
        "activityType" : "IN_SUBWAY",
        "probability" : 0.003877885319525376
      }, {
        "activityType" : "IN_TRAM",
        "probability" : 0.0024425211449852213
      }, {
        "activityType" : "IN_VEHICLE",
        "probability" : 4.917707769891422E-5
      } ],
      "waypointPath" : {
        "waypoints" : [ {
          "latE7" : -257656459,
          "lngE7" : 282800045
        }, {
          "latE7" : -258045139,
          "lngE7" : 282604427
        }, {
          "latE7" : -258560924,
          "lngE7" : 281622886
        } ]
      }
    }
  }, {
    "activitySegment" : {
      "startLocation" : {
        "latitudeE7" : -258561087,
        "longitudeE7" : 281625496
      },
      "endLocation" : {
        "latitudeE7" : -258560756,
        "longitudeE7" : 281625700
      },
      "duration" : {
        "startTimestampMs" : "1575996549434",
        "endTimestampMs" : "1576432305814"
      },
      "activityType" : "UNKNOWN_ACTIVITY_TYPE",
      "activities" : [ {
        "activityType" : "UNKNOWN_ACTIVITY_TYPE",
        "probability" : 0.0
      } ],
      "simplifiedRawPath" : {
        "points" : [ {
          "latE7" : -260125350,
          "lngE7" : 279947180,
          "timestampMs" : "1576084808339",
          "accuracyMeters" : 72
        } ]
      }
    }
  }, {
    "placeVisit" : {
      "location" : {
        "latitudeE7" : -258559780,
        "longitudeE7" : 281626430,
        "placeId" : "ChIJgf7JGllklR4RTqYK8tHPm_w",
        "address" : "13 Willem Rd\nEldoraigne\nCenturion\n0157\nSouth Africa",
        "name" : "13 Willem Rd",
        "semanticType" : "TYPE_HOME",
        "sourceInfo" : {
          "deviceTag" : -63513299
        },
        "locationConfidence" : 98.83712
      },
      "duration" : {
        "startTimestampMs" : "1576432305814",
        "endTimestampMs" : "1576550269000"
      },
      "placeConfidence" : "HIGH_CONFIDENCE",
      "centerLatE7" : -258560756,
      "centerLngE7" : 281625700,
      "visitConfidence" : 87,
      "otherCandidateLocations" : [ {
        "latitudeE7" : -258584100,
        "longitudeE7" : 281624600,
        "placeId" : "ChIJWVS1zllklR4R7ih8EDjLG2g",
        "semanticType" : "TYPE_SEARCHED_ADDRESS",
        "locationConfidence" : 0.7701255
      }, {
        "latitudeE7" : -258565130,
        "longitudeE7" : 281611230,
        "placeId" : "ChIJjc378FhklR4R-lrwm02iVNY",
        "semanticType" : "TYPE_SEARCHED_ADDRESS",
        "locationConfidence" : 0.13908567
      }, {
        "latitudeE7" : -258570590,
        "longitudeE7" : 281625620,
        "placeId" : "ChIJGZkpr1lklR4RvXt8NOQ53JI",
        "semanticType" : "TYPE_SEARCHED_ADDRESS",
        "locationConfidence" : 0.095809825
      }, {
        "latitudeE7" : -258560800,
        "longitudeE7" : 281633500,
        "placeId" : "ChIJqbfuDFlklR4R62Y6o0Rpy9w",
        "locationConfidence" : 0.044846766
      } ],
      "editConfirmationStatus" : "NOT_CONFIRMED"
    }
  }, {
    "activitySegment" : {
      "startLocation" : {
        "latitudeE7" : -258951201,
        "longitudeE7" : 280885292
      },
      "endLocation" : {
        "latitudeE7" : -340082359,
        "longitudeE7" : 183455558
      },
      "duration" : {
        "startTimestampMs" : "1576550269000",
        "endTimestampMs" : "1576567734000"
      },
      "distance" : 1283583,
      "activityType" : "IN_PASSENGER_VEHICLE",
      "confidence" : "MEDIUM",
      "activities" : [ {
        "activityType" : "IN_PASSENGER_VEHICLE",
        "probability" : 69.72793340682983
      }, {
        "activityType" : "FLYING",
        "probability" : 22.307486832141876
      }, {
        "activityType" : "STILL",
        "probability" : 3.977464884519577
      }, {
        "activityType" : "WALKING",
        "probability" : 2.701806090772152
      }, {
        "activityType" : "IN_BUS",
        "probability" : 0.7419134024530649
      }, {
        "activityType" : "RUNNING",
        "probability" : 0.19280598498880863
      }, {
        "activityType" : "IN_FERRY",
        "probability" : 0.1723677385598421
      }, {
        "activityType" : "MOTORCYCLING",
        "probability" : 0.10121077066287398
      }, {
        "activityType" : "IN_TRAIN",
        "probability" : 0.057798950001597404
      }, {
        "activityType" : "SAILING",
        "probability" : 0.008010511373868212
      }, {
        "activityType" : "IN_SUBWAY",
        "probability" : 0.007084487879183143
      }, {
        "activityType" : "CYCLING",
        "probability" : 0.0025843095500022173
      }, {
        "activityType" : "SKIING",
        "probability" : 0.0011766684110625647
      }, {
        "activityType" : "IN_TRAM",
        "probability" : 2.1138439478818327E-4
      }, {
        "activityType" : "IN_VEHICLE",
        "probability" : 1.533097247374826E-4
      } ],
      "simplifiedRawPath" : {
        "points" : [ {
          "latE7" : -259062357,
          "lngE7" : 280407176,
          "timestampMs" : "1576550433000",
          "accuracyMeters" : 4
        }, {
          "latE7" : -259267076,
          "lngE7" : 280022970,
          "timestampMs" : "1576550570000",
          "accuracyMeters" : 4
        }, {
          "latE7" : -259342799,
          "lngE7" : 279841413,
          "timestampMs" : "1576550631000",
          "accuracyMeters" : 4
        }, {
          "latE7" : -259510442,
          "lngE7" : 279560134,
          "timestampMs" : "1576550737000",
          "accuracyMeters" : 6
        }, {
          "latE7" : -259685962,
          "lngE7" : 279462788,
          "timestampMs" : "1576550812000",
          "accuracyMeters" : 5
        }, {
          "latE7" : -259744029,
          "lngE7" : 279240248,
          "timestampMs" : "1576550978000",
          "accuracyMeters" : 3
        }, {
          "latE7" : -339709877,
          "lngE7" : 185947467,
          "timestampMs" : "1576565124999",
          "accuracyMeters" : 3
        }, {
          "latE7" : -339704738,
          "lngE7" : 185941573,
          "timestampMs" : "1576565168999",
          "accuracyMeters" : 5
        }, {
          "latE7" : -339690461,
          "lngE7" : 185935569,
          "timestampMs" : "1576565274999",
          "accuracyMeters" : 9
        }, {
          "latE7" : -339691192,
          "lngE7" : 185952447,
          "timestampMs" : "1576565334999",
          "accuracyMeters" : 5
        }, {
          "latE7" : -339707786,
          "lngE7" : 185958001,
          "timestampMs" : "1576565349999",
          "accuracyMeters" : 6
        }, {
          "latE7" : -339690286,
          "lngE7" : 185917839,
          "timestampMs" : "1576565409999",
          "accuracyMeters" : 6
        }, {
          "latE7" : -339683579,
          "lngE7" : 185846603,
          "timestampMs" : "1576565441999",
          "accuracyMeters" : 4
        }, {
          "latE7" : -339504765,
          "lngE7" : 185243904,
          "timestampMs" : "1576565681999",
          "accuracyMeters" : 12
        }, {
          "latE7" : -339499495,
          "lngE7" : 185032201,
          "timestampMs" : "1576565787999",
          "accuracyMeters" : 5
        }, {
          "latE7" : -339514212,
          "lngE7" : 184960202,
          "timestampMs" : "1576565832999",
          "accuracyMeters" : 4
        }, {
          "latE7" : -339511340,
          "lngE7" : 184934148,
          "timestampMs" : "1576565848999",
          "accuracyMeters" : 5
        }, {
          "latE7" : -339439103,
          "lngE7" : 184800097,
          "timestampMs" : "1576565968999",
          "accuracyMeters" : 4
        }, {
          "latE7" : -339453476,
          "lngE7" : 184708766,
          "timestampMs" : "1576566073999",
          "accuracyMeters" : 5
        }, {
          "latE7" : -339461047,
          "lngE7" : 184687765,
          "timestampMs" : "1576566089999",
          "accuracyMeters" : 4
        }, {
          "latE7" : -339603970,
          "lngE7" : 184621107,
          "timestampMs" : "1576566187000",
          "accuracyMeters" : 6
        }, {
          "latE7" : -339610374,
          "lngE7" : 184607079,
          "timestampMs" : "1576566196000",
          "accuracyMeters" : 7
        }, {
          "latE7" : -339654005,
          "lngE7" : 184584846,
          "timestampMs" : "1576566228000",
          "accuracyMeters" : 6
        }, {
          "latE7" : -339767953,
          "lngE7" : 184485269,
          "timestampMs" : "1576566347000",
          "accuracyMeters" : 4
        }, {
          "latE7" : -339811263,
          "lngE7" : 184416128,
          "timestampMs" : "1576566451000",
          "accuracyMeters" : 16
        }, {
          "latE7" : -339841033,
          "lngE7" : 184389895,
          "timestampMs" : "1576566482000",
          "accuracyMeters" : 6
        }, {
          "latE7" : -339935751,
          "lngE7" : 184357397,
          "timestampMs" : "1576566574000",
          "accuracyMeters" : 5
        }, {
          "latE7" : -339939695,
          "lngE7" : 184274999,
          "timestampMs" : "1576566634000",
          "accuracyMeters" : 8
        }, {
          "latE7" : -339975669,
          "lngE7" : 184258415,
          "timestampMs" : "1576566679000",
          "accuracyMeters" : 12
        }, {
          "latE7" : -340081650,
          "lngE7" : 184169237,
          "timestampMs" : "1576566801000",
          "accuracyMeters" : 6
        }, {
          "latE7" : -340073449,
          "lngE7" : 184152161,
          "timestampMs" : "1576566817000",
          "accuracyMeters" : 7
        }, {
          "latE7" : -340083025,
          "lngE7" : 184137662,
          "timestampMs" : "1576566833000",
          "accuracyMeters" : 6
        }, {
          "latE7" : -340075981,
          "lngE7" : 184120423,
          "timestampMs" : "1576566849000",
          "accuracyMeters" : 6
        }, {
          "latE7" : -340088235,
          "lngE7" : 184111109,
          "timestampMs" : "1576566862000",
          "accuracyMeters" : 8
        }, {
          "latE7" : -340138516,
          "lngE7" : 183883621,
          "timestampMs" : "1576567059000",
          "accuracyMeters" : 6
        }, {
          "latE7" : -340190048,
          "lngE7" : 183757846,
          "timestampMs" : "1576567157000",
          "accuracyMeters" : 4
        }, {
          "latE7" : -340198299,
          "lngE7" : 183727808,
          "timestampMs" : "1576567179000",
          "accuracyMeters" : 4
        }, {
          "latE7" : -340303776,
          "lngE7" : 183522120,
          "timestampMs" : "1576567346000",
          "accuracyMeters" : 5
        }, {
          "latE7" : -340288177,
          "lngE7" : 183473415,
          "timestampMs" : "1576567421000",
          "accuracyMeters" : 2
        }, {
          "latE7" : -340265808,
          "lngE7" : 183452749,
          "timestampMs" : "1576567452000",
          "accuracyMeters" : 3
        }, {
          "latE7" : -340271149,
          "lngE7" : 183470814,
          "timestampMs" : "1576567467000",
          "accuracyMeters" : 3
        }, {
          "latE7" : -340077878,
          "lngE7" : 183481184,
          "timestampMs" : "1576567619000",
          "accuracyMeters" : 4
        }, {
          "latE7" : -340061237,
          "lngE7" : 183471349,
          "timestampMs" : "1576567638000",
          "accuracyMeters" : 6
        }, {
          "latE7" : -340073647,
          "lngE7" : 183474484,
          "timestampMs" : "1576567649000",
          "accuracyMeters" : 6
        }, {
          "latE7" : -340096318,
          "lngE7" : 183475850,
          "timestampMs" : "1576567674000",
          "accuracyMeters" : 6
        }, {
          "latE7" : -340105205,
          "lngE7" : 183461467,
          "timestampMs" : "1576567689000",
          "accuracyMeters" : 4
        }, {
          "latE7" : -340098213,
          "lngE7" : 183464446,
          "timestampMs" : "1576567705000",
          "accuracyMeters" : 5
        } ]
      }
    }
  }, {
    "placeVisit" : {
      "location" : {
        "latitudeE7" : -340083300,
        "longitudeE7" : 183444800,
        "placeId" : "ChIJzT67qrBozB0RR9r7d_1vo9E",
        "address" : "6 Moari Rd\nLlandudno\nCape Town\n7806\nSouth Africa",
        "name" : "6 Moari Rd",
        "sourceInfo" : {
          "deviceTag" : -63513299
        },
        "locationConfidence" : 40.122467
      },
      "duration" : {
        "startTimestampMs" : "1576567734000",
        "endTimestampMs" : "1576646629508"
      },
      "placeConfidence" : "MEDIUM_CONFIDENCE",
      "centerLatE7" : -340081807,
      "centerLngE7" : 183445260,
      "visitConfidence" : 95,
      "otherCandidateLocations" : [ {
        "latitudeE7" : -340081599,
        "longitudeE7" : 183447500,
        "placeId" : "ChIJb4kGAbpozB0RZbUZWHCxYxY",
        "locationConfidence" : 22.872782
      }, {
        "latitudeE7" : -340077778,
        "longitudeE7" : 183452778,
        "placeId" : "ChIJNZwqG7pozB0RoMM2LnNFGgU",
        "locationConfidence" : 6.737459
      }, {
        "latitudeE7" : -340066128,
        "longitudeE7" : 183474339,
        "placeId" : "ChIJVY2rtLtozB0RYa_ry2Ko_fc",
        "locationConfidence" : 6.1280155
      }, {
        "latitudeE7" : -340088657,
        "longitudeE7" : 183450879,
        "placeId" : "ChIJBeHh-rlozB0RYYSt1X10_Jc",
        "locationConfidence" : 5.515598
      }, {
        "latitudeE7" : -340088193,
        "longitudeE7" : 183452039,
        "placeId" : "ChIJ6wiO-rlozB0Rn-WVCu0X5RM",
        "locationConfidence" : 5.2586455
      }, {
        "latitudeE7" : -340097400,
        "longitudeE7" : 183455500,
        "placeId" : "ChIJw1i1w7lozB0Rd4En94PD_RI",
        "locationConfidence" : 5.131962
      }, {
        "latitudeE7" : -339604102,
        "longitudeE7" : 184012537,
        "placeId" : "ChIJgdxoiwsWzB0R56oDSE8qJGQ",
        "locationConfidence" : 2.2817934
      }, {
        "latitudeE7" : -340083966,
        "longitudeE7" : 183445540,
        "placeId" : "ChIJ___7_7lozB0RLPMvRmsz_t4",
        "locationConfidence" : 1.9900323
      }, {
        "latitudeE7" : -340077336,
        "longitudeE7" : 183411111,
        "placeId" : "ChIJp6CxIrFozB0R7UWW935N7zc",
        "locationConfidence" : 1.4025054
      } ],
      "editConfirmationStatus" : "NOT_CONFIRMED"
    }
  }, {
    "placeVisit" : {
      "location" : {
        "latitudeE7" : -340082800,
        "longitudeE7" : 183442200,
        "placeId" : "ChIJ3yxxq7BozB0RedsJ5JylN84",
        "address" : "51 Llandudno Rd\nLlandudno\nCape Town\n7806\nSouth Africa",
        "name" : "51 Llandudno Rd",
        "sourceInfo" : {
          "deviceTag" : -63513299
        },
        "locationConfidence" : 36.961517
      },
      "duration" : {
        "startTimestampMs" : "1576646629508",
        "endTimestampMs" : "1576647749278"
      },
      "placeConfidence" : "LOW_CONFIDENCE",
      "centerLatE7" : -340082663,
      "centerLngE7" : 183443131,
      "visitConfidence" : 86,
      "otherCandidateLocations" : [ {
        "latitudeE7" : -340082000,
        "longitudeE7" : 183440800,
        "placeId" : "ChIJtSZrrLBozB0R8IAEEqR5ILg",
        "locationConfidence" : 19.422132
      }, {
        "latitudeE7" : -340083300,
        "longitudeE7" : 183444800,
        "placeId" : "ChIJzT67qrBozB0RR9r7d_1vo9E",
        "locationConfidence" : 19.108934
      }, {
        "latitudeE7" : -339604102,
        "longitudeE7" : 184012537,
        "placeId" : "ChIJgdxoiwsWzB0R56oDSE8qJGQ",
        "locationConfidence" : 5.3988633
      }, {
        "latitudeE7" : -340097400,
        "longitudeE7" : 183455500,
        "placeId" : "ChIJw1i1w7lozB0Rd4En94PD_RI",
        "locationConfidence" : 4.16821
      }, {
        "latitudeE7" : -340088193,
        "longitudeE7" : 183452039,
        "placeId" : "ChIJ6wiO-rlozB0Rn-WVCu0X5RM",
        "locationConfidence" : 3.214321
      }, {
        "latitudeE7" : -340088657,
        "longitudeE7" : 183450879,
        "placeId" : "ChIJBeHh-rlozB0RYYSt1X10_Jc",
        "locationConfidence" : 3.0889277
      }, {
        "latitudeE7" : -340066128,
        "longitudeE7" : 183474339,
        "placeId" : "ChIJVY2rtLtozB0RYa_ry2Ko_fc",
        "locationConfidence" : 2.5227244
      }, {
        "latitudeE7" : -340077778,
        "longitudeE7" : 183452778,
        "placeId" : "ChIJNZwqG7pozB0RoMM2LnNFGgU",
        "locationConfidence" : 1.9188362
      }, {
        "latitudeE7" : -340083152,
        "longitudeE7" : 183408557,
        "placeId" : "ChIJG_NoJrFozB0RTzVFoPftkwY",
        "locationConfidence" : 1.8210237
      } ],
      "editConfirmationStatus" : "NOT_CONFIRMED"
    }
  }, {
    "activitySegment" : {
      "startLocation" : {
        "latitudeE7" : -340082219,
        "longitudeE7" : 183449785
      },
      "endLocation" : {
        "latitudeE7" : -340095395,
        "longitudeE7" : 183443195
      },
      "duration" : {
        "startTimestampMs" : "1576647749278",
        "endTimestampMs" : "1576650286999"
      },
      "distance" : 3894,
      "activityType" : "RUNNING",
      "confidence" : "HIGH",
      "activities" : [ {
        "activityType" : "RUNNING",
        "probability" : 88.29459547996521
      }, {
        "activityType" : "WALKING",
        "probability" : 5.884109437465668
      }, {
        "activityType" : "STILL",
        "probability" : 3.3069126307964325
      }, {
        "activityType" : "IN_PASSENGER_VEHICLE",
        "probability" : 1.4465534128248692
      }, {
        "activityType" : "CYCLING",
        "probability" : 0.5027278792113066
      }, {
        "activityType" : "FLYING",
        "probability" : 0.27234049048274755
      }, {
        "activityType" : "IN_BUS",
        "probability" : 0.147107127122581
      }, {
        "activityType" : "IN_FERRY",
        "probability" : 0.047108784201554954
      }, {
        "activityType" : "MOTORCYCLING",
        "probability" : 0.04450133710633963
      }, {
        "activityType" : "SKIING",
        "probability" : 0.04308571806177497
      }, {
        "activityType" : "SAILING",
        "probability" : 0.00477871872135438
      }, {
        "activityType" : "IN_TRAIN",
        "probability" : 0.004087211345904507
      }, {
        "activityType" : "IN_SUBWAY",
        "probability" : 0.0013636928997584619
      }, {
        "activityType" : "IN_TRAM",
        "probability" : 5.19986315339338E-4
      }, {
        "activityType" : "IN_VEHICLE",
        "probability" : 2.1182827367738355E-4
      } ],
      "waypointPath" : {
        "waypoints" : [ {
          "latE7" : -340082244,
          "lngE7" : 183449134
        }, {
          "latE7" : -340083694,
          "lngE7" : 183457393
        }, {
          "latE7" : -340065612,
          "lngE7" : 183451728
        }, {
          "latE7" : -340092849,
          "lngE7" : 183464241
        }, {
          "latE7" : -340126800,
          "lngE7" : 183386192
        }, {
          "latE7" : -340113677,
          "lngE7" : 183397350
        }, {
          "latE7" : -340126724,
          "lngE7" : 183352909
        }, {
          "latE7" : -340101242,
          "lngE7" : 183434562
        }, {
          "latE7" : -340095405,
          "lngE7" : 183442497
        } ]
      },
      "simplifiedRawPath" : {
        "points" : [ {
          "latE7" : -340065880,
          "lngE7" : 183452721,
          "timestampMs" : "1576647958966",
          "accuracyMeters" : 13
        }, {
          "latE7" : -340127144,
          "lngE7" : 183386440,
          "timestampMs" : "1576648632000",
          "accuracyMeters" : 9
        }, {
          "latE7" : -340126572,
          "lngE7" : 183353043,
          "timestampMs" : "1576649114938",
          "accuracyMeters" : 13
        } ]
      }
    }
  }, {
    "placeVisit" : {
      "location" : {
        "latitudeE7" : -340087100,
        "longitudeE7" : 183440300,
        "placeId" : "ChIJ5T-kU7dozB0R8VB8_PxEj4E",
        "address" : "64 Llandudno Rd\nLlandudno\nCape Town\n7806\nSouth Africa",
        "name" : "64 Llandudno Rd",
        "sourceInfo" : {
          "deviceTag" : -63513299
        },
        "locationConfidence" : 24.014694
      },
      "duration" : {
        "startTimestampMs" : "1576650286999",
        "endTimestampMs" : "1576659227865"
      },
      "placeConfidence" : "LOW_CONFIDENCE",
      "centerLatE7" : -340085774,
      "centerLngE7" : 183441348,
      "visitConfidence" : 85,
      "otherCandidateLocations" : [ {
        "latitudeE7" : -340085200,
        "longitudeE7" : 183443700,
        "placeId" : "ChIJLX8bVbdozB0RmfNzktGXSgs",
        "locationConfidence" : 23.157806
      }, {
        "latitudeE7" : -340087600,
        "longitudeE7" : 183441800,
        "placeId" : "ChIJuZwBVLdozB0RrqBhbi0oX60",
        "locationConfidence" : 22.493465
      }, {
        "latitudeE7" : -340097400,
        "longitudeE7" : 183455500,
        "placeId" : "ChIJw1i1w7lozB0Rd4En94PD_RI",
        "locationConfidence" : 15.902433
      }, {
        "latitudeE7" : -340088657,
        "longitudeE7" : 183450879,
        "placeId" : "ChIJBeHh-rlozB0RYYSt1X10_Jc",
        "locationConfidence" : 3.2857409
      }, {
        "latitudeE7" : -340088193,
        "longitudeE7" : 183452039,
        "placeId" : "ChIJ6wiO-rlozB0Rn-WVCu0X5RM",
        "locationConfidence" : 3.097127
      }, {
        "latitudeE7" : -340083152,
        "longitudeE7" : 183408557,
        "placeId" : "ChIJG_NoJrFozB0RTzVFoPftkwY",
        "locationConfidence" : 2.773817
      }, {
        "latitudeE7" : -340077778,
        "longitudeE7" : 183452778,
        "placeId" : "ChIJNZwqG7pozB0RoMM2LnNFGgU",
        "locationConfidence" : 1.8119223
      }, {
        "latitudeE7" : -339604102,
        "longitudeE7" : 184012537,
        "placeId" : "ChIJgdxoiwsWzB0R56oDSE8qJGQ",
        "locationConfidence" : 1.2093607
      }, {
        "latitudeE7" : -340077336,
        "longitudeE7" : 183411111,
        "placeId" : "ChIJp6CxIrFozB0R7UWW935N7zc",
        "locationConfidence" : 0.97834426
      } ],
      "editConfirmationStatus" : "NOT_CONFIRMED"
    }
  }, {
    "placeVisit" : {
      "location" : {
        "latitudeE7" : -340085200,
        "longitudeE7" : 183443700,
        "placeId" : "ChIJLX8bVbdozB0RmfNzktGXSgs",
        "address" : "47 Llandudno Rd\nLlandudno\nCape Town\n7806\nSouth Africa",
        "name" : "47 Llandudno Rd",
        "sourceInfo" : {
          "deviceTag" : -63513299
        },
        "locationConfidence" : 40.045155
      },
      "duration" : {
        "startTimestampMs" : "1576659227865",
        "endTimestampMs" : "1576685569000"
      },
      "placeConfidence" : "MEDIUM_CONFIDENCE",
      "centerLatE7" : -340083959,
      "centerLngE7" : 183441970,
      "visitConfidence" : 91,
      "otherCandidateLocations" : [ {
        "latitudeE7" : -340082800,
        "longitudeE7" : 183442200,
        "placeId" : "ChIJ3yxxq7BozB0RedsJ5JylN84",
        "locationConfidence" : 33.304054
      }, {
        "latitudeE7" : -340085200,
        "longitudeE7" : 183443700,
        "placeId" : "ChIJLX8bVbdozB0RDP0fv-l_cxc",
        "locationConfidence" : 22.385378
      }, {
        "latitudeE7" : -340095974,
        "longitudeE7" : 183428052,
        "placeId" : "ChIJaQk7ObdozB0RvJSCeX5ru6I",
        "locationConfidence" : 0.84027904
      }, {
        "latitudeE7" : -340077778,
        "longitudeE7" : 183452778,
        "placeId" : "ChIJNZwqG7pozB0RoMM2LnNFGgU",
        "locationConfidence" : 0.72834194
      }, {
        "latitudeE7" : -340083966,
        "longitudeE7" : 183445540,
        "placeId" : "ChIJ___7_7lozB0RLPMvRmsz_t4",
        "locationConfidence" : 0.6435372
      } ],
      "editConfirmationStatus" : "NOT_CONFIRMED"
    }
  }, {
    "activitySegment" : {
      "startLocation" : {
        "latitudeE7" : -340080197,
        "longitudeE7" : 183454359
      },
      "endLocation" : {
        "latitudeE7" : -339221839,
        "longitudeE7" : 184194607
      },
      "duration" : {
        "startTimestampMs" : "1576685569000",
        "endTimestampMs" : "1576686838000"
      },
      "distance" : 14416,
      "activityType" : "IN_PASSENGER_VEHICLE",
      "confidence" : "HIGH",
      "activities" : [ {
        "activityType" : "IN_PASSENGER_VEHICLE",
        "probability" : 94.64739561080933
      }, {
        "activityType" : "STILL",
        "probability" : 2.7922604233026505
      }, {
        "activityType" : "WALKING",
        "probability" : 2.1441342309117317
      }, {
        "activityType" : "RUNNING",
        "probability" : 0.0874142104294151
      }, {
        "activityType" : "IN_BUS",
        "probability" : 0.06914352998137474
      }, {
        "activityType" : "FLYING",
        "probability" : 0.06734344642609358
      }, {
        "activityType" : "IN_FERRY",
        "probability" : 0.060945446603000164
      }, {
        "activityType" : "CYCLING",
        "probability" : 0.044969323789700866
      }, {
        "activityType" : "MOTORCYCLING",
        "probability" : 0.0389206747058779
      }, {
        "activityType" : "SKIING",
        "probability" : 0.017559771367814392
      }, {
        "activityType" : "SAILING",
        "probability" : 0.01522895327070728
      }, {
        "activityType" : "IN_TRAM",
        "probability" : 0.007394304702756926
      }, {
        "activityType" : "IN_TRAIN",
        "probability" : 0.0060764705267501995
      }, {
        "activityType" : "IN_SUBWAY",
        "probability" : 0.0011577767509152181
      }, {
        "activityType" : "IN_VEHICLE",
        "probability" : 4.612101065504248E-5
      } ],
      "waypointPath" : {
        "waypoints" : [ {
          "latE7" : -340080604,
          "lngE7" : 183453865
        }, {
          "latE7" : -339221725,
          "lngE7" : 184155673
        }, {
          "latE7" : -339221763,
          "lngE7" : 184194488
        } ]
      },
      "simplifiedRawPath" : {
        "points" : [ {
          "latE7" : -339206674,
          "lngE7" : 184170917,
          "timestampMs" : "1576686686000",
          "accuracyMeters" : 10
        } ]
      }
    }
  }, {
    "placeVisit" : {
      "location" : {
        "latitudeE7" : -339228748,
        "longitudeE7" : 184184637,
        "placeId" : "ChIJFdamFsHKzR0RO2qULdgtLzQ",
        "address" : "Corner Church & Long Street\n41 Church St\nCBD\nCape Town\n8001\nSouth Africa",
        "name" : "Addis in Cape Ethiopian Restaurant",
        "sourceInfo" : {
          "deviceTag" : -63513299
        },
        "locationConfidence" : 91.32582
      },
      "duration" : {
        "startTimestampMs" : "1576686838000",
        "endTimestampMs" : "1576699679000"
      },
      "placeConfidence" : "MEDIUM_CONFIDENCE",
      "centerLatE7" : -339228881,
      "centerLngE7" : 184186106,
      "visitConfidence" : 90,
      "otherCandidateLocations" : [ {
        "latitudeE7" : -339227599,
        "longitudeE7" : 184185700,
        "placeId" : "ChIJ980dy2VnzB0R3G5nKEVK5yY",
        "locationConfidence" : 2.794704
      }, {
        "latitudeE7" : -339229230,
        "longitudeE7" : 184186309,
        "placeId" : "ChIJ3crIRKVnzB0R__GY1o4Cpb0",
        "locationConfidence" : 1.1260347
      }, {
        "latitudeE7" : -339227599,
        "longitudeE7" : 184185700,
        "placeId" : "ChIJaeocy2VnzB0R47-Kv87RY5k",
        "locationConfidence" : 0.54309887
      }, {
        "latitudeE7" : -339228085,
        "longitudeE7" : 184186369,
        "placeId" : "ChIJNdOuzGVnzB0RGCJMZGHP5Z8",
        "locationConfidence" : 0.5422694
      }, {
        "latitudeE7" : -339229230,
        "longitudeE7" : 184186309,
        "placeId" : "ChIJwTgeCgVnzB0RN9s-sk2lOWQ",
        "locationConfidence" : 0.4971559
      } ],
      "editConfirmationStatus" : "NOT_CONFIRMED"
    }
  }, {
    "activitySegment" : {
      "startLocation" : {
        "latitudeE7" : -339212675,
        "longitudeE7" : 184176808
      },
      "endLocation" : {
        "latitudeE7" : -340079197,
        "longitudeE7" : 183449040
      },
      "duration" : {
        "startTimestampMs" : "1576699679000",
        "endTimestampMs" : "1576700937999"
      },
      "distance" : 13605,
      "activityType" : "IN_PASSENGER_VEHICLE",
      "confidence" : "HIGH",
      "activities" : [ {
        "activityType" : "IN_PASSENGER_VEHICLE",
        "probability" : 90.76570868492126
      }, {
        "activityType" : "STILL",
        "probability" : 6.49217963218689
      }, {
        "activityType" : "WALKING",
        "probability" : 2.1362651139497757
      }, {
        "activityType" : "IN_BUS",
        "probability" : 0.21959887817502022
      }, {
        "activityType" : "MOTORCYCLING",
        "probability" : 0.09109676466323435
      }, {
        "activityType" : "FLYING",
        "probability" : 0.07614605128765106
      }, {
        "activityType" : "RUNNING",
        "probability" : 0.06321988767012954
      }, {
        "activityType" : "CYCLING",
        "probability" : 0.057573814410716295
      }, {
        "activityType" : "IN_FERRY",
        "probability" : 0.05690204561688006
      }, {
        "activityType" : "IN_TRAIN",
        "probability" : 0.012501853052526712
      }, {
        "activityType" : "SKIING",
        "probability" : 0.010886386007769033
      }, {
        "activityType" : "SAILING",
        "probability" : 0.0078576646046713
      }, {
        "activityType" : "IN_TRAM",
        "probability" : 0.007765979535179213
      }, {
        "activityType" : "IN_SUBWAY",
        "probability" : 0.002204986958531663
      }, {
        "activityType" : "IN_VEHICLE",
        "probability" : 9.862054639597773E-5
      } ],
      "waypointPath" : {
        "waypoints" : [ {
          "latE7" : -339213790,
          "lngE7" : 184178256
        }, {
          "latE7" : -339194946,
          "lngE7" : 184196586
        }, {
          "latE7" : -340079193,
          "lngE7" : 183448848
        } ]
      },
      "simplifiedRawPath" : {
        "points" : [ {
          "latE7" : -339194527,
          "lngE7" : 184197044,
          "timestampMs" : "1576699744000",
          "accuracyMeters" : 4
        } ]
      }
    }
  }, {
    "placeVisit" : {
      "location" : {
        "latitudeE7" : -340082000,
        "longitudeE7" : 183440800,
        "placeId" : "ChIJzV9trLBozB0R_An8qxylI5Y",
        "address" : "53 Llandudno Rd\nLlandudno\nCape Town\n7806\nSouth Africa",
        "name" : "53 Llandudno Rd",
        "sourceInfo" : {
          "deviceTag" : -63513299
        },
        "locationConfidence" : 26.121126
      },
      "duration" : {
        "startTimestampMs" : "1576754874796",
        "endTimestampMs" : "1576755505999"
      },
      "placeConfidence" : "LOW_CONFIDENCE",
      "centerLatE7" : -340082340,
      "centerLngE7" : 183441720,
      "visitConfidence" : 72,
      "otherCandidateLocations" : [ {
        "latitudeE7" : -340081100,
        "longitudeE7" : 183439500,
        "placeId" : "ChIJn_57rrBozB0RxetxXBqL8Wk",
        "locationConfidence" : 21.242735
      }, {
        "latitudeE7" : -340082800,
        "longitudeE7" : 183442200,
        "placeId" : "ChIJ3yxxq7BozB0RedsJ5JylN84",
        "locationConfidence" : 19.095211
      }, {
        "latitudeE7" : -340097400,
        "longitudeE7" : 183455500,
        "placeId" : "ChIJw1i1w7lozB0Rd4En94PD_RI",
        "locationConfidence" : 11.354071
      }, {
        "latitudeE7" : -339604102,
        "longitudeE7" : 184012537,
        "placeId" : "ChIJgdxoiwsWzB0R56oDSE8qJGQ",
        "locationConfidence" : 7.0076566
      }, {
        "latitudeE7" : -340077336,
        "longitudeE7" : 183411111,
        "placeId" : "ChIJp6CxIrFozB0R7UWW935N7zc",
        "locationConfidence" : 3.1809998
      }, {
        "latitudeE7" : -340083152,
        "longitudeE7" : 183408557,
        "placeId" : "ChIJG_NoJrFozB0RTzVFoPftkwY",
        "locationConfidence" : 2.5916798
      }, {
        "latitudeE7" : -340088657,
        "longitudeE7" : 183450879,
        "placeId" : "ChIJBeHh-rlozB0RYYSt1X10_Jc",
        "locationConfidence" : 2.2879598
      }, {
        "latitudeE7" : -340077778,
        "longitudeE7" : 183452778,
        "placeId" : "ChIJNZwqG7pozB0RoMM2LnNFGgU",
        "locationConfidence" : 2.2498918
      }, {
        "latitudeE7" : -340084322,
        "longitudeE7" : 183412329,
        "placeId" : "ChIJAUM21JppzB0RbYoUNsteqpU",
        "locationConfidence" : 1.6951624
      } ],
      "editConfirmationStatus" : "NOT_CONFIRMED"
    }
  }, {
    "activitySegment" : {
      "startLocation" : {
        "latitudeE7" : -340080523,
        "longitudeE7" : 183449270
      },
      "endLocation" : {
        "latitudeE7" : -339684564,
        "longitudeE7" : 185950690
      },
      "duration" : {
        "startTimestampMs" : "1576755505999",
        "endTimestampMs" : "1576757718000"
      },
      "distance" : 4935,
      "activityType" : "IN_PASSENGER_VEHICLE",
      "confidence" : "HIGH",
      "activities" : [ {
        "activityType" : "IN_PASSENGER_VEHICLE",
        "probability" : 96.15654349327087
      }, {
        "activityType" : "STILL",
        "probability" : 1.850520446896553
      }, {
        "activityType" : "WALKING",
        "probability" : 1.188087835907936
      }, {
        "activityType" : "MOTORCYCLING",
        "probability" : 0.4545465111732483
      }, {
        "activityType" : "IN_BUS",
        "probability" : 0.15537984436377883
      }, {
        "activityType" : "CYCLING",
        "probability" : 0.06506837089546025
      }, {
        "activityType" : "FLYING",
        "probability" : 0.03297083894722164
      }, {
        "activityType" : "RUNNING",
        "probability" : 0.03234787727706134
      }, {
        "activityType" : "IN_FERRY",
        "probability" : 0.031169227440841496
      }, {
        "activityType" : "SKIING",
        "probability" : 0.017144718731287867
      }, {
        "activityType" : "SAILING",
        "probability" : 0.007107610144885257
      }, {
        "activityType" : "IN_SUBWAY",
        "probability" : 0.0034645858249859884
      }, {
        "activityType" : "IN_TRAIN",
        "probability" : 0.0032292125979438424
      }, {
        "activityType" : "IN_TRAM",
        "probability" : 0.0023866750780143775
      }, {
        "activityType" : "IN_VEHICLE",
        "probability" : 4.25227540290507E-5
      } ],
      "waypointPath" : {
        "waypoints" : [ {
          "latE7" : -340080566,
          "lngE7" : 183448925
        }, {
          "latE7" : -339684600,
          "lngE7" : 185950527
        } ]
      }
    }
  }, {
    "activitySegment" : {
      "startLocation" : {
        "latitudeE7" : -339684564,
        "longitudeE7" : 185950690
      },
      "endLocation" : {
        "latitudeE7" : -258718580,
        "longitudeE7" : 281373140
      },
      "duration" : {
        "startTimestampMs" : "1576757718000",
        "endTimestampMs" : "1576863059863"
      },
      "activityType" : "UNKNOWN_ACTIVITY_TYPE",
      "activities" : [ {
        "activityType" : "UNKNOWN_ACTIVITY_TYPE",
        "probability" : 0.0
      } ],
      "simplifiedRawPath" : {
        "points" : [ {
          "latE7" : -339690428,
          "lngE7" : 185947829,
          "timestampMs" : "1576757728000",
          "accuracyMeters" : 12
        } ]
      }
    }
  }, {
    "placeVisit" : {
      "location" : {
        "latitudeE7" : -258727533,
        "longitudeE7" : 281378391,
        "placeId" : "ChIJQ3dQZHZhlR4RXT5qGhaJSl0",
        "address" : "Cnr Rooihuiskraal&H.Verwoerd Wierda Pk\nRooihuiskraal North\nPretoria\n0149\nSouth Africa",
        "name" : "Mall at Reds",
        "sourceInfo" : {
          "deviceTag" : -63513299
        },
        "locationConfidence" : 38.813515
      },
      "duration" : {
        "startTimestampMs" : "1576863059863",
        "endTimestampMs" : "1576864096932"
      },
      "placeConfidence" : "LOW_CONFIDENCE",
      "centerLatE7" : -258718580,
      "centerLngE7" : 281373140,
      "visitConfidence" : 96,
      "otherCandidateLocations" : [ {
        "latitudeE7" : -258709211,
        "longitudeE7" : 281378231,
        "placeId" : "ChIJQSckX-BklR4RYwhzvqWiHcY",
        "locationConfidence" : 23.723433
      }, {
        "latitudeE7" : -258730459,
        "longitudeE7" : 281385438,
        "placeId" : "ChIJOyclU-BklR4RXxVvgxznHcg",
        "locationConfidence" : 7.6695247
      }, {
        "latitudeE7" : -258718512,
        "longitudeE7" : 281372069,
        "placeId" : "ChIJJ4xXzEhllR4Rkc7R7z-JZN4",
        "locationConfidence" : 6.396354
      }, {
        "latitudeE7" : -258726504,
        "longitudeE7" : 281364835,
        "placeId" : "ChIJgZFU6ahllR4RAd3CJuvQfp8",
        "locationConfidence" : 6.2925925
      }, {
        "latitudeE7" : -258719230,
        "longitudeE7" : 281366072,
        "placeId" : "ChIJ38Dgl-BklR4R3X7FaDZDbPA",
        "locationConfidence" : 2.900764
      }, {
        "latitudeE7" : -258714260,
        "longitudeE7" : 281372630,
        "placeId" : "ChIJ_bpNsOFklR4Rv-St6oYyxrY",
        "locationConfidence" : 2.665433
      }, {
        "latitudeE7" : -258710579,
        "longitudeE7" : 281379190,
        "placeId" : "ChIJ_7O63OBklR4RzduUPXS0d98",
        "locationConfidence" : 2.2934232
      }, {
        "latitudeE7" : -258709231,
        "longitudeE7" : 281378226,
        "placeId" : "ChIJM7Vee2ZllR4RoF79lznlRfg",
        "locationConfidence" : 1.8404111
      }, {
        "latitudeE7" : -258706810,
        "longitudeE7" : 281391600,
        "placeId" : "ChIJl7891-BklR4RNp95eeypwxY",
        "locationConfidence" : 1.663096
      } ],
      "editConfirmationStatus" : "NOT_CONFIRMED"
    }
  }, {
    "activitySegment" : {
      "startLocation" : {
        "latitudeE7" : -258718305,
        "longitudeE7" : 281372458
      },
      "endLocation" : {
        "latitudeE7" : -258561512,
        "longitudeE7" : 281625517
      },
      "duration" : {
        "startTimestampMs" : "1576864096932",
        "endTimestampMs" : "1576864737829"
      },
      "distance" : 3192,
      "activityType" : "IN_PASSENGER_VEHICLE",
      "confidence" : "HIGH",
      "activities" : [ {
        "activityType" : "IN_PASSENGER_VEHICLE",
        "probability" : 93.89595985412598
      }, {
        "activityType" : "WALKING",
        "probability" : 3.436756506562233
      }, {
        "activityType" : "STILL",
        "probability" : 1.0770694352686405
      }, {
        "activityType" : "MOTORCYCLING",
        "probability" : 0.6923952139914036
      }, {
        "activityType" : "CYCLING",
        "probability" : 0.4800524562597275
      }, {
        "activityType" : "IN_BUS",
        "probability" : 0.19187340512871742
      }, {
        "activityType" : "RUNNING",
        "probability" : 0.10790142696350813
      }, {
        "activityType" : "IN_FERRY",
        "probability" : 0.046460211160592735
      }, {
        "activityType" : "FLYING",
        "probability" : 0.032778450986370444
      }, {
        "activityType" : "IN_TRAIN",
        "probability" : 0.012239812349434942
      }, {
        "activityType" : "SKIING",
        "probability" : 0.011116838868474588
      }, {
        "activityType" : "SAILING",
        "probability" : 0.006420991849154234
      }, {
        "activityType" : "IN_TRAM",
        "probability" : 0.005861128738615662
      }, {
        "activityType" : "IN_SUBWAY",
        "probability" : 0.0030672556022182107
      }, {
        "activityType" : "IN_VEHICLE",
        "probability" : 4.51995731509669E-5
      } ],
      "waypointPath" : {
        "waypoints" : [ {
          "latE7" : -258720130,
          "lngE7" : 281375637
        }, {
          "latE7" : -258628292,
          "lngE7" : 281588993
        }, {
          "latE7" : -258561344,
          "lngE7" : 281622848
        } ]
      }
    }
  }, {
    "placeVisit" : {
      "location" : {
        "latitudeE7" : -258559780,
        "longitudeE7" : 281626430,
        "placeId" : "ChIJgf7JGllklR4RTqYK8tHPm_w",
        "address" : "13 Willem Rd\nEldoraigne\nCenturion\n0157\nSouth Africa",
        "name" : "13 Willem Rd",
        "semanticType" : "TYPE_HOME",
        "sourceInfo" : {
          "deviceTag" : -63513299
        },
        "locationConfidence" : 98.506065
      },
      "duration" : {
        "startTimestampMs" : "1576864737829",
        "endTimestampMs" : "1576928643482"
      },
      "placeConfidence" : "HIGH_CONFIDENCE",
      "centerLatE7" : -258559890,
      "centerLngE7" : 281625800,
      "visitConfidence" : 79,
      "otherCandidateLocations" : [ {
        "latitudeE7" : -258584100,
        "longitudeE7" : 281624600,
        "placeId" : "ChIJWVS1zllklR4R7ih8EDjLG2g",
        "semanticType" : "TYPE_SEARCHED_ADDRESS",
        "locationConfidence" : 0.9777672
      }, {
        "latitudeE7" : -258565130,
        "longitudeE7" : 281611230,
        "placeId" : "ChIJjc378FhklR4R-lrwm02iVNY",
        "semanticType" : "TYPE_SEARCHED_ADDRESS",
        "locationConfidence" : 0.16751538
      }, {
        "latitudeE7" : -258570590,
        "longitudeE7" : 281625620,
        "placeId" : "ChIJGZkpr1lklR4RvXt8NOQ53JI",
        "semanticType" : "TYPE_SEARCHED_ADDRESS",
        "locationConfidence" : 0.10156365
      }, {
        "latitudeE7" : -258563284,
        "longitudeE7" : 281638659,
        "placeId" : "ChIJUyXs_eRllR4R9OdOSKpRzI8",
        "locationConfidence" : 0.06993671
      } ],
      "editConfirmationStatus" : "NOT_CONFIRMED"
    }
  }, {
    "activitySegment" : {
      "startLocation" : {
        "latitudeE7" : -258561512,
        "longitudeE7" : 281625517
      },
      "endLocation" : {
        "latitudeE7" : -258589598,
        "longitudeE7" : 281675025
      },
      "duration" : {
        "startTimestampMs" : "1576928643482",
        "endTimestampMs" : "1576929128452"
      },
      "distance" : 585,
      "activityType" : "IN_PASSENGER_VEHICLE",
      "confidence" : "HIGH",
      "activities" : [ {
        "activityType" : "IN_PASSENGER_VEHICLE",
        "probability" : 89.27600383758545
      }, {
        "activityType" : "WALKING",
        "probability" : 6.923298537731171
      }, {
        "activityType" : "STILL",
        "probability" : 2.0596368238329887
      }, {
        "activityType" : "MOTORCYCLING",
        "probability" : 1.2346794828772545
      }, {
        "activityType" : "CYCLING",
        "probability" : 0.2440410666167736
      }, {
        "activityType" : "RUNNING",
        "probability" : 0.10023255599662662
      }, {
        "activityType" : "IN_FERRY",
        "probability" : 0.05569285131059587
      }, {
        "activityType" : "IN_BUS",
        "probability" : 0.04241656861267984
      }, {
        "activityType" : "FLYING",
        "probability" : 0.037707516457885504
      }, {
        "activityType" : "SKIING",
        "probability" : 0.017447126447223127
      }, {
        "activityType" : "SAILING",
        "probability" : 0.006954752461751923
      }, {
        "activityType" : "IN_TRAIN",
        "probability" : 7.292024747584946E-4
      }, {
        "activityType" : "IN_SUBWAY",
        "probability" : 6.388423571479507E-4
      }, {
        "activityType" : "IN_TRAM",
        "probability" : 5.151850018592086E-4
      }, {
        "activityType" : "IN_VEHICLE",
        "probability" : 9.316423899008441E-6
      } ],
      "waypointPath" : {
        "waypoints" : [ {
          "latE7" : -258561344,
          "lngE7" : 281622848
        }, {
          "latE7" : -258622665,
          "lngE7" : 281624755
        }, {
          "latE7" : -258588714,
          "lngE7" : 281675262
        } ]
      }
    }
  }, {
    "placeVisit" : {
      "location" : {
        "latitudeE7" : -258590689,
        "longitudeE7" : 281676920,
        "placeId" : "ChIJ281cj1BklR4RL6I9yeXKcJk",
        "address" : "Galway Centre\nKilkenny Rd\nBronberrick\nPretoria\n0001\nSouth Africa",
        "name" : "Centurion Ice Cream & Sweets",
        "sourceInfo" : {
          "deviceTag" : -63513299
        },
        "locationConfidence" : 33.32662
      },
      "duration" : {
        "startTimestampMs" : "1576929128452",
        "endTimestampMs" : "1576930128424"
      },
      "placeConfidence" : "LOW_CONFIDENCE",
      "centerLatE7" : -258589720,
      "centerLngE7" : 281675600,
      "visitConfidence" : 96,
      "otherCandidateLocations" : [ {
        "latitudeE7" : -258587719,
        "longitudeE7" : 281680960,
        "placeId" : "ChIJI1_ej1BklR4RjGGUxxdOHoQ",
        "locationConfidence" : 33.200054
      }, {
        "latitudeE7" : -258591030,
        "longitudeE7" : 281674120,
        "placeId" : "ChIJvUoChVBklR4R85KVhmu-ges",
        "locationConfidence" : 32.594833
      }, {
        "latitudeE7" : -258587775,
        "longitudeE7" : 281670944,
        "placeId" : "ChIJmzorqNlllR4Rcb_pJThQkX4",
        "locationConfidence" : 0.48527747
      }, {
        "latitudeE7" : -258590780,
        "longitudeE7" : 281671870,
        "placeId" : "ChIJY55bhVBklR4RHoNNbOPeKJM",
        "locationConfidence" : 0.10407094
      } ],
      "editConfirmationStatus" : "NOT_CONFIRMED"
    }
  }, {
    "activitySegment" : {
      "startLocation" : {
        "latitudeE7" : -258590166,
        "longitudeE7" : 281676713
      },
      "endLocation" : {
        "latitudeE7" : -258412839,
        "longitudeE7" : 281604806
      },
      "duration" : {
        "startTimestampMs" : "1576930128424",
        "endTimestampMs" : "1576930621492"
      },
      "distance" : 2294,
      "activityType" : "IN_PASSENGER_VEHICLE",
      "confidence" : "HIGH",
      "activities" : [ {
        "activityType" : "IN_PASSENGER_VEHICLE",
        "probability" : 93.00649166107178
      }, {
        "activityType" : "WALKING",
        "probability" : 3.6171555519104004
      }, {
        "activityType" : "MOTORCYCLING",
        "probability" : 1.5868868678808212
      }, {
        "activityType" : "STILL",
        "probability" : 1.269850879907608
      }, {
        "activityType" : "CYCLING",
        "probability" : 0.2048840280622244
      }, {
        "activityType" : "IN_FERRY",
        "probability" : 0.10680666891857982
      }, {
        "activityType" : "IN_BUS",
        "probability" : 0.07650199113413692
      }, {
        "activityType" : "RUNNING",
        "probability" : 0.04903856897726655
      }, {
        "activityType" : "FLYING",
        "probability" : 0.047306768829002976
      }, {
        "activityType" : "SAILING",
        "probability" : 0.013802642934024334
      }, {
        "activityType" : "SKIING",
        "probability" : 0.012284885451663285
      }, {
        "activityType" : "IN_SUBWAY",
        "probability" : 0.003989838296547532
      }, {
        "activityType" : "IN_TRAIN",
        "probability" : 0.0034610191505635157
      }, {
        "activityType" : "IN_TRAM",
        "probability" : 0.0015198997061816044
      }, {
        "activityType" : "IN_VEHICLE",
        "probability" : 1.8058835848933086E-5
      } ],
      "waypointPath" : {
        "waypoints" : [ {
          "latE7" : -258589096,
          "lngE7" : 281676998
        }, {
          "latE7" : -258419990,
          "lngE7" : 281632709
        }, {
          "latE7" : -258415107,
          "lngE7" : 281604328
        } ]
      }
    }
  }, {
    "placeVisit" : {
      "location" : {
        "latitudeE7" : -258412959,
        "longitudeE7" : 281602366,
        "placeId" : "ChIJnVssaGJklR4RW2W9zDFaEMw",
        "address" : "1023 Saxby Ave\nEldoraigne\nCenturion\n0157\nSouth Africa",
        "name" : "The Coffee Pot",
        "sourceInfo" : {
          "deviceTag" : -63513299
        },
        "locationConfidence" : 54.50298
      },
      "duration" : {
        "startTimestampMs" : "1576930621492",
        "endTimestampMs" : "1576934349977"
      },
      "placeConfidence" : "MEDIUM_CONFIDENCE",
      "centerLatE7" : -258417214,
      "centerLngE7" : 281600421,
      "visitConfidence" : 93,
      "otherCandidateLocations" : [ {
        "latitudeE7" : -258412899,
        "longitudeE7" : 281605300,
        "placeId" : "ChIJO7LRRmJklR4R5mchqXhJ6E4",
        "locationConfidence" : 41.027836
      }, {
        "latitudeE7" : -258413103,
        "longitudeE7" : 281603960,
        "placeId" : "ChIJCbBtQ2JklR4RzuJNQRkLFDI",
        "locationConfidence" : 2.4600701
      }, {
        "latitudeE7" : -258419310,
        "longitudeE7" : 281609400,
        "placeId" : "ChIJVeYuXWJklR4RQkRA1ro6D2M",
        "locationConfidence" : 0.9330916
      }, {
        "latitudeE7" : -258412683,
        "longitudeE7" : 281601632,
        "placeId" : "ChIJO7LRRmJklR4RKamXDp3mNaQ",
        "locationConfidence" : 0.56080276
      } ],
      "editConfirmationStatus" : "NOT_CONFIRMED"
    }
  }, {
    "activitySegment" : {
      "startLocation" : {
        "latitudeE7" : -258412314,
        "longitudeE7" : 281606604
      },
      "endLocation" : {
        "latitudeE7" : -258560508,
        "longitudeE7" : 281625851
      },
      "duration" : {
        "startTimestampMs" : "1576934349977",
        "endTimestampMs" : "1576934873348"
      },
      "distance" : 2448,
      "activityType" : "IN_PASSENGER_VEHICLE",
      "confidence" : "HIGH",
      "activities" : [ {
        "activityType" : "IN_PASSENGER_VEHICLE",
        "probability" : 92.01743602752686
      }, {
        "activityType" : "WALKING",
        "probability" : 3.5782314836978912
      }, {
        "activityType" : "MOTORCYCLING",
        "probability" : 1.9228685647249222
      }, {
        "activityType" : "STILL",
        "probability" : 1.835385337471962
      }, {
        "activityType" : "CYCLING",
        "probability" : 0.22468543611466885
      }, {
        "activityType" : "IN_BUS",
        "probability" : 0.15808778116479516
      }, {
        "activityType" : "IN_FERRY",
        "probability" : 0.10084700770676136
      }, {
        "activityType" : "RUNNING",
        "probability" : 0.07232776843011379
      }, {
        "activityType" : "SKIING",
        "probability" : 0.04384435014799237
      }, {
        "activityType" : "FLYING",
        "probability" : 0.03446987830102444
      }, {
        "activityType" : "SAILING",
        "probability" : 0.007074562745401636
      }, {
        "activityType" : "IN_SUBWAY",
        "probability" : 0.0025823634132393636
      }, {
        "activityType" : "IN_TRAM",
        "probability" : 0.0012276554116397165
      }, {
        "activityType" : "IN_TRAIN",
        "probability" : 9.056373528437689E-4
      }, {
        "activityType" : "IN_VEHICLE",
        "probability" : 3.155653871544928E-5
      } ],
      "waypointPath" : {
        "waypoints" : [ {
          "latE7" : -258409099,
          "lngE7" : 281606922
        }, {
          "latE7" : -258579063,
          "lngE7" : 281577930
        }, {
          "latE7" : -258560314,
          "lngE7" : 281622943
        } ]
      },
      "simplifiedRawPath" : {
        "points" : [ {
          "latE7" : -258582285,
          "lngE7" : 281577967,
          "timestampMs" : "1576934651996",
          "accuracyMeters" : 28
        } ]
      }
    }
  }, {
    "placeVisit" : {
      "location" : {
        "latitudeE7" : -258625861,
        "longitudeE7" : 281662106,
        "placeId" : "ChIJS66dSPFklR4R8pThO-jv9Jg",
        "address" : "℅ Hendrik Verwoerd &\nJakaranda St\nHennopspark\nCenturion\n0157\nSouth Africa",
        "name" : "Heavenly Coffees",
        "sourceInfo" : {
          "deviceTag" : -63513299
        },
        "locationConfidence" : 75.662636
      },
      "duration" : {
        "startTimestampMs" : "1577521154343",
        "endTimestampMs" : "1577521964437"
      },
      "placeConfidence" : "MEDIUM_CONFIDENCE",
      "centerLatE7" : -258625783,
      "centerLngE7" : 281660483,
      "visitConfidence" : 96,
      "otherCandidateLocations" : [ {
        "latitudeE7" : -258626451,
        "longitudeE7" : 281661837,
        "placeId" : "ChIJj5JWP1FklR4ReKW_6F0aQ1M",
        "locationConfidence" : 10.936064
      }, {
        "latitudeE7" : -258625264,
        "longitudeE7" : 281661277,
        "placeId" : "ChIJRQuwOVFklR4RhWeVRxfmMUU",
        "locationConfidence" : 10.575908
      }, {
        "latitudeE7" : -258625039,
        "longitudeE7" : 281658692,
        "placeId" : "ChIJ8ZFzOVFklR4Rph0W5sy_gd0",
        "locationConfidence" : 1.1968259
      }, {
        "latitudeE7" : -258627030,
        "longitudeE7" : 281660139,
        "placeId" : "ChIJdTZMFFFklR4RSSelGRwzC_c",
        "locationConfidence" : 0.6703024
      } ],
      "editConfirmationStatus" : "NOT_CONFIRMED"
    }
  }, {
    "activitySegment" : {
      "startLocation" : {
        "latitudeE7" : -258625676,
        "longitudeE7" : 281660513
      },
      "endLocation" : {
        "latitudeE7" : -258561315,
        "longitudeE7" : 281625574
      },
      "duration" : {
        "startTimestampMs" : "1577521964437",
        "endTimestampMs" : "1577522588775"
      },
      "distance" : 1092,
      "activityType" : "IN_PASSENGER_VEHICLE",
      "confidence" : "HIGH",
      "activities" : [ {
        "activityType" : "IN_PASSENGER_VEHICLE",
        "probability" : 93.35433840751648
      }, {
        "activityType" : "WALKING",
        "probability" : 3.0350662767887115
      }, {
        "activityType" : "MOTORCYCLING",
        "probability" : 1.266554556787014
      }, {
        "activityType" : "STILL",
        "probability" : 1.1826347559690475
      }, {
        "activityType" : "CYCLING",
        "probability" : 0.7906416431069374
      }, {
        "activityType" : "IN_BUS",
        "probability" : 0.1368061639368534
      }, {
        "activityType" : "RUNNING",
        "probability" : 0.09202553192153573
      }, {
        "activityType" : "IN_FERRY",
        "probability" : 0.08591028163209558
      }, {
        "activityType" : "FLYING",
        "probability" : 0.03258617362007499
      }, {
        "activityType" : "IN_TRAIN",
        "probability" : 0.009478914580540732
      }, {
        "activityType" : "SKIING",
        "probability" : 0.006738728552591056
      }, {
        "activityType" : "SAILING",
        "probability" : 0.004943307067151181
      }, {
        "activityType" : "IN_TRAM",
        "probability" : 0.0015261655789799988
      }, {
        "activityType" : "IN_SUBWAY",
        "probability" : 7.202632332337089E-4
      }, {
        "activityType" : "IN_VEHICLE",
        "probability" : 2.5796600766625488E-5
      } ],
      "waypointPath" : {
        "waypoints" : [ {
          "latE7" : -258623962,
          "lngE7" : 281660652
        }, {
          "latE7" : -258623447,
          "lngE7" : 281624794
        }, {
          "latE7" : -258561134,
          "lngE7" : 281622867
        } ]
      },
      "simplifiedRawPath" : {
        "points" : [ {
          "latE7" : -258625676,
          "lngE7" : 281660513,
          "timestampMs" : "1577521964437",
          "accuracyMeters" : 22
        } ]
      }
    }
  }, {
    "placeVisit" : {
      "location" : {
        "latitudeE7" : -258559780,
        "longitudeE7" : 281626430,
        "placeId" : "ChIJgf7JGllklR4RTqYK8tHPm_w",
        "address" : "13 Willem Rd\nEldoraigne\nCenturion\n0157\nSouth Africa",
        "name" : "13 Willem Rd",
        "semanticType" : "TYPE_HOME",
        "sourceInfo" : {
          "deviceTag" : -63513299
        },
        "locationConfidence" : 98.502495
      },
      "duration" : {
        "startTimestampMs" : "1577522588775",
        "endTimestampMs" : "1577542711200"
      },
      "placeConfidence" : "HIGH_CONFIDENCE",
      "centerLatE7" : -258561200,
      "centerLngE7" : 281625658,
      "visitConfidence" : 79,
      "otherCandidateLocations" : [ {
        "latitudeE7" : -258584100,
        "longitudeE7" : 281624600,
        "placeId" : "ChIJWVS1zllklR4R7ih8EDjLG2g",
        "semanticType" : "TYPE_SEARCHED_ADDRESS",
        "locationConfidence" : 0.9947448
      }, {
        "latitudeE7" : -258565130,
        "longitudeE7" : 281611230,
        "placeId" : "ChIJjc378FhklR4R-lrwm02iVNY",
        "semanticType" : "TYPE_SEARCHED_ADDRESS",
        "locationConfidence" : 0.16740312
      }, {
        "latitudeE7" : -258570590,
        "longitudeE7" : 281625620,
        "placeId" : "ChIJGZkpr1lklR4RvXt8NOQ53JI",
        "semanticType" : "TYPE_SEARCHED_ADDRESS",
        "locationConfidence" : 0.113323614
      }, {
        "latitudeE7" : -258560800,
        "longitudeE7" : 281633500,
        "placeId" : "ChIJqbfuDFlklR4R62Y6o0Rpy9w",
        "locationConfidence" : 0.064873
      } ],
      "editConfirmationStatus" : "NOT_CONFIRMED"
    }
  }, {
    "activitySegment" : {
      "startLocation" : {
        "latitudeE7" : -258561315,
        "longitudeE7" : 281625574
      },
      "endLocation" : {
        "latitudeE7" : -257721729,
        "longitudeE7" : 282342382
      },
      "duration" : {
        "startTimestampMs" : "1577542711200",
        "endTimestampMs" : "1577544175308"
      },
      "distance" : 12398,
      "activityType" : "IN_PASSENGER_VEHICLE",
      "confidence" : "HIGH",
      "activities" : [ {
        "activityType" : "IN_PASSENGER_VEHICLE",
        "probability" : 97.05038666725159
      }, {
        "activityType" : "STILL",
        "probability" : 1.1307468637824059
      }, {
        "activityType" : "WALKING",
        "probability" : 1.0578823275864124
      }, {
        "activityType" : "MOTORCYCLING",
        "probability" : 0.3909483551979065
      }, {
        "activityType" : "CYCLING",
        "probability" : 0.14983220025897026
      }, {
        "activityType" : "IN_BUS",
        "probability" : 0.08061779080890119
      }, {
        "activityType" : "RUNNING",
        "probability" : 0.0549826945643872
      }, {
        "activityType" : "FLYING",
        "probability" : 0.03837289987131953
      }, {
        "activityType" : "IN_FERRY",
        "probability" : 0.029078408260829747
      }, {
        "activityType" : "IN_TRAIN",
        "probability" : 0.006897153798490763
      }, {
        "activityType" : "SKIING",
        "probability" : 0.004370915485196747
      }, {
        "activityType" : "SAILING",
        "probability" : 0.003568293686839752
      }, {
        "activityType" : "IN_TRAM",
        "probability" : 0.0013291437426232733
      }, {
        "activityType" : "IN_SUBWAY",
        "probability" : 9.689129910839256E-4
      }, {
        "activityType" : "IN_VEHICLE",
        "probability" : 1.3508476115475787E-5
      } ],
      "waypointPath" : {
        "waypoints" : [ {
          "latE7" : -258561134,
          "lngE7" : 281622867
        }, {
          "latE7" : -257813606,
          "lngE7" : 281923580
        }, {
          "latE7" : -257720546,
          "lngE7" : 282340564
        } ]
      }
    }
  }, {
    "activitySegment" : {
      "startLocation" : {
        "latitudeE7" : -257721729,
        "longitudeE7" : 282342382
      },
      "endLocation" : {
        "latitudeE7" : -258771700,
        "longitudeE7" : 281651956
      },
      "duration" : {
        "startTimestampMs" : "1577544175308",
        "endTimestampMs" : "1577779779633"
      },
      "activityType" : "UNKNOWN_ACTIVITY_TYPE",
      "activities" : [ {
        "activityType" : "UNKNOWN_ACTIVITY_TYPE",
        "probability" : 0.0
      } ],
      "simplifiedRawPath" : {
        "points" : [ {
          "latE7" : -257716732,
          "lngE7" : 282339560,
          "timestampMs" : "1577544922461",
          "accuracyMeters" : 32
        }, {
          "latE7" : -257759007,
          "lngE7" : 282553160,
          "timestampMs" : "1577613877000",
          "accuracyMeters" : 4
        } ]
      }
    }
  }, {
    "placeVisit" : {
      "location" : {
        "latitudeE7" : -258774094,
        "longitudeE7" : 281642110,
        "placeId" : "ChIJu-8V1qhllR4Rz-3GwYYc7G0",
        "address" : "1121 Violin St\nBrakfontein 399-Jr\nCenturion\nSouth Africa",
        "name" : "Centurion Lifestyle",
        "sourceInfo" : {
          "deviceTag" : -63513299
        },
        "locationConfidence" : 98.83169
      },
      "duration" : {
        "startTimestampMs" : "1577779779633",
        "endTimestampMs" : "1577781618624"
      },
      "placeConfidence" : "HIGH_CONFIDENCE",
      "childVisits" : [ {
        "location" : {
          "latitudeE7" : -258772503,
          "longitudeE7" : 281653211,
          "placeId" : "ChIJ-fEi_qhllR4R05xnUrFqcWc",
          "address" : "Shop G23/24/26, Centurion Lifestyle Centre Cnr Old Johannesburg Road and Lenchen South Road\nBrakfontein 399-Jr\nCenturion\n0046\nSouth Africa",
          "name" : "RocoMamas Centurion Lifestyle Centre",
          "sourceInfo" : {
            "deviceTag" : -63513299
          },
          "locationConfidence" : 86.98657
        },
        "duration" : {
          "startTimestampMs" : "1577779779633",
          "endTimestampMs" : "1577781618624"
        },
        "placeConfidence" : "MEDIUM_CONFIDENCE",
        "centerLatE7" : -258771700,
        "centerLngE7" : 281651956,
        "visitConfidence" : 94,
        "otherCandidateLocations" : [ {
          "latitudeE7" : -258767172,
          "longitudeE7" : 281656992,
          "placeId" : "ChIJ2QdpzK5llR4RzrkLxoR3Zu0",
          "locationConfidence" : 10.591442
        }, {
          "latitudeE7" : -258773448,
          "longitudeE7" : 281653564,
          "placeId" : "ChIJPQpp0a5llR4R8kXWjclAcW8",
          "locationConfidence" : 0.58698314
        }, {
          "latitudeE7" : -258756154,
          "longitudeE7" : 281671493,
          "placeId" : "ChIJmTEijq5llR4RvhoBX4IFTkI",
          "locationConfidence" : 0.32149002
        }, {
          "latitudeE7" : -258787476,
          "longitudeE7" : 281639866,
          "placeId" : "ChIJ5xPKp6lllR4RYJGbsiNYakE",
          "locationConfidence" : 0.1937842
        } ],
        "editConfirmationStatus" : "NOT_CONFIRMED"
      } ],
      "centerLatE7" : -258771700,
      "centerLngE7" : 281651956,
      "visitConfidence" : 94,
      "otherCandidateLocations" : [ {
        "latitudeE7" : -258773448,
        "longitudeE7" : 281653564,
        "placeId" : "ChIJPQpp0a5llR4R8kXWjclAcW8",
        "locationConfidence" : 0.6669136
      }, {
        "latitudeE7" : -258756154,
        "longitudeE7" : 281671493,
        "placeId" : "ChIJmTEijq5llR4RvhoBX4IFTkI",
        "locationConfidence" : 0.36526787
      }, {
        "latitudeE7" : -258775590,
        "longitudeE7" : 281650990,
        "placeId" : "ChIJGRPIyK5llR4RwguUiqxk6zw",
        "locationConfidence" : 0.09733103
      }, {
        "latitudeE7" : -258778771,
        "longitudeE7" : 281650558,
        "placeId" : "ChIJF_eaKq9llR4R_3kFgxN-5o0",
        "locationConfidence" : 0.030216286
      } ],
      "editConfirmationStatus" : "NOT_CONFIRMED"
    }
  }, {
    "activitySegment" : {
      "startLocation" : {
        "latitudeE7" : -258771664,
        "longitudeE7" : 281652449
      },
      "endLocation" : {
        "latitudeE7" : -258625876,
        "longitudeE7" : 281680223
      },
      "duration" : {
        "startTimestampMs" : "1577781618624",
        "endTimestampMs" : "1577782279162"
      },
      "distance" : 1644,
      "activityType" : "IN_PASSENGER_VEHICLE",
      "confidence" : "HIGH",
      "activities" : [ {
        "activityType" : "IN_PASSENGER_VEHICLE",
        "probability" : 89.3806517124176
      }, {
        "activityType" : "MOTORCYCLING",
        "probability" : 5.5569179356098175
      }, {
        "activityType" : "WALKING",
        "probability" : 1.74349844455719
      }, {
        "activityType" : "STILL",
        "probability" : 1.5318384394049644
      }, {
        "activityType" : "CYCLING",
        "probability" : 1.068827137351036
      }, {
        "activityType" : "IN_BUS",
        "probability" : 0.5471899174153805
      }, {
        "activityType" : "SKIING",
        "probability" : 0.04823017516173422
      }, {
        "activityType" : "IN_FERRY",
        "probability" : 0.039917550748214126
      }, {
        "activityType" : "RUNNING",
        "probability" : 0.036370038287714124
      }, {
        "activityType" : "IN_SUBWAY",
        "probability" : 0.02038379170699045
      }, {
        "activityType" : "IN_TRAM",
        "probability" : 0.008931058982852846
      }, {
        "activityType" : "FLYING",
        "probability" : 0.006726494757458568
      }, {
        "activityType" : "IN_TRAIN",
        "probability" : 0.005179005165700801
      }, {
        "activityType" : "SAILING",
        "probability" : 0.0051771465223282576
      }, {
        "activityType" : "IN_VEHICLE",
        "probability" : 1.626084895178792E-4
      } ],
      "waypointPath" : {
        "waypoints" : [ {
          "latE7" : -258771266,
          "lngE7" : 281651554
        }, {
          "latE7" : -258725318,
          "lngE7" : 281733646
        }, {
          "latE7" : -258625984,
          "lngE7" : 281680870
        } ]
      }
    }
  }, {
    "placeVisit" : {
      "location" : {
        "latitudeE7" : -258626486,
        "longitudeE7" : 281679510,
        "placeId" : "ChIJQUJznlFklR4RXph7DWD17Kg",
        "address" : "Hendrik Verwoerd Dr\nHennopspark\nCenturion\n0157\nSouth Africa",
        "name" : "Shell",
        "sourceInfo" : {
          "deviceTag" : -63513299
        },
        "locationConfidence" : 77.52107
      },
      "duration" : {
        "startTimestampMs" : "1577782279162",
        "endTimestampMs" : "1577787207206"
      },
      "placeConfidence" : "MEDIUM_CONFIDENCE",
      "centerLatE7" : -258627555,
      "centerLngE7" : 281680036,
      "visitConfidence" : 94,
      "otherCandidateLocations" : [ {
        "latitudeE7" : -258627939,
        "longitudeE7" : 281678060,
        "placeId" : "ChIJ5zc9dlFklR4Rn2YmTJZT1qc",
        "locationConfidence" : 9.6765
      }, {
        "latitudeE7" : -258645260,
        "longitudeE7" : 281701340,
        "placeId" : "ChIJ33DbIlJklR4Rarj_VF_uSWg",
        "locationConfidence" : 3.7272573
      }, {
        "latitudeE7" : -258615580,
        "longitudeE7" : 281670380,
        "placeId" : "ChIJS8BCG1FklR4RtEVk46hjQ7c",
        "locationConfidence" : 2.0538132
      }, {
        "latitudeE7" : -258628342,
        "longitudeE7" : 281687098,
        "placeId" : "ChIJj74cl1FklR4R92cNvMqM1GI",
        "locationConfidence" : 1.348103
      }, {
        "latitudeE7" : -258627939,
        "longitudeE7" : 281678060,
        "placeId" : "ChIJ5zc9dlFklR4RRAwY2RP6doE",
        "locationConfidence" : 1.2975211
      }, {
        "latitudeE7" : -258620517,
        "longitudeE7" : 281679603,
        "placeId" : "ChIJdTZMFFFklR4RzcoAIA2YDgU",
        "locationConfidence" : 1.176294
      }, {
        "latitudeE7" : -258636686,
        "longitudeE7" : 281667331,
        "placeId" : "ChIJO75AXVFklR4Ri6jpEWc0AFU",
        "locationConfidence" : 1.0431206
      }, {
        "latitudeE7" : -258627580,
        "longitudeE7" : 281680490,
        "placeId" : "ChIJT4BLnFFklR4R2taM54aLIUo",
        "locationConfidence" : 0.77939945
      }, {
        "latitudeE7" : -258631050,
        "longitudeE7" : 281699120,
        "placeId" : "ChIJhYe9URtilR4RJMPMW7sU6pE",
        "locationConfidence" : 0.7423241
      } ],
      "editConfirmationStatus" : "NOT_CONFIRMED"
    }
  }, {
    "activitySegment" : {
      "startLocation" : {
        "latitudeE7" : -258629085,
        "longitudeE7" : 281681649
      },
      "endLocation" : {
        "latitudeE7" : -258560789,
        "longitudeE7" : 281625389
      },
      "duration" : {
        "startTimestampMs" : "1577787207206",
        "endTimestampMs" : "1577788108302"
      },
      "distance" : 1028,
      "activityType" : "IN_PASSENGER_VEHICLE",
      "confidence" : "HIGH",
      "activities" : [ {
        "activityType" : "IN_PASSENGER_VEHICLE",
        "probability" : 89.82089161872864
      }, {
        "activityType" : "MOTORCYCLING",
        "probability" : 3.8308199495077133
      }, {
        "activityType" : "WALKING",
        "probability" : 3.557850420475006
      }, {
        "activityType" : "CYCLING",
        "probability" : 1.6116108745336533
      }, {
        "activityType" : "STILL",
        "probability" : 1.0126055218279362
      }, {
        "activityType" : "IN_BUS",
        "probability" : 0.06350810872390866
      }, {
        "activityType" : "RUNNING",
        "probability" : 0.05461012478917837
      }, {
        "activityType" : "IN_FERRY",
        "probability" : 0.02649159578140825
      }, {
        "activityType" : "SKIING",
        "probability" : 0.011770223500207067
      }, {
        "activityType" : "FLYING",
        "probability" : 0.004698976408690214
      }, {
        "activityType" : "SAILING",
        "probability" : 0.0020297848095651716
      }, {
        "activityType" : "IN_TRAIN",
        "probability" : 0.0016614112610113807
      }, {
        "activityType" : "IN_TRAM",
        "probability" : 9.23716197576141E-4
      }, {
        "activityType" : "IN_SUBWAY",
        "probability" : 5.14596831635572E-4
      }, {
        "activityType" : "IN_VEHICLE",
        "probability" : 1.611750093388764E-5
      } ],
      "waypointPath" : {
        "waypoints" : [ {
          "latE7" : -258629093,
          "lngE7" : 281682262
        }, {
          "latE7" : -258623447,
          "lngE7" : 281624794
        }, {
          "latE7" : -258560638,
          "lngE7" : 281622905
        } ]
      },
      "simplifiedRawPath" : {
        "points" : [ {
          "latE7" : -258626358,
          "lngE7" : 281659599,
          "timestampMs" : "1577787808162",
          "accuracyMeters" : 28
        } ]
      }
    }
  }, {
    "placeVisit" : {
      "location" : {
        "latitudeE7" : -258559780,
        "longitudeE7" : 281626430,
        "placeId" : "ChIJgf7JGllklR4RTqYK8tHPm_w",
        "address" : "13 Willem Rd\nEldoraigne\nCenturion\n0157\nSouth Africa",
        "name" : "13 Willem Rd",
        "semanticType" : "TYPE_HOME",
        "sourceInfo" : {
          "deviceTag" : -63513299
        },
        "locationConfidence" : 97.24321
      },
      "duration" : {
        "startTimestampMs" : "1577788108302",
        "endTimestampMs" : "1577789348196"
      },
      "placeConfidence" : "HIGH_CONFIDENCE",
      "centerLatE7" : -258558811,
      "centerLngE7" : 281623022,
      "visitConfidence" : 86,
      "otherCandidateLocations" : [ {
        "latitudeE7" : -258584100,
        "longitudeE7" : 281624600,
        "placeId" : "ChIJWVS1zllklR4R7ih8EDjLG2g",
        "semanticType" : "TYPE_SEARCHED_ADDRESS",
        "locationConfidence" : 1.6984249
      }, {
        "latitudeE7" : -258565130,
        "longitudeE7" : 281611230,
        "placeId" : "ChIJjc378FhklR4R-lrwm02iVNY",
        "semanticType" : "TYPE_SEARCHED_ADDRESS",
        "locationConfidence" : 0.42165396
      }, {
        "latitudeE7" : -258570590,
        "longitudeE7" : 281625620,
        "placeId" : "ChIJGZkpr1lklR4RvXt8NOQ53JI",
        "semanticType" : "TYPE_SEARCHED_ADDRESS",
        "locationConfidence" : 0.23249695
      }, {
        "latitudeE7" : -258563284,
        "longitudeE7" : 281638659,
        "placeId" : "ChIJUyXs_eRllR4R9OdOSKpRzI8",
        "locationConfidence" : 0.10303549
      } ],
      "editConfirmationStatus" : "NOT_CONFIRMED"
    }
  } ]
}