{
  "timelineObjects" : [ {
    "placeVisit" : {
      "location" : {
        "latitudeE7" : -258559780,
        "longitudeE7" : 281626430,
        "placeId" : "ChIJgf7JGllklR4RTqYK8tHPm_w",
        "address" : "13 Willem Rd\nEldoraigne\nCenturion\n0157\nSouth Africa",
        "name" : "13 Willem Rd",
        "semanticType" : "TYPE_HOME",
        "sourceInfo" : {
          "deviceTag" : -63513299
        },
        "locationConfidence" : 97.36697
      },
      "duration" : {
        "startTimestampMs" : "1570032726229",
        "endTimestampMs" : "1570121825188"
      },
      "placeConfidence" : "HIGH_CONFIDENCE",
      "centerLatE7" : -258560141,
      "centerLngE7" : 281625794,
      "visitConfidence" : 91,
      "otherCandidateLocations" : [ {
        "latitudeE7" : -258584100,
        "longitudeE7" : 281624600,
        "placeId" : "ChIJWVS1zllklR4R7ih8EDjLG2g",
        "semanticType" : "TYPE_SEARCHED_ADDRESS",
        "locationConfidence" : 1.7351029
      }, {
        "latitudeE7" : -258565130,
        "longitudeE7" : 281611230,
        "placeId" : "ChIJjc378FhklR4R-lrwm02iVNY",
        "semanticType" : "TYPE_SEARCHED_ADDRESS",
        "locationConfidence" : 0.17985211
      }, {
        "latitudeE7" : -258570590,
        "longitudeE7" : 281625620,
        "placeId" : "ChIJGZkpr1lklR4RvXt8NOQ53JI",
        "semanticType" : "TYPE_SEARCHED_ADDRESS",
        "locationConfidence" : 0.17218164
      }, {
        "latitudeE7" : -258563284,
        "longitudeE7" : 281638659,
        "placeId" : "ChIJUyXs_eRllR4R9OdOSKpRzI8",
        "locationConfidence" : 0.15586369
      } ],
      "editConfirmationStatus" : "NOT_CONFIRMED"
    }
  }, {
    "placeVisit" : {
      "location" : {
        "latitudeE7" : -341275400,
        "longitudeE7" : 221173600,
        "placeId" : "ChIJB9P5JEhp1h0RO3hG5jtds2c",
        "address" : "Groenkop St\nHartenbos\nMossel Bay\n6520\nSouth Africa",
        "name" : "ATKV Hartenbos",
        "sourceInfo" : {
          "deviceTag" : -63513299
        },
        "locationConfidence" : 40.20789
      },
      "duration" : {
        "startTimestampMs" : "1570254408725",
        "endTimestampMs" : "1570255017477"
      },
      "placeConfidence" : "LOW_CONFIDENCE",
      "centerLatE7" : -341281475,
      "centerLngE7" : 221142462,
      "visitConfidence" : 90,
      "otherCandidateLocations" : [ {
        "latitudeE7" : -341270484,
        "longitudeE7" : 221172404,
        "placeId" : "ChIJHwNcOThp1h0RchMW0XKbepg",
        "locationConfidence" : 15.6438
      }, {
        "latitudeE7" : -341283300,
        "longitudeE7" : 221133299,
        "placeId" : "ChIJpzNBijlp1h0RV6B7LLZmtPY",
        "locationConfidence" : 13.585549
      }, {
        "latitudeE7" : -341285580,
        "longitudeE7" : 221138490,
        "placeId" : "ChIJbRL8Cthp1h0R6o0PVPnQZvc",
        "locationConfidence" : 10.724312
      }, {
        "latitudeE7" : -341291426,
        "longitudeE7" : 221128471,
        "placeId" : "ChIJjb9SKTpp1h0RUWEsZfY-Oz4",
        "locationConfidence" : 2.6169696
      }, {
        "latitudeE7" : -341294080,
        "longitudeE7" : 221151660,
        "placeId" : "ChIJ9Wm1Djlp1h0RmWde1hKEcyE",
        "locationConfidence" : 2.4091508
      }, {
        "latitudeE7" : -341271978,
        "longitudeE7" : 221176078,
        "placeId" : "ChIJr9alNjhp1h0RCNeVkNNqJJw",
        "locationConfidence" : 1.3549864
      }, {
        "latitudeE7" : -341282160,
        "longitudeE7" : 221159720,
        "placeId" : "ChIJraeisTlp1h0RdmCmP653op4",
        "locationConfidence" : 1.1576713
      }, {
        "latitudeE7" : -341265652,
        "longitudeE7" : 221161178,
        "placeId" : "ChIJKRqh1Dlp1h0R7MgRjKxAlKc",
        "locationConfidence" : 1.1133449
      }, {
        "latitudeE7" : -341275963,
        "longitudeE7" : 221164167,
        "placeId" : "ChIJz1qlL3Jp1h0RvHk8ldr3e3E",
        "locationConfidence" : 0.87481225
      } ],
      "editConfirmationStatus" : "NOT_CONFIRMED"
    }
  }, {
    "placeVisit" : {
      "location" : {
        "latitudeE7" : -341275400,
        "longitudeE7" : 221173600,
        "placeId" : "ChIJB9P5JEhp1h0RO3hG5jtds2c",
        "address" : "Groenkop St\nHartenbos\nMossel Bay\n6520\nSouth Africa",
        "name" : "ATKV Hartenbos",
        "sourceInfo" : {
          "deviceTag" : -63513299
        },
        "locationConfidence" : 53.01291
      },
      "duration" : {
        "startTimestampMs" : "1570380145069",
        "endTimestampMs" : "1570380918797"
      },
      "placeConfidence" : "MEDIUM_CONFIDENCE",
      "centerLatE7" : -341289750,
      "centerLngE7" : 221145800,
      "visitConfidence" : 92,
      "otherCandidateLocations" : [ {
        "latitudeE7" : -341270484,
        "longitudeE7" : 221172404,
        "placeId" : "ChIJHwNcOThp1h0RchMW0XKbepg",
        "locationConfidence" : 18.867981
      }, {
        "latitudeE7" : -341294080,
        "longitudeE7" : 221151660,
        "placeId" : "ChIJ9Wm1Djlp1h0RmWde1hKEcyE",
        "locationConfidence" : 9.526838
      }, {
        "latitudeE7" : -341283300,
        "longitudeE7" : 221133299,
        "placeId" : "ChIJpzNBijlp1h0RV6B7LLZmtPY",
        "locationConfidence" : 4.2275553
      }, {
        "latitudeE7" : -341285580,
        "longitudeE7" : 221138490,
        "placeId" : "ChIJbRL8Cthp1h0R6o0PVPnQZvc",
        "locationConfidence" : 3.2802227
      }, {
        "latitudeE7" : -341282160,
        "longitudeE7" : 221159720,
        "placeId" : "ChIJraeisTlp1h0RdmCmP653op4",
        "locationConfidence" : 1.3810538
      }, {
        "latitudeE7" : -341275382,
        "longitudeE7" : 221173791,
        "placeId" : "ChIJaSgvTzdp1h0R70JoAjg2gGM",
        "locationConfidence" : 1.2793561
      }, {
        "latitudeE7" : -341275963,
        "longitudeE7" : 221164167,
        "placeId" : "ChIJz1qlL3Jp1h0RvHk8ldr3e3E",
        "locationConfidence" : 0.96836656
      }, {
        "latitudeE7" : -341291426,
        "longitudeE7" : 221128471,
        "placeId" : "ChIJjb9SKTpp1h0RUWEsZfY-Oz4",
        "locationConfidence" : 0.80070865
      }, {
        "latitudeE7" : -341289810,
        "longitudeE7" : 221145240,
        "placeId" : "ChIJt2odnzlp1h0RirFUQmOmYWA",
        "locationConfidence" : 0.7633064
      } ],
      "editConfirmationStatus" : "NOT_CONFIRMED"
    }
  }, {
    "placeVisit" : {
      "location" : {
        "placeId" : "ChIJYaE2kDlp1h0RAAAAAAAAAAA",
        "locationConfidence" : 100.0
      },
      "duration" : {
        "startTimestampMs" : "1570523795000",
        "endTimestampMs" : "1570596008000"
      },
      "placeConfidence" : "USER_CONFIRMED",
      "visitConfidence" : 100,
      "otherCandidateLocations" : [ {
        "latitudeE7" : -341275400,
        "longitudeE7" : 221173600,
        "placeId" : "ChIJB9P5JEhp1h0RO3hG5jtds2c",
        "name" : "ATKV Hartenbos",
        "sourceInfo" : {
          "deviceTag" : -63513299
        },
        "locationConfidence" : 38.07906
      }, {
        "latitudeE7" : -341270484,
        "longitudeE7" : 221172404,
        "placeId" : "ChIJHwNcOThp1h0RchMW0XKbepg",
        "locationConfidence" : 20.547577
      }, {
        "latitudeE7" : -341294080,
        "longitudeE7" : 221151660,
        "placeId" : "ChIJ9Wm1Djlp1h0RmWde1hKEcyE",
        "locationConfidence" : 19.170612
      }, {
        "latitudeE7" : -341285580,
        "longitudeE7" : 221138490,
        "placeId" : "ChIJbRL8Cthp1h0R6o0PVPnQZvc",
        "locationConfidence" : 4.7756996
      }, {
        "latitudeE7" : -341283300,
        "longitudeE7" : 221133299,
        "placeId" : "ChIJpzNBijlp1h0RV6B7LLZmtPY",
        "locationConfidence" : 3.5584505
      }, {
        "latitudeE7" : -341285544,
        "longitudeE7" : 221146012,
        "placeId" : "ChIJp94imDlp1h0RKeljY5967fs",
        "locationConfidence" : 1.761828
      }, {
        "latitudeE7" : -341271978,
        "longitudeE7" : 221176078,
        "placeId" : "ChIJr9alNjhp1h0RCNeVkNNqJJw",
        "locationConfidence" : 1.4588754
      }, {
        "latitudeE7" : -341282160,
        "longitudeE7" : 221159720,
        "placeId" : "ChIJraeisTlp1h0RdmCmP653op4",
        "locationConfidence" : 1.0165619
      }, {
        "latitudeE7" : -341285012,
        "longitudeE7" : 221146215,
        "placeId" : "ChIJ2fv0lzlp1h0RRz4gTbCG2YQ",
        "locationConfidence" : 0.8615491
      }, {
        "latitudeE7" : -341289779,
        "longitudeE7" : 221158940,
        "placeId" : "ChIJ03gyRcBp1h0RrzmlDH_PgtU",
        "locationConfidence" : 0.674459
      } ],
      "editConfirmationStatus" : "CONFIRMED"
    }
  }, {
    "placeVisit" : {
      "location" : {
        "latitudeE7" : -258559780,
        "longitudeE7" : 281626430,
        "placeId" : "ChIJgf7JGllklR4RTqYK8tHPm_w",
        "address" : "13 Willem Rd\nEldoraigne\nCenturion\n0157\nSouth Africa",
        "name" : "13 Willem Rd",
        "semanticType" : "TYPE_HOME",
        "sourceInfo" : {
          "deviceTag" : -63513299
        },
        "locationConfidence" : 96.6408
      },
      "duration" : {
        "startTimestampMs" : "1571552906307",
        "endTimestampMs" : "1571561236008"
      },
      "placeConfidence" : "HIGH_CONFIDENCE",
      "centerLatE7" : -258558528,
      "centerLngE7" : 281625692,
      "visitConfidence" : 85,
      "otherCandidateLocations" : [ {
        "latitudeE7" : -258584100,
        "longitudeE7" : 281624600,
        "placeId" : "ChIJWVS1zllklR4R7ih8EDjLG2g",
        "semanticType" : "TYPE_SEARCHED_ADDRESS",
        "locationConfidence" : 1.8051502
      }, {
        "latitudeE7" : -258565130,
        "longitudeE7" : 281611230,
        "placeId" : "ChIJjc378FhklR4R-lrwm02iVNY",
        "semanticType" : "TYPE_SEARCHED_ADDRESS",
        "locationConfidence" : 0.34410542
      }, {
        "latitudeE7" : -258560800,
        "longitudeE7" : 281633500,
        "placeId" : "ChIJqbfuDFlklR4R62Y6o0Rpy9w",
        "locationConfidence" : 0.228225
      }, {
        "latitudeE7" : -258570590,
        "longitudeE7" : 281625620,
        "placeId" : "ChIJGZkpr1lklR4RvXt8NOQ53JI",
        "semanticType" : "TYPE_SEARCHED_ADDRESS",
        "locationConfidence" : 0.21946426
      } ],
      "editConfirmationStatus" : "NOT_CONFIRMED"
    }
  }, {
    "placeVisit" : {
      "location" : {
        "latitudeE7" : -258559780,
        "longitudeE7" : 281626430,
        "placeId" : "ChIJgf7JGllklR4RTqYK8tHPm_w",
        "address" : "13 Willem Rd\nEldoraigne\nCenturion\n0157\nSouth Africa",
        "name" : "13 Willem Rd",
        "semanticType" : "TYPE_HOME",
        "sourceInfo" : {
          "deviceTag" : -63513299
        },
        "locationConfidence" : 97.02207
      },
      "duration" : {
        "startTimestampMs" : "1571803622965",
        "endTimestampMs" : "1571828011327"
      },
      "placeConfidence" : "HIGH_CONFIDENCE",
      "centerLatE7" : -258559825,
      "centerLngE7" : 281625300,
      "visitConfidence" : 85,
      "otherCandidateLocations" : [ {
        "latitudeE7" : -258584100,
        "longitudeE7" : 281624600,
        "placeId" : "ChIJWVS1zllklR4R7ih8EDjLG2g",
        "semanticType" : "TYPE_SEARCHED_ADDRESS",
        "locationConfidence" : 1.8867778
      }, {
        "latitudeE7" : -258565130,
        "longitudeE7" : 281611230,
        "placeId" : "ChIJjc378FhklR4R-lrwm02iVNY",
        "semanticType" : "TYPE_SEARCHED_ADDRESS",
        "locationConfidence" : 0.23524347
      }, {
        "latitudeE7" : -258570590,
        "longitudeE7" : 281625620,
        "placeId" : "ChIJGZkpr1lklR4RvXt8NOQ53JI",
        "semanticType" : "TYPE_SEARCHED_ADDRESS",
        "locationConfidence" : 0.20986816
      }, {
        "latitudeE7" : -258560800,
        "longitudeE7" : 281633500,
        "placeId" : "ChIJqbfuDFlklR4R62Y6o0Rpy9w",
        "locationConfidence" : 0.14419474
      } ],
      "editConfirmationStatus" : "NOT_CONFIRMED"
    }
  }, {
    "activitySegment" : {
      "startLocation" : {
        "latitudeE7" : -258175599,
        "longitudeE7" : 282656197,
        "sourceInfo" : {
          "deviceTag" : -63513299
        }
      },
      "endLocation" : {
        "latitudeE7" : -258771689,
        "longitudeE7" : 281652286,
        "sourceInfo" : {
          "deviceTag" : -63513299
        }
      },
      "duration" : {
        "startTimestampMs" : "1572002934784",
        "endTimestampMs" : "1572017814868"
      },
      "distance" : 12061,
      "activityType" : "IN_PASSENGER_VEHICLE",
      "confidence" : "HIGH",
      "activities" : [ {
        "activityType" : "IN_PASSENGER_VEHICLE",
        "probability" : 95.66987665819047
      }, {
        "activityType" : "WALKING",
        "probability" : 2.939123305265688
      }, {
        "activityType" : "IN_BUS",
        "probability" : 0.8516147748812665
      } ],
      "waypointPath" : {
        "waypoints" : [ {
          "latE7" : -258175315,
          "lngE7" : 282656211
        }, {
          "latE7" : -258133163,
          "lngE7" : 282628822
        }, {
          "latE7" : -258771266,
          "lngE7" : 281651554
        } ]
      }
    }
  }, {
    "placeVisit" : {
      "location" : {
        "latitudeE7" : -258976925,
        "longitudeE7" : 281737044,
        "placeId" : "ChIJ-cyvLhBllR4RZJTIKwM2R2I",
        "address" : "Brakfontein 399-Jr\nCenturion\nSouth Africa",
        "name" : "Brakfontein 399-Jr"
      },
      "duration" : {
        "startTimestampMs" : "1572017814868",
        "endTimestampMs" : "1572019995244"
      },
      "placeConfidence" : "HIGH_CONFIDENCE",
      "centerLatE7" : -258771947,
      "centerLngE7" : 281651580,
      "visitConfidence" : 92,
      "otherCandidateLocations" : [ {
        "latitudeE7" : -258773448,
        "longitudeE7" : 281653564,
        "placeId" : "ChIJPQpp0a5llR4R8kXWjclAcW8",
        "locationConfidence" : 0.6695259
      }, {
        "latitudeE7" : -258772315,
        "longitudeE7" : 281648600,
        "placeId" : "ChIJMQpcLalllR4Rk37SKV1tTSg",
        "locationConfidence" : 0.6492103
      }, {
        "latitudeE7" : -258778771,
        "longitudeE7" : 281650558,
        "placeId" : "ChIJF_eaKq9llR4R_3kFgxN-5o0",
        "locationConfidence" : 0.46190953
      }, {
        "latitudeE7" : -258775590,
        "longitudeE7" : 281650990,
        "placeId" : "ChIJGRPIyK5llR4RwguUiqxk6zw",
        "locationConfidence" : 0.43739733
      } ],
      "editConfirmationStatus" : "CONFIRMED"
    }
  }, {
    "activitySegment" : {
      "startLocation" : {
        "latitudeE7" : -258771623,
        "longitudeE7" : 281652309,
        "sourceInfo" : {
          "deviceTag" : -63513299
        }
      },
      "endLocation" : {
        "latitudeE7" : -258710786,
        "longitudeE7" : 281375755,
        "sourceInfo" : {
          "deviceTag" : -63513299
        }
      },
      "duration" : {
        "startTimestampMs" : "1572019995244",
        "endTimestampMs" : "1572077589762"
      },
      "distance" : 5432,
      "activityType" : "IN_PASSENGER_VEHICLE",
      "confidence" : "HIGH",
      "activities" : [ {
        "activityType" : "IN_PASSENGER_VEHICLE",
        "probability" : 88.33253471686596
      }, {
        "activityType" : "WALKING",
        "probability" : 6.838262648494118
      }, {
        "activityType" : "MOTORCYCLING",
        "probability" : 2.301385979061252
      } ],
      "waypointPath" : {
        "waypoints" : [ {
          "latE7" : -258771266,
          "lngE7" : 281651554
        }, {
          "latE7" : -258721446,
          "lngE7" : 281607913
        }, {
          "latE7" : -258707981,
          "lngE7" : 281374149
        } ]
      }
    }
  }, {
    "placeVisit" : {
      "location" : {
        "latitudeE7" : -258710080,
        "longitudeE7" : 281381980,
        "placeId" : "ChIJS_ga3OBklR4R1NHIy5dRnU4",
        "address" : "Basement Parking Under Game The Mall @ Reds Hendrik Verwoerd Drive Centurion\nRooihuiskraal North\nPretoria\n0149\nSouth Africa",
        "name" : "The Flower Market",
        "sourceInfo" : {
          "deviceTag" : -63513299
        },
        "locationConfidence" : 27.529745
      },
      "duration" : {
        "startTimestampMs" : "1572077589762",
        "endTimestampMs" : "1572077900344"
      },
      "placeConfidence" : "LOW_CONFIDENCE",
      "centerLatE7" : -258709760,
      "centerLngE7" : 281375420,
      "visitConfidence" : 92,
      "otherCandidateLocations" : [ {
        "latitudeE7" : -258709211,
        "longitudeE7" : 281378231,
        "placeId" : "ChIJQSckX-BklR4RYwhzvqWiHcY",
        "locationConfidence" : 11.066737
      }, {
        "latitudeE7" : -258709231,
        "longitudeE7" : 281378226,
        "placeId" : "ChIJM7Vee2ZllR4RoF79lznlRfg",
        "locationConfidence" : 8.903501
      }, {
        "latitudeE7" : -258711245,
        "longitudeE7" : 281377952,
        "placeId" : "ChIJ96pN2-BklR4R3G6eFpstfD8",
        "locationConfidence" : 6.8714
      }, {
        "latitudeE7" : -258705930,
        "longitudeE7" : 281376240,
        "placeId" : "ChIJB-5pmOBklR4RuzYFsDLYM9s",
        "locationConfidence" : 5.346531
      }, {
        "latitudeE7" : -258730459,
        "longitudeE7" : 281385438,
        "placeId" : "ChIJOyclU-BklR4RXxVvgxznHcg",
        "locationConfidence" : 3.292494
      }, {
        "latitudeE7" : -258727533,
        "longitudeE7" : 281378391,
        "placeId" : "ChIJQ3dQZHZhlR4RXT5qGhaJSl0",
        "locationConfidence" : 2.9715838
      }, {
        "latitudeE7" : -258692813,
        "longitudeE7" : 281363617,
        "placeId" : "ChIJFffvT-dklR4R1SNQ2bwu3c4",
        "locationConfidence" : 2.68085
      }, {
        "latitudeE7" : -258706599,
        "longitudeE7" : 281368640,
        "placeId" : "ChIJG-zrtuBklR4RjCtQofGfcS0",
        "locationConfidence" : 1.5361608
      }, {
        "latitudeE7" : -258715800,
        "longitudeE7" : 281373490,
        "placeId" : "ChIJ6SAZ7eBklR4Rg-jPy0e8eAU",
        "locationConfidence" : 1.1883274
      } ],
      "editConfirmationStatus" : "NOT_CONFIRMED"
    }
  }, {
    "activitySegment" : {
      "startLocation" : {
        "latitudeE7" : -258710080,
        "longitudeE7" : 281381980,
        "sourceInfo" : {
          "deviceTag" : -63513299
        }
      },
      "endLocation" : {
        "latitudeE7" : -260014062,
        "longitudeE7" : 279820426,
        "sourceInfo" : {
          "deviceTag" : -63513299
        }
      },
      "duration" : {
        "startTimestampMs" : "1572077900344",
        "endTimestampMs" : "1572080370397"
      },
      "distance" : 28560,
      "activityType" : "IN_PASSENGER_VEHICLE",
      "confidence" : "HIGH",
      "activities" : [ {
        "activityType" : "IN_PASSENGER_VEHICLE",
        "probability" : 98.47032886158878
      }, {
        "activityType" : "IN_BUS",
        "probability" : 0.7992497703101478
      }, {
        "activityType" : "WALKING",
        "probability" : 0.5522952305641816
      } ],
      "waypointPath" : {
        "waypoints" : [ {
          "latE7" : -258706684,
          "lngE7" : 281381111
        }, {
          "latE7" : -259368877,
          "lngE7" : 279897193
        }, {
          "latE7" : -260022087,
          "lngE7" : 279822978
        } ]
      }
    }
  }, {
    "placeVisit" : {
      "location" : {
        "latitudeE7" : -260019107,
        "longitudeE7" : 279823937,
        "placeId" : "ChIJeew6tuR2lR4R9afREJOhEuc",
        "address" : "Broadacres Lifestyle Centre Cnr Valley Rd &\nCedar Rd\nFourways\nSandton\n2055\nSouth Africa",
        "name" : "Buitengeluk Broadacres",
        "sourceInfo" : {
          "deviceTag" : -63513299
        },
        "locationConfidence" : 80.973335
      },
      "duration" : {
        "startTimestampMs" : "1572080370397",
        "endTimestampMs" : "1572081610772"
      },
      "placeConfidence" : "MEDIUM_CONFIDENCE",
      "centerLatE7" : -260018944,
      "centerLngE7" : 279820119,
      "visitConfidence" : 96,
      "otherCandidateLocations" : [ {
        "latitudeE7" : -260009178,
        "longitudeE7" : 279834677,
        "placeId" : "ChIJoVhQ6rt2lR4Rk98Md830wXc",
        "locationConfidence" : 9.22965
      }, {
        "latitudeE7" : -260026999,
        "longitudeE7" : 279827816,
        "placeId" : "ChIJQ1AbKft2lR4RP5Z2PAafuxQ",
        "locationConfidence" : 1.5897923
      }, {
        "latitudeE7" : -260008672,
        "longitudeE7" : 279826934,
        "placeId" : "ChIJt21n6OR2lR4Rc1f1OUBoh1I",
        "locationConfidence" : 1.5231546
      }, {
        "latitudeE7" : -260001217,
        "longitudeE7" : 279831849,
        "placeId" : "ChIJ3b-e0uR2lR4RQ4XeS2bJAig",
        "locationConfidence" : 0.76560175
      }, {
        "latitudeE7" : -260022150,
        "longitudeE7" : 279849780,
        "placeId" : "ChIJ1Qpw4OR2lR4RDf3-hMHJXE0",
        "locationConfidence" : 0.71210927
      }, {
        "latitudeE7" : -260010214,
        "longitudeE7" : 279825372,
        "placeId" : "ChIJt21n6OR2lR4RzHhI1jnN7Jo",
        "locationConfidence" : 0.56016546
      } ],
      "editConfirmationStatus" : "NOT_CONFIRMED"
    }
  }, {
    "activitySegment" : {
      "startLocation" : {
        "latitudeE7" : -260023593,
        "longitudeE7" : 279819747,
        "sourceInfo" : {
          "deviceTag" : -63513299
        }
      },
      "endLocation" : {
        "latitudeE7" : -260192463,
        "longitudeE7" : 279858451,
        "sourceInfo" : {
          "deviceTag" : -63513299
        }
      },
      "duration" : {
        "startTimestampMs" : "1572081610772",
        "endTimestampMs" : "1572082203549"
      },
      "distance" : 3978,
      "activityType" : "IN_PASSENGER_VEHICLE",
      "confidence" : "HIGH",
      "activities" : [ {
        "activityType" : "IN_PASSENGER_VEHICLE",
        "probability" : 99.18244239859621
      }, {
        "activityType" : "WALKING",
        "probability" : 0.6090851680504596
      }, {
        "activityType" : "MOTORCYCLING",
        "probability" : 0.14543677595543936
      } ],
      "waypointPath" : {
        "waypoints" : [ {
          "latE7" : -260021209,
          "lngE7" : 279821319
        }, {
          "latE7" : -260108814,
          "lngE7" : 279949569
        }, {
          "latE7" : -260192031,
          "lngE7" : 279858474
        } ]
      }
    }
  }, {
    "placeVisit" : {
      "location" : {
        "latitudeE7" : -260192480,
        "longitudeE7" : 279867680,
        "placeId" : "ChIJ0Wh9tJN2lR4RxIrGfI_4qIo",
        "address" : "Salfred AH\nSandton\nSouth Africa",
        "name" : "Salfred AH"
      },
      "duration" : {
        "startTimestampMs" : "1572082203549",
        "endTimestampMs" : "1572113584539"
      },
      "placeConfidence" : "MEDIUM_CONFIDENCE",
      "centerLatE7" : -260192376,
      "centerLngE7" : 279862462,
      "visitConfidence" : 96,
      "otherCandidateLocations" : [ {
        "latitudeE7" : -260184982,
        "longitudeE7" : 279862133,
        "placeId" : "ChIJa9Sy_ZJ2lR4RdGmBwdxdHSM",
        "locationConfidence" : 4.958892
      }, {
        "latitudeE7" : -260197190,
        "longitudeE7" : 279865640,
        "placeId" : "ChIJm1mPAZN2lR4RwT3_V8ui80M",
        "locationConfidence" : 4.188582
      }, {
        "latitudeE7" : -260205590,
        "longitudeE7" : 279848330,
        "placeId" : "ChIJaSK5F5J2lR4RK7y2b9U4D0s",
        "locationConfidence" : 0.36798346
      }, {
        "latitudeE7" : -260199827,
        "longitudeE7" : 279865015,
        "placeId" : "ChIJhdmfzJN2lR4R98cdgMwIGTY",
        "locationConfidence" : 0.3198366
      } ],
      "editConfirmationStatus" : "CONFIRMED"
    }
  }, {
    "activitySegment" : {
      "startLocation" : {
        "latitudeE7" : -260191566,
        "longitudeE7" : 279863368,
        "sourceInfo" : {
          "deviceTag" : -63513299
        }
      },
      "endLocation" : {
        "latitudeE7" : -258605066,
        "longitudeE7" : 281585607,
        "sourceInfo" : {
          "deviceTag" : -63513299
        }
      },
      "duration" : {
        "startTimestampMs" : "1572113584539",
        "endTimestampMs" : "1572115923339"
      },
      "distance" : 27922,
      "activityType" : "IN_PASSENGER_VEHICLE",
      "confidence" : "HIGH",
      "activities" : [ {
        "activityType" : "IN_PASSENGER_VEHICLE",
        "probability" : 95.93551503229125
      }, {
        "activityType" : "WALKING",
        "probability" : 3.7720333171420006
      }, {
        "activityType" : "IN_BUS",
        "probability" : 0.11260850868515321
      } ],
      "waypointPath" : {
        "waypoints" : [ {
          "latE7" : -260191173,
          "lngE7" : 279863300
        }, {
          "latE7" : -260254440,
          "lngE7" : 281108074
        }, {
          "latE7" : -258560962,
          "lngE7" : 281622886
        } ]
      }
    }
  }, {
    "activitySegment" : {
      "startLocation" : {
        "latitudeE7" : -258605066,
        "longitudeE7" : 281585607,
        "sourceInfo" : {
          "deviceTag" : -63513299
        }
      },
      "endLocation" : {
        "latitudeE7" : -258560753,
        "longitudeE7" : 281626091,
        "sourceInfo" : {
          "deviceTag" : -63513299
        }
      },
      "duration" : {
        "startTimestampMs" : "1572115923339",
        "endTimestampMs" : "1572116076706"
      },
      "distance" : 637,
      "activityType" : "WALKING",
      "confidence" : "HIGH",
      "activities" : [ {
        "activityType" : "WALKING",
        "probability" : 95.93551503229125
      }, {
        "activityType" : "IN_PASSENGER_VEHICLE",
        "probability" : 3.7720333171420006
      }, {
        "activityType" : "IN_BUS",
        "probability" : 0.11260850868515321
      } ],
      "waypointPath" : {
        "waypoints" : [ {
          "latE7" : -258606662,
          "lngE7" : 281584949
        }, {
          "latE7" : -258605880,
          "lngE7" : 281619396
        }, {
          "latE7" : -258560543,
          "lngE7" : 281622924
        } ]
      }
    }
  }, {
    "placeVisit" : {
      "location" : {
        "latitudeE7" : -258559780,
        "longitudeE7" : 281626430,
        "placeId" : "ChIJgf7JGllklR4RTqYK8tHPm_w",
        "address" : "13 Willem Rd\nEldoraigne\nCenturion\n0157\nSouth Africa",
        "name" : "13 Willem Rd",
        "semanticType" : "TYPE_HOME",
        "sourceInfo" : {
          "deviceTag" : -63513299
        },
        "locationConfidence" : 97.0966
      },
      "duration" : {
        "startTimestampMs" : "1572116076706",
        "endTimestampMs" : "1572238652048"
      },
      "placeConfidence" : "HIGH_CONFIDENCE",
      "centerLatE7" : -258560271,
      "centerLngE7" : 281625150,
      "visitConfidence" : 92,
      "otherCandidateLocations" : [ {
        "latitudeE7" : -258584100,
        "longitudeE7" : 281624600,
        "placeId" : "ChIJWVS1zllklR4R7ih8EDjLG2g",
        "semanticType" : "TYPE_SEARCHED_ADDRESS",
        "locationConfidence" : 1.8433391
      }, {
        "latitudeE7" : -258565130,
        "longitudeE7" : 281611230,
        "placeId" : "ChIJjc378FhklR4R-lrwm02iVNY",
        "semanticType" : "TYPE_SEARCHED_ADDRESS",
        "locationConfidence" : 0.25461957
      }, {
        "latitudeE7" : -258570590,
        "longitudeE7" : 281625620,
        "placeId" : "ChIJGZkpr1lklR4RvXt8NOQ53JI",
        "semanticType" : "TYPE_SEARCHED_ADDRESS",
        "locationConfidence" : 0.22453676
      }, {
        "latitudeE7" : -258563284,
        "longitudeE7" : 281638659,
        "placeId" : "ChIJUyXs_eRllR4R9OdOSKpRzI8",
        "locationConfidence" : 0.13653782
      } ],
      "editConfirmationStatus" : "NOT_CONFIRMED"
    }
  }, {
    "placeVisit" : {
      "location" : {
        "latitudeE7" : -258559780,
        "longitudeE7" : 281626430,
        "placeId" : "ChIJgf7JGllklR4RTqYK8tHPm_w",
        "address" : "13 Willem Rd\nEldoraigne\nCenturion\n0157\nSouth Africa",
        "name" : "13 Willem Rd",
        "semanticType" : "TYPE_HOME",
        "sourceInfo" : {
          "deviceTag" : -63513299
        },
        "locationConfidence" : 97.30328
      },
      "duration" : {
        "startTimestampMs" : "1572407939701",
        "endTimestampMs" : "1572410804257"
      },
      "placeConfidence" : "HIGH_CONFIDENCE",
      "centerLatE7" : -258559391,
      "centerLngE7" : 281626236,
      "visitConfidence" : 93,
      "otherCandidateLocations" : [ {
        "latitudeE7" : -258584100,
        "longitudeE7" : 281624600,
        "placeId" : "ChIJWVS1zllklR4R7ih8EDjLG2g",
        "semanticType" : "TYPE_SEARCHED_ADDRESS",
        "locationConfidence" : 1.6892409
      }, {
        "latitudeE7" : -258560800,
        "longitudeE7" : 281633500,
        "placeId" : "ChIJqbfuDFlklR4R62Y6o0Rpy9w",
        "locationConfidence" : 0.17527121
      }, {
        "latitudeE7" : -258565130,
        "longitudeE7" : 281611230,
        "placeId" : "ChIJjc378FhklR4R-lrwm02iVNY",
        "semanticType" : "TYPE_SEARCHED_ADDRESS",
        "locationConfidence" : 0.17302486
      }, {
        "latitudeE7" : -258570590,
        "longitudeE7" : 281625620,
        "placeId" : "ChIJGZkpr1lklR4RvXt8NOQ53JI",
        "semanticType" : "TYPE_SEARCHED_ADDRESS",
        "locationConfidence" : 0.16118331
      } ],
      "editConfirmationStatus" : "NOT_CONFIRMED"
    }
  }, {
    "activitySegment" : {
      "startLocation" : {
        "latitudeE7" : -258560753,
        "longitudeE7" : 281626091,
        "sourceInfo" : {
          "deviceTag" : -63513299
        }
      },
      "endLocation" : {
        "latitudeE7" : -257562533,
        "longitudeE7" : 282783675,
        "sourceInfo" : {
          "deviceTag" : -63513299
        }
      },
      "duration" : {
        "startTimestampMs" : "1572410804257",
        "endTimestampMs" : "1572412802828"
      },
      "distance" : 20443,
      "activityType" : "IN_PASSENGER_VEHICLE",
      "confidence" : "HIGH",
      "activities" : [ {
        "activityType" : "IN_PASSENGER_VEHICLE",
        "probability" : 91.37104485299487
      }, {
        "activityType" : "WALKING",
        "probability" : 8.16297327337447
      }, {
        "activityType" : "IN_BUS",
        "probability" : 0.3866334357977639
      } ],
      "waypointPath" : {
        "waypoints" : [ {
          "latE7" : -258560543,
          "lngE7" : 281622924
        }, {
          "latE7" : -258037643,
          "lngE7" : 282605133
        }, {
          "latE7" : -257562923,
          "lngE7" : 282781753
        } ]
      }
    }
  }, {
    "activitySegment" : {
      "startLocation" : {
        "latitudeE7" : -257562533,
        "longitudeE7" : 282783675
      },
      "endLocation" : {
        "latitudeE7" : -257566771,
        "longitudeE7" : 282803438
      },
      "duration" : {
        "startTimestampMs" : "1572412802828",
        "endTimestampMs" : "1572412899478"
      },
      "distance" : 203,
      "activityType" : "WALKING",
      "confidence" : "HIGH",
      "activities" : [ {
        "activityType" : "WALKING",
        "probability" : 91.37104485299487
      }, {
        "activityType" : "IN_PASSENGER_VEHICLE",
        "probability" : 8.16297327337447
      }, {
        "activityType" : "IN_BUS",
        "probability" : 0.3866334357977639
      } ],
      "waypointPath" : {
        "waypoints" : [ {
          "latE7" : -257562923,
          "lngE7" : 282781753
        }, {
          "latE7" : -257570686,
          "lngE7" : 282789974
        }, {
          "latE7" : -257571086,
          "lngE7" : 282803401
        } ]
      }
    }
  }, {
    "placeVisit" : {
      "location" : {
        "latitudeE7" : -257509575,
        "longitudeE7" : 282789735,
        "placeId" : "ChIJE5phV2ZglR4ROeioRG3BvyA",
        "address" : "Scientia 627-Jr\nPretoria\n0081\nSouth Africa",
        "name" : "Scientia 627-Jr"
      },
      "duration" : {
        "startTimestampMs" : "1572412899478",
        "endTimestampMs" : "1572440093499"
      },
      "placeConfidence" : "MEDIUM_CONFIDENCE",
      "centerLatE7" : -257565778,
      "centerLngE7" : 282797522,
      "visitConfidence" : 96,
      "otherCandidateLocations" : [ {
        "latitudeE7" : -257565060,
        "longitudeE7" : 282798100,
        "placeId" : "ChIJleGC-2BglR4RgInWy3Dz3qI",
        "name" : "Council for Scientific and Industrial Research building 43",
        "locationConfidence" : 9.358927
      }, {
        "latitudeE7" : -257468287,
        "longitudeE7" : 282788928,
        "placeId" : "ChIJS_P3g2lglR4RMs3iZtUFGUE",
        "locationConfidence" : 0.9818756
      }, {
        "latitudeE7" : -257529956,
        "longitudeE7" : 282767675,
        "placeId" : "ChIJAQsZRGdglR4REb2EhDpAEKw",
        "locationConfidence" : 0.36778387
      }, {
        "latitudeE7" : -257571069,
        "longitudeE7" : 282795005,
        "placeId" : "ChIJFQSqsWFglR4RPwZMxqBWJoM",
        "locationConfidence" : 0.2811028
      } ],
      "editConfirmationStatus" : "CONFIRMED"
    }
  }, {
    "activitySegment" : {
      "startLocation" : {
        "latitudeE7" : -257566771,
        "longitudeE7" : 282803438
      },
      "endLocation" : {
        "latitudeE7" : -258560753,
        "longitudeE7" : 281626091
      },
      "duration" : {
        "startTimestampMs" : "1572440093499",
        "endTimestampMs" : "1572441689470"
      },
      "distance" : 16163,
      "activityType" : "IN_PASSENGER_VEHICLE",
      "confidence" : "HIGH",
      "activities" : [ {
        "activityType" : "IN_PASSENGER_VEHICLE",
        "probability" : 95.96537500206041
      }, {
        "activityType" : "WALKING",
        "probability" : 2.004031339583436
      }, {
        "activityType" : "MOTORCYCLING",
        "probability" : 0.877497579481557
      } ],
      "waypointPath" : {
        "waypoints" : [ {
          "latE7" : -257561225,
          "lngE7" : 282793102
        }, {
          "latE7" : -258045139,
          "lngE7" : 282604427
        }, {
          "latE7" : -258561172,
          "lngE7" : 281622867
        } ]
      }
    }
  }, {
    "placeVisit" : {
      "location" : {
        "latitudeE7" : -258559780,
        "longitudeE7" : 281626430,
        "placeId" : "ChIJgf7JGllklR4RTqYK8tHPm_w",
        "address" : "13 Willem Rd\nEldoraigne\nCenturion\n0157\nSouth Africa",
        "name" : "13 Willem Rd",
        "semanticType" : "TYPE_HOME",
        "sourceInfo" : {
          "deviceTag" : -63513299
        },
        "locationConfidence" : 96.87689
      },
      "duration" : {
        "startTimestampMs" : "1572441689470",
        "endTimestampMs" : "1572449506211"
      },
      "placeConfidence" : "HIGH_CONFIDENCE",
      "centerLatE7" : -258560880,
      "centerLngE7" : 281625700,
      "visitConfidence" : 85,
      "otherCandidateLocations" : [ {
        "latitudeE7" : -258584100,
        "longitudeE7" : 281624600,
        "placeId" : "ChIJWVS1zllklR4R7ih8EDjLG2g",
        "semanticType" : "TYPE_SEARCHED_ADDRESS",
        "locationConfidence" : 1.9747199
      }, {
        "latitudeE7" : -258565130,
        "longitudeE7" : 281611230,
        "placeId" : "ChIJjc378FhklR4R-lrwm02iVNY",
        "semanticType" : "TYPE_SEARCHED_ADDRESS",
        "locationConfidence" : 0.24431603
      }, {
        "latitudeE7" : -258570590,
        "longitudeE7" : 281625620,
        "placeId" : "ChIJGZkpr1lklR4RvXt8NOQ53JI",
        "semanticType" : "TYPE_SEARCHED_ADDRESS",
        "locationConfidence" : 0.22414127
      }, {
        "latitudeE7" : -258560800,
        "longitudeE7" : 281633500,
        "placeId" : "ChIJqbfuDFlklR4R62Y6o0Rpy9w",
        "locationConfidence" : 0.115586184
      } ],
      "editConfirmationStatus" : "NOT_CONFIRMED"
    }
  } ]
}