{
  "timelineObjects" : [ {
    "placeVisit" : {
      "location" : {
        "latitudeE7" : -258559780,
        "longitudeE7" : 281626430,
        "placeId" : "ChIJgf7JGllklR4RTqYK8tHPm_w",
        "address" : "13 Willem Rd\nEldoraigne\nCenturion\n0157\nSouth Africa",
        "name" : "13 Willem Rd",
        "semanticType" : "TYPE_HOME",
        "sourceInfo" : {
          "deviceTag" : -63513299
        },
        "locationConfidence" : 91.22592
      },
      "duration" : {
        "startTimestampMs" : "1554264573149",
        "endTimestampMs" : "1554281626449"
      },
      "placeConfidence" : "HIGH_CONFIDENCE",
      "centerLatE7" : -258560600,
      "centerLngE7" : 281625700,
      "visitConfidence" : 84,
      "otherCandidateLocations" : [ {
        "latitudeE7" : -258584100,
        "longitudeE7" : 281624600,
        "placeId" : "ChIJWVS1zllklR4R7ih8EDjLG2g",
        "semanticType" : "TYPE_SEARCHED_ADDRESS",
        "locationConfidence" : 5.897497
      }, {
        "latitudeE7" : -258565130,
        "longitudeE7" : 281611230,
        "placeId" : "ChIJjc378FhklR4R-lrwm02iVNY",
        "semanticType" : "TYPE_SEARCHED_ADDRESS",
        "locationConfidence" : 0.5904938
      }, {
        "latitudeE7" : -258570590,
        "longitudeE7" : 281625620,
        "placeId" : "ChIJGZkpr1lklR4RvXt8NOQ53JI",
        "semanticType" : "TYPE_SEARCHED_ADDRESS",
        "locationConfidence" : 0.58389395
      }, {
        "latitudeE7" : -258556046,
        "longitudeE7" : 281644996,
        "placeId" : "ChIJR2qzZFlklR4R6ONADWNKzIE",
        "locationConfidence" : 0.24382281
      } ],
      "editConfirmationStatus" : "NOT_CONFIRMED"
    }
  }, {
    "placeVisit" : {
      "location" : {
        "latitudeE7" : -258559780,
        "longitudeE7" : 281626430,
        "placeId" : "ChIJgf7JGllklR4RTqYK8tHPm_w",
        "address" : "13 Willem Rd\nEldoraigne\nCenturion\n0157\nSouth Africa",
        "name" : "13 Willem Rd",
        "semanticType" : "TYPE_HOME",
        "sourceInfo" : {
          "deviceTag" : -63513299
        },
        "locationConfidence" : 97.686264
      },
      "duration" : {
        "startTimestampMs" : "1554695879000",
        "endTimestampMs" : "1554784490911"
      },
      "placeConfidence" : "HIGH_CONFIDENCE",
      "centerLatE7" : -258560744,
      "centerLngE7" : 281626227,
      "visitConfidence" : 93,
      "otherCandidateLocations" : [ {
        "latitudeE7" : -258584100,
        "longitudeE7" : 281624600,
        "placeId" : "ChIJWVS1zllklR4R7ih8EDjLG2g",
        "semanticType" : "TYPE_SEARCHED_ADDRESS",
        "locationConfidence" : 1.4141597
      }, {
        "latitudeE7" : -258565130,
        "longitudeE7" : 281611230,
        "placeId" : "ChIJjc378FhklR4R-lrwm02iVNY",
        "semanticType" : "TYPE_SEARCHED_ADDRESS",
        "locationConfidence" : 0.29012942
      }, {
        "latitudeE7" : -258570590,
        "longitudeE7" : 281625620,
        "placeId" : "ChIJGZkpr1lklR4RvXt8NOQ53JI",
        "semanticType" : "TYPE_SEARCHED_ADDRESS",
        "locationConfidence" : 0.26515877
      }, {
        "latitudeE7" : -258560800,
        "longitudeE7" : 281633500,
        "placeId" : "ChIJqbfuDFlklR4R62Y6o0Rpy9w",
        "locationConfidence" : 0.10644846
      } ],
      "editConfirmationStatus" : "NOT_CONFIRMED"
    }
  }, {
    "activitySegment" : {
      "startLocation" : {
        "latitudeE7" : -258560753,
        "longitudeE7" : 281626091,
        "sourceInfo" : {
          "deviceTag" : -63513299
        }
      },
      "endLocation" : {
        "latitudeE7" : -257566852,
        "longitudeE7" : 282797634,
        "sourceInfo" : {
          "deviceTag" : -63513299
        }
      },
      "duration" : {
        "startTimestampMs" : "1554784490911",
        "endTimestampMs" : "1554786330879"
      },
      "distance" : 19156,
      "activityType" : "IN_PASSENGER_VEHICLE",
      "confidence" : "HIGH",
      "activities" : [ {
        "activityType" : "IN_PASSENGER_VEHICLE",
        "probability" : 99.02658769778097
      }, {
        "activityType" : "WALKING",
        "probability" : 0.5394155313451674
      }, {
        "activityType" : "IN_BUS",
        "probability" : 0.3654486497566952
      } ],
      "waypointPath" : {
        "waypoints" : [ {
          "latE7" : -258560543,
          "lngE7" : 281622924
        }, {
          "latE7" : -258037643,
          "lngE7" : 282605133
        }, {
          "latE7" : -257569675,
          "lngE7" : 282797775
        } ]
      }
    }
  }, {
    "placeVisit" : {
      "location" : {
        "latitudeE7" : -257565060,
        "longitudeE7" : 282798100,
        "placeId" : "ChIJleGC-2BglR4RgInWy3Dz3qI",
        "address" : "CSIR Main Campus\nCouncil for Scientific and Industrial Research building 43\n1 Meiring Naude Rd\nScientia 627-Jr\nPretoria\n0081\nSouth Africa",
        "name" : "Council for Scientific and Industrial Research building 43",
        "sourceInfo" : {
          "deviceTag" : -63513299
        },
        "locationConfidence" : 43.79616
      },
      "duration" : {
        "startTimestampMs" : "1554786330879",
        "endTimestampMs" : "1554789773541"
      },
      "placeConfidence" : "LOW_CONFIDENCE",
      "centerLatE7" : -257565748,
      "centerLngE7" : 282797167,
      "visitConfidence" : 95,
      "otherCandidateLocations" : [ {
        "latitudeE7" : -257566771,
        "longitudeE7" : 282803438,
        "placeId" : "ChIJ__-_omFglR4RSH6Xpj_69Dk",
        "locationConfidence" : 41.1098
      }, {
        "latitudeE7" : -257468287,
        "longitudeE7" : 282788928,
        "placeId" : "ChIJS_P3g2lglR4RMs3iZtUFGUE",
        "locationConfidence" : 7.6595664
      }, {
        "latitudeE7" : -257529956,
        "longitudeE7" : 282767675,
        "placeId" : "ChIJAQsZRGdglR4REb2EhDpAEKw",
        "locationConfidence" : 4.4184036
      }, {
        "latitudeE7" : -257571069,
        "longitudeE7" : 282795005,
        "placeId" : "ChIJFQSqsWFglR4RPwZMxqBWJoM",
        "locationConfidence" : 1.2124503
      } ],
      "editConfirmationStatus" : "NOT_CONFIRMED"
    }
  }, {
    "activitySegment" : {
      "startLocation" : {
        "latitudeE7" : -257565060,
        "longitudeE7" : 282798100,
        "sourceInfo" : {
          "deviceTag" : -63513299
        }
      },
      "endLocation" : {
        "latitudeE7" : -257310434,
        "longitudeE7" : 282934605,
        "sourceInfo" : {
          "deviceTag" : -63513299
        }
      },
      "duration" : {
        "startTimestampMs" : "1554789773541",
        "endTimestampMs" : "1554790344453"
      },
      "distance" : 3605,
      "activityType" : "IN_PASSENGER_VEHICLE",
      "confidence" : "HIGH",
      "activities" : [ {
        "activityType" : "IN_PASSENGER_VEHICLE",
        "probability" : 99.05373151552946
      }, {
        "activityType" : "WALKING",
        "probability" : 0.6493155213493869
      }, {
        "activityType" : "MOTORCYCLING",
        "probability" : 0.16222611915987803
      } ],
      "waypointPath" : {
        "waypoints" : [ {
          "latE7" : -257569675,
          "lngE7" : 282797775
        }, {
          "latE7" : -257396335,
          "lngE7" : 282709846
        }, {
          "latE7" : -257310428,
          "lngE7" : 282934589
        } ]
      }
    }
  }, {
    "placeVisit" : {
      "location" : {
        "latitudeE7" : -257297871,
        "longitudeE7" : 283023579,
        "placeId" : "ChIJ5SK9N-dflR4RqHsAXmcTuPU",
        "address" : "Silverton\nPretoria\n0127\nSuid-Afrika",
        "name" : "Silverton"
      },
      "duration" : {
        "startTimestampMs" : "1554790344453",
        "endTimestampMs" : "1554790837449"
      },
      "placeConfidence" : "LOW_CONFIDENCE",
      "centerLatE7" : -257311775,
      "centerLngE7" : 282935450,
      "visitConfidence" : 90,
      "otherCandidateLocations" : [ {
        "latitudeE7" : -257312910,
        "longitudeE7" : 282936970,
        "placeId" : "ChIJgV5fiQtglR4ROz1zZZzvtUY",
        "locationConfidence" : 28.086967
      }, {
        "latitudeE7" : -257310139,
        "longitudeE7" : 282938670,
        "placeId" : "ChIJ7cxphgtglR4RxK1pSMHERP4",
        "semanticType" : "TYPE_SEARCHED_ADDRESS",
        "locationConfidence" : 9.788506
      }, {
        "latitudeE7" : -257312020,
        "longitudeE7" : 282932510,
        "placeId" : "ChIJqTiUsQ5glR4RpHclrC1ChBQ",
        "locationConfidence" : 3.596205
      }, {
        "latitudeE7" : -257318015,
        "longitudeE7" : 282932771,
        "placeId" : "ChIJV0CvfwxglR4RHEtP-XmwCs0",
        "locationConfidence" : 1.8131349
      }, {
        "latitudeE7" : -257312020,
        "longitudeE7" : 282932510,
        "placeId" : "ChIJ3aG1NglglR4RSVwJDXZ0TDg",
        "locationConfidence" : 1.7472639
      }, {
        "latitudeE7" : -257317580,
        "longitudeE7" : 282937150,
        "placeId" : "ChIJJQHOfwtglR4RnvbkDb5fY4Y",
        "locationConfidence" : 1.4363567
      }, {
        "latitudeE7" : -257308859,
        "longitudeE7" : 282935646,
        "placeId" : "ChIJt9wfhgtglR4Ra_WINMTQsxA",
        "locationConfidence" : 1.3543298
      }, {
        "latitudeE7" : -257312047,
        "longitudeE7" : 282933636,
        "placeId" : "ChIJT794eQxglR4RCSvwmF-MSbI",
        "locationConfidence" : 0.74560225
      }, {
        "latitudeE7" : -257308210,
        "longitudeE7" : 282932440,
        "placeId" : "ChIJ2VWIcAxglR4Rsxu4efeJT_8",
        "locationConfidence" : 0.7126694
      }, {
        "latitudeE7" : -257332515,
        "longitudeE7" : 282921929,
        "placeId" : "ChIJMXLvvwxglR4RzLll6h6YsmM",
        "locationConfidence" : 0.5165607
      }, {
        "latitudeE7" : -257330075,
        "longitudeE7" : 282918181,
        "placeId" : "ChIJ7eMI7AxglR4RhRDupESGN6g",
        "locationConfidence" : 0.5124587
      } ],
      "editConfirmationStatus" : "CONFIRMED"
    }
  }, {
    "activitySegment" : {
      "startLocation" : {
        "latitudeE7" : -257310284,
        "longitudeE7" : 282936068
      },
      "endLocation" : {
        "latitudeE7" : -257566771,
        "longitudeE7" : 282803438
      },
      "duration" : {
        "startTimestampMs" : "1554790837449",
        "endTimestampMs" : "1554791444516"
      },
      "distance" : 35232,
      "activityType" : "IN_PASSENGER_VEHICLE",
      "confidence" : "HIGH",
      "activities" : [ {
        "activityType" : "IN_PASSENGER_VEHICLE",
        "probability" : 96.24825621965468
      }, {
        "activityType" : "WALKING",
        "probability" : 2.682248830822894
      }, {
        "activityType" : "CYCLING",
        "probability" : 0.41344596281474455
      } ],
      "waypointPath" : {
        "waypoints" : [ {
          "latE7" : -257316646,
          "lngE7" : 282934417
        }, {
          "latE7" : -257394599,
          "lngE7" : 282709217
        }, {
          "latE7" : -257571086,
          "lngE7" : 282803401
        } ]
      }
    }
  }, {
    "placeVisit" : {
      "location" : {
        "latitudeE7" : -257509575,
        "longitudeE7" : 282789735,
        "placeId" : "ChIJE5phV2ZglR4ROeioRG3BvyA",
        "address" : "Scientia 627-Jr\nPretoria\n0081\nSouth Africa",
        "name" : "Scientia 627-Jr"
      },
      "duration" : {
        "startTimestampMs" : "1554791444516",
        "endTimestampMs" : "1554816385595"
      },
      "placeConfidence" : "MEDIUM_CONFIDENCE",
      "centerLatE7" : -257565948,
      "centerLngE7" : 282797147,
      "visitConfidence" : 87,
      "otherCandidateLocations" : [ {
        "latitudeE7" : -257565060,
        "longitudeE7" : 282798100,
        "placeId" : "ChIJleGC-2BglR4RgInWy3Dz3qI",
        "name" : "Council for Scientific and Industrial Research building 43",
        "locationConfidence" : 36.856945
      }, {
        "latitudeE7" : -257468287,
        "longitudeE7" : 282788928,
        "placeId" : "ChIJS_P3g2lglR4RMs3iZtUFGUE",
        "locationConfidence" : 4.9542737
      }, {
        "latitudeE7" : -257529956,
        "longitudeE7" : 282767675,
        "placeId" : "ChIJAQsZRGdglR4REb2EhDpAEKw",
        "locationConfidence" : 4.298057
      }, {
        "latitudeE7" : -257571069,
        "longitudeE7" : 282795005,
        "placeId" : "ChIJFQSqsWFglR4RPwZMxqBWJoM",
        "locationConfidence" : 1.5511183
      } ],
      "editConfirmationStatus" : "CONFIRMED"
    }
  }, {
    "activitySegment" : {
      "startLocation" : {
        "latitudeE7" : -257565948,
        "longitudeE7" : 282797147
      },
      "endLocation" : {
        "latitudeE7" : -258560621,
        "longitudeE7" : 281626074
      },
      "duration" : {
        "startTimestampMs" : "1554816385595",
        "endTimestampMs" : "1555473739251"
      },
      "activityType" : "UNKNOWN_ACTIVITY_TYPE",
      "activities" : [ {
        "activityType" : "UNKNOWN_ACTIVITY_TYPE",
        "probability" : 0.0
      } ],
      "simplifiedRawPath" : {
        "points" : [ {
          "latE7" : -257560864,
          "lngE7" : 282784989,
          "timestampMs" : "1554816514436",
          "accuracyMeters" : 122
        }, {
          "latE7" : -257563806,
          "lngE7" : 282740555,
          "timestampMs" : "1554816636826",
          "accuracyMeters" : 77
        }, {
          "latE7" : -258567771,
          "lngE7" : 281597364,
          "timestampMs" : "1554818441143",
          "accuracyMeters" : 110
        }, {
          "latE7" : -258560659,
          "lngE7" : 281626228,
          "timestampMs" : "1554818564407",
          "accuracyMeters" : 22
        }, {
          "latE7" : -257804344,
          "lngE7" : 282579407,
          "timestampMs" : "1555257233965",
          "accuracyMeters" : 116
        } ]
      }
    }
  }, {
    "placeVisit" : {
      "location" : {
        "latitudeE7" : -258559780,
        "longitudeE7" : 281626430,
        "placeId" : "ChIJgf7JGllklR4RTqYK8tHPm_w",
        "address" : "13 Willem Rd\nEldoraigne\nCenturion\n0157\nSouth Africa",
        "name" : "13 Willem Rd",
        "semanticType" : "TYPE_HOME",
        "sourceInfo" : {
          "deviceTag" : -63513299
        },
        "locationConfidence" : 98.00538
      },
      "duration" : {
        "startTimestampMs" : "1555473739251",
        "endTimestampMs" : "1555491613906"
      },
      "placeConfidence" : "HIGH_CONFIDENCE",
      "centerLatE7" : -258560621,
      "centerLngE7" : 281626074,
      "visitConfidence" : 94,
      "otherCandidateLocations" : [ {
        "latitudeE7" : -258584100,
        "longitudeE7" : 281624600,
        "placeId" : "ChIJWVS1zllklR4R7ih8EDjLG2g",
        "semanticType" : "TYPE_SEARCHED_ADDRESS",
        "locationConfidence" : 1.1828268
      }, {
        "latitudeE7" : -258565130,
        "longitudeE7" : 281611230,
        "placeId" : "ChIJjc378FhklR4R-lrwm02iVNY",
        "semanticType" : "TYPE_SEARCHED_ADDRESS",
        "locationConfidence" : 0.20942627
      }, {
        "latitudeE7" : -258570590,
        "longitudeE7" : 281625620,
        "placeId" : "ChIJGZkpr1lklR4RvXt8NOQ53JI",
        "semanticType" : "TYPE_SEARCHED_ADDRESS",
        "locationConfidence" : 0.17158632
      }, {
        "latitudeE7" : -258560800,
        "longitudeE7" : 281633500,
        "placeId" : "ChIJqbfuDFlklR4R62Y6o0Rpy9w",
        "locationConfidence" : 0.14055353
      } ],
      "editConfirmationStatus" : "NOT_CONFIRMED"
    }
  }, {
    "activitySegment" : {
      "startLocation" : {
        "latitudeE7" : -258560913,
        "longitudeE7" : 281626183,
        "sourceInfo" : {
          "deviceTag" : -63513299
        }
      },
      "endLocation" : {
        "latitudeE7" : -257760878,
        "longitudeE7" : 283420364,
        "sourceInfo" : {
          "deviceTag" : -63513299
        }
      },
      "duration" : {
        "startTimestampMs" : "1555491613906",
        "endTimestampMs" : "1555494174557"
      },
      "distance" : 29320,
      "activityType" : "IN_PASSENGER_VEHICLE",
      "confidence" : "HIGH",
      "activities" : [ {
        "activityType" : "IN_PASSENGER_VEHICLE",
        "probability" : 97.13017586491304
      }, {
        "activityType" : "WALKING",
        "probability" : 2.584969259783815
      }, {
        "activityType" : "IN_BUS",
        "probability" : 0.19298834510724086
      } ],
      "waypointPath" : {
        "waypoints" : [ {
          "latE7" : -258560695,
          "lngE7" : 281622905
        }, {
          "latE7" : -258788433,
          "lngE7" : 281617546
        }, {
          "latE7" : -258848171,
          "lngE7" : 281600761
        }, {
          "latE7" : -258920249,
          "lngE7" : 281702728
        }, {
          "latE7" : -258866386,
          "lngE7" : 281979598
        }, {
          "latE7" : -258037643,
          "lngE7" : 282605133
        }, {
          "latE7" : -257765579,
          "lngE7" : 283424167
        } ]
      }
    }
  }, {
    "placeVisit" : {
      "location" : {
        "latitudeE7" : -257768390,
        "longitudeE7" : 283418710,
        "placeId" : "ChIJv5fC7LTOQgERfKbokVnogv4",
        "address" : "Meerlust Rd\nEquestria\nPretoria\n0050\nSouth Africa",
        "name" : "afro-boer®",
        "sourceInfo" : {
          "deviceTag" : -63513299
        },
        "locationConfidence" : 82.14509
      },
      "duration" : {
        "startTimestampMs" : "1555494174557",
        "endTimestampMs" : "1555495113647"
      },
      "placeConfidence" : "LOW_CONFIDENCE",
      "centerLatE7" : -257759730,
      "centerLngE7" : 283419590,
      "visitConfidence" : 94,
      "otherCandidateLocations" : [ {
        "latitudeE7" : -257760510,
        "longitudeE7" : 283414770,
        "placeId" : "ChIJ4Q77c2NelR4RyNv7zt2nYcE",
        "locationConfidence" : 11.878044
      }, {
        "latitudeE7" : -257764334,
        "longitudeE7" : 283416096,
        "placeId" : "ChIJMUINaWNelR4RCzczZrQC1Kw",
        "locationConfidence" : 3.5561905
      }, {
        "latitudeE7" : -257770899,
        "longitudeE7" : 283417100,
        "placeId" : "ChIJyStCQGNelR4R_qNWfSBmrHs",
        "locationConfidence" : 0.315367
      }, {
        "latitudeE7" : -257760510,
        "longitudeE7" : 283414770,
        "placeId" : "ChIJCQ6oxO1flR4RobGoobrdCjA",
        "locationConfidence" : 0.2964868
      } ],
      "editConfirmationStatus" : "NOT_CONFIRMED"
    }
  }, {
    "activitySegment" : {
      "startLocation" : {
        "latitudeE7" : -257768390,
        "longitudeE7" : 283418710,
        "sourceInfo" : {
          "deviceTag" : -63513299
        }
      },
      "endLocation" : {
        "latitudeE7" : -257716161,
        "longitudeE7" : 283492361,
        "sourceInfo" : {
          "deviceTag" : -63513299
        }
      },
      "duration" : {
        "startTimestampMs" : "1555495113647",
        "endTimestampMs" : "1555495254297"
      },
      "distance" : 1006,
      "activityType" : "IN_PASSENGER_VEHICLE",
      "confidence" : "HIGH",
      "activities" : [ {
        "activityType" : "IN_PASSENGER_VEHICLE",
        "probability" : 97.3457085146612
      }, {
        "activityType" : "WALKING",
        "probability" : 2.0787347795547615
      }, {
        "activityType" : "IN_BUS",
        "probability" : 0.2916743628673731
      } ],
      "waypointPath" : {
        "waypoints" : [ {
          "latE7" : -257769069,
          "lngE7" : 283419361
        }, {
          "latE7" : -257753772,
          "lngE7" : 283441352
        }, {
          "latE7" : -257717380,
          "lngE7" : 283494415
        } ]
      },
      "simplifiedRawPath" : {
        "points" : [ {
          "latE7" : -257756419,
          "lngE7" : 283417510,
          "timestampMs" : "1555495113647",
          "accuracyMeters" : 82
        } ]
      }
    }
  }, {
    "placeVisit" : {
      "location" : {
        "latitudeE7" : -257716161,
        "longitudeE7" : 283492361,
        "placeId" : "ChIJncWs0otelR4R3iZYGyqhySk",
        "address" : "Equestria\nPretoria\n0184\nSouth Africa",
        "name" : "Vergelegen",
        "sourceInfo" : {
          "deviceTag" : -63513299
        },
        "locationConfidence" : 98.14861
      },
      "duration" : {
        "startTimestampMs" : "1555495254297",
        "endTimestampMs" : "1555498036446"
      },
      "placeConfidence" : "HIGH_CONFIDENCE",
      "centerLatE7" : -257720445,
      "centerLngE7" : 283485206,
      "visitConfidence" : 95,
      "otherCandidateLocations" : [ {
        "latitudeE7" : -257727169,
        "longitudeE7" : 283470790,
        "placeId" : "ChIJldSF8IlelR4RpLPjz4bry1I",
        "locationConfidence" : 0.83757657
      }, {
        "latitudeE7" : -257716981,
        "longitudeE7" : 283494924,
        "placeId" : "ChIJPWHge4lelR4RPu21kx7R4NI",
        "locationConfidence" : 0.15782765
      }, {
        "latitudeE7" : -257728010,
        "longitudeE7" : 283472700,
        "placeId" : "ChIJGzCs7olelR4RoNUpcp8qGps",
        "locationConfidence" : 0.12564111
      }, {
        "latitudeE7" : -257721085,
        "longitudeE7" : 283504440,
        "placeId" : "ChIJp2ImYg1flR4RqtRW5PCmbLI",
        "locationConfidence" : 0.122630924
      } ],
      "editConfirmationStatus" : "NOT_CONFIRMED"
    }
  }, {
    "activitySegment" : {
      "startLocation" : {
        "latitudeE7" : -257720130,
        "longitudeE7" : 283490267,
        "sourceInfo" : {
          "deviceTag" : -63513299
        }
      },
      "endLocation" : {
        "latitudeE7" : -258560753,
        "longitudeE7" : 281626091,
        "sourceInfo" : {
          "deviceTag" : -63513299
        }
      },
      "duration" : {
        "startTimestampMs" : "1555498036446",
        "endTimestampMs" : "1555501405737"
      },
      "distance" : 32594,
      "activityType" : "IN_PASSENGER_VEHICLE",
      "confidence" : "HIGH",
      "activities" : [ {
        "activityType" : "IN_PASSENGER_VEHICLE",
        "probability" : 95.56895060947468
      }, {
        "activityType" : "WALKING",
        "probability" : 4.245012080691615
      }, {
        "activityType" : "IN_BUS",
        "probability" : 0.12103222139500595
      } ],
      "waypointPath" : {
        "waypoints" : [ {
          "latE7" : -257721061,
          "lngE7" : 283491592
        }, {
          "latE7" : -257671985,
          "lngE7" : 282972698
        }, {
          "latE7" : -257671871,
          "lngE7" : 282943534
        }, {
          "latE7" : -257885208,
          "lngE7" : 282694110
        }, {
          "latE7" : -258897132,
          "lngE7" : 281951484
        }, {
          "latE7" : -258920574,
          "lngE7" : 281684970
        }, {
          "latE7" : -258918170,
          "lngE7" : 281658172
        }, {
          "latE7" : -258842678,
          "lngE7" : 281611614
        }, {
          "latE7" : -258560543,
          "lngE7" : 281622924
        } ]
      }
    }
  }, {
    "placeVisit" : {
      "location" : {
        "latitudeE7" : -258559780,
        "longitudeE7" : 281626430,
        "placeId" : "ChIJgf7JGllklR4RTqYK8tHPm_w",
        "address" : "13 Willem Rd\nEldoraigne\nCenturion\n0157\nSouth Africa",
        "name" : "13 Willem Rd",
        "semanticType" : "TYPE_HOME",
        "sourceInfo" : {
          "deviceTag" : -63513299
        },
        "locationConfidence" : 98.31542
      },
      "duration" : {
        "startTimestampMs" : "1555501405737",
        "endTimestampMs" : "1555519740044"
      },
      "placeConfidence" : "HIGH_CONFIDENCE",
      "centerLatE7" : -258560731,
      "centerLngE7" : 281626192,
      "visitConfidence" : 85,
      "otherCandidateLocations" : [ {
        "latitudeE7" : -258584100,
        "longitudeE7" : 281624600,
        "placeId" : "ChIJWVS1zllklR4R7ih8EDjLG2g",
        "semanticType" : "TYPE_SEARCHED_ADDRESS",
        "locationConfidence" : 0.9781806
      }, {
        "latitudeE7" : -258565130,
        "longitudeE7" : 281611230,
        "placeId" : "ChIJjc378FhklR4R-lrwm02iVNY",
        "semanticType" : "TYPE_SEARCHED_ADDRESS",
        "locationConfidence" : 0.1834014
      }, {
        "latitudeE7" : -258570590,
        "longitudeE7" : 281625620,
        "placeId" : "ChIJGZkpr1lklR4RvXt8NOQ53JI",
        "semanticType" : "TYPE_SEARCHED_ADDRESS",
        "locationConfidence" : 0.1532975
      }, {
        "latitudeE7" : -258560800,
        "longitudeE7" : 281633500,
        "placeId" : "ChIJqbfuDFlklR4R62Y6o0Rpy9w",
        "locationConfidence" : 0.116077594
      } ],
      "editConfirmationStatus" : "NOT_CONFIRMED"
    }
  }, {
    "activitySegment" : {
      "startLocation" : {
        "latitudeE7" : -258560731,
        "longitudeE7" : 281626192
      },
      "endLocation" : {
        "latitudeE7" : -258558439,
        "longitudeE7" : 281626396
      },
      "duration" : {
        "startTimestampMs" : "1555519740044",
        "endTimestampMs" : "1555655759398"
      },
      "activityType" : "UNKNOWN_ACTIVITY_TYPE",
      "activities" : [ {
        "activityType" : "UNKNOWN_ACTIVITY_TYPE",
        "probability" : 0.0
      } ],
      "simplifiedRawPath" : {
        "points" : [ {
          "latE7" : -258593516,
          "lngE7" : 281577722,
          "timestampMs" : "1555519891148",
          "accuracyMeters" : 29
        }, {
          "latE7" : -258601608,
          "lngE7" : 281764179,
          "timestampMs" : "1555520101000",
          "accuracyMeters" : 12
        }, {
          "latE7" : -258595781,
          "lngE7" : 281775065,
          "timestampMs" : "1555520148000",
          "accuracyMeters" : 3
        }, {
          "latE7" : -258601749,
          "lngE7" : 281774514,
          "timestampMs" : "1555520195000",
          "accuracyMeters" : 4
        } ]
      }
    }
  }, {
    "placeVisit" : {
      "location" : {
        "latitudeE7" : -258559780,
        "longitudeE7" : 281626430,
        "placeId" : "ChIJgf7JGllklR4RTqYK8tHPm_w",
        "address" : "13 Willem Rd\nEldoraigne\nCenturion\n0157\nSouth Africa",
        "name" : "13 Willem Rd",
        "semanticType" : "TYPE_HOME",
        "sourceInfo" : {
          "deviceTag" : -63513299
        },
        "locationConfidence" : 97.50278
      },
      "duration" : {
        "startTimestampMs" : "1555655759398",
        "endTimestampMs" : "1555659815386"
      },
      "placeConfidence" : "HIGH_CONFIDENCE",
      "centerLatE7" : -258558439,
      "centerLngE7" : 281626396,
      "visitConfidence" : 87,
      "otherCandidateLocations" : [ {
        "latitudeE7" : -258584100,
        "longitudeE7" : 281624600,
        "placeId" : "ChIJWVS1zllklR4R7ih8EDjLG2g",
        "semanticType" : "TYPE_SEARCHED_ADDRESS",
        "locationConfidence" : 1.3671706
      }, {
        "latitudeE7" : -258565130,
        "longitudeE7" : 281611230,
        "placeId" : "ChIJjc378FhklR4R-lrwm02iVNY",
        "semanticType" : "TYPE_SEARCHED_ADDRESS",
        "locationConfidence" : 0.25393885
      }, {
        "latitudeE7" : -258570590,
        "longitudeE7" : 281625620,
        "placeId" : "ChIJGZkpr1lklR4RvXt8NOQ53JI",
        "semanticType" : "TYPE_SEARCHED_ADDRESS",
        "locationConfidence" : 0.17508198
      }, {
        "latitudeE7" : -258560800,
        "longitudeE7" : 281633500,
        "placeId" : "ChIJqbfuDFlklR4R62Y6o0Rpy9w",
        "locationConfidence" : 0.16523671
      } ],
      "editConfirmationStatus" : "NOT_CONFIRMED"
    }
  }, {
    "activitySegment" : {
      "startLocation" : {
        "latitudeE7" : -258558439,
        "longitudeE7" : 281626396
      },
      "endLocation" : {
        "latitudeE7" : -258559375,
        "longitudeE7" : 281626400
      },
      "duration" : {
        "startTimestampMs" : "1555659815386",
        "endTimestampMs" : "1555915088833"
      },
      "activityType" : "UNKNOWN_ACTIVITY_TYPE",
      "activities" : [ {
        "activityType" : "UNKNOWN_ACTIVITY_TYPE",
        "probability" : 0.0
      } ],
      "simplifiedRawPath" : {
        "points" : [ {
          "latE7" : -258556336,
          "lngE7" : 281608160,
          "timestampMs" : "1555659933840",
          "accuracyMeters" : 23
        }, {
          "latE7" : -258616139,
          "lngE7" : 281634158,
          "timestampMs" : "1555660086517",
          "accuracyMeters" : 110
        } ]
      }
    }
  }, {
    "placeVisit" : {
      "location" : {
        "latitudeE7" : -258559780,
        "longitudeE7" : 281626430,
        "placeId" : "ChIJgf7JGllklR4RTqYK8tHPm_w",
        "address" : "13 Willem Rd\nEldoraigne\nCenturion\n0157\nSouth Africa",
        "name" : "13 Willem Rd",
        "semanticType" : "TYPE_HOME",
        "sourceInfo" : {
          "deviceTag" : -63513299
        },
        "locationConfidence" : 97.46901
      },
      "duration" : {
        "startTimestampMs" : "1555915088833",
        "endTimestampMs" : "1555915455747"
      },
      "placeConfidence" : "HIGH_CONFIDENCE",
      "centerLatE7" : -258559375,
      "centerLngE7" : 281626400,
      "visitConfidence" : 87,
      "otherCandidateLocations" : [ {
        "latitudeE7" : -258584100,
        "longitudeE7" : 281624600,
        "placeId" : "ChIJWVS1zllklR4R7ih8EDjLG2g",
        "semanticType" : "TYPE_SEARCHED_ADDRESS",
        "locationConfidence" : 1.4099386
      }, {
        "latitudeE7" : -258565130,
        "longitudeE7" : 281611230,
        "placeId" : "ChIJjc378FhklR4R-lrwm02iVNY",
        "semanticType" : "TYPE_SEARCHED_ADDRESS",
        "locationConfidence" : 0.2575876
      }, {
        "latitudeE7" : -258570590,
        "longitudeE7" : 281625620,
        "placeId" : "ChIJGZkpr1lklR4RvXt8NOQ53JI",
        "semanticType" : "TYPE_SEARCHED_ADDRESS",
        "locationConfidence" : 0.19643752
      }, {
        "latitudeE7" : -258560800,
        "longitudeE7" : 281633500,
        "placeId" : "ChIJqbfuDFlklR4R62Y6o0Rpy9w",
        "locationConfidence" : 0.16432829
      } ],
      "editConfirmationStatus" : "NOT_CONFIRMED"
    }
  }, {
    "placeVisit" : {
      "location" : {
        "latitudeE7" : -258559780,
        "longitudeE7" : 281626430,
        "placeId" : "ChIJgf7JGllklR4RTqYK8tHPm_w",
        "address" : "13 Willem Rd\nEldoraigne\nCenturion\n0157\nSouth Africa",
        "name" : "13 Willem Rd",
        "semanticType" : "TYPE_HOME",
        "sourceInfo" : {
          "deviceTag" : -63513299
        },
        "locationConfidence" : 97.901794
      },
      "duration" : {
        "startTimestampMs" : "1556251328866",
        "endTimestampMs" : "1556253501635"
      },
      "placeConfidence" : "HIGH_CONFIDENCE",
      "centerLatE7" : -258557807,
      "centerLngE7" : 281626464,
      "visitConfidence" : 94,
      "otherCandidateLocations" : [ {
        "latitudeE7" : -258584100,
        "longitudeE7" : 281624600,
        "placeId" : "ChIJWVS1zllklR4R7ih8EDjLG2g",
        "semanticType" : "TYPE_SEARCHED_ADDRESS",
        "locationConfidence" : 1.227374
      }, {
        "latitudeE7" : -258565130,
        "longitudeE7" : 281611230,
        "placeId" : "ChIJjc378FhklR4R-lrwm02iVNY",
        "semanticType" : "TYPE_SEARCHED_ADDRESS",
        "locationConfidence" : 0.20181622
      }, {
        "latitudeE7" : -258560800,
        "longitudeE7" : 281633500,
        "placeId" : "ChIJqbfuDFlklR4R62Y6o0Rpy9w",
        "locationConfidence" : 0.16506888
      }, {
        "latitudeE7" : -258570590,
        "longitudeE7" : 281625620,
        "placeId" : "ChIJGZkpr1lklR4RvXt8NOQ53JI",
        "semanticType" : "TYPE_SEARCHED_ADDRESS",
        "locationConfidence" : 0.13598716
      } ],
      "editConfirmationStatus" : "NOT_CONFIRMED"
    }
  }, {
    "activitySegment" : {
      "startLocation" : {
        "latitudeE7" : -258560753,
        "longitudeE7" : 281626091,
        "sourceInfo" : {
          "deviceTag" : -63513299
        }
      },
      "endLocation" : {
        "latitudeE7" : -257565060,
        "longitudeE7" : 282798100,
        "sourceInfo" : {
          "deviceTag" : -63513299
        }
      },
      "duration" : {
        "startTimestampMs" : "1556253501635",
        "endTimestampMs" : "1556255761395"
      },
      "distance" : 24701,
      "activityType" : "IN_PASSENGER_VEHICLE",
      "confidence" : "HIGH",
      "activities" : [ {
        "activityType" : "IN_PASSENGER_VEHICLE",
        "probability" : 95.57789745516202
      }, {
        "activityType" : "WALKING",
        "probability" : 4.0140520183943975
      }, {
        "activityType" : "IN_BUS",
        "probability" : 0.2559679240011345
      } ],
      "waypointPath" : {
        "waypoints" : [ {
          "latE7" : -258560543,
          "lngE7" : 281622924
        }, {
          "latE7" : -258788433,
          "lngE7" : 281617546
        }, {
          "latE7" : -258924217,
          "lngE7" : 281743335
        }, {
          "latE7" : -258184146,
          "lngE7" : 282538185
        }, {
          "latE7" : -257569675,
          "lngE7" : 282797107
        } ]
      },
      "simplifiedRawPath" : {
        "points" : [ {
          "latE7" : -258921489,
          "lngE7" : 281714392,
          "timestampMs" : "1556254271000",
          "accuracyMeters" : 4
        } ]
      }
    }
  }, {
    "placeVisit" : {
      "location" : {
        "latitudeE7" : -257565060,
        "longitudeE7" : 282798100,
        "placeId" : "ChIJleGC-2BglR4RgInWy3Dz3qI",
        "address" : "CSIR Main Campus\nCouncil for Scientific and Industrial Research building 43\n1 Meiring Naude Rd\nScientia 627-Jr\nPretoria\n0081\nSouth Africa",
        "name" : "Council for Scientific and Industrial Research building 43",
        "sourceInfo" : {
          "deviceTag" : -63513299
        },
        "locationConfidence" : 46.208836
      },
      "duration" : {
        "startTimestampMs" : "1556255761395",
        "endTimestampMs" : "1556264632351"
      },
      "placeConfidence" : "MEDIUM_CONFIDENCE",
      "centerLatE7" : -257566196,
      "centerLngE7" : 282796991,
      "visitConfidence" : 95,
      "otherCandidateLocations" : [ {
        "latitudeE7" : -257566771,
        "longitudeE7" : 282803438,
        "placeId" : "ChIJ__-_omFglR4RSH6Xpj_69Dk",
        "locationConfidence" : 40.59562
      }, {
        "latitudeE7" : -257468287,
        "longitudeE7" : 282788928,
        "placeId" : "ChIJS_P3g2lglR4RMs3iZtUFGUE",
        "locationConfidence" : 6.834802
      }, {
        "latitudeE7" : -257529956,
        "longitudeE7" : 282767675,
        "placeId" : "ChIJAQsZRGdglR4REb2EhDpAEKw",
        "locationConfidence" : 3.8210423
      }, {
        "latitudeE7" : -257559032,
        "longitudeE7" : 282784452,
        "placeId" : "ChIJ__8TokJglR4Rk79ork5Izdo",
        "locationConfidence" : 0.6575612
      }, {
        "latitudeE7" : -257571069,
        "longitudeE7" : 282795005,
        "placeId" : "ChIJFQSqsWFglR4RPwZMxqBWJoM",
        "locationConfidence" : 0.6354724
      } ],
      "editConfirmationStatus" : "NOT_CONFIRMED"
    }
  }, {
    "activitySegment" : {
      "startLocation" : {
        "latitudeE7" : -257565060,
        "longitudeE7" : 282798100,
        "sourceInfo" : {
          "deviceTag" : -63513299
        }
      },
      "endLocation" : {
        "latitudeE7" : -257655797,
        "longitudeE7" : 282830380,
        "sourceInfo" : {
          "deviceTag" : -63513299
        }
      },
      "duration" : {
        "startTimestampMs" : "1556264632351",
        "endTimestampMs" : "1556265192966"
      },
      "distance" : 1246,
      "activityType" : "IN_PASSENGER_VEHICLE",
      "confidence" : "HIGH",
      "activities" : [ {
        "activityType" : "IN_PASSENGER_VEHICLE",
        "probability" : 95.4008421555327
      }, {
        "activityType" : "WALKING",
        "probability" : 4.001495884618166
      }, {
        "activityType" : "MOTORCYCLING",
        "probability" : 0.2533078289278539
      } ],
      "waypointPath" : {
        "waypoints" : [ {
          "latE7" : -257569675,
          "lngE7" : 282797775
        }, {
          "latE7" : -257556724,
          "lngE7" : 282751674
        }, {
          "latE7" : -257656707,
          "lngE7" : 282836627
        } ]
      },
      "simplifiedRawPath" : {
        "points" : [ {
          "latE7" : -257561133,
          "lngE7" : 282790907,
          "timestampMs" : "1556264762039",
          "accuracyMeters" : 29
        } ]
      }
    }
  }, {
    "placeVisit" : {
      "location" : {
        "latitudeE7" : -257655797,
        "longitudeE7" : 282830380,
        "placeId" : "ChIJ-2fUX45glR4REBNVUufEyPM",
        "address" : "Lynnwood Corporate Park North Building\nCnr Sanlam Street & Alkantrant Road\nLynnwood Manor\nPretoria\n0081\nSouth Africa",
        "name" : "Dr. A.J. Ford",
        "sourceInfo" : {
          "deviceTag" : -63513299
        },
        "locationConfidence" : 85.34102
      },
      "duration" : {
        "startTimestampMs" : "1556265192966",
        "endTimestampMs" : "1556268147678"
      },
      "placeConfidence" : "MEDIUM_CONFIDENCE",
      "centerLatE7" : -257655850,
      "centerLngE7" : 282832660,
      "visitConfidence" : 96,
      "otherCandidateLocations" : [ {
        "latitudeE7" : -257663870,
        "longitudeE7" : 282831000,
        "placeId" : "ChIJ_QvDYY5glR4RxsHBH1VcvUQ",
        "locationConfidence" : 5.0679283
      }, {
        "latitudeE7" : -257657745,
        "longitudeE7" : 282803981,
        "placeId" : "ChIJnVCaQIxglR4RxpZWRgoh9I0",
        "locationConfidence" : 1.1186609
      }, {
        "latitudeE7" : -257657610,
        "longitudeE7" : 282830630,
        "placeId" : "ChIJI4LBjY5glR4RoSEJIpOJYKQ",
        "locationConfidence" : 1.0765872
      }, {
        "latitudeE7" : -257655920,
        "longitudeE7" : 282817219,
        "placeId" : "ChIJs6jULY5glR4Ru9wYCdQfrCQ",
        "locationConfidence" : 0.8352835
      }, {
        "latitudeE7" : -257661607,
        "longitudeE7" : 282827729,
        "placeId" : "ChIJvbLniI5glR4RDp-aNWjjEzk",
        "locationConfidence" : 0.7566384
      }, {
        "latitudeE7" : -257657462,
        "longitudeE7" : 282829368,
        "placeId" : "ChIJu4CJhY5glR4Rruz-QXDzDx8",
        "locationConfidence" : 0.69958395
      } ],
      "editConfirmationStatus" : "NOT_CONFIRMED"
    }
  }, {
    "activitySegment" : {
      "startLocation" : {
        "latitudeE7" : -257655797,
        "longitudeE7" : 282830380,
        "sourceInfo" : {
          "deviceTag" : -63513299
        }
      },
      "endLocation" : {
        "latitudeE7" : -257722016,
        "longitudeE7" : 283484898,
        "sourceInfo" : {
          "deviceTag" : -63513299
        }
      },
      "duration" : {
        "startTimestampMs" : "1556268147678",
        "endTimestampMs" : "1556269075622"
      },
      "distance" : 6636,
      "activityType" : "IN_PASSENGER_VEHICLE",
      "confidence" : "HIGH",
      "activities" : [ {
        "activityType" : "IN_PASSENGER_VEHICLE",
        "probability" : 96.39327220445713
      }, {
        "activityType" : "WALKING",
        "probability" : 3.2562713604669273
      }, {
        "activityType" : "MOTORCYCLING",
        "probability" : 0.1954820416266316
      } ],
      "waypointPath" : {
        "waypoints" : [ {
          "latE7" : -257656707,
          "lngE7" : 282836627
        }, {
          "latE7" : -257664890,
          "lngE7" : 283052806
        }, {
          "latE7" : -257724800,
          "lngE7" : 283485622
        } ]
      }
    }
  }, {
    "placeVisit" : {
      "location" : {
        "latitudeE7" : -257716161,
        "longitudeE7" : 283492361,
        "placeId" : "ChIJncWs0otelR4R3iZYGyqhySk",
        "address" : "Equestria\nPretoria\n0184\nSouth Africa",
        "name" : "Vergelegen",
        "sourceInfo" : {
          "deviceTag" : -63513299
        },
        "locationConfidence" : 98.334435
      },
      "duration" : {
        "startTimestampMs" : "1556269075622",
        "endTimestampMs" : "1556280226289"
      },
      "placeConfidence" : "HIGH_CONFIDENCE",
      "centerLatE7" : -257721349,
      "centerLngE7" : 283485512,
      "visitConfidence" : 95,
      "otherCandidateLocations" : [ {
        "latitudeE7" : -257716690,
        "longitudeE7" : 283483230,
        "placeId" : "ChIJtz9kiIlelR4R1fhMEVrgMDY",
        "locationConfidence" : 0.4359181
      }, {
        "latitudeE7" : -257716981,
        "longitudeE7" : 283494924,
        "placeId" : "ChIJPWHge4lelR4RPu21kx7R4NI",
        "locationConfidence" : 0.30694783
      }, {
        "latitudeE7" : -257721085,
        "longitudeE7" : 283504440,
        "placeId" : "ChIJp2ImYg1flR4RqtRW5PCmbLI",
        "locationConfidence" : 0.24333274
      }, {
        "latitudeE7" : -257728010,
        "longitudeE7" : 283472700,
        "placeId" : "ChIJGzCs7olelR4RoNUpcp8qGps",
        "locationConfidence" : 0.14174327
      } ],
      "editConfirmationStatus" : "NOT_CONFIRMED"
    }
  }, {
    "activitySegment" : {
      "startLocation" : {
        "latitudeE7" : -257716628,
        "longitudeE7" : 283496398,
        "sourceInfo" : {
          "deviceTag" : -63513299
        }
      },
      "endLocation" : {
        "latitudeE7" : -258560753,
        "longitudeE7" : 281626091,
        "sourceInfo" : {
          "deviceTag" : -63513299
        }
      },
      "duration" : {
        "startTimestampMs" : "1556280226289",
        "endTimestampMs" : "1556282893332"
      },
      "distance" : 25129,
      "activityType" : "IN_PASSENGER_VEHICLE",
      "confidence" : "HIGH",
      "activities" : [ {
        "activityType" : "IN_PASSENGER_VEHICLE",
        "probability" : 96.50397550751983
      }, {
        "activityType" : "WALKING",
        "probability" : 3.0718004712208864
      }, {
        "activityType" : "IN_BUS",
        "probability" : 0.26108210323912207
      } ],
      "waypointPath" : {
        "waypoints" : [ {
          "latE7" : -257716045,
          "lngE7" : 283495388
        }, {
          "latE7" : -257893600,
          "lngE7" : 283280735
        }, {
          "latE7" : -258223133,
          "lngE7" : 282676105
        }, {
          "latE7" : -258137016,
          "lngE7" : 282569923
        }, {
          "latE7" : -258613281,
          "lngE7" : 281743659
        }, {
          "latE7" : -258685493,
          "lngE7" : 281518802
        }, {
          "latE7" : -258700180,
          "lngE7" : 281510200
        }, {
          "latE7" : -258626251,
          "lngE7" : 281591148
        }, {
          "latE7" : -258560543,
          "lngE7" : 281622924
        } ]
      },
      "simplifiedRawPath" : {
        "points" : [ {
          "latE7" : -258698523,
          "lngE7" : 281513032,
          "timestampMs" : "1556282616751",
          "accuracyMeters" : 72
        }, {
          "latE7" : -258634638,
          "lngE7" : 281587568,
          "timestampMs" : "1556282743695",
          "accuracyMeters" : 86
        } ]
      }
    }
  }, {
    "placeVisit" : {
      "location" : {
        "latitudeE7" : -258559780,
        "longitudeE7" : 281626430,
        "placeId" : "ChIJgf7JGllklR4RTqYK8tHPm_w",
        "address" : "13 Willem Rd\nEldoraigne\nCenturion\n0157\nSouth Africa",
        "name" : "13 Willem Rd",
        "semanticType" : "TYPE_HOME",
        "sourceInfo" : {
          "deviceTag" : -63513299
        },
        "locationConfidence" : 97.94379
      },
      "duration" : {
        "startTimestampMs" : "1556282893332",
        "endTimestampMs" : "1556356374722"
      },
      "placeConfidence" : "HIGH_CONFIDENCE",
      "centerLatE7" : -258560802,
      "centerLngE7" : 281625974,
      "visitConfidence" : 91,
      "otherCandidateLocations" : [ {
        "latitudeE7" : -258584100,
        "longitudeE7" : 281624600,
        "placeId" : "ChIJWVS1zllklR4R7ih8EDjLG2g",
        "semanticType" : "TYPE_SEARCHED_ADDRESS",
        "locationConfidence" : 1.091657
      }, {
        "latitudeE7" : -258565130,
        "longitudeE7" : 281611230,
        "placeId" : "ChIJjc378FhklR4R-lrwm02iVNY",
        "semanticType" : "TYPE_SEARCHED_ADDRESS",
        "locationConfidence" : 0.25389963
      }, {
        "latitudeE7" : -258570590,
        "longitudeE7" : 281625620,
        "placeId" : "ChIJGZkpr1lklR4RvXt8NOQ53JI",
        "semanticType" : "TYPE_SEARCHED_ADDRESS",
        "locationConfidence" : 0.21652287
      }, {
        "latitudeE7" : -258560800,
        "longitudeE7" : 281633500,
        "placeId" : "ChIJqbfuDFlklR4R62Y6o0Rpy9w",
        "locationConfidence" : 0.15806669
      } ],
      "editConfirmationStatus" : "NOT_CONFIRMED"
    }
  }, {
    "activitySegment" : {
      "startLocation" : {
        "latitudeE7" : -258559936,
        "longitudeE7" : 281624915,
        "sourceInfo" : {
          "deviceTag" : -63513299
        }
      },
      "endLocation" : {
        "latitudeE7" : -257725024,
        "longitudeE7" : 283463946,
        "sourceInfo" : {
          "deviceTag" : -63513299
        }
      },
      "duration" : {
        "startTimestampMs" : "1556356374722",
        "endTimestampMs" : "1556358664021"
      },
      "distance" : 25231,
      "activityType" : "IN_PASSENGER_VEHICLE",
      "confidence" : "HIGH",
      "activities" : [ {
        "activityType" : "IN_PASSENGER_VEHICLE",
        "probability" : 99.61084233907573
      }, {
        "activityType" : "WALKING",
        "probability" : 0.21349738412287803
      }, {
        "activityType" : "MOTORCYCLING",
        "probability" : 0.09537909536258334
      } ],
      "waypointPath" : {
        "waypoints" : [ {
          "latE7" : -258559799,
          "lngE7" : 281622982
        }, {
          "latE7" : -258037643,
          "lngE7" : 282605133
        }, {
          "latE7" : -257884807,
          "lngE7" : 282824020
        }, {
          "latE7" : -257788124,
          "lngE7" : 282889404
        }, {
          "latE7" : -257725124,
          "lngE7" : 283463687
        } ]
      },
      "simplifiedRawPath" : {
        "points" : [ {
          "latE7" : -257884761,
          "lngE7" : 282823885,
          "timestampMs" : "1556357572578",
          "accuracyMeters" : 68
        } ]
      }
    }
  }, {
    "placeVisit" : {
      "location" : {
        "latitudeE7" : -257716161,
        "longitudeE7" : 283492361,
        "placeId" : "ChIJncWs0otelR4R3iZYGyqhySk",
        "address" : "Equestria\nPretoria\n0184\nSouth Africa",
        "name" : "Vergelegen",
        "sourceInfo" : {
          "deviceTag" : -63513299
        },
        "locationConfidence" : 93.81263
      },
      "duration" : {
        "startTimestampMs" : "1556358664021",
        "endTimestampMs" : "1556360235469"
      },
      "placeConfidence" : "HIGH_CONFIDENCE",
      "centerLatE7" : -257721312,
      "centerLngE7" : 283483882,
      "visitConfidence" : 93,
      "otherCandidateLocations" : [ {
        "latitudeE7" : -257727169,
        "longitudeE7" : 283470790,
        "placeId" : "ChIJldSF8IlelR4RpLPjz4bry1I",
        "locationConfidence" : 2.995811
      }, {
        "latitudeE7" : -257735600,
        "longitudeE7" : 283482680,
        "placeId" : "ChIJTc-duolelR4RoAiid5ggj2s",
        "locationConfidence" : 0.7471746
      }, {
        "latitudeE7" : -257728010,
        "longitudeE7" : 283472700,
        "placeId" : "ChIJGzCs7olelR4RoNUpcp8qGps",
        "locationConfidence" : 0.48113975
      }, {
        "latitudeE7" : -257721085,
        "longitudeE7" : 283504440,
        "placeId" : "ChIJp2ImYg1flR4RqtRW5PCmbLI",
        "locationConfidence" : 0.35915345
      } ],
      "editConfirmationStatus" : "NOT_CONFIRMED"
    }
  }, {
    "activitySegment" : {
      "startLocation" : {
        "latitudeE7" : -257722025,
        "longitudeE7" : 283484927,
        "sourceInfo" : {
          "deviceTag" : -63513299
        }
      },
      "endLocation" : {
        "latitudeE7" : -257730993,
        "longitudeE7" : 283534232,
        "sourceInfo" : {
          "deviceTag" : -63513299
        }
      },
      "duration" : {
        "startTimestampMs" : "1556360235469",
        "endTimestampMs" : "1556360713291"
      },
      "distance" : 1553,
      "activityType" : "IN_PASSENGER_VEHICLE",
      "confidence" : "HIGH",
      "activities" : [ {
        "activityType" : "IN_PASSENGER_VEHICLE",
        "probability" : 95.95862779815853
      }, {
        "activityType" : "WALKING",
        "probability" : 3.815438183821007
      }, {
        "activityType" : "MOTORCYCLING",
        "probability" : 0.0735379686873325
      } ],
      "waypointPath" : {
        "waypoints" : [ {
          "latE7" : -257724800,
          "lngE7" : 283485641
        }, {
          "latE7" : -257707824,
          "lngE7" : 283518505
        }, {
          "latE7" : -257728958,
          "lngE7" : 283530941
        } ]
      },
      "simplifiedRawPath" : {
        "points" : [ {
          "latE7" : -257734985,
          "lngE7" : 283532295,
          "timestampMs" : "1556360487739",
          "accuracyMeters" : 87
        } ]
      }
    }
  }, {
    "activitySegment" : {
      "startLocation" : {
        "latitudeE7" : -257730993,
        "longitudeE7" : 283534232
      },
      "endLocation" : {
        "latitudeE7" : -257733673,
        "longitudeE7" : 283537397
      },
      "duration" : {
        "startTimestampMs" : "1556360713291",
        "endTimestampMs" : "1556360779491"
      },
      "distance" : 43,
      "activityType" : "WALKING",
      "confidence" : "HIGH",
      "activities" : [ {
        "activityType" : "WALKING",
        "probability" : 95.95862779815853
      }, {
        "activityType" : "IN_PASSENGER_VEHICLE",
        "probability" : 3.815438183821007
      }, {
        "activityType" : "MOTORCYCLING",
        "probability" : 0.0735379686873325
      } ],
      "waypointPath" : {
        "waypoints" : [ {
          "latE7" : -257728958,
          "lngE7" : 283530941
        }, {
          "latE7" : -257726230,
          "lngE7" : 283535270
        }, {
          "latE7" : -257727203,
          "lngE7" : 283536758
        } ]
      }
    }
  }, {
    "placeVisit" : {
      "location" : {
        "latitudeE7" : -257733744,
        "longitudeE7" : 283529335,
        "placeId" : "ChIJhSz64Y5elR4R3bDXOUFuog4",
        "address" : "Solomon Mahlangu Dr & Bendeman Blvd Silver Lakes\nPretoria\n0001\nSouth Africa",
        "name" : "Chamberlains Silver Lakes - Famous for Hardware since 1903",
        "sourceInfo" : {
          "deviceTag" : -63513299
        },
        "locationConfidence" : 88.15483
      },
      "duration" : {
        "startTimestampMs" : "1556360779491",
        "endTimestampMs" : "1556364224374"
      },
      "placeConfidence" : "MEDIUM_CONFIDENCE",
      "centerLatE7" : -257733029,
      "centerLngE7" : 283536629,
      "visitConfidence" : 94,
      "otherCandidateLocations" : [ {
        "latitudeE7" : -257732900,
        "longitudeE7" : 283535500,
        "placeId" : "ChIJNzYni4helR4RW8ZHZMfpwVs",
        "locationConfidence" : 6.303435
      }, {
        "latitudeE7" : -257750805,
        "longitudeE7" : 283529885,
        "placeId" : "ChIJLxroTo9elR4RqbwyN6uSrBE",
        "locationConfidence" : 1.8619804
      }, {
        "latitudeE7" : -257724680,
        "longitudeE7" : 283542850,
        "placeId" : "ChIJb49u-45elR4Rp_X31UGvVJI",
        "locationConfidence" : 1.1043837
      }, {
        "latitudeE7" : -257733774,
        "longitudeE7" : 283535591,
        "placeId" : "ChIJczNP345elR4R0JAj4XroUUU",
        "locationConfidence" : 0.8892002
      } ],
      "editConfirmationStatus" : "NOT_CONFIRMED"
    }
  }, {
    "activitySegment" : {
      "startLocation" : {
        "latitudeE7" : -257729244,
        "longitudeE7" : 283536192,
        "sourceInfo" : {
          "deviceTag" : -63513299
        }
      },
      "endLocation" : {
        "latitudeE7" : -257750805,
        "longitudeE7" : 283529885,
        "sourceInfo" : {
          "deviceTag" : -63513299
        }
      },
      "duration" : {
        "startTimestampMs" : "1556364224374",
        "endTimestampMs" : "1556364479558"
      },
      "distance" : 253,
      "activityType" : "WALKING",
      "confidence" : "LOW",
      "activities" : [ {
        "activityType" : "WALKING",
        "probability" : 49.643497367821155
      }, {
        "activityType" : "IN_PASSENGER_VEHICLE",
        "probability" : 48.652765157381495
      }, {
        "activityType" : "CYCLING",
        "probability" : 0.638403908131291
      } ],
      "waypointPath" : {
        "waypoints" : [ {
          "latE7" : -257727203,
          "lngE7" : 283536758
        }, {
          "latE7" : -257728042,
          "lngE7" : 283527832
        }, {
          "latE7" : -257750244,
          "lngE7" : 283523406
        } ]
      },
      "simplifiedRawPath" : {
        "points" : [ {
          "latE7" : -257729244,
          "lngE7" : 283536192,
          "timestampMs" : "1556364224374",
          "accuracyMeters" : 55
        } ]
      }
    }
  }, {
    "placeVisit" : {
      "location" : {
        "latitudeE7" : -257750805,
        "longitudeE7" : 283529885,
        "placeId" : "ChIJLxroTo9elR4RqbwyN6uSrBE",
        "address" : "Cnr Solomon Mahlangu Dr &\nBendeman Blvd\nEquestria\nPretoria\n0184\nSouth Africa",
        "name" : "Makro Store Silver Lakes",
        "sourceInfo" : {
          "deviceTag" : -63513299
        },
        "locationConfidence" : 97.84565
      },
      "duration" : {
        "startTimestampMs" : "1556364479558",
        "endTimestampMs" : "1556365160036"
      },
      "placeConfidence" : "HIGH_CONFIDENCE",
      "centerLatE7" : -257748900,
      "centerLngE7" : 283527462,
      "visitConfidence" : 93,
      "otherCandidateLocations" : [ {
        "latitudeE7" : -257724680,
        "longitudeE7" : 283542850,
        "placeId" : "ChIJb49u-45elR4Rp_X31UGvVJI",
        "locationConfidence" : 0.5165385
      }, {
        "latitudeE7" : -257733744,
        "longitudeE7" : 283529335,
        "placeId" : "ChIJhSz64Y5elR4R3bDXOUFuog4",
        "locationConfidence" : 0.4138075
      }, {
        "latitudeE7" : -257765269,
        "longitudeE7" : 283525230,
        "placeId" : "ChIJX4PSrIhelR4Roy7uAq1pjzk",
        "locationConfidence" : 0.22354507
      }, {
        "latitudeE7" : -257746301,
        "longitudeE7" : 283526475,
        "placeId" : "ChIJVw62RY9elR4RssYep_nGhvk",
        "locationConfidence" : 0.19021909
      } ],
      "editConfirmationStatus" : "NOT_CONFIRMED"
    }
  }, {
    "activitySegment" : {
      "startLocation" : {
        "latitudeE7" : -257747125,
        "longitudeE7" : 283524732,
        "sourceInfo" : {
          "deviceTag" : -63513299
        }
      },
      "endLocation" : {
        "latitudeE7" : -257716161,
        "longitudeE7" : 283492361,
        "sourceInfo" : {
          "deviceTag" : -63513299
        }
      },
      "duration" : {
        "startTimestampMs" : "1556365160036",
        "endTimestampMs" : "1556365500535"
      },
      "distance" : 808,
      "activityType" : "IN_PASSENGER_VEHICLE",
      "confidence" : "HIGH",
      "activities" : [ {
        "activityType" : "IN_PASSENGER_VEHICLE",
        "probability" : 97.80536125287723
      }, {
        "activityType" : "WALKING",
        "probability" : 1.9653040648380125
      }, {
        "activityType" : "MOTORCYCLING",
        "probability" : 0.10313279383886081
      } ],
      "waypointPath" : {
        "waypoints" : [ {
          "latE7" : -257747135,
          "lngE7" : 283523540
        }, {
          "latE7" : -257713413,
          "lngE7" : 283532714
        }, {
          "latE7" : -257716674,
          "lngE7" : 283494930
        } ]
      },
      "simplifiedRawPath" : {
        "points" : [ {
          "latE7" : -257747125,
          "lngE7" : 283524732,
          "timestampMs" : "1556365160036",
          "accuracyMeters" : 69
        } ]
      }
    }
  }, {
    "placeVisit" : {
      "location" : {
        "latitudeE7" : -257716161,
        "longitudeE7" : 283492361,
        "placeId" : "ChIJncWs0otelR4R3iZYGyqhySk",
        "address" : "Equestria\nPretoria\n0184\nSouth Africa",
        "name" : "Vergelegen",
        "sourceInfo" : {
          "deviceTag" : -63513299
        },
        "locationConfidence" : 90.13646
      },
      "duration" : {
        "startTimestampMs" : "1556365500535",
        "endTimestampMs" : "1556372252202"
      },
      "placeConfidence" : "MEDIUM_CONFIDENCE",
      "centerLatE7" : -257720924,
      "centerLngE7" : 283484040,
      "visitConfidence" : 94,
      "otherCandidateLocations" : [ {
        "latitudeE7" : -257716690,
        "longitudeE7" : 283483230,
        "placeId" : "ChIJtz9kiIlelR4R1fhMEVrgMDY",
        "locationConfidence" : 2.060352
      }, {
        "latitudeE7" : -257727169,
        "longitudeE7" : 283470790,
        "placeId" : "ChIJldSF8IlelR4RpLPjz4bry1I",
        "locationConfidence" : 2.01855
      }, {
        "latitudeE7" : -257721085,
        "longitudeE7" : 283504440,
        "placeId" : "ChIJp2ImYg1flR4RqtRW5PCmbLI",
        "locationConfidence" : 2.0094545
      }, {
        "latitudeE7" : -257735600,
        "longitudeE7" : 283482680,
        "placeId" : "ChIJTc-duolelR4RoAiid5ggj2s",
        "locationConfidence" : 1.2543155
      }, {
        "latitudeE7" : -257728010,
        "longitudeE7" : 283472700,
        "placeId" : "ChIJGzCs7olelR4RoNUpcp8qGps",
        "locationConfidence" : 0.6576156
      }, {
        "latitudeE7" : -257728530,
        "longitudeE7" : 283472830,
        "placeId" : "ChIJ60waxYlelR4RKMTrXZHAs-Q",
        "locationConfidence" : 0.50012845
      } ],
      "editConfirmationStatus" : "NOT_CONFIRMED"
    }
  }, {
    "activitySegment" : {
      "startLocation" : {
        "latitudeE7" : -257716161,
        "longitudeE7" : 283492361,
        "sourceInfo" : {
          "deviceTag" : -63513299
        }
      },
      "endLocation" : {
        "latitudeE7" : -257750805,
        "longitudeE7" : 283529885,
        "sourceInfo" : {
          "deviceTag" : -63513299
        }
      },
      "duration" : {
        "startTimestampMs" : "1556372252202",
        "endTimestampMs" : "1556372480246"
      },
      "distance" : 590,
      "activityType" : "IN_PASSENGER_VEHICLE",
      "confidence" : "HIGH",
      "activities" : [ {
        "activityType" : "IN_PASSENGER_VEHICLE",
        "probability" : 96.59744667171665
      }, {
        "activityType" : "WALKING",
        "probability" : 2.3728937246196833
      }, {
        "activityType" : "MOTORCYCLING",
        "probability" : 0.741872012237459
      } ],
      "waypointPath" : {
        "waypoints" : [ {
          "latE7" : -257716674,
          "lngE7" : 283494930
        }, {
          "latE7" : -257752571,
          "lngE7" : 283499279
        }, {
          "latE7" : -257750797,
          "lngE7" : 283536224
        } ]
      }
    }
  }, {
    "placeVisit" : {
      "location" : {
        "latitudeE7" : -257750805,
        "longitudeE7" : 283529885,
        "placeId" : "ChIJLxroTo9elR4RqbwyN6uSrBE",
        "address" : "Cnr Solomon Mahlangu Dr &\nBendeman Blvd\nEquestria\nPretoria\n0184\nSouth Africa",
        "name" : "Makro Store Silver Lakes",
        "sourceInfo" : {
          "deviceTag" : -63513299
        },
        "locationConfidence" : 98.40342
      },
      "duration" : {
        "startTimestampMs" : "1556372480246",
        "endTimestampMs" : "1556373372258"
      },
      "placeConfidence" : "HIGH_CONFIDENCE",
      "centerLatE7" : -257749375,
      "centerLngE7" : 283527100,
      "visitConfidence" : 93,
      "otherCandidateLocations" : [ {
        "latitudeE7" : -257724680,
        "longitudeE7" : 283542850,
        "placeId" : "ChIJb49u-45elR4Rp_X31UGvVJI",
        "locationConfidence" : 0.4810469
      }, {
        "latitudeE7" : -257746301,
        "longitudeE7" : 283526475,
        "placeId" : "ChIJVw62RY9elR4RssYep_nGhvk",
        "locationConfidence" : 0.19953376
      }, {
        "latitudeE7" : -257765269,
        "longitudeE7" : 283525230,
        "placeId" : "ChIJX4PSrIhelR4Roy7uAq1pjzk",
        "locationConfidence" : 0.1941149
      }, {
        "latitudeE7" : -257733744,
        "longitudeE7" : 283529335,
        "placeId" : "ChIJhSz64Y5elR4R3bDXOUFuog4",
        "locationConfidence" : 0.13364771
      } ],
      "editConfirmationStatus" : "NOT_CONFIRMED"
    }
  }, {
    "activitySegment" : {
      "startLocation" : {
        "latitudeE7" : -257750805,
        "longitudeE7" : 283529885,
        "sourceInfo" : {
          "deviceTag" : -63513299
        }
      },
      "endLocation" : {
        "latitudeE7" : -257716161,
        "longitudeE7" : 283492361,
        "sourceInfo" : {
          "deviceTag" : -63513299
        }
      },
      "duration" : {
        "startTimestampMs" : "1556373372258",
        "endTimestampMs" : "1556373458164"
      },
      "distance" : 550,
      "activityType" : "IN_PASSENGER_VEHICLE",
      "confidence" : "HIGH",
      "activities" : [ {
        "activityType" : "IN_PASSENGER_VEHICLE",
        "probability" : 98.34908237183654
      }, {
        "activityType" : "WALKING",
        "probability" : 1.3934379815501208
      }, {
        "activityType" : "MOTORCYCLING",
        "probability" : 0.06426631363900556
      } ],
      "waypointPath" : {
        "waypoints" : [ {
          "latE7" : -257750244,
          "lngE7" : 283523406
        }, {
          "latE7" : -257713413,
          "lngE7" : 283532714
        }, {
          "latE7" : -257716674,
          "lngE7" : 283494930
        } ]
      }
    }
  }, {
    "placeVisit" : {
      "location" : {
        "latitudeE7" : -257716161,
        "longitudeE7" : 283492361,
        "placeId" : "ChIJncWs0otelR4R3iZYGyqhySk",
        "address" : "Equestria\nPretoria\n0184\nSouth Africa",
        "name" : "Vergelegen",
        "sourceInfo" : {
          "deviceTag" : -63513299
        },
        "locationConfidence" : 92.17963
      },
      "duration" : {
        "startTimestampMs" : "1556373458164",
        "endTimestampMs" : "1556380597839"
      },
      "placeConfidence" : "HIGH_CONFIDENCE",
      "centerLatE7" : -257721219,
      "centerLngE7" : 283483847,
      "visitConfidence" : 96,
      "otherCandidateLocations" : [ {
        "latitudeE7" : -257721085,
        "longitudeE7" : 283504440,
        "placeId" : "ChIJp2ImYg1flR4RqtRW5PCmbLI",
        "locationConfidence" : 2.118571
      }, {
        "latitudeE7" : -257716690,
        "longitudeE7" : 283483230,
        "placeId" : "ChIJtz9kiIlelR4R1fhMEVrgMDY",
        "locationConfidence" : 1.7257566
      }, {
        "latitudeE7" : -257727169,
        "longitudeE7" : 283470790,
        "placeId" : "ChIJldSF8IlelR4RpLPjz4bry1I",
        "locationConfidence" : 1.5299791
      }, {
        "latitudeE7" : -257728010,
        "longitudeE7" : 283472700,
        "placeId" : "ChIJGzCs7olelR4RoNUpcp8qGps",
        "locationConfidence" : 0.4816701
      } ],
      "editConfirmationStatus" : "NOT_CONFIRMED"
    }
  }, {
    "activitySegment" : {
      "startLocation" : {
        "latitudeE7" : -257719610,
        "longitudeE7" : 283482902,
        "sourceInfo" : {
          "deviceTag" : -63513299
        }
      },
      "endLocation" : {
        "latitudeE7" : -258560884,
        "longitudeE7" : 281625775,
        "sourceInfo" : {
          "deviceTag" : -63513299
        }
      },
      "duration" : {
        "startTimestampMs" : "1556380597839",
        "endTimestampMs" : "1556382515523"
      },
      "distance" : 22438,
      "activityType" : "IN_PASSENGER_VEHICLE",
      "confidence" : "HIGH",
      "activities" : [ {
        "activityType" : "IN_PASSENGER_VEHICLE",
        "probability" : 99.35780151900354
      }, {
        "activityType" : "WALKING",
        "probability" : 0.27780791713409775
      }, {
        "activityType" : "IN_BUS",
        "probability" : 0.24653386990876078
      } ],
      "waypointPath" : {
        "waypoints" : [ {
          "latE7" : -257725086,
          "lngE7" : 283484287
        }, {
          "latE7" : -257893600,
          "lngE7" : 283280735
        }, {
          "latE7" : -257996768,
          "lngE7" : 283144149
        }, {
          "latE7" : -258203525,
          "lngE7" : 282710647
        }, {
          "latE7" : -258560695,
          "lngE7" : 281622905
        } ]
      },
      "simplifiedRawPath" : {
        "points" : [ {
          "latE7" : -257889215,
          "lngE7" : 283281411,
          "timestampMs" : "1556381039955",
          "accuracyMeters" : 100
        } ]
      }
    }
  }, {
    "placeVisit" : {
      "location" : {
        "latitudeE7" : -258559780,
        "longitudeE7" : 281626430,
        "placeId" : "ChIJgf7JGllklR4RTqYK8tHPm_w",
        "address" : "13 Willem Rd\nEldoraigne\nCenturion\n0157\nSouth Africa",
        "name" : "13 Willem Rd",
        "semanticType" : "TYPE_HOME",
        "sourceInfo" : {
          "deviceTag" : -63513299
        },
        "locationConfidence" : 98.42372
      },
      "duration" : {
        "startTimestampMs" : "1556382515523",
        "endTimestampMs" : "1556435802107"
      },
      "placeConfidence" : "HIGH_CONFIDENCE",
      "centerLatE7" : -258560307,
      "centerLngE7" : 281626023,
      "visitConfidence" : 94,
      "otherCandidateLocations" : [ {
        "latitudeE7" : -258584100,
        "longitudeE7" : 281624600,
        "placeId" : "ChIJWVS1zllklR4R7ih8EDjLG2g",
        "semanticType" : "TYPE_SEARCHED_ADDRESS",
        "locationConfidence" : 0.8146748
      }, {
        "latitudeE7" : -258565130,
        "longitudeE7" : 281611230,
        "placeId" : "ChIJjc378FhklR4R-lrwm02iVNY",
        "semanticType" : "TYPE_SEARCHED_ADDRESS",
        "locationConfidence" : 0.23630375
      }, {
        "latitudeE7" : -258570590,
        "longitudeE7" : 281625620,
        "placeId" : "ChIJGZkpr1lklR4RvXt8NOQ53JI",
        "semanticType" : "TYPE_SEARCHED_ADDRESS",
        "locationConfidence" : 0.1833009
      }, {
        "latitudeE7" : -258560800,
        "longitudeE7" : 281633500,
        "placeId" : "ChIJqbfuDFlklR4R62Y6o0Rpy9w",
        "locationConfidence" : 0.13112
      } ],
      "editConfirmationStatus" : "NOT_CONFIRMED"
    }
  }, {
    "activitySegment" : {
      "startLocation" : {
        "latitudeE7" : -258561029,
        "longitudeE7" : 281626152,
        "sourceInfo" : {
          "deviceTag" : -63513299
        }
      },
      "endLocation" : {
        "latitudeE7" : -257454521,
        "longitudeE7" : 279115069,
        "sourceInfo" : {
          "deviceTag" : -63513299
        }
      },
      "duration" : {
        "startTimestampMs" : "1556435802107",
        "endTimestampMs" : "1556438126216"
      },
      "distance" : 32880,
      "activityType" : "IN_PASSENGER_VEHICLE",
      "confidence" : "HIGH",
      "activities" : [ {
        "activityType" : "IN_PASSENGER_VEHICLE",
        "probability" : 93.96871308796409
      }, {
        "activityType" : "WALKING",
        "probability" : 2.765347344086506
      }, {
        "activityType" : "IN_BUS",
        "probability" : 2.482382784901867
      } ],
      "waypointPath" : {
        "waypoints" : [ {
          "latE7" : -258560810,
          "lngE7" : 281622905
        }, {
          "latE7" : -259052162,
          "lngE7" : 280270233
        }, {
          "latE7" : -257455558,
          "lngE7" : 279116840
        } ]
      }
    }
  }, {
    "placeVisit" : {
      "location" : {
        "latitudeE7" : -257456099,
        "longitudeE7" : 279112280,
        "placeId" : "ChIJifDm1UYqvh4RrvUHeJFFtaA",
        "address" : "R511 Main National Road\nIfafi\nHartebeespoort\n0216\nSouth Africa",
        "name" : "Caltex Xanadu",
        "sourceInfo" : {
          "deviceTag" : -63513299
        },
        "locationConfidence" : 56.39163
      },
      "duration" : {
        "startTimestampMs" : "1556438126216",
        "endTimestampMs" : "1556438621083"
      },
      "placeConfidence" : "LOW_CONFIDENCE",
      "centerLatE7" : -257454900,
      "centerLngE7" : 279112580,
      "visitConfidence" : 93,
      "otherCandidateLocations" : [ {
        "latitudeE7" : -257456021,
        "longitudeE7" : 279111559,
        "placeId" : "ChIJC0n-RCYrvh4ROO1uNGa8Zms",
        "locationConfidence" : 29.729269
      }, {
        "latitudeE7" : -257455447,
        "longitudeE7" : 279111652,
        "placeId" : "ChIJLf-zeEUrvh4RR1Qjh61Xfbk",
        "locationConfidence" : 12.324634
      }, {
        "latitudeE7" : -257435074,
        "longitudeE7" : 279113128,
        "placeId" : "ChIJSX2gSSYrvh4RSTcijPHbqfs",
        "locationConfidence" : 1.1273122
      }, {
        "latitudeE7" : -257462688,
        "longitudeE7" : 279105356,
        "placeId" : "ChIJK88YVCYrvh4Rldnuetg4Rc0",
        "locationConfidence" : 0.09175152
      } ],
      "editConfirmationStatus" : "NOT_CONFIRMED"
    }
  }, {
    "activitySegment" : {
      "startLocation" : {
        "latitudeE7" : -257456099,
        "longitudeE7" : 279112280,
        "sourceInfo" : {
          "deviceTag" : -63513299
        }
      },
      "endLocation" : {
        "latitudeE7" : -257539532,
        "longitudeE7" : 279353538,
        "sourceInfo" : {
          "deviceTag" : -63513299
        }
      },
      "duration" : {
        "startTimestampMs" : "1556438621083",
        "endTimestampMs" : "1556439270767"
      },
      "distance" : 2767,
      "activityType" : "IN_PASSENGER_VEHICLE",
      "confidence" : "HIGH",
      "activities" : [ {
        "activityType" : "IN_PASSENGER_VEHICLE",
        "probability" : 94.83088918259608
      }, {
        "activityType" : "WALKING",
        "probability" : 4.413659980083469
      }, {
        "activityType" : "MOTORCYCLING",
        "probability" : 0.4461708578812687
      } ],
      "waypointPath" : {
        "waypoints" : [ {
          "latE7" : -257456359,
          "lngE7" : 279116554
        }, {
          "latE7" : -257521343,
          "lngE7" : 279124946
        }, {
          "latE7" : -257534980,
          "lngE7" : 279365406
        } ]
      }
    }
  }, {
    "activitySegment" : {
      "startLocation" : {
        "latitudeE7" : -257539532,
        "longitudeE7" : 279353538
      },
      "endLocation" : {
        "latitudeE7" : -257544745,
        "longitudeE7" : 279368281
      },
      "duration" : {
        "startTimestampMs" : "1556439270767",
        "endTimestampMs" : "1556439440669"
      },
      "distance" : 158,
      "activityType" : "WALKING",
      "confidence" : "HIGH",
      "activities" : [ {
        "activityType" : "WALKING",
        "probability" : 94.83088918259608
      }, {
        "activityType" : "IN_PASSENGER_VEHICLE",
        "probability" : 4.413659980083469
      }, {
        "activityType" : "MOTORCYCLING",
        "probability" : 0.4461708578812687
      } ],
      "waypointPath" : {
        "waypoints" : [ {
          "latE7" : -257534980,
          "lngE7" : 279365406
        }, {
          "latE7" : -257546863,
          "lngE7" : 279372100
        }, {
          "latE7" : -257546482,
          "lngE7" : 279367694
        } ]
      }
    }
  }, {
    "placeVisit" : {
      "location" : {
        "latitudeE7" : -257546032,
        "longitudeE7" : 279374490,
        "placeId" : "ChIJz6_JsjrVvx4RAAAAAAAAAAA",
        "address" : "",
        "semanticType" : "TYPE_ALIASED_LOCATION",
        "sourceInfo" : {
          "deviceTag" : -63513299
        },
        "locationConfidence" : 100.0
      },
      "duration" : {
        "startTimestampMs" : "1556439440669",
        "endTimestampMs" : "1556444533567"
      },
      "placeConfidence" : "HIGH_CONFIDENCE",
      "centerLatE7" : -257543888,
      "centerLngE7" : 279367442,
      "visitConfidence" : 94,
      "editConfirmationStatus" : "NOT_CONFIRMED"
    }
  }, {
    "activitySegment" : {
      "startLocation" : {
        "latitudeE7" : -257546032,
        "longitudeE7" : 279374490
      },
      "endLocation" : {
        "latitudeE7" : -257659239,
        "longitudeE7" : 282787902
      },
      "duration" : {
        "startTimestampMs" : "1556444533567",
        "endTimestampMs" : "1556448661475"
      },
      "distance" : 38846,
      "activityType" : "IN_PASSENGER_VEHICLE",
      "confidence" : "HIGH",
      "activities" : [ {
        "activityType" : "IN_PASSENGER_VEHICLE",
        "probability" : 94.22775140690032
      }, {
        "activityType" : "WALKING",
        "probability" : 2.557736442183258
      }, {
        "activityType" : "MOTORCYCLING",
        "probability" : 1.2169842047689532
      } ],
      "waypointPath" : {
        "waypoints" : [ {
          "latE7" : -257546482,
          "lngE7" : 279367694
        }, {
          "latE7" : -257519187,
          "lngE7" : 280972652
        }, {
          "latE7" : -257492656,
          "lngE7" : 281144237
        }, {
          "latE7" : -257431182,
          "lngE7" : 281590938
        }, {
          "latE7" : -257435741,
          "lngE7" : 281721000
        }, {
          "latE7" : -257506923,
          "lngE7" : 281878700
        }, {
          "latE7" : -257615604,
          "lngE7" : 282514133
        }, {
          "latE7" : -257656459,
          "lngE7" : 282722530
        }, {
          "latE7" : -257663288,
          "lngE7" : 282786808
        } ]
      },
      "simplifiedRawPath" : {
        "points" : [ {
          "latE7" : -257435720,
          "lngE7" : 281720366,
          "timestampMs" : "1556447230430",
          "accuracyMeters" : 44
        }, {
          "latE7" : -257507332,
          "lngE7" : 281878620,
          "timestampMs" : "1556447484847",
          "accuracyMeters" : 46
        } ]
      }
    }
  }, {
    "placeVisit" : {
      "location" : {
        "latitudeE7" : -257610373,
        "longitudeE7" : 282859975,
        "placeId" : "ChIJb8YbCGJglR4R9IttDKA-oOU",
        "address" : "Lynnwood Manor\nPretoria\n0081\nSuid-Afrika",
        "name" : "Lynnwood Manor"
      },
      "duration" : {
        "startTimestampMs" : "1556448661475",
        "endTimestampMs" : "1556454428778"
      },
      "placeConfidence" : "MEDIUM_CONFIDENCE",
      "centerLatE7" : -257658717,
      "centerLngE7" : 282788524,
      "visitConfidence" : 91,
      "otherCandidateLocations" : [ {
        "latitudeE7" : -257658451,
        "longitudeE7" : 282790300,
        "placeId" : "ChIJVWjeioxglR4R7T7Sk8dhkCI",
        "locationConfidence" : 24.130108
      }, {
        "latitudeE7" : -257657745,
        "longitudeE7" : 282803981,
        "placeId" : "ChIJnVCaQIxglR4RxpZWRgoh9I0",
        "locationConfidence" : 0.8728563
      }, {
        "latitudeE7" : -257653590,
        "longitudeE7" : 282779510,
        "placeId" : "ChIJ1X8AUYxglR4RoYIl94GBjtQ",
        "locationConfidence" : 0.57560843
      }, {
        "latitudeE7" : -257656462,
        "longitudeE7" : 282816924,
        "placeId" : "ChIJSSpDnI5glR4RxtSEv6B_7xk",
        "locationConfidence" : 0.28862166
      } ],
      "editConfirmationStatus" : "CONFIRMED"
    }
  } ]
}