{
  "timelineObjects" : [ {
    "placeVisit" : {
      "location" : {
        "latitudeE7" : -258559780,
        "longitudeE7" : 281626430,
        "placeId" : "ChIJgf7JGllklR4RTqYK8tHPm_w",
        "address" : "13 Willem Rd\nEldoraigne\nCenturion\n0157\nSouth Africa",
        "name" : "13 Willem Rd",
        "semanticType" : "TYPE_HOME",
        "sourceInfo" : {
          "deviceTag" : -63513299
        },
        "locationConfidence" : 95.11737
      },
      "duration" : {
        "startTimestampMs" : "1559372337800",
        "endTimestampMs" : "1559462984094"
      },
      "placeConfidence" : "HIGH_CONFIDENCE",
      "centerLatE7" : -258560120,
      "centerLngE7" : 281626039,
      "visitConfidence" : 92,
      "otherCandidateLocations" : [ {
        "latitudeE7" : -258584100,
        "longitudeE7" : 281624600,
        "placeId" : "ChIJWVS1zllklR4R7ih8EDjLG2g",
        "semanticType" : "TYPE_SEARCHED_ADDRESS",
        "locationConfidence" : 3.9905913
      }, {
        "latitudeE7" : -258565130,
        "longitudeE7" : 281611230,
        "placeId" : "ChIJjc378FhklR4R-lrwm02iVNY",
        "semanticType" : "TYPE_SEARCHED_ADDRESS",
        "locationConfidence" : 0.22374722
      }, {
        "latitudeE7" : -258570590,
        "longitudeE7" : 281625620,
        "placeId" : "ChIJGZkpr1lklR4RvXt8NOQ53JI",
        "semanticType" : "TYPE_SEARCHED_ADDRESS",
        "locationConfidence" : 0.20955825
      }, {
        "latitudeE7" : -258560800,
        "longitudeE7" : 281633500,
        "placeId" : "ChIJqbfuDFlklR4R62Y6o0Rpy9w",
        "locationConfidence" : 0.16933614
      } ],
      "editConfirmationStatus" : "NOT_CONFIRMED"
    }
  }, {
    "activitySegment" : {
      "startLocation" : {
        "latitudeE7" : -258560753,
        "longitudeE7" : 281626091
      },
      "endLocation" : {
        "latitudeE7" : -257828230,
        "longitudeE7" : 282749065
      },
      "duration" : {
        "startTimestampMs" : "1559462984094",
        "endTimestampMs" : "1559464270648"
      },
      "distance" : 13881,
      "activityType" : "IN_PASSENGER_VEHICLE",
      "confidence" : "HIGH",
      "activities" : [ {
        "activityType" : "IN_PASSENGER_VEHICLE",
        "probability" : 94.9792790080837
      }, {
        "activityType" : "WALKING",
        "probability" : 2.1603752623388317
      }, {
        "activityType" : "MOTORCYCLING",
        "probability" : 1.0982444541935963
      } ],
      "waypointPath" : {
        "waypoints" : [ {
          "latE7" : -258560485,
          "lngE7" : 281622924
        }, {
          "latE7" : -258565349,
          "lngE7" : 282234096
        }, {
          "latE7" : -257853584,
          "lngE7" : 282709445
        } ]
      }
    }
  }, {
    "placeVisit" : {
      "location" : {
        "latitudeE7" : -257828230,
        "longitudeE7" : 282749065,
        "placeId" : "ChIJh1IoDcBglR4RioGAPYd9ejU",
        "address" : "Atterbury Rd &\nLois Ave\nMenlyn\nPretoria\n0063\nSouth Africa",
        "name" : "Menlyn Park Shopping Centre",
        "sourceInfo" : {
          "deviceTag" : -63513299
        },
        "locationConfidence" : 93.83789
      },
      "duration" : {
        "startTimestampMs" : "1559464270648",
        "endTimestampMs" : "1559464641620"
      },
      "placeConfidence" : "HIGH_CONFIDENCE",
      "childVisits" : [ {
        "location" : {
          "latitudeE7" : -257832843,
          "longitudeE7" : 282751490,
          "placeId" : "ChIJDy7TEMBglR4RcMc1TBlrtow",
          "address" : "Corner Corobay and\nExt 2\nAramist Ave\nWaterkloof Glen\nPretoria\n0181\nSouth Africa",
          "name" : "Menlyn Maine",
          "sourceInfo" : {
            "deviceTag" : -63513299
          },
          "locationConfidence" : 22.753242
        },
        "duration" : {
          "startTimestampMs" : "1559464270648",
          "endTimestampMs" : "1559464641620"
        },
        "placeConfidence" : "LOW_CONFIDENCE",
        "centerLatE7" : -257821180,
        "centerLngE7" : 282743720,
        "visitConfidence" : 68,
        "otherCandidateLocations" : [ {
          "latitudeE7" : -257826770,
          "longitudeE7" : 282761910,
          "placeId" : "ChIJBWkt9b9glR4RJWQEvxEyGUs",
          "locationConfidence" : 7.303474
        }, {
          "latitudeE7" : -257828230,
          "longitudeE7" : 282749065,
          "placeId" : "ChIJNZvKdMBglR4R7OEiTqjXlE4",
          "locationConfidence" : 0.86216384
        }, {
          "latitudeE7" : -257823050,
          "longitudeE7" : 282742586,
          "placeId" : "ChIJDdJlI8BglR4RQBUpTVkV9AM",
          "locationConfidence" : 0.65281564
        }, {
          "latitudeE7" : -257818677,
          "longitudeE7" : 282742570,
          "placeId" : "ChIJXzuTB8BglR4RtBaFqnqo-WQ",
          "locationConfidence" : 0.6471472
        }, {
          "latitudeE7" : -257830619,
          "longitudeE7" : 282753190,
          "placeId" : "ChIJoV-HbcBglR4RRPbFNeJF_UU",
          "locationConfidence" : 0.6345961
        }, {
          "latitudeE7" : -257823670,
          "longitudeE7" : 282761610,
          "placeId" : "ChIJi7Bx_sBglR4RF-VqwwWL0tA",
          "locationConfidence" : 0.6160689
        }, {
          "latitudeE7" : -257826598,
          "longitudeE7" : 282762038,
          "placeId" : "ChIJNZvKdMBglR4RKgqU-txUoAw",
          "locationConfidence" : 0.5764141
        }, {
          "latitudeE7" : -257830619,
          "longitudeE7" : 282753190,
          "placeId" : "ChIJMz1jecBglR4RKHXZkJGCxNE",
          "locationConfidence" : 0.5736857
        }, {
          "latitudeE7" : -257831340,
          "longitudeE7" : 282752930,
          "placeId" : "ChIJDa2vcMBglR4Ro2AndfkKits",
          "locationConfidence" : 0.5581388
        }, {
          "latitudeE7" : -257828230,
          "longitudeE7" : 282749065,
          "placeId" : "ChIJKyxGDcBglR4RaYxFkavvpEI",
          "locationConfidence" : 0.55694234
        }, {
          "latitudeE7" : -257829610,
          "longitudeE7" : 282755750,
          "placeId" : "ChIJ__ULc8BglR4RfKLXmft7DPA",
          "locationConfidence" : 0.51425874
        }, {
          "latitudeE7" : -257825003,
          "longitudeE7" : 282744896,
          "placeId" : "ChIJuxsNPcBglR4RoFcr3p_buEI",
          "locationConfidence" : 0.50975436
        }, {
          "latitudeE7" : -257831769,
          "longitudeE7" : 282749546,
          "placeId" : "ChIJnRVDQMBglR4RkcNAnL4dv7g",
          "locationConfidence" : 0.5037318
        }, {
          "latitudeE7" : -257827542,
          "longitudeE7" : 282752650,
          "placeId" : "ChIJo-hmi79glR4RS1JfOdOjjHU",
          "locationConfidence" : 0.5030124
        }, {
          "latitudeE7" : -257828384,
          "longitudeE7" : 282741955,
          "placeId" : "ChIJU3RJOcBglR4R5LLDkI6hZJQ",
          "locationConfidence" : 0.49913868
        }, {
          "latitudeE7" : -257818850,
          "longitudeE7" : 282759760,
          "placeId" : "ChIJVz2eB8BglR4RVN3DmlaP2Bk",
          "locationConfidence" : 0.4903422
        }, {
          "latitudeE7" : -257827860,
          "longitudeE7" : 282761510,
          "placeId" : "ChIJU_zqir9glR4RMcRx_CnYK7I",
          "locationConfidence" : 0.48831627
        }, {
          "latitudeE7" : -257825390,
          "longitudeE7" : 282741030,
          "placeId" : "ChIJNZvKdMBglR4RKNHc6X8c5DA",
          "locationConfidence" : 0.48616803
        }, {
          "latitudeE7" : -257823734,
          "longitudeE7" : 282753164,
          "placeId" : "ChIJ02rn-b9glR4R1t8sT3NRGXc",
          "locationConfidence" : 0.4774194
        }, {
          "latitudeE7" : -257830205,
          "longitudeE7" : 282746710,
          "placeId" : "ChIJy8i1asBglR4RO0RBVcCh2bQ",
          "locationConfidence" : 0.46063533
        }, {
          "latitudeE7" : -257832140,
          "longitudeE7" : 282723227,
          "placeId" : "ChIJc8kTxsFglR4RlriUOuD6Gwc",
          "locationConfidence" : 0.45523083
        }, {
          "latitudeE7" : -257823299,
          "longitudeE7" : 282754200,
          "placeId" : "ChIJKwW1D8BglR4Ric6azphvdkw",
          "locationConfidence" : 0.45374134
        } ],
        "editConfirmationStatus" : "NOT_CONFIRMED"
      } ],
      "centerLatE7" : -257821180,
      "centerLngE7" : 282743720,
      "visitConfidence" : 68,
      "otherCandidateLocations" : [ {
        "latitudeE7" : -257832843,
        "longitudeE7" : 282751490,
        "placeId" : "ChIJDy7TEMBglR4RcMc1TBlrtow",
        "locationConfidence" : 4.2498813
      }, {
        "latitudeE7" : -257826770,
        "longitudeE7" : 282761910,
        "placeId" : "ChIJBWkt9b9glR4RJWQEvxEyGUs",
        "locationConfidence" : 1.3641527
      }, {
        "latitudeE7" : -257832140,
        "longitudeE7" : 282723227,
        "placeId" : "ChIJc8kTxsFglR4RlriUOuD6Gwc",
        "locationConfidence" : 0.085028626
      }, {
        "latitudeE7" : -257825000,
        "longitudeE7" : 282728980,
        "placeId" : "ChIJsdwOc_BhlR4RrQVdr81aXkQ",
        "locationConfidence" : 0.07658428
      } ],
      "editConfirmationStatus" : "NOT_CONFIRMED",
      "simplifiedRawPath" : {
        "points" : [ {
          "latE7" : -257819947,
          "lngE7" : 282738231,
          "timestampMs" : "1559464270648",
          "accuracyMeters" : 30
        }, {
          "latE7" : -257821704,
          "lngE7" : 282745105,
          "timestampMs" : "1559464520539",
          "accuracyMeters" : 22
        } ]
      }
    }
  }, {
    "placeVisit" : {
      "location" : {
        "latitudeE7" : -258559780,
        "longitudeE7" : 281626430,
        "placeId" : "ChIJgf7JGllklR4RTqYK8tHPm_w",
        "address" : "13 Willem Rd\nEldoraigne\nCenturion\n0157\nSouth Africa",
        "name" : "13 Willem Rd",
        "semanticType" : "TYPE_HOME",
        "sourceInfo" : {
          "deviceTag" : -63513299
        },
        "locationConfidence" : 94.20357
      },
      "duration" : {
        "startTimestampMs" : "1559534556352",
        "endTimestampMs" : "1559538211138"
      },
      "placeConfidence" : "HIGH_CONFIDENCE",
      "centerLatE7" : -258558491,
      "centerLngE7" : 281626948,
      "visitConfidence" : 89,
      "otherCandidateLocations" : [ {
        "latitudeE7" : -258584100,
        "longitudeE7" : 281624600,
        "placeId" : "ChIJWVS1zllklR4R7ih8EDjLG2g",
        "semanticType" : "TYPE_SEARCHED_ADDRESS",
        "locationConfidence" : 4.6037116
      }, {
        "latitudeE7" : -258560800,
        "longitudeE7" : 281633500,
        "placeId" : "ChIJqbfuDFlklR4R62Y6o0Rpy9w",
        "locationConfidence" : 0.2586766
      }, {
        "latitudeE7" : -258565130,
        "longitudeE7" : 281611230,
        "placeId" : "ChIJjc378FhklR4R-lrwm02iVNY",
        "semanticType" : "TYPE_SEARCHED_ADDRESS",
        "locationConfidence" : 0.21786393
      }, {
        "latitudeE7" : -258563284,
        "longitudeE7" : 281638659,
        "placeId" : "ChIJUyXs_eRllR4R9OdOSKpRzI8",
        "locationConfidence" : 0.19892721
      } ],
      "editConfirmationStatus" : "NOT_CONFIRMED"
    }
  }, {
    "placeVisit" : {
      "location" : {
        "latitudeE7" : -258559780,
        "longitudeE7" : 281626430,
        "placeId" : "ChIJgf7JGllklR4RTqYK8tHPm_w",
        "address" : "13 Willem Rd\nEldoraigne\nCenturion\n0157\nSouth Africa",
        "name" : "13 Willem Rd",
        "semanticType" : "TYPE_HOME",
        "sourceInfo" : {
          "deviceTag" : -63513299
        },
        "locationConfidence" : 95.338806
      },
      "duration" : {
        "startTimestampMs" : "1559796976144",
        "endTimestampMs" : "1559821744433"
      },
      "placeConfidence" : "HIGH_CONFIDENCE",
      "centerLatE7" : -258560434,
      "centerLngE7" : 281625836,
      "visitConfidence" : 88,
      "otherCandidateLocations" : [ {
        "latitudeE7" : -258584100,
        "longitudeE7" : 281624600,
        "placeId" : "ChIJWVS1zllklR4R7ih8EDjLG2g",
        "semanticType" : "TYPE_SEARCHED_ADDRESS",
        "locationConfidence" : 3.6256506
      }, {
        "latitudeE7" : -258565130,
        "longitudeE7" : 281611230,
        "placeId" : "ChIJjc378FhklR4R-lrwm02iVNY",
        "semanticType" : "TYPE_SEARCHED_ADDRESS",
        "locationConfidence" : 0.21591191
      }, {
        "latitudeE7" : -258570590,
        "longitudeE7" : 281625620,
        "placeId" : "ChIJGZkpr1lklR4RvXt8NOQ53JI",
        "semanticType" : "TYPE_SEARCHED_ADDRESS",
        "locationConfidence" : 0.1924696
      }, {
        "latitudeE7" : -258560800,
        "longitudeE7" : 281633500,
        "placeId" : "ChIJqbfuDFlklR4R62Y6o0Rpy9w",
        "locationConfidence" : 0.1593098
      } ],
      "editConfirmationStatus" : "NOT_CONFIRMED"
    }
  }, {
    "activitySegment" : {
      "startLocation" : {
        "latitudeE7" : -258560753,
        "longitudeE7" : 281626091,
        "sourceInfo" : {
          "deviceTag" : -63513299
        }
      },
      "endLocation" : {
        "latitudeE7" : -258716016,
        "longitudeE7" : 281365710,
        "sourceInfo" : {
          "deviceTag" : -63513299
        }
      },
      "duration" : {
        "startTimestampMs" : "1559821744433",
        "endTimestampMs" : "1559823256868"
      },
      "distance" : 4661,
      "activityType" : "IN_PASSENGER_VEHICLE",
      "confidence" : "HIGH",
      "activities" : [ {
        "activityType" : "IN_PASSENGER_VEHICLE",
        "probability" : 87.07627975876814
      }, {
        "activityType" : "IN_BUS",
        "probability" : 7.007272682798077
      }, {
        "activityType" : "WALKING",
        "probability" : 5.345822120217057
      } ],
      "waypointPath" : {
        "waypoints" : [ {
          "latE7" : -258560543,
          "lngE7" : 281622924
        }, {
          "latE7" : -258622665,
          "lngE7" : 281624755
        }, {
          "latE7" : -258622875,
          "lngE7" : 281660118
        }, {
          "latE7" : -258682041,
          "lngE7" : 281507663
        }, {
          "latE7" : -258708209,
          "lngE7" : 281372547
        } ]
      },
      "simplifiedRawPath" : {
        "points" : [ {
          "latE7" : -258626113,
          "lngE7" : 281644012,
          "timestampMs" : "1559821932746",
          "accuracyMeters" : 42
        }, {
          "latE7" : -258624295,
          "lngE7" : 281659557,
          "timestampMs" : "1559822072446",
          "accuracyMeters" : 26
        } ]
      }
    }
  }, {
    "placeVisit" : {
      "location" : {
        "latitudeE7" : -298326807,
        "longitudeE7" : 309687195,
        "placeId" : "ChIJ64lEf-gA9x4RaquvL1_C1Aw",
        "address" : "Sherwood\nDurban\n4091\nSouth Africa",
        "name" : "Sherwood"
      },
      "duration" : {
        "startTimestampMs" : "1559823256868",
        "endTimestampMs" : "1559825644189"
      },
      "placeConfidence" : "MEDIUM_CONFIDENCE",
      "centerLatE7" : -258721843,
      "centerLngE7" : 281375047,
      "visitConfidence" : 96,
      "otherCandidateLocations" : [ {
        "latitudeE7" : -258717640,
        "longitudeE7" : 281368880,
        "placeId" : "ChIJ6afo1uBklR4R1ZiYvPg8W5U",
        "locationConfidence" : 4.7752576
      }, {
        "latitudeE7" : -258714984,
        "longitudeE7" : 281366790,
        "placeId" : "ChIJBYS4veBklR4ROLenSp4QTdo",
        "locationConfidence" : 3.973404
      }, {
        "latitudeE7" : -258701039,
        "longitudeE7" : 281384729,
        "placeId" : "ChIJddXFed9llR4R7fGU3y963hA",
        "locationConfidence" : 2.3850622
      }, {
        "latitudeE7" : -258717546,
        "longitudeE7" : 281371651,
        "placeId" : "ChIJDYo26-BklR4Rb6f6WGZ_6bw",
        "locationConfidence" : 0.9910932
      } ],
      "editConfirmationStatus" : "CONFIRMED"
    }
  }, {
    "activitySegment" : {
      "startLocation" : {
        "latitudeE7" : -258713889,
        "longitudeE7" : 281372222
      },
      "endLocation" : {
        "latitudeE7" : -258560753,
        "longitudeE7" : 281626091
      },
      "duration" : {
        "startTimestampMs" : "1559825644189",
        "endTimestampMs" : "1559826259184"
      },
      "distance" : 3063,
      "activityType" : "IN_PASSENGER_VEHICLE",
      "confidence" : "HIGH",
      "activities" : [ {
        "activityType" : "IN_PASSENGER_VEHICLE",
        "probability" : 95.7350128749692
      }, {
        "activityType" : "WALKING",
        "probability" : 2.148355989141424
      }, {
        "activityType" : "IN_BUS",
        "probability" : 0.8616619055840449
      } ],
      "waypointPath" : {
        "waypoints" : [ {
          "latE7" : -258730182,
          "lngE7" : 281387920
        }, {
          "latE7" : -258680171,
          "lngE7" : 281515197
        }, {
          "latE7" : -258560371,
          "lngE7" : 281622943
        } ]
      }
    }
  }, {
    "placeVisit" : {
      "location" : {
        "latitudeE7" : -258559780,
        "longitudeE7" : 281626430,
        "placeId" : "ChIJgf7JGllklR4RTqYK8tHPm_w",
        "address" : "13 Willem Rd\nEldoraigne\nCenturion\n0157\nSouth Africa",
        "name" : "13 Willem Rd",
        "semanticType" : "TYPE_HOME",
        "sourceInfo" : {
          "deviceTag" : -63513299
        },
        "locationConfidence" : 94.71465
      },
      "duration" : {
        "startTimestampMs" : "1559826259184",
        "endTimestampMs" : "1559833840693"
      },
      "placeConfidence" : "HIGH_CONFIDENCE",
      "centerLatE7" : -258560636,
      "centerLngE7" : 281626718,
      "visitConfidence" : 89,
      "otherCandidateLocations" : [ {
        "latitudeE7" : -258584100,
        "longitudeE7" : 281624600,
        "placeId" : "ChIJWVS1zllklR4R7ih8EDjLG2g",
        "semanticType" : "TYPE_SEARCHED_ADDRESS",
        "locationConfidence" : 3.803723
      }, {
        "latitudeE7" : -258570590,
        "longitudeE7" : 281625620,
        "placeId" : "ChIJGZkpr1lklR4RvXt8NOQ53JI",
        "semanticType" : "TYPE_SEARCHED_ADDRESS",
        "locationConfidence" : 0.27139968
      }, {
        "latitudeE7" : -258565130,
        "longitudeE7" : 281611230,
        "placeId" : "ChIJjc378FhklR4R-lrwm02iVNY",
        "semanticType" : "TYPE_SEARCHED_ADDRESS",
        "locationConfidence" : 0.2525327
      }, {
        "latitudeE7" : -258560800,
        "longitudeE7" : 281633500,
        "placeId" : "ChIJqbfuDFlklR4R62Y6o0Rpy9w",
        "locationConfidence" : 0.17996229
      } ],
      "editConfirmationStatus" : "NOT_CONFIRMED"
    }
  }, {
    "activitySegment" : {
      "startLocation" : {
        "latitudeE7" : -258560636,
        "longitudeE7" : 281626718
      },
      "endLocation" : {
        "latitudeE7" : -258410875,
        "longitudeE7" : 281602950
      },
      "duration" : {
        "startTimestampMs" : "1559833840693",
        "endTimestampMs" : "1559976714929"
      },
      "activityType" : "UNKNOWN_ACTIVITY_TYPE",
      "activities" : [ {
        "activityType" : "UNKNOWN_ACTIVITY_TYPE",
        "probability" : 0.0
      } ],
      "simplifiedRawPath" : {
        "points" : [ {
          "latE7" : -258589255,
          "lngE7" : 281582181,
          "timestampMs" : "1559834033470",
          "accuracyMeters" : 42
        }, {
          "latE7" : -258623273,
          "lngE7" : 281667043,
          "timestampMs" : "1559834154552",
          "accuracyMeters" : 100
        } ]
      }
    }
  }, {
    "placeVisit" : {
      "location" : {
        "latitudeE7" : -258412959,
        "longitudeE7" : 281602366,
        "placeId" : "ChIJnVssaGJklR4RW2W9zDFaEMw",
        "address" : "1023 Saxby Ave\nEldoraigne\nCenturion\n0157\nSouth Africa",
        "name" : "The Coffee Pot",
        "sourceInfo" : {
          "deviceTag" : -63513299
        },
        "locationConfidence" : 71.08389
      },
      "duration" : {
        "startTimestampMs" : "1559976714929",
        "endTimestampMs" : "1559977701876"
      },
      "placeConfidence" : "MEDIUM_CONFIDENCE",
      "centerLatE7" : -258410875,
      "centerLngE7" : 281602950,
      "visitConfidence" : 92,
      "otherCandidateLocations" : [ {
        "latitudeE7" : -258412683,
        "longitudeE7" : 281601632,
        "placeId" : "ChIJO7LRRmJklR4RKamXDp3mNaQ",
        "locationConfidence" : 14.030533
      }, {
        "latitudeE7" : -258412899,
        "longitudeE7" : 281605300,
        "placeId" : "ChIJO7LRRmJklR4R5mchqXhJ6E4",
        "locationConfidence" : 4.5033803
      }, {
        "latitudeE7" : -258414796,
        "longitudeE7" : 281606948,
        "placeId" : "ChIJVeYuXWJklR4RQkRA1ro6D2M",
        "locationConfidence" : 3.0047016
      }, {
        "latitudeE7" : -258413103,
        "longitudeE7" : 281603960,
        "placeId" : "ChIJCbBtQ2JklR4RzuJNQRkLFDI",
        "locationConfidence" : 1.4186319
      }, {
        "latitudeE7" : -258412002,
        "longitudeE7" : 281599877,
        "placeId" : "ChIJZdPYXWJklR4RmiKZtTfyBMA",
        "locationConfidence" : 1.1316984
      } ],
      "editConfirmationStatus" : "NOT_CONFIRMED"
    }
  } ]
}