{
  "timelineObjects" : [ {
    "placeVisit" : {
      "location" : {
        "latitudeE7" : -258559780,
        "longitudeE7" : 281626430,
        "placeId" : "ChIJgf7JGllklR4RTqYK8tHPm_w",
        "address" : "13 Willem Rd\nEldoraigne\nCenturion\n0157\nSouth Africa",
        "name" : "13 Willem Rd",
        "semanticType" : "TYPE_HOME",
        "sourceInfo" : {
          "deviceTag" : -63513299
        },
        "locationConfidence" : 97.00291
      },
      "duration" : {
        "startTimestampMs" : "1568260957226",
        "endTimestampMs" : "1568298004117"
      },
      "placeConfidence" : "HIGH_CONFIDENCE",
      "centerLatE7" : -258560370,
      "centerLngE7" : 281626081,
      "visitConfidence" : 79,
      "otherCandidateLocations" : [ {
        "latitudeE7" : -258584100,
        "longitudeE7" : 281624600,
        "placeId" : "ChIJWVS1zllklR4R7ih8EDjLG2g",
        "semanticType" : "TYPE_SEARCHED_ADDRESS",
        "locationConfidence" : 1.9592203
      }, {
        "latitudeE7" : -258565130,
        "longitudeE7" : 281611230,
        "placeId" : "ChIJjc378FhklR4R-lrwm02iVNY",
        "semanticType" : "TYPE_SEARCHED_ADDRESS",
        "locationConfidence" : 0.21955024
      }, {
        "latitudeE7" : -258570590,
        "longitudeE7" : 281625620,
        "placeId" : "ChIJGZkpr1lklR4RvXt8NOQ53JI",
        "semanticType" : "TYPE_SEARCHED_ADDRESS",
        "locationConfidence" : 0.20345874
      }, {
        "latitudeE7" : -258563284,
        "longitudeE7" : 281638659,
        "placeId" : "ChIJUyXs_eRllR4R9OdOSKpRzI8",
        "locationConfidence" : 0.14167453
      } ],
      "editConfirmationStatus" : "NOT_CONFIRMED"
    }
  }, {
    "activitySegment" : {
      "startLocation" : {
        "latitudeE7" : -258560401,
        "longitudeE7" : 281625284,
        "sourceInfo" : {
          "deviceTag" : -63513299
        }
      },
      "endLocation" : {
        "latitudeE7" : -258559837,
        "longitudeE7" : 281625666,
        "sourceInfo" : {
          "deviceTag" : -63513299
        }
      },
      "duration" : {
        "startTimestampMs" : "1568298007274",
        "endTimestampMs" : "1568347485716"
      },
      "distance" : 6624,
      "activityType" : "IN_PASSENGER_VEHICLE",
      "confidence" : "HIGH",
      "activities" : [ {
        "activityType" : "IN_PASSENGER_VEHICLE",
        "probability" : 93.68138812321136
      }, {
        "activityType" : "WALKING",
        "probability" : 4.014827297363188
      }, {
        "activityType" : "IN_BUS",
        "probability" : 1.454253677996973
      } ],
      "waypointPath" : {
        "waypoints" : [ {
          "latE7" : -258560256,
          "lngE7" : 281622943
        }, {
          "latE7" : -258559665,
          "lngE7" : 281623001
        } ]
      }
    }
  }, {
    "placeVisit" : {
      "location" : {
        "latitudeE7" : -258559780,
        "longitudeE7" : 281626430,
        "placeId" : "ChIJgf7JGllklR4RTqYK8tHPm_w",
        "address" : "13 Willem Rd\nEldoraigne\nCenturion\n0157\nSouth Africa",
        "name" : "13 Willem Rd",
        "semanticType" : "TYPE_HOME",
        "sourceInfo" : {
          "deviceTag" : -63513299
        },
        "locationConfidence" : 96.7808
      },
      "duration" : {
        "startTimestampMs" : "1568530262924",
        "endTimestampMs" : "1568541233795"
      },
      "placeConfidence" : "HIGH_CONFIDENCE",
      "centerLatE7" : -258559323,
      "centerLngE7" : 281625435,
      "visitConfidence" : 80,
      "otherCandidateLocations" : [ {
        "latitudeE7" : -258584100,
        "longitudeE7" : 281624600,
        "placeId" : "ChIJWVS1zllklR4R7ih8EDjLG2g",
        "semanticType" : "TYPE_SEARCHED_ADDRESS",
        "locationConfidence" : 1.8569441
      }, {
        "latitudeE7" : -258565130,
        "longitudeE7" : 281611230,
        "placeId" : "ChIJjc378FhklR4R-lrwm02iVNY",
        "semanticType" : "TYPE_SEARCHED_ADDRESS",
        "locationConfidence" : 0.3185214
      }, {
        "latitudeE7" : -258570590,
        "longitudeE7" : 281625620,
        "placeId" : "ChIJGZkpr1lklR4RvXt8NOQ53JI",
        "semanticType" : "TYPE_SEARCHED_ADDRESS",
        "locationConfidence" : 0.21159945
      }, {
        "latitudeE7" : -258560800,
        "longitudeE7" : 281633500,
        "placeId" : "ChIJqbfuDFlklR4R62Y6o0Rpy9w",
        "locationConfidence" : 0.18858759
      } ],
      "editConfirmationStatus" : "NOT_CONFIRMED"
    }
  }, {
    "placeVisit" : {
      "location" : {
        "latitudeE7" : -258559780,
        "longitudeE7" : 281626430,
        "placeId" : "ChIJgf7JGllklR4RTqYK8tHPm_w",
        "address" : "13 Willem Rd\nEldoraigne\nCenturion\n0157\nSouth Africa",
        "name" : "13 Willem Rd",
        "semanticType" : "TYPE_HOME",
        "sourceInfo" : {
          "deviceTag" : -63513299
        },
        "locationConfidence" : 96.793594
      },
      "duration" : {
        "startTimestampMs" : "1568866016608",
        "endTimestampMs" : "1568948414524"
      },
      "placeConfidence" : "HIGH_CONFIDENCE",
      "centerLatE7" : -258559176,
      "centerLngE7" : 281626124,
      "visitConfidence" : 88,
      "otherCandidateLocations" : [ {
        "latitudeE7" : -258584100,
        "longitudeE7" : 281624600,
        "placeId" : "ChIJWVS1zllklR4R7ih8EDjLG2g",
        "semanticType" : "TYPE_SEARCHED_ADDRESS",
        "locationConfidence" : 1.975938
      }, {
        "latitudeE7" : -258565130,
        "longitudeE7" : 281611230,
        "placeId" : "ChIJjc378FhklR4R-lrwm02iVNY",
        "semanticType" : "TYPE_SEARCHED_ADDRESS",
        "locationConfidence" : 0.25390786
      }, {
        "latitudeE7" : -258570590,
        "longitudeE7" : 281625620,
        "placeId" : "ChIJGZkpr1lklR4RvXt8NOQ53JI",
        "semanticType" : "TYPE_SEARCHED_ADDRESS",
        "locationConfidence" : 0.23371486
      }, {
        "latitudeE7" : -258563284,
        "longitudeE7" : 281638659,
        "placeId" : "ChIJUyXs_eRllR4R9OdOSKpRzI8",
        "locationConfidence" : 0.21360083
      } ],
      "editConfirmationStatus" : "NOT_CONFIRMED"
    }
  }, {
    "activitySegment" : {
      "startLocation" : {
        "latitudeE7" : -258560753,
        "longitudeE7" : 281626091,
        "sourceInfo" : {
          "deviceTag" : -63513299
        }
      },
      "endLocation" : {
        "latitudeE7" : -258767103,
        "longitudeE7" : 281658352,
        "sourceInfo" : {
          "deviceTag" : -63513299
        }
      },
      "duration" : {
        "startTimestampMs" : "1568948414524",
        "endTimestampMs" : "1568948859805"
      },
      "distance" : 2667,
      "activityType" : "IN_PASSENGER_VEHICLE",
      "confidence" : "HIGH",
      "activities" : [ {
        "activityType" : "IN_PASSENGER_VEHICLE",
        "probability" : 98.10910397745596
      }, {
        "activityType" : "WALKING",
        "probability" : 1.081125151113689
      }, {
        "activityType" : "IN_BUS",
        "probability" : 0.6723026193304733
      } ],
      "waypointPath" : {
        "waypoints" : [ {
          "latE7" : -258560543,
          "lngE7" : 281622924
        }, {
          "latE7" : -258614311,
          "lngE7" : 281583518
        }, {
          "latE7" : -258765678,
          "lngE7" : 281656246
        } ]
      },
      "simplifiedRawPath" : {
        "points" : [ {
          "latE7" : -258625603,
          "lngE7" : 281614988,
          "timestampMs" : "1568948618154",
          "accuracyMeters" : 29
        } ]
      }
    }
  }, {
    "placeVisit" : {
      "location" : {
        "latitudeE7" : -258976925,
        "longitudeE7" : 281737044,
        "placeId" : "ChIJ-cyvLhBllR4RZJTIKwM2R2I",
        "address" : "Brakfontein 399-Jr\nCenturion\nSouth Africa",
        "name" : "Brakfontein 399-Jr"
      },
      "duration" : {
        "startTimestampMs" : "1568948859805",
        "endTimestampMs" : "1568951757401"
      },
      "placeConfidence" : "HIGH_CONFIDENCE",
      "centerLatE7" : -258766524,
      "centerLngE7" : 281656653,
      "visitConfidence" : 96,
      "otherCandidateLocations" : [ {
        "latitudeE7" : -258765080,
        "longitudeE7" : 281639740,
        "placeId" : "ChIJ6b76RqlllR4R9Bq6nQLNcCM",
        "locationConfidence" : 2.8492706
      }, {
        "latitudeE7" : -258778771,
        "longitudeE7" : 281650558,
        "placeId" : "ChIJF_eaKq9llR4R_3kFgxN-5o0",
        "locationConfidence" : 0.1900493
      }, {
        "latitudeE7" : -258756154,
        "longitudeE7" : 281671493,
        "placeId" : "ChIJmTEijq5llR4RvhoBX4IFTkI",
        "locationConfidence" : 0.08067404
      }, {
        "latitudeE7" : -258773448,
        "longitudeE7" : 281653564,
        "placeId" : "ChIJPQpp0a5llR4R8kXWjclAcW8",
        "locationConfidence" : 0.06615926
      } ],
      "editConfirmationStatus" : "CONFIRMED"
    }
  }, {
    "activitySegment" : {
      "startLocation" : {
        "latitudeE7" : -258767027,
        "longitudeE7" : 281655205,
        "sourceInfo" : {
          "deviceTag" : -63513299
        }
      },
      "endLocation" : {
        "latitudeE7" : -258560753,
        "longitudeE7" : 281626091,
        "sourceInfo" : {
          "deviceTag" : -63513299
        }
      },
      "duration" : {
        "startTimestampMs" : "1568951757401",
        "endTimestampMs" : "1568952312574"
      },
      "distance" : 2547,
      "activityType" : "IN_PASSENGER_VEHICLE",
      "confidence" : "HIGH",
      "activities" : [ {
        "activityType" : "IN_PASSENGER_VEHICLE",
        "probability" : 96.60174782711303
      }, {
        "activityType" : "WALKING",
        "probability" : 2.6743831970245235
      }, {
        "activityType" : "MOTORCYCLING",
        "probability" : 0.4935255386625646
      } ],
      "waypointPath" : {
        "waypoints" : [ {
          "latE7" : -258766994,
          "lngE7" : 281655139
        }, {
          "latE7" : -258626251,
          "lngE7" : 281591148
        }, {
          "latE7" : -258560543,
          "lngE7" : 281622924
        } ]
      },
      "simplifiedRawPath" : {
        "points" : [ {
          "latE7" : -258588253,
          "lngE7" : 281594899,
          "timestampMs" : "1568952190727",
          "accuracyMeters" : 51
        } ]
      }
    }
  }, {
    "placeVisit" : {
      "location" : {
        "latitudeE7" : -258559780,
        "longitudeE7" : 281626430,
        "placeId" : "ChIJgf7JGllklR4RTqYK8tHPm_w",
        "address" : "13 Willem Rd\nEldoraigne\nCenturion\n0157\nSouth Africa",
        "name" : "13 Willem Rd",
        "semanticType" : "TYPE_HOME",
        "sourceInfo" : {
          "deviceTag" : -63513299
        },
        "locationConfidence" : 97.03213
      },
      "duration" : {
        "startTimestampMs" : "1568952312574",
        "endTimestampMs" : "1568953845146"
      },
      "placeConfidence" : "HIGH_CONFIDENCE",
      "centerLatE7" : -258560776,
      "centerLngE7" : 281626476,
      "visitConfidence" : 95,
      "otherCandidateLocations" : [ {
        "latitudeE7" : -258584100,
        "longitudeE7" : 281624600,
        "placeId" : "ChIJWVS1zllklR4R7ih8EDjLG2g",
        "semanticType" : "TYPE_SEARCHED_ADDRESS",
        "locationConfidence" : 1.9388943
      }, {
        "latitudeE7" : -258560800,
        "longitudeE7" : 281633500,
        "placeId" : "ChIJqbfuDFlklR4R62Y6o0Rpy9w",
        "locationConfidence" : 0.17555346
      }, {
        "latitudeE7" : -258563284,
        "longitudeE7" : 281638659,
        "placeId" : "ChIJUyXs_eRllR4R9OdOSKpRzI8",
        "locationConfidence" : 0.16946822
      }, {
        "latitudeE7" : -258570590,
        "longitudeE7" : 281625620,
        "placeId" : "ChIJGZkpr1lklR4RvXt8NOQ53JI",
        "semanticType" : "TYPE_SEARCHED_ADDRESS",
        "locationConfidence" : 0.16779478
      } ],
      "editConfirmationStatus" : "NOT_CONFIRMED"
    }
  }, {
    "activitySegment" : {
      "startLocation" : {
        "latitudeE7" : -258560753,
        "longitudeE7" : 281626091,
        "sourceInfo" : {
          "deviceTag" : -63513299
        }
      },
      "endLocation" : {
        "latitudeE7" : -257566771,
        "longitudeE7" : 282803438,
        "sourceInfo" : {
          "deviceTag" : -63513299
        }
      },
      "duration" : {
        "startTimestampMs" : "1568953845146",
        "endTimestampMs" : "1568955430000"
      },
      "distance" : 19967,
      "activityType" : "IN_PASSENGER_VEHICLE",
      "confidence" : "HIGH",
      "activities" : [ {
        "activityType" : "IN_PASSENGER_VEHICLE",
        "probability" : 94.98114216086113
      }, {
        "activityType" : "WALKING",
        "probability" : 4.638852715432351
      }, {
        "activityType" : "IN_BUS",
        "probability" : 0.27443433021482033
      } ],
      "waypointPath" : {
        "waypoints" : [ {
          "latE7" : -258560543,
          "lngE7" : 281622924
        }, {
          "latE7" : -258037643,
          "lngE7" : 282605133
        }, {
          "latE7" : -257568435,
          "lngE7" : 282791595
        } ]
      },
      "simplifiedRawPath" : {
        "points" : [ {
          "latE7" : -258032333,
          "lngE7" : 282608894,
          "timestampMs" : "1568954921000",
          "accuracyMeters" : 6
        } ]
      }
    }
  }, {
    "placeVisit" : {
      "location" : {
        "latitudeE7" : -257509575,
        "longitudeE7" : 282789735,
        "placeId" : "ChIJE5phV2ZglR4ROeioRG3BvyA",
        "address" : "Scientia 627-Jr\nPretoria\n0081\nSouth Africa",
        "name" : "Scientia 627-Jr"
      },
      "duration" : {
        "startTimestampMs" : "1568955430000",
        "endTimestampMs" : "1568983211518"
      },
      "placeConfidence" : "MEDIUM_CONFIDENCE",
      "centerLatE7" : -257565860,
      "centerLngE7" : 282797494,
      "visitConfidence" : 95,
      "otherCandidateLocations" : [ {
        "latitudeE7" : -257565060,
        "longitudeE7" : 282798100,
        "placeId" : "ChIJleGC-2BglR4RgInWy3Dz3qI",
        "name" : "Council for Scientific and Industrial Research building 43",
        "locationConfidence" : 8.1295805
      }, {
        "latitudeE7" : -257468287,
        "longitudeE7" : 282788928,
        "placeId" : "ChIJS_P3g2lglR4RMs3iZtUFGUE",
        "locationConfidence" : 1.7678471
      }, {
        "latitudeE7" : -257529956,
        "longitudeE7" : 282767675,
        "placeId" : "ChIJAQsZRGdglR4REb2EhDpAEKw",
        "locationConfidence" : 0.76775354
      }, {
        "latitudeE7" : -257571069,
        "longitudeE7" : 282795005,
        "placeId" : "ChIJFQSqsWFglR4RPwZMxqBWJoM",
        "locationConfidence" : 0.38104323
      } ],
      "editConfirmationStatus" : "CONFIRMED"
    }
  }, {
    "activitySegment" : {
      "startLocation" : {
        "latitudeE7" : -257559379,
        "longitudeE7" : 282787824,
        "sourceInfo" : {
          "deviceTag" : -63513299
        }
      },
      "endLocation" : {
        "latitudeE7" : -258559858,
        "longitudeE7" : 281624869,
        "sourceInfo" : {
          "deviceTag" : -63513299
        }
      },
      "duration" : {
        "startTimestampMs" : "1568983211518",
        "endTimestampMs" : "1568984783862"
      },
      "distance" : 18504,
      "activityType" : "IN_PASSENGER_VEHICLE",
      "confidence" : "HIGH",
      "activities" : [ {
        "activityType" : "IN_PASSENGER_VEHICLE",
        "probability" : 99.4909713084265
      }, {
        "activityType" : "WALKING",
        "probability" : 0.2924570120474468
      }, {
        "activityType" : "IN_BUS",
        "probability" : 0.10882631785714518
      } ],
      "waypointPath" : {
        "waypoints" : [ {
          "latE7" : -257554893,
          "lngE7" : 282786655
        }, {
          "latE7" : -257885208,
          "lngE7" : 282694110
        }, {
          "latE7" : -258559741,
          "lngE7" : 281622982
        } ]
      }
    }
  }, {
    "placeVisit" : {
      "location" : {
        "latitudeE7" : -258559780,
        "longitudeE7" : 281626430,
        "placeId" : "ChIJgf7JGllklR4RTqYK8tHPm_w",
        "address" : "13 Willem Rd\nEldoraigne\nCenturion\n0157\nSouth Africa",
        "name" : "13 Willem Rd",
        "semanticType" : "TYPE_HOME",
        "sourceInfo" : {
          "deviceTag" : -63513299
        },
        "locationConfidence" : 96.8322
      },
      "duration" : {
        "startTimestampMs" : "1568984783862",
        "endTimestampMs" : "1568985160731"
      },
      "placeConfidence" : "HIGH_CONFIDENCE",
      "centerLatE7" : -258560750,
      "centerLngE7" : 281625687,
      "visitConfidence" : 86,
      "otherCandidateLocations" : [ {
        "latitudeE7" : -258584100,
        "longitudeE7" : 281624600,
        "placeId" : "ChIJWVS1zllklR4R7ih8EDjLG2g",
        "semanticType" : "TYPE_SEARCHED_ADDRESS",
        "locationConfidence" : 1.5746613
      }, {
        "latitudeE7" : -258570590,
        "longitudeE7" : 281625620,
        "placeId" : "ChIJGZkpr1lklR4RvXt8NOQ53JI",
        "semanticType" : "TYPE_SEARCHED_ADDRESS",
        "locationConfidence" : 0.28792304
      }, {
        "latitudeE7" : -258565130,
        "longitudeE7" : 281611230,
        "placeId" : "ChIJjc378FhklR4R-lrwm02iVNY",
        "semanticType" : "TYPE_SEARCHED_ADDRESS",
        "locationConfidence" : 0.22324073
      }, {
        "latitudeE7" : -258566610,
        "longitudeE7" : 281599580,
        "placeId" : "ChIJjwG3j1hklR4R94td0rNPPdE",
        "locationConfidence" : 0.19206592
      } ],
      "editConfirmationStatus" : "NOT_CONFIRMED"
    }
  }, {
    "activitySegment" : {
      "startLocation" : {
        "latitudeE7" : -258560753,
        "longitudeE7" : 281626091,
        "sourceInfo" : {
          "deviceTag" : -63513299
        }
      },
      "endLocation" : {
        "latitudeE7" : -259156973,
        "longitudeE7" : 281940947,
        "sourceInfo" : {
          "deviceTag" : -63513299
        }
      },
      "duration" : {
        "startTimestampMs" : "1568985160731",
        "endTimestampMs" : "1569048513796"
      },
      "distance" : 7384,
      "activityType" : "IN_PASSENGER_VEHICLE",
      "confidence" : "HIGH",
      "activities" : [ {
        "activityType" : "IN_PASSENGER_VEHICLE",
        "probability" : 87.10124305246143
      }, {
        "activityType" : "WALKING",
        "probability" : 7.57043106930555
      }, {
        "activityType" : "CYCLING",
        "probability" : 1.5170129823498415
      } ],
      "waypointPath" : {
        "waypoints" : [ {
          "latE7" : -258560543,
          "lngE7" : 281622924
        }, {
          "latE7" : -258788433,
          "lngE7" : 281617546
        }, {
          "latE7" : -259155883,
          "lngE7" : 281941699
        } ]
      }
    }
  }, {
    "placeVisit" : {
      "location" : {
        "latitudeE7" : -259102474,
        "longitudeE7" : 281912538,
        "placeId" : "ChIJW7R9glpvlR4RvEORrQV-3Hg",
        "address" : "Midstream Estate\nOlifantsfontein\n1692\nSouth Africa",
        "name" : "Midstream Estate"
      },
      "duration" : {
        "startTimestampMs" : "1569048513796",
        "endTimestampMs" : "1569050685417"
      },
      "placeConfidence" : "MEDIUM_CONFIDENCE",
      "centerLatE7" : -259156244,
      "centerLngE7" : 281941906,
      "visitConfidence" : 93,
      "otherCandidateLocations" : [ {
        "latitudeE7" : -259163034,
        "longitudeE7" : 281940665,
        "placeId" : "ChIJv51DeFBvlR4RgW_-TlTnqAE",
        "locationConfidence" : 4.4081154
      }, {
        "latitudeE7" : -259158840,
        "longitudeE7" : 281940710,
        "placeId" : "ChIJs7QKnVpvlR4R_Tfh4hgy858",
        "locationConfidence" : 3.9406724
      }, {
        "latitudeE7" : -259158148,
        "longitudeE7" : 281940554,
        "placeId" : "ChIJ8TCE4IdllR4Rtr3R68tdyFw",
        "locationConfidence" : 2.7745905
      }, {
        "latitudeE7" : -259159133,
        "longitudeE7" : 281940187,
        "placeId" : "ChIJ5UMDC1BvlR4RcmnZh1oh5b4",
        "locationConfidence" : 1.8044147
      }, {
        "latitudeE7" : -259163800,
        "longitudeE7" : 281959300,
        "placeId" : "ChIJ2R9llWtvlR4RkBqBdavw1Rk",
        "locationConfidence" : 1.1743375
      }, {
        "latitudeE7" : -259169620,
        "longitudeE7" : 281941896,
        "placeId" : "ChIJ0_Jhp1pvlR4RRq1n5H2K2Gk",
        "locationConfidence" : 1.1436019
      }, {
        "latitudeE7" : -259156722,
        "longitudeE7" : 281949335,
        "placeId" : "ChIJTanRJFBvlR4RqVfcTRzzXJ4",
        "locationConfidence" : 0.46072844
      } ],
      "editConfirmationStatus" : "CONFIRMED"
    }
  }, {
    "activitySegment" : {
      "startLocation" : {
        "latitudeE7" : -259157111,
        "longitudeE7" : 281941050,
        "sourceInfo" : {
          "deviceTag" : -63513299
        }
      },
      "endLocation" : {
        "latitudeE7" : -258558116,
        "longitudeE7" : 281622381,
        "sourceInfo" : {
          "deviceTag" : -63513299
        }
      },
      "duration" : {
        "startTimestampMs" : "1569050703352",
        "endTimestampMs" : "1569051813400"
      },
      "distance" : 9420,
      "activityType" : "IN_PASSENGER_VEHICLE",
      "confidence" : "HIGH",
      "activities" : [ {
        "activityType" : "IN_PASSENGER_VEHICLE",
        "probability" : 98.45432013104549
      }, {
        "activityType" : "WALKING",
        "probability" : 0.9815141132921673
      }, {
        "activityType" : "IN_BUS",
        "probability" : 0.31262542243760594
      } ],
      "waypointPath" : {
        "waypoints" : [ {
          "latE7" : -259155960,
          "lngE7" : 281941833
        }, {
          "latE7" : -258558177,
          "lngE7" : 281623115
        } ]
      }
    }
  }, {
    "placeVisit" : {
      "location" : {
        "latitudeE7" : -258559780,
        "longitudeE7" : 281626430,
        "placeId" : "ChIJgf7JGllklR4RTqYK8tHPm_w",
        "address" : "13 Willem Rd\nEldoraigne\nCenturion\n0157\nSouth Africa",
        "name" : "13 Willem Rd",
        "semanticType" : "TYPE_HOME",
        "sourceInfo" : {
          "deviceTag" : -63513299
        },
        "locationConfidence" : 96.59486
      },
      "duration" : {
        "startTimestampMs" : "1569312280022",
        "endTimestampMs" : "1569314826121"
      },
      "placeConfidence" : "HIGH_CONFIDENCE",
      "centerLatE7" : -258559282,
      "centerLngE7" : 281626191,
      "visitConfidence" : 93,
      "otherCandidateLocations" : [ {
        "latitudeE7" : -258584100,
        "longitudeE7" : 281624600,
        "placeId" : "ChIJWVS1zllklR4R7ih8EDjLG2g",
        "semanticType" : "TYPE_SEARCHED_ADDRESS",
        "locationConfidence" : 1.7848763
      }, {
        "latitudeE7" : -258563284,
        "longitudeE7" : 281638659,
        "placeId" : "ChIJUyXs_eRllR4R9OdOSKpRzI8",
        "locationConfidence" : 0.3328854
      }, {
        "latitudeE7" : -258565130,
        "longitudeE7" : 281611230,
        "placeId" : "ChIJjc378FhklR4R-lrwm02iVNY",
        "semanticType" : "TYPE_SEARCHED_ADDRESS",
        "locationConfidence" : 0.24421626
      }, {
        "latitudeE7" : -258570590,
        "longitudeE7" : 281625620,
        "placeId" : "ChIJGZkpr1lklR4RvXt8NOQ53JI",
        "semanticType" : "TYPE_SEARCHED_ADDRESS",
        "locationConfidence" : 0.21942212
      } ],
      "editConfirmationStatus" : "NOT_CONFIRMED"
    }
  }, {
    "activitySegment" : {
      "startLocation" : {
        "latitudeE7" : -258560753,
        "longitudeE7" : 281626091,
        "sourceInfo" : {
          "deviceTag" : -63513299
        }
      },
      "endLocation" : {
        "latitudeE7" : -257926130,
        "longitudeE7" : 283035690,
        "sourceInfo" : {
          "deviceTag" : -63513299
        }
      },
      "duration" : {
        "startTimestampMs" : "1569314826121",
        "endTimestampMs" : "1569317387603"
      },
      "distance" : 17573,
      "activityType" : "IN_PASSENGER_VEHICLE",
      "confidence" : "HIGH",
      "activities" : [ {
        "activityType" : "IN_PASSENGER_VEHICLE",
        "probability" : 97.07047840179297
      }, {
        "activityType" : "WALKING",
        "probability" : 2.2774794403100804
      }, {
        "activityType" : "IN_BUS",
        "probability" : 0.4680235867022152
      } ],
      "waypointPath" : {
        "waypoints" : [ {
          "latE7" : -258560543,
          "lngE7" : 281622924
        }, {
          "latE7" : -258037643,
          "lngE7" : 282605133
        }, {
          "latE7" : -257929000,
          "lngE7" : 283035640
        } ]
      }
    }
  }, {
    "placeVisit" : {
      "location" : {
        "latitudeE7" : -257926130,
        "longitudeE7" : 283035690,
        "placeId" : "ChIJpdnlaAFelR4R83zhQYWBl2Q",
        "address" : "662 Hesteleen St\nGarsfontein\nPretoria\n0042\nSouth Africa",
        "name" : "662 Hesteleen St",
        "sourceInfo" : {
          "deviceTag" : -63513299
        },
        "locationConfidence" : 69.23574
      },
      "duration" : {
        "startTimestampMs" : "1569317387603",
        "endTimestampMs" : "1569334144572"
      },
      "placeConfidence" : "MEDIUM_CONFIDENCE",
      "centerLatE7" : -257925800,
      "centerLngE7" : 283035263,
      "visitConfidence" : 94,
      "otherCandidateLocations" : [ {
        "latitudeE7" : -257926090,
        "longitudeE7" : 283032840,
        "placeId" : "ChIJBUx0bwFelR4R73okRJ6aezQ",
        "locationConfidence" : 9.850941
      }, {
        "latitudeE7" : -257926090,
        "longitudeE7" : 283032840,
        "placeId" : "ChIJBUx0bwFelR4RyO4nlrDTPvk",
        "locationConfidence" : 5.8260345
      }, {
        "latitudeE7" : -257926660,
        "longitudeE7" : 283038420,
        "placeId" : "ChIJDYJ0QgFelR4R1X2ZhGOk5d8",
        "locationConfidence" : 4.970059
      }, {
        "latitudeE7" : -257929079,
        "longitudeE7" : 283040730,
        "placeId" : "ChIJGZrmQAFelR4RBH1UHl2auwA",
        "locationConfidence" : 1.0922834
      }, {
        "latitudeE7" : -257946499,
        "longitudeE7" : 283012770,
        "placeId" : "ChIJTVOxswFelR4Rz6vcvSSbiNg",
        "locationConfidence" : 0.5300734
      } ],
      "editConfirmationStatus" : "NOT_CONFIRMED"
    }
  }, {
    "activitySegment" : {
      "startLocation" : {
        "latitudeE7" : -257926130,
        "longitudeE7" : 283035690
      },
      "endLocation" : {
        "latitudeE7" : -258413969,
        "longitudeE7" : 281855562
      },
      "duration" : {
        "startTimestampMs" : "1569334144572",
        "endTimestampMs" : "1569335744926"
      },
      "distance" : 18583,
      "activityType" : "IN_PASSENGER_VEHICLE",
      "confidence" : "HIGH",
      "activities" : [ {
        "activityType" : "IN_PASSENGER_VEHICLE",
        "probability" : 96.10215721655027
      }, {
        "activityType" : "WALKING",
        "probability" : 1.8390312518986212
      }, {
        "activityType" : "IN_BUS",
        "probability" : 0.7309045276189887
      } ],
      "waypointPath" : {
        "waypoints" : [ {
          "latE7" : -257929000,
          "lngE7" : 283035984
        }, {
          "latE7" : -257914257,
          "lngE7" : 282819347
        }, {
          "latE7" : -257917995,
          "lngE7" : 282818012
        }, {
          "latE7" : -258045139,
          "lngE7" : 282604427
        }, {
          "latE7" : -258411293,
          "lngE7" : 281862621
        } ]
      },
      "simplifiedRawPath" : {
        "points" : [ {
          "latE7" : -257917803,
          "lngE7" : 282817384,
          "timestampMs" : "1569334713160",
          "accuracyMeters" : 29
        } ]
      }
    }
  }, {
    "placeVisit" : {
      "location" : {
        "latitudeE7" : -258413969,
        "longitudeE7" : 281855562,
        "placeId" : "ChIJX-E46TxklR4RIKhkXeY_IV8",
        "address" : "Cnr Jean Avenue & Rabie Street\nLyttelton AH\nCenturion\n0140\nSouth Africa",
        "name" : "Woolworths Jean Crossing",
        "sourceInfo" : {
          "deviceTag" : -63513299
        },
        "locationConfidence" : 60.008957
      },
      "duration" : {
        "startTimestampMs" : "1569335744926",
        "endTimestampMs" : "1569336866492"
      },
      "placeConfidence" : "MEDIUM_CONFIDENCE",
      "centerLatE7" : -258412644,
      "centerLngE7" : 281856667,
      "visitConfidence" : 95,
      "otherCandidateLocations" : [ {
        "latitudeE7" : -258408036,
        "longitudeE7" : 281856448,
        "placeId" : "ChIJ0XhlshVklR4RFGrzumiLwzw",
        "locationConfidence" : 36.08886
      }, {
        "latitudeE7" : -258412916,
        "longitudeE7" : 281879224,
        "placeId" : "ChIJDWLjyxVklR4RQFG7bRYhG5U",
        "locationConfidence" : 0.8668976
      }, {
        "latitudeE7" : -258399180,
        "longitudeE7" : 281855652,
        "placeId" : "ChIJmYeKrRVklR4RKHJBl0wNgKE",
        "locationConfidence" : 0.58879143
      }, {
        "latitudeE7" : -258408036,
        "longitudeE7" : 281856448,
        "placeId" : "ChIJbU8ezBVklR4Rv5oTVKzi6os",
        "locationConfidence" : 0.20149714
      } ],
      "editConfirmationStatus" : "NOT_CONFIRMED"
    }
  }, {
    "activitySegment" : {
      "startLocation" : {
        "latitudeE7" : -258413969,
        "longitudeE7" : 281855562
      },
      "endLocation" : {
        "latitudeE7" : -258692813,
        "longitudeE7" : 281363617
      },
      "duration" : {
        "startTimestampMs" : "1569336866492",
        "endTimestampMs" : "1569337716500"
      },
      "distance" : 5824,
      "activityType" : "IN_PASSENGER_VEHICLE",
      "confidence" : "HIGH",
      "activities" : [ {
        "activityType" : "IN_PASSENGER_VEHICLE",
        "probability" : 95.69711258724797
      }, {
        "activityType" : "WALKING",
        "probability" : 1.8246929475873612
      }, {
        "activityType" : "MOTORCYCLING",
        "probability" : 1.2101020901376625
      } ],
      "waypointPath" : {
        "waypoints" : [ {
          "latE7" : -258408660,
          "lngE7" : 281863975
        }, {
          "latE7" : -258385372,
          "lngE7" : 281824684
        }, {
          "latE7" : -258422641,
          "lngE7" : 281610298
        }, {
          "latE7" : -258620796,
          "lngE7" : 281369743
        }, {
          "latE7" : -258692550,
          "lngE7" : 281363677
        } ]
      },
      "simplifiedRawPath" : {
        "points" : [ {
          "latE7" : -258423242,
          "lngE7" : 281610194,
          "timestampMs" : "1569337187000",
          "accuracyMeters" : 6
        } ]
      }
    }
  }, {
    "placeVisit" : {
      "location" : {
        "latitudeE7" : -258640029,
        "longitudeE7" : 281342120,
        "placeId" : "ChIJMZ1B2cNklR4Rzc6HAX-_kaY",
        "address" : "Celtisdal\nCenturion\n0157\nSouth Africa",
        "name" : "Celtisdal"
      },
      "duration" : {
        "startTimestampMs" : "1569337716500",
        "endTimestampMs" : "1569338088715"
      },
      "placeConfidence" : "MEDIUM_CONFIDENCE",
      "centerLatE7" : -258691086,
      "centerLngE7" : 281365271,
      "visitConfidence" : 89,
      "otherCandidateLocations" : [ {
        "latitudeE7" : -258716790,
        "longitudeE7" : 281372720,
        "placeId" : "ChIJ6ZYczuBklR4Rk4-BVR08xA0",
        "locationConfidence" : 5.545518
      }, {
        "latitudeE7" : -258691190,
        "longitudeE7" : 281365590,
        "placeId" : "ChIJESJ2KuFklR4RnnAtChxUcC4",
        "locationConfidence" : 5.068905
      }, {
        "latitudeE7" : -258688000,
        "longitudeE7" : 281363567,
        "placeId" : "ChIJq4tsXedklR4R_ywDW9vxZbg",
        "locationConfidence" : 2.0658314
      }, {
        "latitudeE7" : -258698297,
        "longitudeE7" : 281355885,
        "placeId" : "ChIJWT2hXudklR4RAJG_G8lwjy0",
        "locationConfidence" : 1.4331933
      }, {
        "latitudeE7" : -258694781,
        "longitudeE7" : 281369581,
        "placeId" : "ChIJWT2hXudklR4R3nRhTSjPgd0",
        "locationConfidence" : 1.041092
      }, {
        "latitudeE7" : -258694008,
        "longitudeE7" : 281360940,
        "placeId" : "ChIJTe7bROdklR4RLEjtGY-XX5M",
        "locationConfidence" : 0.52205724
      }, {
        "latitudeE7" : -258693363,
        "longitudeE7" : 281361070,
        "placeId" : "ChIJf6IOXOdklR4RWgGqeTZsPEE",
        "locationConfidence" : 0.51708174
      }, {
        "latitudeE7" : -258691111,
        "longitudeE7" : 281366061,
        "placeId" : "ChIJbzWUNudklR4RJZqEgYeVCow",
        "locationConfidence" : 0.48523906
      } ],
      "editConfirmationStatus" : "CONFIRMED"
    }
  }, {
    "activitySegment" : {
      "startLocation" : {
        "latitudeE7" : -258691086,
        "longitudeE7" : 281365271
      },
      "endLocation" : {
        "latitudeE7" : -258559731,
        "longitudeE7" : 281625194
      },
      "duration" : {
        "startTimestampMs" : "1569338088715",
        "endTimestampMs" : "1569556983629"
      },
      "activityType" : "UNKNOWN_ACTIVITY_TYPE",
      "activities" : [ {
        "activityType" : "UNKNOWN_ACTIVITY_TYPE",
        "probability" : 0.0
      } ],
      "simplifiedRawPath" : {
        "points" : [ {
          "latE7" : -258703129,
          "lngE7" : 281373846,
          "timestampMs" : "1569338209891",
          "accuracyMeters" : 53
        }, {
          "latE7" : -258556234,
          "lngE7" : 281621116,
          "timestampMs" : "1569338659488",
          "accuracyMeters" : 24
        } ]
      }
    }
  }, {
    "placeVisit" : {
      "location" : {
        "latitudeE7" : -258559780,
        "longitudeE7" : 281626430,
        "placeId" : "ChIJgf7JGllklR4RTqYK8tHPm_w",
        "address" : "13 Willem Rd\nEldoraigne\nCenturion\n0157\nSouth Africa",
        "name" : "13 Willem Rd",
        "semanticType" : "TYPE_HOME",
        "sourceInfo" : {
          "deviceTag" : -63513299
        },
        "locationConfidence" : 97.48624
      },
      "duration" : {
        "startTimestampMs" : "1569556983629",
        "endTimestampMs" : "1569558935674"
      },
      "placeConfidence" : "HIGH_CONFIDENCE",
      "centerLatE7" : -258559731,
      "centerLngE7" : 281625194,
      "visitConfidence" : 94,
      "otherCandidateLocations" : [ {
        "latitudeE7" : -258584100,
        "longitudeE7" : 281624600,
        "placeId" : "ChIJWVS1zllklR4R7ih8EDjLG2g",
        "semanticType" : "TYPE_SEARCHED_ADDRESS",
        "locationConfidence" : 1.547261
      }, {
        "latitudeE7" : -258565130,
        "longitudeE7" : 281611230,
        "placeId" : "ChIJjc378FhklR4R-lrwm02iVNY",
        "semanticType" : "TYPE_SEARCHED_ADDRESS",
        "locationConfidence" : 0.1779402
      }, {
        "latitudeE7" : -258563284,
        "longitudeE7" : 281638659,
        "placeId" : "ChIJUyXs_eRllR4R9OdOSKpRzI8",
        "locationConfidence" : 0.15996261
      }, {
        "latitudeE7" : -258570590,
        "longitudeE7" : 281625620,
        "placeId" : "ChIJGZkpr1lklR4RvXt8NOQ53JI",
        "semanticType" : "TYPE_SEARCHED_ADDRESS",
        "locationConfidence" : 0.15643883
      } ],
      "editConfirmationStatus" : "NOT_CONFIRMED"
    }
  }, {
    "activitySegment" : {
      "startLocation" : {
        "latitudeE7" : -258560753,
        "longitudeE7" : 281626091,
        "sourceInfo" : {
          "deviceTag" : -63513299
        }
      },
      "endLocation" : {
        "latitudeE7" : -257566771,
        "longitudeE7" : 282803438,
        "sourceInfo" : {
          "deviceTag" : -63513299
        }
      },
      "duration" : {
        "startTimestampMs" : "1569558935674",
        "endTimestampMs" : "1569560395958"
      },
      "distance" : 19723,
      "activityType" : "IN_PASSENGER_VEHICLE",
      "confidence" : "HIGH",
      "activities" : [ {
        "activityType" : "IN_PASSENGER_VEHICLE",
        "probability" : 99.50148320644642
      }, {
        "activityType" : "WALKING",
        "probability" : 0.2609892675774851
      }, {
        "activityType" : "IN_BUS",
        "probability" : 0.11729909620843894
      } ],
      "waypointPath" : {
        "waypoints" : [ {
          "latE7" : -258560543,
          "lngE7" : 281622924
        }, {
          "latE7" : -257753009,
          "lngE7" : 282724666
        }, {
          "latE7" : -257571086,
          "lngE7" : 282803401
        } ]
      }
    }
  }, {
    "placeVisit" : {
      "location" : {
        "latitudeE7" : -257509575,
        "longitudeE7" : 282789735,
        "placeId" : "ChIJE5phV2ZglR4ROeioRG3BvyA",
        "address" : "Scientia 627-Jr\nPretoria\n0081\nSouth Africa",
        "name" : "Scientia 627-Jr"
      },
      "duration" : {
        "startTimestampMs" : "1569560395958",
        "endTimestampMs" : "1569591255453"
      },
      "placeConfidence" : "MEDIUM_CONFIDENCE",
      "centerLatE7" : -257565945,
      "centerLngE7" : 282798325,
      "visitConfidence" : 95,
      "otherCandidateLocations" : [ {
        "latitudeE7" : -257565060,
        "longitudeE7" : 282798100,
        "placeId" : "ChIJleGC-2BglR4RgInWy3Dz3qI",
        "name" : "Council for Scientific and Industrial Research building 43",
        "locationConfidence" : 6.175416
      }, {
        "latitudeE7" : -257468287,
        "longitudeE7" : 282788928,
        "placeId" : "ChIJS_P3g2lglR4RMs3iZtUFGUE",
        "locationConfidence" : 1.4674152
      }, {
        "latitudeE7" : -257529956,
        "longitudeE7" : 282767675,
        "placeId" : "ChIJAQsZRGdglR4REb2EhDpAEKw",
        "locationConfidence" : 0.5992808
      }, {
        "latitudeE7" : -257571069,
        "longitudeE7" : 282795005,
        "placeId" : "ChIJFQSqsWFglR4RPwZMxqBWJoM",
        "locationConfidence" : 0.36037913
      } ],
      "editConfirmationStatus" : "CONFIRMED"
    }
  }, {
    "activitySegment" : {
      "startLocation" : {
        "latitudeE7" : -257560933,
        "longitudeE7" : 282792742,
        "sourceInfo" : {
          "deviceTag" : -63513299
        }
      },
      "endLocation" : {
        "latitudeE7" : -258560353,
        "longitudeE7" : 281624808,
        "sourceInfo" : {
          "deviceTag" : -63513299
        }
      },
      "duration" : {
        "startTimestampMs" : "1569591255453",
        "endTimestampMs" : "1569592817391"
      },
      "distance" : 17867,
      "activityType" : "IN_PASSENGER_VEHICLE",
      "confidence" : "HIGH",
      "activities" : [ {
        "activityType" : "IN_PASSENGER_VEHICLE",
        "probability" : 99.40629521037255
      }, {
        "activityType" : "WALKING",
        "probability" : 0.3381669046037807
      }, {
        "activityType" : "IN_BUS",
        "probability" : 0.10929822912705825
      } ],
      "waypointPath" : {
        "waypoints" : [ {
          "latE7" : -257561244,
          "lngE7" : 282793102
        }, {
          "latE7" : -257704944,
          "lngE7" : 282741737
        }, {
          "latE7" : -258560237,
          "lngE7" : 281622943
        } ]
      }
    }
  }, {
    "placeVisit" : {
      "location" : {
        "latitudeE7" : -258559780,
        "longitudeE7" : 281626430,
        "placeId" : "ChIJgf7JGllklR4RTqYK8tHPm_w",
        "address" : "13 Willem Rd\nEldoraigne\nCenturion\n0157\nSouth Africa",
        "name" : "13 Willem Rd",
        "semanticType" : "TYPE_HOME",
        "sourceInfo" : {
          "deviceTag" : -63513299
        },
        "locationConfidence" : 96.46559
      },
      "duration" : {
        "startTimestampMs" : "1569592817391",
        "endTimestampMs" : "1569593422846"
      },
      "placeConfidence" : "HIGH_CONFIDENCE",
      "centerLatE7" : -258559709,
      "centerLngE7" : 281625500,
      "visitConfidence" : 95,
      "otherCandidateLocations" : [ {
        "latitudeE7" : -258584100,
        "longitudeE7" : 281624600,
        "placeId" : "ChIJWVS1zllklR4R7ih8EDjLG2g",
        "semanticType" : "TYPE_SEARCHED_ADDRESS",
        "locationConfidence" : 1.8450156
      }, {
        "latitudeE7" : -258570590,
        "longitudeE7" : 281625620,
        "placeId" : "ChIJGZkpr1lklR4RvXt8NOQ53JI",
        "semanticType" : "TYPE_SEARCHED_ADDRESS",
        "locationConfidence" : 0.2733254
      }, {
        "latitudeE7" : -258565130,
        "longitudeE7" : 281611230,
        "placeId" : "ChIJjc378FhklR4R-lrwm02iVNY",
        "semanticType" : "TYPE_SEARCHED_ADDRESS",
        "locationConfidence" : 0.27041802
      }, {
        "latitudeE7" : -258563284,
        "longitudeE7" : 281638659,
        "placeId" : "ChIJUyXs_eRllR4R9OdOSKpRzI8",
        "locationConfidence" : 0.22694829
      } ],
      "editConfirmationStatus" : "NOT_CONFIRMED"
    }
  }, {
    "activitySegment" : {
      "startLocation" : {
        "latitudeE7" : -258560753,
        "longitudeE7" : 281626091
      },
      "endLocation" : {
        "latitudeE7" : -257718088,
        "longitudeE7" : 282345272
      },
      "duration" : {
        "startTimestampMs" : "1569593422846",
        "endTimestampMs" : "1569594945572"
      },
      "distance" : 11816,
      "activityType" : "IN_PASSENGER_VEHICLE",
      "confidence" : "HIGH",
      "activities" : [ {
        "activityType" : "IN_PASSENGER_VEHICLE",
        "probability" : 95.64416509387263
      }, {
        "activityType" : "WALKING",
        "probability" : 1.8070880280686732
      }, {
        "activityType" : "MOTORCYCLING",
        "probability" : 0.9635394564241617
      } ],
      "waypointPath" : {
        "waypoints" : [ {
          "latE7" : -258560543,
          "lngE7" : 281622924
        }, {
          "latE7" : -257739467,
          "lngE7" : 281954059
        }, {
          "latE7" : -257720546,
          "lngE7" : 282340564
        } ]
      }
    }
  }, {
    "placeVisit" : {
      "location" : {
        "latitudeE7" : -257732928,
        "longitudeE7" : 282307332,
        "placeId" : "ChIJIdFl2gphlR4RbUq9iuOSHzw",
        "address" : "Nieuw Muckleneuk\nPretoria\n0181\nSouth Africa",
        "name" : "Nieuw Muckleneuk",
        "locationConfidence" : 100.0
      },
      "duration" : {
        "startTimestampMs" : "1569594945572",
        "endTimestampMs" : "1569596777504"
      },
      "placeConfidence" : "USER_CONFIRMED",
      "visitConfidence" : 100,
      "otherCandidateLocations" : [ {
        "latitudeE7" : -257718088,
        "longitudeE7" : 282345272,
        "placeId" : "ChIJi4S3WglhlR4RWhwBhs_fcz0",
        "name" : "Brooklyn Mall",
        "sourceInfo" : {
          "deviceTag" : -63513299
        },
        "locationConfidence" : 96.1346
      }, {
        "latitudeE7" : -257707063,
        "longitudeE7" : 282362636,
        "placeId" : "ChIJwTJHjwlhlR4R9O6ydkQXCvo",
        "locationConfidence" : 0.18236561
      }, {
        "latitudeE7" : -257698384,
        "longitudeE7" : 282354135,
        "placeId" : "ChIJJ2e_kglhlR4R61sGlGOYG3Q",
        "locationConfidence" : 0.10427342
      }, {
        "latitudeE7" : -257709230,
        "longitudeE7" : 282318860,
        "placeId" : "ChIJr6s59wphlR4RQ9OQSfH-Ep4",
        "locationConfidence" : 0.10094039
      }, {
        "latitudeE7" : -257703811,
        "longitudeE7" : 282321526,
        "placeId" : "ChIJu941iwphlR4RZYV6cKIQ7lg",
        "locationConfidence" : 0.08615633
      } ],
      "editConfirmationStatus" : "CONFIRMED"
    }
  } ]
}