{
  "timelineObjects" : [ {
    "placeVisit" : {
      "location" : {
        "latitudeE7" : -258584100,
        "longitudeE7" : 281624600,
        "placeId" : "ChIJWVS1zllklR4R7ih8EDjLG2g",
        "address" : "31 Willem Rd\nEldoraigne\nCenturion\n0157\nSouth Africa",
        "name" : "31 Willem Rd",
        "semanticType" : "TYPE_HOME",
        "sourceInfo" : {
          "deviceTag" : -63513299
        },
        "locationConfidence" : 82.58225
      },
      "duration" : {
        "startTimestampMs" : "1548995558892",
        "endTimestampMs" : "1548996570763"
      },
      "placeConfidence" : "LOW_CONFIDENCE",
      "centerLatE7" : -258560600,
      "centerLngE7" : 281623800,
      "visitConfidence" : 87,
      "otherCandidateLocations" : [ {
        "latitudeE7" : -258559780,
        "longitudeE7" : 281626430,
        "placeId" : "ChIJgf7JGllklR4RTqYK8tHPm_w",
        "semanticType" : "TYPE_SEARCHED_ADDRESS",
        "locationConfidence" : 15.3557415
      }, {
        "latitudeE7" : -258556046,
        "longitudeE7" : 281644996,
        "placeId" : "ChIJR2qzZFlklR4R6ONADWNKzIE",
        "locationConfidence" : 0.60334736
      }, {
        "latitudeE7" : -258565130,
        "longitudeE7" : 281611230,
        "placeId" : "ChIJjc378FhklR4R-lrwm02iVNY",
        "semanticType" : "TYPE_SEARCHED_ADDRESS",
        "locationConfidence" : 0.45821208
      }, {
        "latitudeE7" : -258570590,
        "longitudeE7" : 281625620,
        "placeId" : "ChIJGZkpr1lklR4RvXt8NOQ53JI",
        "semanticType" : "TYPE_SEARCHED_ADDRESS",
        "locationConfidence" : 0.31197262
      } ],
      "editConfirmationStatus" : "NOT_CONFIRMED"
    }
  }, {
    "activitySegment" : {
      "startLocation" : {
        "latitudeE7" : -258560753,
        "longitudeE7" : 281626091,
        "sourceInfo" : {
          "deviceTag" : -63513299
        }
      },
      "endLocation" : {
        "latitudeE7" : -258928340,
        "longitudeE7" : 281819529,
        "sourceInfo" : {
          "deviceTag" : -63513299
        }
      },
      "duration" : {
        "startTimestampMs" : "1548996570763",
        "endTimestampMs" : "1548997729216"
      },
      "distance" : 4558,
      "activityType" : "IN_PASSENGER_VEHICLE",
      "confidence" : "HIGH",
      "activities" : [ {
        "activityType" : "IN_PASSENGER_VEHICLE",
        "probability" : 98.82250851366295
      }, {
        "activityType" : "WALKING",
        "probability" : 0.5940991724788539
      }, {
        "activityType" : "IN_BUS",
        "probability" : 0.36166345384274456
      } ],
      "waypointPath" : {
        "waypoints" : [ {
          "latE7" : -258560543,
          "lngE7" : 281622924
        }, {
          "latE7" : -258920249,
          "lngE7" : 281702728
        }, {
          "latE7" : -258926467,
          "lngE7" : 281819496
        } ]
      }
    }
  }, {
    "placeVisit" : {
      "location" : {
        "latitudeE7" : -258911145,
        "longitudeE7" : 281830397,
        "placeId" : "ChIJYwtHLetllR4RPrWiWytPVyM",
        "address" : "Nellmapius Dr\nIrene\nCenturion\n0157\nSouth Africa",
        "name" : "Centurion Licensing Services",
        "sourceInfo" : {
          "deviceTag" : -63513299
        },
        "locationConfidence" : 96.573875
      },
      "duration" : {
        "startTimestampMs" : "1548997729216",
        "endTimestampMs" : "1548998512228"
      },
      "placeConfidence" : "HIGH_CONFIDENCE",
      "centerLatE7" : -258928600,
      "centerLngE7" : 281818950,
      "visitConfidence" : 91,
      "otherCandidateLocations" : [ {
        "latitudeE7" : -258925220,
        "longitudeE7" : 281847180,
        "placeId" : "ChIJKV8vfetllR4RZlNozGzdPBE",
        "locationConfidence" : 3.4261239
      } ],
      "editConfirmationStatus" : "NOT_CONFIRMED"
    }
  }, {
    "activitySegment" : {
      "startLocation" : {
        "latitudeE7" : -258928150,
        "longitudeE7" : 281819845,
        "sourceInfo" : {
          "deviceTag" : -63513299
        }
      },
      "endLocation" : {
        "latitudeE7" : -258895018,
        "longitudeE7" : 281902103,
        "sourceInfo" : {
          "deviceTag" : -63513299
        }
      },
      "duration" : {
        "startTimestampMs" : "1548998512228",
        "endTimestampMs" : "1549014966469"
      },
      "distance" : 902,
      "activityType" : "IN_PASSENGER_VEHICLE",
      "confidence" : "MEDIUM",
      "activities" : [ {
        "activityType" : "IN_PASSENGER_VEHICLE",
        "probability" : 58.02143902067953
      }, {
        "activityType" : "WALKING",
        "probability" : 37.73939504097626
      }, {
        "activityType" : "IN_BUS",
        "probability" : 2.1674406366569143
      } ],
      "waypointPath" : {
        "waypoints" : [ {
          "latE7" : -258926467,
          "lngE7" : 281819801
        }, {
          "latE7" : -258918952,
          "lngE7" : 281912078
        }, {
          "latE7" : -258897743,
          "lngE7" : 281910400
        } ]
      }
    }
  }, {
    "placeVisit" : {
      "location" : {
        "latitudeE7" : -258914208,
        "longitudeE7" : 281912054,
        "placeId" : "ChIJc47dB3RmlR4Rv2PQWni_MT8",
        "address" : "Nellmapius Dr\nIrene\nCenturion\n0157\nSouth Africa",
        "name" : "Denel Dynamics",
        "sourceInfo" : {
          "deviceTag" : -63513299
        },
        "locationConfidence" : 99.66314
      },
      "duration" : {
        "startTimestampMs" : "1549014966469",
        "endTimestampMs" : "1549027217026"
      },
      "placeConfidence" : "HIGH_CONFIDENCE",
      "centerLatE7" : -258895050,
      "centerLngE7" : 281900925,
      "visitConfidence" : 88,
      "otherCandidateLocations" : [ {
        "latitudeE7" : -258891390,
        "longitudeE7" : 281926830,
        "placeId" : "ChIJof7W7OhllR4RyE3eDUJU-cI",
        "locationConfidence" : 0.07509632
      }, {
        "latitudeE7" : -258898100,
        "longitudeE7" : 281925281,
        "placeId" : "ChIJQ8CswehllR4R6Ag6m3UwPxo",
        "locationConfidence" : 0.07404326
      }, {
        "latitudeE7" : -258898860,
        "longitudeE7" : 281925110,
        "placeId" : "ChIJp6ccwehllR4RppGSN1ppY5o",
        "locationConfidence" : 0.07221501
      }, {
        "latitudeE7" : -258897370,
        "longitudeE7" : 281925420,
        "placeId" : "ChIJN_s0wOhllR4RlFuYvbV03RM",
        "locationConfidence" : 0.07146716
      } ],
      "editConfirmationStatus" : "CONFIRMED"
    }
  }, {
    "activitySegment" : {
      "startLocation" : {
        "latitudeE7" : -258907284,
        "longitudeE7" : 281902225,
        "sourceInfo" : {
          "deviceTag" : -63513299
        }
      },
      "endLocation" : {
        "latitudeE7" : -258559105,
        "longitudeE7" : 281625043,
        "sourceInfo" : {
          "deviceTag" : -63513299
        }
      },
      "duration" : {
        "startTimestampMs" : "1549028495691",
        "endTimestampMs" : "1549030213794"
      },
      "distance" : 5034,
      "activityType" : "IN_PASSENGER_VEHICLE",
      "confidence" : "HIGH",
      "activities" : [ {
        "activityType" : "IN_PASSENGER_VEHICLE",
        "probability" : 92.39617495125414
      }, {
        "activityType" : "IN_BUS",
        "probability" : 4.068606951768061
      }, {
        "activityType" : "WALKING",
        "probability" : 2.8514309366623785
      } ],
      "waypointPath" : {
        "waypoints" : [ {
          "latE7" : -258920993,
          "lngE7" : 281903972
        }, {
          "latE7" : -258558979,
          "lngE7" : 281623039
        } ]
      }
    }
  }, {
    "placeVisit" : {
      "location" : {
        "latitudeE7" : -258472042,
        "longitudeE7" : 281561533,
        "placeId" : "ChIJaWwUg5RklR4RfJyhTvSWRL4",
        "address" : "Eldoraigne\nCenturion\n0157\nSuid-Afrika",
        "name" : "Eldoraigne"
      },
      "duration" : {
        "startTimestampMs" : "1549695571822",
        "endTimestampMs" : "1549697369000"
      },
      "placeConfidence" : "LOW_CONFIDENCE",
      "centerLatE7" : -258412078,
      "centerLngE7" : 281604656,
      "visitConfidence" : 87,
      "otherCandidateLocations" : [ {
        "latitudeE7" : -258414796,
        "longitudeE7" : 281606948,
        "placeId" : "ChIJVeYuXWJklR4RQkRA1ro6D2M",
        "locationConfidence" : 21.664064
      }, {
        "latitudeE7" : -258412959,
        "longitudeE7" : 281602366,
        "placeId" : "ChIJnVssaGJklR4RW2W9zDFaEMw",
        "locationConfidence" : 9.52557
      }, {
        "latitudeE7" : -258413103,
        "longitudeE7" : 281603960,
        "placeId" : "ChIJCbBtQ2JklR4RzuJNQRkLFDI",
        "locationConfidence" : 7.0088654
      }, {
        "latitudeE7" : -258413540,
        "longitudeE7" : 281605905,
        "placeId" : "ChIJO7LRRmJklR4RoBSSHs0QR_I",
        "locationConfidence" : 6.539475
      }, {
        "latitudeE7" : -258412683,
        "longitudeE7" : 281601632,
        "placeId" : "ChIJO7LRRmJklR4RKamXDp3mNaQ",
        "locationConfidence" : 1.2265396
      }, {
        "latitudeE7" : -258412002,
        "longitudeE7" : 281599877,
        "placeId" : "ChIJZdPYXWJklR4RmiKZtTfyBMA",
        "locationConfidence" : 0.88904387
      }, {
        "latitudeE7" : -258414071,
        "longitudeE7" : 281605047,
        "placeId" : "ChIJrwHC24RklR4RVuOzSZT4RM0",
        "locationConfidence" : 0.8485118
      }, {
        "latitudeE7" : -258420370,
        "longitudeE7" : 281613930,
        "placeId" : "ChIJlcAaSGJklR4RAAu2oJC9P50",
        "locationConfidence" : 0.6339384
      }, {
        "latitudeE7" : -258415431,
        "longitudeE7" : 281607175,
        "placeId" : "ChIJkZPXQmJklR4RQBZCNabExRM",
        "locationConfidence" : 0.4771367
      } ],
      "editConfirmationStatus" : "CONFIRMED"
    }
  }, {
    "activitySegment" : {
      "startLocation" : {
        "latitudeE7" : -258412899,
        "longitudeE7" : 281605300
      },
      "endLocation" : {
        "latitudeE7" : -258560753,
        "longitudeE7" : 281626091
      },
      "duration" : {
        "startTimestampMs" : "1549697369000",
        "endTimestampMs" : "1549699865075"
      },
      "distance" : 1657,
      "activityType" : "IN_PASSENGER_VEHICLE",
      "confidence" : "MEDIUM",
      "activities" : [ {
        "activityType" : "IN_PASSENGER_VEHICLE",
        "probability" : 72.34629011625343
      }, {
        "activityType" : "WALKING",
        "probability" : 22.88764372343851
      }, {
        "activityType" : "CYCLING",
        "probability" : 1.9391784850092626
      } ],
      "waypointPath" : {
        "waypoints" : [ {
          "latE7" : -258415107,
          "lngE7" : 281604328
        }, {
          "latE7" : -258579063,
          "lngE7" : 281577930
        }, {
          "latE7" : -258559932,
          "lngE7" : 281622962
        } ]
      }
    }
  }, {
    "placeVisit" : {
      "location" : {
        "latitudeE7" : -258584100,
        "longitudeE7" : 281624600,
        "placeId" : "ChIJWVS1zllklR4R7ih8EDjLG2g",
        "address" : "31 Willem Rd\nEldoraigne\nCenturion\n0157\nSouth Africa",
        "name" : "31 Willem Rd",
        "semanticType" : "TYPE_HOME",
        "sourceInfo" : {
          "deviceTag" : -63513299
        },
        "locationConfidence" : 79.31515
      },
      "duration" : {
        "startTimestampMs" : "1549699865075",
        "endTimestampMs" : "1549713392294"
      },
      "placeConfidence" : "HIGH_CONFIDENCE",
      "centerLatE7" : -258558285,
      "centerLngE7" : 281624777,
      "visitConfidence" : 89,
      "otherCandidateLocations" : [ {
        "latitudeE7" : -258559780,
        "longitudeE7" : 281626430,
        "placeId" : "ChIJgf7JGllklR4RTqYK8tHPm_w",
        "semanticType" : "TYPE_SEARCHED_ADDRESS",
        "locationConfidence" : 18.46188
      }, {
        "latitudeE7" : -258565130,
        "longitudeE7" : 281611230,
        "placeId" : "ChIJjc378FhklR4R-lrwm02iVNY",
        "semanticType" : "TYPE_SEARCHED_ADDRESS",
        "locationConfidence" : 0.51702935
      }, {
        "latitudeE7" : -258570590,
        "longitudeE7" : 281625620,
        "placeId" : "ChIJGZkpr1lklR4RvXt8NOQ53JI",
        "semanticType" : "TYPE_SEARCHED_ADDRESS",
        "locationConfidence" : 0.49337947
      }, {
        "latitudeE7" : -258556046,
        "longitudeE7" : 281644996,
        "placeId" : "ChIJR2qzZFlklR4R6ONADWNKzIE",
        "locationConfidence" : 0.22089745
      } ],
      "editConfirmationStatus" : "NOT_CONFIRMED"
    }
  }, {
    "activitySegment" : {
      "startLocation" : {
        "latitudeE7" : -258594908,
        "longitudeE7" : 281807592,
        "sourceInfo" : {
          "deviceTag" : -63513299
        }
      },
      "endLocation" : {
        "latitudeE7" : -258204594,
        "longitudeE7" : 282563230,
        "sourceInfo" : {
          "deviceTag" : -63513299
        }
      },
      "duration" : {
        "startTimestampMs" : "1549947495326",
        "endTimestampMs" : "1549948337999"
      },
      "distance" : 9423,
      "activityType" : "IN_PASSENGER_VEHICLE",
      "confidence" : "HIGH",
      "activities" : [ {
        "activityType" : "IN_PASSENGER_VEHICLE",
        "probability" : 98.41521144228533
      }, {
        "activityType" : "WALKING",
        "probability" : 0.7098199138808661
      }, {
        "activityType" : "IN_BUS",
        "probability" : 0.6386091974962108
      } ],
      "waypointPath" : {
        "waypoints" : [ {
          "latE7" : -258595161,
          "lngE7" : 281807231
        }, {
          "latE7" : -258354587,
          "lngE7" : 282373828
        }, {
          "latE7" : -258217639,
          "lngE7" : 282509059
        } ]
      }
    }
  }, {
    "placeVisit" : {
      "location" : {
        "latitudeE7" : -258204594,
        "longitudeE7" : 282563230,
        "placeId" : "ChIJTdvMSiZnlR4RI0oYRRnQAyw",
        "address" : "C/O Boeing St &\nSolomon Mahlangu Dr\nErasmuskloof\nPretoria\n0048\nSouth Africa",
        "name" : "Hoërskool Waterkloof",
        "sourceInfo" : {
          "deviceTag" : -63513299
        },
        "locationConfidence" : 60.807045
      },
      "duration" : {
        "startTimestampMs" : "1549948337999",
        "endTimestampMs" : "1549948714354"
      },
      "placeConfidence" : "LOW_CONFIDENCE",
      "centerLatE7" : -258217033,
      "centerLngE7" : 282510767,
      "visitConfidence" : 68,
      "otherCandidateLocations" : [ {
        "latitudeE7" : -258237290,
        "longitudeE7" : 282520310,
        "placeId" : "ChIJgcyeZcVnlR4RdHnbfAPPsNQ",
        "locationConfidence" : 14.705761
      }, {
        "latitudeE7" : -258237290,
        "longitudeE7" : 282520310,
        "placeId" : "ChIJGRKVr9hmlR4RPsko91ru2ks",
        "locationConfidence" : 6.6500607
      }, {
        "latitudeE7" : -258236250,
        "longitudeE7" : 282526030,
        "placeId" : "ChIJA609qNhmlR4RIQBX_ffQIgk",
        "locationConfidence" : 3.850901
      }, {
        "latitudeE7" : -258224755,
        "longitudeE7" : 282534017,
        "placeId" : "ChIJK86CaCdnlR4Rw4W8Vmv0GGo",
        "locationConfidence" : 3.762536
      }, {
        "latitudeE7" : -258221730,
        "longitudeE7" : 282514640,
        "placeId" : "ChIJhVVAjNhmlR4R8bPOyArcvbo",
        "locationConfidence" : 3.571769
      }, {
        "latitudeE7" : -258223973,
        "longitudeE7" : 282518582,
        "placeId" : "ChIJd0DUkdhmlR4R1j3D5QRiJE8",
        "locationConfidence" : 2.4502747
      }, {
        "latitudeE7" : -258219880,
        "longitudeE7" : 282516830,
        "placeId" : "ChIJWQ86idhmlR4RVUKrd-0ohDo",
        "locationConfidence" : 1.4333767
      }, {
        "latitudeE7" : -258223580,
        "longitudeE7" : 282512450,
        "placeId" : "ChIJGVQ3jdhmlR4RRHN5Zvvrebw",
        "locationConfidence" : 1.3070627
      }, {
        "latitudeE7" : -258223987,
        "longitudeE7" : 282513052,
        "placeId" : "ChIJRRyyaTNnlR4RdRWabFdL5rE",
        "locationConfidence" : 0.97594786
      } ],
      "editConfirmationStatus" : "NOT_CONFIRMED"
    }
  }, {
    "activitySegment" : {
      "startLocation" : {
        "latitudeE7" : -258204594,
        "longitudeE7" : 282563230,
        "sourceInfo" : {
          "deviceTag" : -63513299
        }
      },
      "endLocation" : {
        "latitudeE7" : -257567368,
        "longitudeE7" : 282796936,
        "sourceInfo" : {
          "deviceTag" : -63513299
        }
      },
      "duration" : {
        "startTimestampMs" : "1549948714354",
        "endTimestampMs" : "1549950728138"
      },
      "distance" : 7517,
      "activityType" : "IN_PASSENGER_VEHICLE",
      "confidence" : "HIGH",
      "activities" : [ {
        "activityType" : "IN_PASSENGER_VEHICLE",
        "probability" : 97.80186036317065
      }, {
        "activityType" : "WALKING",
        "probability" : 1.6243698876483692
      }, {
        "activityType" : "IN_BUS",
        "probability" : 0.3373227600867169
      } ],
      "waypointPath" : {
        "waypoints" : [ {
          "latE7" : -258204956,
          "lngE7" : 282563896
        }, {
          "latE7" : -257752246,
          "lngE7" : 282724189
        }, {
          "latE7" : -257569675,
          "lngE7" : 282796936
        } ]
      }
    }
  }, {
    "placeVisit" : {
      "location" : {
        "latitudeE7" : -257567368,
        "longitudeE7" : 282796936,
        "placeId" : "ChIJleGC-2BglR4RgInWy3Dz3qI",
        "address" : "CSIR Main Campus\nCouncil for Scientific and Industrial Research building 43\n1 Meiring Naude Rd\nScientia 627-Jr\nPretoria\n0081\nSouth Africa",
        "name" : "Council for Scientific and Industrial Research building 43",
        "sourceInfo" : {
          "deviceTag" : -63513299
        },
        "locationConfidence" : 61.891476
      },
      "duration" : {
        "startTimestampMs" : "1549950728138",
        "endTimestampMs" : "1549973981202"
      },
      "placeConfidence" : "HIGH_CONFIDENCE",
      "centerLatE7" : -257565801,
      "centerLngE7" : 282797488,
      "visitConfidence" : 95,
      "otherCandidateLocations" : [ {
        "latitudeE7" : -257566771,
        "longitudeE7" : 282803438,
        "placeId" : "ChIJ__-_omFglR4RSH6Xpj_69Dk",
        "locationConfidence" : 29.553675
      }, {
        "latitudeE7" : -257529956,
        "longitudeE7" : 282767675,
        "placeId" : "ChIJAQsZRGdglR4REb2EhDpAEKw",
        "locationConfidence" : 3.5681086
      }, {
        "latitudeE7" : -257468287,
        "longitudeE7" : 282788928,
        "placeId" : "ChIJS_P3g2lglR4RMs3iZtUFGUE",
        "locationConfidence" : 3.0130942
      }, {
        "latitudeE7" : -257559032,
        "longitudeE7" : 282784452,
        "placeId" : "ChIJ__8TokJglR4Rk79ork5Izdo",
        "locationConfidence" : 0.29920423
      } ],
      "editConfirmationStatus" : "NOT_CONFIRMED"
    }
  }, {
    "activitySegment" : {
      "startLocation" : {
        "latitudeE7" : -257561269,
        "longitudeE7" : 282791091,
        "sourceInfo" : {
          "deviceTag" : -63513299
        }
      },
      "endLocation" : {
        "latitudeE7" : -258559655,
        "longitudeE7" : 281625522,
        "sourceInfo" : {
          "deviceTag" : -63513299
        }
      },
      "duration" : {
        "startTimestampMs" : "1549973981202",
        "endTimestampMs" : "1549975643366"
      },
      "distance" : 18048,
      "activityType" : "IN_PASSENGER_VEHICLE",
      "confidence" : "HIGH",
      "activities" : [ {
        "activityType" : "IN_PASSENGER_VEHICLE",
        "probability" : 98.69053172436486
      }, {
        "activityType" : "WALKING",
        "probability" : 0.7062833536640973
      }, {
        "activityType" : "IN_BUS",
        "probability" : 0.3848886870700425
      } ],
      "waypointPath" : {
        "waypoints" : [ {
          "latE7" : -257562141,
          "lngE7" : 282792148
        }, {
          "latE7" : -257704772,
          "lngE7" : 282741394
        }, {
          "latE7" : -258559474,
          "lngE7" : 281623001
        } ]
      }
    }
  }, {
    "placeVisit" : {
      "location" : {
        "latitudeE7" : -258584100,
        "longitudeE7" : 281624600,
        "placeId" : "ChIJWVS1zllklR4R7ih8EDjLG2g",
        "address" : "31 Willem Rd\nEldoraigne\nCenturion\n0157\nSouth Africa",
        "name" : "31 Willem Rd",
        "semanticType" : "TYPE_HOME",
        "sourceInfo" : {
          "deviceTag" : -63513299
        },
        "locationConfidence" : 81.37845
      },
      "duration" : {
        "startTimestampMs" : "1549975643366",
        "endTimestampMs" : "1549976759665"
      },
      "placeConfidence" : "LOW_CONFIDENCE",
      "centerLatE7" : -258560358,
      "centerLngE7" : 281626317,
      "visitConfidence" : 91,
      "otherCandidateLocations" : [ {
        "latitudeE7" : -258559780,
        "longitudeE7" : 281626430,
        "placeId" : "ChIJgf7JGllklR4RTqYK8tHPm_w",
        "semanticType" : "TYPE_SEARCHED_ADDRESS",
        "locationConfidence" : 17.129435
      }, {
        "latitudeE7" : -258565130,
        "longitudeE7" : 281611230,
        "placeId" : "ChIJjc378FhklR4R-lrwm02iVNY",
        "semanticType" : "TYPE_SEARCHED_ADDRESS",
        "locationConfidence" : 0.37932885
      }, {
        "latitudeE7" : -258570590,
        "longitudeE7" : 281625620,
        "placeId" : "ChIJGZkpr1lklR4RvXt8NOQ53JI",
        "semanticType" : "TYPE_SEARCHED_ADDRESS",
        "locationConfidence" : 0.32930857
      }, {
        "latitudeE7" : -258560800,
        "longitudeE7" : 281633500,
        "placeId" : "ChIJqbfuDFlklR4R62Y6o0Rpy9w",
        "locationConfidence" : 0.24050824
      } ],
      "editConfirmationStatus" : "NOT_CONFIRMED"
    }
  }, {
    "placeVisit" : {
      "location" : {
        "latitudeE7" : -258584100,
        "longitudeE7" : 281624600,
        "placeId" : "ChIJWVS1zllklR4R7ih8EDjLG2g",
        "address" : "31 Willem Rd\nEldoraigne\nCenturion\n0157\nSouth Africa",
        "name" : "31 Willem Rd",
        "semanticType" : "TYPE_HOME",
        "sourceInfo" : {
          "deviceTag" : -63513299
        },
        "locationConfidence" : 78.51046
      },
      "duration" : {
        "startTimestampMs" : "1550118115836",
        "endTimestampMs" : "1550118877713"
      },
      "placeConfidence" : "LOW_CONFIDENCE",
      "centerLatE7" : -258559067,
      "centerLngE7" : 281625700,
      "visitConfidence" : 84,
      "otherCandidateLocations" : [ {
        "latitudeE7" : -258559780,
        "longitudeE7" : 281626430,
        "placeId" : "ChIJgf7JGllklR4RTqYK8tHPm_w",
        "semanticType" : "TYPE_SEARCHED_ADDRESS",
        "locationConfidence" : 19.825415
      }, {
        "latitudeE7" : -258565130,
        "longitudeE7" : 281611230,
        "placeId" : "ChIJjc378FhklR4R-lrwm02iVNY",
        "semanticType" : "TYPE_SEARCHED_ADDRESS",
        "locationConfidence" : 0.41108507
      }, {
        "latitudeE7" : -258570590,
        "longitudeE7" : 281625620,
        "placeId" : "ChIJGZkpr1lklR4RvXt8NOQ53JI",
        "semanticType" : "TYPE_SEARCHED_ADDRESS",
        "locationConfidence" : 0.366033
      }, {
        "latitudeE7" : -258556046,
        "longitudeE7" : 281644996,
        "placeId" : "ChIJR2qzZFlklR4R6ONADWNKzIE",
        "locationConfidence" : 0.17364357
      } ],
      "editConfirmationStatus" : "NOT_CONFIRMED"
    }
  }, {
    "activitySegment" : {
      "startLocation" : {
        "latitudeE7" : -258560753,
        "longitudeE7" : 281626091,
        "sourceInfo" : {
          "deviceTag" : -63513299
        }
      },
      "endLocation" : {
        "latitudeE7" : -257568641,
        "longitudeE7" : 282788062,
        "sourceInfo" : {
          "deviceTag" : -63513299
        }
      },
      "duration" : {
        "startTimestampMs" : "1550118877713",
        "endTimestampMs" : "1550120950682"
      },
      "distance" : 16146,
      "activityType" : "IN_PASSENGER_VEHICLE",
      "confidence" : "HIGH",
      "activities" : [ {
        "activityType" : "IN_PASSENGER_VEHICLE",
        "probability" : 98.32771067615707
      }, {
        "activityType" : "WALKING",
        "probability" : 0.8568406731551093
      }, {
        "activityType" : "IN_BUS",
        "probability" : 0.4937843117862244
      } ],
      "waypointPath" : {
        "waypoints" : [ {
          "latE7" : -258560543,
          "lngE7" : 281622924
        }, {
          "latE7" : -258037643,
          "lngE7" : 282605133
        }, {
          "latE7" : -257569103,
          "lngE7" : 282787456
        } ]
      }
    }
  }, {
    "placeVisit" : {
      "location" : {
        "latitudeE7" : -257567368,
        "longitudeE7" : 282796936,
        "placeId" : "ChIJleGC-2BglR4RgInWy3Dz3qI",
        "address" : "CSIR Main Campus\nCouncil for Scientific and Industrial Research building 43\n1 Meiring Naude Rd\nScientia 627-Jr\nPretoria\n0081\nSouth Africa",
        "name" : "Council for Scientific and Industrial Research building 43",
        "sourceInfo" : {
          "deviceTag" : -63513299
        },
        "locationConfidence" : 53.02999
      },
      "duration" : {
        "startTimestampMs" : "1550120950682",
        "endTimestampMs" : "1550138952704"
      },
      "placeConfidence" : "MEDIUM_CONFIDENCE",
      "centerLatE7" : -257568933,
      "centerLngE7" : 282790242,
      "visitConfidence" : 93,
      "otherCandidateLocations" : [ {
        "latitudeE7" : -257529956,
        "longitudeE7" : 282767675,
        "placeId" : "ChIJAQsZRGdglR4REb2EhDpAEKw",
        "locationConfidence" : 19.523254
      }, {
        "latitudeE7" : -257571069,
        "longitudeE7" : 282795005,
        "placeId" : "ChIJFQSqsWFglR4RPwZMxqBWJoM",
        "locationConfidence" : 8.908009
      }, {
        "latitudeE7" : -257468287,
        "longitudeE7" : 282788928,
        "placeId" : "ChIJS_P3g2lglR4RMs3iZtUFGUE",
        "locationConfidence" : 8.4469385
      }, {
        "latitudeE7" : -257571836,
        "longitudeE7" : 282787667,
        "placeId" : "ChIJVx-iTWBglR4RXsuRpccb8v8",
        "locationConfidence" : 3.158956
      }, {
        "latitudeE7" : -257559032,
        "longitudeE7" : 282784452,
        "placeId" : "ChIJ__8TokJglR4Rk79ork5Izdo",
        "locationConfidence" : 2.8538752
      }, {
        "latitudeE7" : -257567013,
        "longitudeE7" : 282765334,
        "placeId" : "ChIJ52wVkUJglR4RijC9On9X7wo",
        "locationConfidence" : 1.0848483
      }, {
        "latitudeE7" : -257566771,
        "longitudeE7" : 282803438,
        "placeId" : "ChIJ__-_omFglR4RSH6Xpj_69Dk",
        "locationConfidence" : 0.8249772
      } ],
      "editConfirmationStatus" : "NOT_CONFIRMED"
    }
  }, {
    "activitySegment" : {
      "startLocation" : {
        "latitudeE7" : -257567368,
        "longitudeE7" : 282796936
      },
      "endLocation" : {
        "latitudeE7" : -258560753,
        "longitudeE7" : 281626091
      },
      "duration" : {
        "startTimestampMs" : "1550138952704",
        "endTimestampMs" : "1550158879000"
      },
      "distance" : 16105,
      "activityType" : "IN_PASSENGER_VEHICLE",
      "confidence" : "HIGH",
      "activities" : [ {
        "activityType" : "IN_PASSENGER_VEHICLE",
        "probability" : 91.057417389915
      }, {
        "activityType" : "WALKING",
        "probability" : 6.0016213714554425
      }, {
        "activityType" : "CYCLING",
        "probability" : 1.0114910579788905
      } ],
      "waypointPath" : {
        "waypoints" : [ {
          "latE7" : -257569675,
          "lngE7" : 282796936
        }, {
          "latE7" : -258045139,
          "lngE7" : 282604427
        }, {
          "latE7" : -258560543,
          "lngE7" : 281622924
        } ]
      }
    }
  }, {
    "placeVisit" : {
      "location" : {
        "latitudeE7" : -258584100,
        "longitudeE7" : 281624600,
        "placeId" : "ChIJWVS1zllklR4R7ih8EDjLG2g",
        "address" : "31 Willem Rd\nEldoraigne\nCenturion\n0157\nSouth Africa",
        "name" : "31 Willem Rd",
        "semanticType" : "TYPE_HOME",
        "sourceInfo" : {
          "deviceTag" : -63513299
        },
        "locationConfidence" : 57.753784
      },
      "duration" : {
        "startTimestampMs" : "1550158879000",
        "endTimestampMs" : "1550159820015"
      },
      "placeConfidence" : "LOW_CONFIDENCE",
      "centerLatE7" : -258559333,
      "centerLngE7" : 281625828,
      "visitConfidence" : 84,
      "otherCandidateLocations" : [ {
        "latitudeE7" : -258559780,
        "longitudeE7" : 281626430,
        "placeId" : "ChIJgf7JGllklR4RTqYK8tHPm_w",
        "semanticType" : "TYPE_SEARCHED_ADDRESS",
        "locationConfidence" : 40.70821
      }, {
        "latitudeE7" : -258570590,
        "longitudeE7" : 281625620,
        "placeId" : "ChIJGZkpr1lklR4RvXt8NOQ53JI",
        "semanticType" : "TYPE_SEARCHED_ADDRESS",
        "locationConfidence" : 0.39343068
      }, {
        "latitudeE7" : -258565130,
        "longitudeE7" : 281611230,
        "placeId" : "ChIJjc378FhklR4R-lrwm02iVNY",
        "semanticType" : "TYPE_SEARCHED_ADDRESS",
        "locationConfidence" : 0.3774018
      }, {
        "latitudeE7" : -258560800,
        "longitudeE7" : 281633500,
        "placeId" : "ChIJqbfuDFlklR4R62Y6o0Rpy9w",
        "locationConfidence" : 0.15383631
      } ],
      "editConfirmationStatus" : "NOT_CONFIRMED"
    }
  }, {
    "activitySegment" : {
      "startLocation" : {
        "latitudeE7" : -258559333,
        "longitudeE7" : 281625828
      },
      "endLocation" : {
        "latitudeE7" : -257207087,
        "longitudeE7" : 282581954,
        "sourceInfo" : {
          "deviceTag" : -63513299
        }
      },
      "duration" : {
        "startTimestampMs" : "1550159820015",
        "endTimestampMs" : "1550407582032"
      },
      "activityType" : "UNKNOWN_ACTIVITY_TYPE",
      "activities" : [ {
        "activityType" : "UNKNOWN_ACTIVITY_TYPE",
        "probability" : 0.0
      } ],
      "simplifiedRawPath" : {
        "points" : [ {
          "latE7" : -258560550,
          "lngE7" : 281626574,
          "timestampMs" : "1550159820015",
          "accuracyMeters" : 44
        }, {
          "latE7" : -258618772,
          "lngE7" : 281600164,
          "timestampMs" : "1550159994136",
          "accuracyMeters" : 110
        } ]
      }
    }
  }, {
    "activitySegment" : {
      "startLocation" : {
        "latitudeE7" : -257207087,
        "longitudeE7" : 282581954,
        "sourceInfo" : {
          "deviceTag" : -63513299
        }
      },
      "endLocation" : {
        "latitudeE7" : -257300853,
        "longitudeE7" : 281691142,
        "sourceInfo" : {
          "deviceTag" : -63513299
        }
      },
      "duration" : {
        "startTimestampMs" : "1550407582032",
        "endTimestampMs" : "1550408733999"
      },
      "distance" : 11091,
      "activityType" : "IN_PASSENGER_VEHICLE",
      "confidence" : "HIGH",
      "activities" : [ {
        "activityType" : "IN_PASSENGER_VEHICLE",
        "probability" : 98.9214954682204
      }, {
        "activityType" : "MOTORCYCLING",
        "probability" : 0.5528887389442898
      }, {
        "activityType" : "WALKING",
        "probability" : 0.44142246438263616
      } ],
      "waypointPath" : {
        "waypoints" : [ {
          "latE7" : -257207107,
          "lngE7" : 282581424
        }, {
          "latE7" : -257288036,
          "lngE7" : 282017440
        }, {
          "latE7" : -257271671,
          "lngE7" : 281804256
        }, {
          "latE7" : -257431068,
          "lngE7" : 281668586
        } ]
      },
      "simplifiedRawPath" : {
        "points" : [ {
          "latE7" : -257288914,
          "lngE7" : 282019577,
          "timestampMs" : "1550408142000",
          "accuracyMeters" : 6
        }, {
          "latE7" : -257272034,
          "lngE7" : 281804256,
          "timestampMs" : "1550408311000",
          "accuracyMeters" : 6
        } ]
      }
    }
  }, {
    "activitySegment" : {
      "startLocation" : {
        "latitudeE7" : -257300853,
        "longitudeE7" : 281691142,
        "sourceInfo" : {
          "deviceTag" : -63513299
        }
      },
      "endLocation" : {
        "latitudeE7" : -257564543,
        "longitudeE7" : 282790515,
        "sourceInfo" : {
          "deviceTag" : -63513299
        }
      },
      "duration" : {
        "startTimestampMs" : "1550408733999",
        "endTimestampMs" : "1550583926893"
      },
      "activityType" : "UNKNOWN_ACTIVITY_TYPE",
      "activities" : [ {
        "activityType" : "UNKNOWN_ACTIVITY_TYPE",
        "probability" : 0.0
      } ],
      "simplifiedRawPath" : {
        "points" : [ {
          "latE7" : -257431621,
          "lngE7" : 281668621,
          "timestampMs" : "1550408733999",
          "accuracyMeters" : 4
        }, {
          "latE7" : -257565854,
          "lngE7" : 282798060,
          "timestampMs" : "1550583747989",
          "accuracyMeters" : 17
        } ]
      }
    }
  }, {
    "activitySegment" : {
      "startLocation" : {
        "latitudeE7" : -257564543,
        "longitudeE7" : 282790515,
        "sourceInfo" : {
          "deviceTag" : -63513299
        }
      },
      "endLocation" : {
        "latitudeE7" : -258560497,
        "longitudeE7" : 281626471,
        "sourceInfo" : {
          "deviceTag" : -63513299
        }
      },
      "duration" : {
        "startTimestampMs" : "1550583926893",
        "endTimestampMs" : "1550585632577"
      },
      "distance" : 19313,
      "activityType" : "IN_PASSENGER_VEHICLE",
      "confidence" : "HIGH",
      "activities" : [ {
        "activityType" : "IN_PASSENGER_VEHICLE",
        "probability" : 99.34320889803439
      }, {
        "activityType" : "WALKING",
        "probability" : 0.36850279699340655
      }, {
        "activityType" : "MOTORCYCLING",
        "probability" : 0.14249723664253325
      } ],
      "waypointPath" : {
        "waypoints" : [ {
          "latE7" : -257563648,
          "lngE7" : 282790412
        }, {
          "latE7" : -258045139,
          "lngE7" : 282604427
        }, {
          "latE7" : -258560276,
          "lngE7" : 281622943
        } ]
      },
      "simplifiedRawPath" : {
        "points" : [ {
          "latE7" : -258022075,
          "lngE7" : 282614079,
          "timestampMs" : "1550584356999",
          "accuracyMeters" : 4
        } ]
      }
    }
  }, {
    "placeVisit" : {
      "location" : {
        "latitudeE7" : -258559780,
        "longitudeE7" : 281626430,
        "placeId" : "ChIJgf7JGllklR4RTqYK8tHPm_w",
        "address" : "13 Willem Rd\nEldoraigne\nCenturion\n0157\nSouth Africa",
        "name" : "13 Willem Rd",
        "semanticType" : "TYPE_SEARCHED_ADDRESS",
        "sourceInfo" : {
          "deviceTag" : -63513299
        },
        "locationConfidence" : 55.08948
      },
      "duration" : {
        "startTimestampMs" : "1550585632577",
        "endTimestampMs" : "1550631443440"
      },
      "placeConfidence" : "HIGH_CONFIDENCE",
      "centerLatE7" : -258559296,
      "centerLngE7" : 281626138,
      "visitConfidence" : 95,
      "otherCandidateLocations" : [ {
        "latitudeE7" : -258560753,
        "longitudeE7" : 281626091,
        "placeId" : "ChIJWVS1zllklR4R7ih8EDjLG2g",
        "semanticType" : "TYPE_HOME",
        "locationConfidence" : 44.264416
      }, {
        "latitudeE7" : -258565130,
        "longitudeE7" : 281611230,
        "placeId" : "ChIJjc378FhklR4R-lrwm02iVNY",
        "semanticType" : "TYPE_SEARCHED_ADDRESS",
        "locationConfidence" : 0.16332534
      }, {
        "latitudeE7" : -258570590,
        "longitudeE7" : 281625620,
        "placeId" : "ChIJGZkpr1lklR4RvXt8NOQ53JI",
        "semanticType" : "TYPE_SEARCHED_ADDRESS",
        "locationConfidence" : 0.14041948
      }, {
        "latitudeE7" : -258560800,
        "longitudeE7" : 281633500,
        "placeId" : "ChIJqbfuDFlklR4R62Y6o0Rpy9w",
        "locationConfidence" : 0.109152816
      } ],
      "editConfirmationStatus" : "NOT_CONFIRMED"
    }
  }, {
    "activitySegment" : {
      "startLocation" : {
        "latitudeE7" : -258559780,
        "longitudeE7" : 281626430
      },
      "endLocation" : {
        "latitudeE7" : -258774094,
        "longitudeE7" : 281642110
      },
      "duration" : {
        "startTimestampMs" : "1550631443440",
        "endTimestampMs" : "1550631762140"
      },
      "distance" : 2388,
      "activityType" : "IN_PASSENGER_VEHICLE",
      "confidence" : "HIGH",
      "activities" : [ {
        "activityType" : "IN_PASSENGER_VEHICLE",
        "probability" : 90.90161397846792
      }, {
        "activityType" : "WALKING",
        "probability" : 5.579263049666562
      }, {
        "activityType" : "IN_BUS",
        "probability" : 1.5092089823323058
      } ],
      "waypointPath" : {
        "waypoints" : [ {
          "latE7" : -258559551,
          "lngE7" : 281623001
        }, {
          "latE7" : -258622665,
          "lngE7" : 281624755
        }, {
          "latE7" : -258768577,
          "lngE7" : 281653823
        } ]
      }
    }
  }, {
    "placeVisit" : {
      "location" : {
        "latitudeE7" : -258976925,
        "longitudeE7" : 281737044,
        "placeId" : "ChIJ-cyvLhBllR4RZJTIKwM2R2I",
        "address" : "Brakfontein 399-Jr\nCenturion\nSouth Africa",
        "name" : "Brakfontein 399-Jr"
      },
      "duration" : {
        "startTimestampMs" : "1550631762140",
        "endTimestampMs" : "1550634928257"
      },
      "placeConfidence" : "HIGH_CONFIDENCE",
      "centerLatE7" : -258767376,
      "centerLngE7" : 281657962,
      "visitConfidence" : 91,
      "otherCandidateLocations" : [ {
        "latitudeE7" : -258773448,
        "longitudeE7" : 281653564,
        "placeId" : "ChIJPQpp0a5llR4R8kXWjclAcW8",
        "locationConfidence" : 0.16427392
      }, {
        "latitudeE7" : -258778771,
        "longitudeE7" : 281650558,
        "placeId" : "ChIJF_eaKq9llR4R_3kFgxN-5o0",
        "locationConfidence" : 0.09866333
      }, {
        "latitudeE7" : -258756154,
        "longitudeE7" : 281671493,
        "placeId" : "ChIJmTEijq5llR4RvhoBX4IFTkI",
        "locationConfidence" : 0.07970568
      }, {
        "latitudeE7" : -258765080,
        "longitudeE7" : 281639740,
        "placeId" : "ChIJ6b76RqlllR4R9Bq6nQLNcCM",
        "locationConfidence" : 0.07345015
      } ],
      "editConfirmationStatus" : "CONFIRMED"
    }
  }, {
    "placeVisit" : {
      "location" : {
        "latitudeE7" : -258559780,
        "longitudeE7" : 281626430,
        "placeId" : "ChIJgf7JGllklR4RTqYK8tHPm_w",
        "address" : "13 Willem Rd\nEldoraigne\nCenturion\n0157\nSouth Africa",
        "name" : "13 Willem Rd",
        "semanticType" : "TYPE_SEARCHED_ADDRESS",
        "sourceInfo" : {
          "deviceTag" : -63513299
        },
        "locationConfidence" : 53.27233
      },
      "duration" : {
        "startTimestampMs" : "1550854457994",
        "endTimestampMs" : "1550938392921"
      },
      "placeConfidence" : "MEDIUM_CONFIDENCE",
      "centerLatE7" : -258560053,
      "centerLngE7" : 281626402,
      "visitConfidence" : 96,
      "otherCandidateLocations" : [ {
        "latitudeE7" : -258560753,
        "longitudeE7" : 281626091,
        "placeId" : "ChIJWVS1zllklR4R7ih8EDjLG2g",
        "semanticType" : "TYPE_HOME",
        "locationConfidence" : 46.014828
      }, {
        "latitudeE7" : -258570590,
        "longitudeE7" : 281625620,
        "placeId" : "ChIJGZkpr1lklR4RvXt8NOQ53JI",
        "semanticType" : "TYPE_SEARCHED_ADDRESS",
        "locationConfidence" : 0.18224028
      }, {
        "latitudeE7" : -258565130,
        "longitudeE7" : 281611230,
        "placeId" : "ChIJjc378FhklR4R-lrwm02iVNY",
        "semanticType" : "TYPE_SEARCHED_ADDRESS",
        "locationConfidence" : 0.16901635
      }, {
        "latitudeE7" : -258560800,
        "longitudeE7" : 281633500,
        "placeId" : "ChIJqbfuDFlklR4R62Y6o0Rpy9w",
        "locationConfidence" : 0.11065659
      } ],
      "editConfirmationStatus" : "NOT_CONFIRMED"
    }
  }, {
    "activitySegment" : {
      "startLocation" : {
        "latitudeE7" : -258560473,
        "longitudeE7" : 281626478,
        "sourceInfo" : {
          "deviceTag" : -63513299
        }
      },
      "endLocation" : {
        "latitudeE7" : -257682185,
        "longitudeE7" : 283196269,
        "sourceInfo" : {
          "deviceTag" : -63513299
        }
      },
      "duration" : {
        "startTimestampMs" : "1550938392921",
        "endTimestampMs" : "1550940291132"
      },
      "distance" : 20385,
      "activityType" : "IN_PASSENGER_VEHICLE",
      "confidence" : "HIGH",
      "activities" : [ {
        "activityType" : "IN_PASSENGER_VEHICLE",
        "probability" : 99.27026153526171
      }, {
        "activityType" : "WALKING",
        "probability" : 0.3838667036335216
      }, {
        "activityType" : "MOTORCYCLING",
        "probability" : 0.19627132601455943
      } ],
      "waypointPath" : {
        "waypoints" : [ {
          "latE7" : -258560237,
          "lngE7" : 281622943
        }, {
          "latE7" : -258037643,
          "lngE7" : 282605133
        }, {
          "latE7" : -257855987,
          "lngE7" : 282845745
        }, {
          "latE7" : -257670211,
          "lngE7" : 282976074
        }, {
          "latE7" : -257681846,
          "lngE7" : 283194847
        } ]
      }
    }
  }, {
    "placeVisit" : {
      "location" : {
        "latitudeE7" : -257681921,
        "longitudeE7" : 283202488,
        "placeId" : "ChIJgVwUHD9elR4RIpMtGpepqyk",
        "address" : "Denneboom Rd\nWilgers\nPretoria\n0040\nSouth Africa",
        "name" : "Life Wilgers Hospital",
        "sourceInfo" : {
          "deviceTag" : -63513299
        },
        "locationConfidence" : 89.911896
      },
      "duration" : {
        "startTimestampMs" : "1550940291132",
        "endTimestampMs" : "1550944145019"
      },
      "placeConfidence" : "MEDIUM_CONFIDENCE",
      "centerLatE7" : -257679464,
      "centerLngE7" : 283199762,
      "visitConfidence" : 96,
      "otherCandidateLocations" : [ {
        "latitudeE7" : -257683338,
        "longitudeE7" : 283200455,
        "placeId" : "ChIJb3EKzD5elR4R_LtpkvU-JqA",
        "locationConfidence" : 5.3378057
      }, {
        "latitudeE7" : -257663752,
        "longitudeE7" : 283253484,
        "placeId" : "ChIJVzh1xkBelR4RvcALnvKWoJ0",
        "locationConfidence" : 1.3523068
      }, {
        "latitudeE7" : -257682504,
        "longitudeE7" : 283201636,
        "placeId" : "ChIJD7TqHj9elR4RQlBX5RRfPwE",
        "locationConfidence" : 0.8251562
      }, {
        "latitudeE7" : -257681964,
        "longitudeE7" : 283196309,
        "placeId" : "ChIJd1AX1D5elR4R-_yEjVPg4Ss",
        "locationConfidence" : 0.34757397
      } ],
      "editConfirmationStatus" : "NOT_CONFIRMED"
    }
  }, {
    "activitySegment" : {
      "startLocation" : {
        "latitudeE7" : -257677089,
        "longitudeE7" : 283199053,
        "sourceInfo" : {
          "deviceTag" : -63513299
        }
      },
      "endLocation" : {
        "latitudeE7" : -258560563,
        "longitudeE7" : 281626269,
        "sourceInfo" : {
          "deviceTag" : -63513299
        }
      },
      "duration" : {
        "startTimestampMs" : "1550944145019",
        "endTimestampMs" : "1550945828840"
      },
      "distance" : 21022,
      "activityType" : "IN_PASSENGER_VEHICLE",
      "confidence" : "HIGH",
      "activities" : [ {
        "activityType" : "IN_PASSENGER_VEHICLE",
        "probability" : 99.2452119620337
      }, {
        "activityType" : "WALKING",
        "probability" : 0.36116828434794285
      }, {
        "activityType" : "MOTORCYCLING",
        "probability" : 0.3127249126480212
      } ],
      "waypointPath" : {
        "waypoints" : [ {
          "latE7" : -257674522,
          "lngE7" : 283199691
        }, {
          "latE7" : -257672023,
          "lngE7" : 282978191
        }, {
          "latE7" : -257891273,
          "lngE7" : 282764606
        }, {
          "latE7" : -257885208,
          "lngE7" : 282694110
        }, {
          "latE7" : -258560352,
          "lngE7" : 281622943
        } ]
      },
      "simplifiedRawPath" : {
        "points" : [ {
          "latE7" : -257895543,
          "lngE7" : 282761668,
          "timestampMs" : "1550944756007",
          "accuracyMeters" : 41
        } ]
      }
    }
  }, {
    "placeVisit" : {
      "location" : {
        "latitudeE7" : -258559780,
        "longitudeE7" : 281626430,
        "placeId" : "ChIJgf7JGllklR4RTqYK8tHPm_w",
        "address" : "13 Willem Rd\nEldoraigne\nCenturion\n0157\nSouth Africa",
        "name" : "13 Willem Rd",
        "semanticType" : "TYPE_SEARCHED_ADDRESS",
        "sourceInfo" : {
          "deviceTag" : -63513299
        },
        "locationConfidence" : 54.869118
      },
      "duration" : {
        "startTimestampMs" : "1550945828840",
        "endTimestampMs" : "1551007212754"
      },
      "placeConfidence" : "HIGH_CONFIDENCE",
      "centerLatE7" : -258559199,
      "centerLngE7" : 281626521,
      "visitConfidence" : 96,
      "otherCandidateLocations" : [ {
        "latitudeE7" : -258560753,
        "longitudeE7" : 281626091,
        "placeId" : "ChIJWVS1zllklR4R7ih8EDjLG2g",
        "semanticType" : "TYPE_HOME",
        "locationConfidence" : 44.51349
      }, {
        "latitudeE7" : -258565130,
        "longitudeE7" : 281611230,
        "placeId" : "ChIJjc378FhklR4R-lrwm02iVNY",
        "semanticType" : "TYPE_SEARCHED_ADDRESS",
        "locationConfidence" : 0.16501816
      }, {
        "latitudeE7" : -258570590,
        "longitudeE7" : 281625620,
        "placeId" : "ChIJGZkpr1lklR4RvXt8NOQ53JI",
        "semanticType" : "TYPE_SEARCHED_ADDRESS",
        "locationConfidence" : 0.15260138
      }, {
        "latitudeE7" : -258560800,
        "longitudeE7" : 281633500,
        "placeId" : "ChIJqbfuDFlklR4R62Y6o0Rpy9w",
        "locationConfidence" : 0.11138701
      } ],
      "editConfirmationStatus" : "NOT_CONFIRMED"
    }
  }, {
    "activitySegment" : {
      "startLocation" : {
        "latitudeE7" : -258559780,
        "longitudeE7" : 281626430,
        "sourceInfo" : {
          "deviceTag" : -63513299
        }
      },
      "endLocation" : {
        "latitudeE7" : -257159810,
        "longitudeE7" : 282583170,
        "sourceInfo" : {
          "deviceTag" : -63513299
        }
      },
      "duration" : {
        "startTimestampMs" : "1551007212754",
        "endTimestampMs" : "1551008568642"
      },
      "distance" : 20501,
      "activityType" : "IN_PASSENGER_VEHICLE",
      "confidence" : "HIGH",
      "activities" : [ {
        "activityType" : "IN_PASSENGER_VEHICLE",
        "probability" : 98.1707066079736
      }, {
        "activityType" : "WALKING",
        "probability" : 1.3921581489332695
      }, {
        "activityType" : "MOTORCYCLING",
        "probability" : 0.2606873430681545
      } ],
      "waypointPath" : {
        "waypoints" : [ {
          "latE7" : -258559551,
          "lngE7" : 281623001
        }, {
          "latE7" : -258037643,
          "lngE7" : 282605133
        }, {
          "latE7" : -257159919,
          "lngE7" : 282580986
        } ]
      }
    }
  }, {
    "placeVisit" : {
      "location" : {
        "latitudeE7" : -257159810,
        "longitudeE7" : 282583170,
        "placeId" : "ChIJSfliSoHfvx4RI5qQZawZ2-c",
        "address" : "6 Jeanette St\nKilner Park\nPretoria\n0186\nSouth Africa",
        "name" : "6 Jeanette St",
        "semanticType" : "TYPE_SEARCHED_ADDRESS",
        "sourceInfo" : {
          "deviceTag" : -63513299
        },
        "locationConfidence" : 81.31036
      },
      "duration" : {
        "startTimestampMs" : "1551008568642",
        "endTimestampMs" : "1551014287488"
      },
      "placeConfidence" : "HIGH_CONFIDENCE",
      "centerLatE7" : -257157035,
      "centerLngE7" : 282581584,
      "visitConfidence" : 94,
      "otherCandidateLocations" : [ {
        "latitudeE7" : -257159810,
        "longitudeE7" : 282583170,
        "placeId" : "ChIJSfliSoHfvx4RmUBO5uU3Jig",
        "locationConfidence" : 14.611669
      }, {
        "latitudeE7" : -257155309,
        "longitudeE7" : 282561946,
        "placeId" : "ChIJvTlse4Hfvx4Rxwsyk63rMQA",
        "locationConfidence" : 0.8042667
      }, {
        "latitudeE7" : -257160338,
        "longitudeE7" : 282551542,
        "placeId" : "ChIJYXBMm4Hfvx4ROJbUHuNihH8",
        "locationConfidence" : 0.78844494
      }, {
        "latitudeE7" : -257160833,
        "longitudeE7" : 282572778,
        "placeId" : "ChIJs67iQIHfvx4RHsSNs3YQi5M",
        "locationConfidence" : 0.41469535
      } ],
      "editConfirmationStatus" : "NOT_CONFIRMED"
    }
  }, {
    "activitySegment" : {
      "startLocation" : {
        "latitudeE7" : -257159810,
        "longitudeE7" : 282583170,
        "sourceInfo" : {
          "deviceTag" : -63513299
        }
      },
      "endLocation" : {
        "latitudeE7" : -258560753,
        "longitudeE7" : 281626091,
        "sourceInfo" : {
          "deviceTag" : -63513299
        }
      },
      "duration" : {
        "startTimestampMs" : "1551014287488",
        "endTimestampMs" : "1551074679260"
      },
      "distance" : 27627,
      "activityType" : "IN_PASSENGER_VEHICLE",
      "confidence" : "HIGH",
      "activities" : [ {
        "activityType" : "IN_PASSENGER_VEHICLE",
        "probability" : 89.9543045548294
      }, {
        "activityType" : "WALKING",
        "probability" : 5.772443136534075
      }, {
        "activityType" : "MOTORCYCLING",
        "probability" : 1.4909387860437908
      } ],
      "waypointPath" : {
        "waypoints" : [ {
          "latE7" : -257159919,
          "lngE7" : 282580986
        }, {
          "latE7" : -257338771,
          "lngE7" : 282649459
        }, {
          "latE7" : -258560543,
          "lngE7" : 281622924
        } ]
      }
    }
  }, {
    "placeVisit" : {
      "location" : {
        "latitudeE7" : -258584100,
        "longitudeE7" : 281624600,
        "placeId" : "ChIJWVS1zllklR4R7ih8EDjLG2g",
        "address" : "31 Willem Rd\nEldoraigne\nCenturion\n0157\nSouth Africa",
        "name" : "31 Willem Rd",
        "semanticType" : "TYPE_HOME",
        "sourceInfo" : {
          "deviceTag" : -63513299
        },
        "locationConfidence" : 82.123764
      },
      "duration" : {
        "startTimestampMs" : "1551074679260",
        "endTimestampMs" : "1551101571702"
      },
      "placeConfidence" : "HIGH_CONFIDENCE",
      "centerLatE7" : -258560904,
      "centerLngE7" : 281626362,
      "visitConfidence" : 92,
      "otherCandidateLocations" : [ {
        "latitudeE7" : -258559780,
        "longitudeE7" : 281626430,
        "placeId" : "ChIJgf7JGllklR4RTqYK8tHPm_w",
        "semanticType" : "TYPE_SEARCHED_ADDRESS",
        "locationConfidence" : 15.793681
      }, {
        "latitudeE7" : -258556046,
        "longitudeE7" : 281644996,
        "placeId" : "ChIJR2qzZFlklR4R6ONADWNKzIE",
        "locationConfidence" : 0.6808648
      }, {
        "latitudeE7" : -258570590,
        "longitudeE7" : 281625620,
        "placeId" : "ChIJGZkpr1lklR4RvXt8NOQ53JI",
        "semanticType" : "TYPE_SEARCHED_ADDRESS",
        "locationConfidence" : 0.34224293
      }, {
        "latitudeE7" : -258565130,
        "longitudeE7" : 281611230,
        "placeId" : "ChIJjc378FhklR4R-lrwm02iVNY",
        "semanticType" : "TYPE_SEARCHED_ADDRESS",
        "locationConfidence" : 0.33311003
      } ],
      "editConfirmationStatus" : "NOT_CONFIRMED"
    }
  }, {
    "activitySegment" : {
      "startLocation" : {
        "latitudeE7" : -258560753,
        "longitudeE7" : 281626091,
        "sourceInfo" : {
          "deviceTag" : -63513299
        }
      },
      "endLocation" : {
        "latitudeE7" : -258626486,
        "longitudeE7" : 281679510,
        "sourceInfo" : {
          "deviceTag" : -63513299
        }
      },
      "duration" : {
        "startTimestampMs" : "1551101571702",
        "endTimestampMs" : "1551102723521"
      },
      "distance" : 1014,
      "activityType" : "IN_PASSENGER_VEHICLE",
      "confidence" : "HIGH",
      "activities" : [ {
        "activityType" : "IN_PASSENGER_VEHICLE",
        "probability" : 97.13337897913914
      }, {
        "activityType" : "WALKING",
        "probability" : 2.1146205003663647
      }, {
        "activityType" : "MOTORCYCLING",
        "probability" : 0.35034781672892124
      } ],
      "waypointPath" : {
        "waypoints" : [ {
          "latE7" : -258560543,
          "lngE7" : 281622924
        }, {
          "latE7" : -258622665,
          "lngE7" : 281624755
        }, {
          "latE7" : -258626785,
          "lngE7" : 281678581
        } ]
      }
    }
  }, {
    "placeVisit" : {
      "location" : {
        "latitudeE7" : -258626486,
        "longitudeE7" : 281679510,
        "placeId" : "ChIJQUJznlFklR4RXph7DWD17Kg",
        "address" : "Hendrik Verwoerd Dr\nHennopspark\nCenturion\n0157\nSouth Africa",
        "name" : "Shell",
        "sourceInfo" : {
          "deviceTag" : -63513299
        },
        "locationConfidence" : 35.834183
      },
      "duration" : {
        "startTimestampMs" : "1551102723521",
        "endTimestampMs" : "1551103604984"
      },
      "placeConfidence" : "LOW_CONFIDENCE",
      "centerLatE7" : -258629350,
      "centerLngE7" : 281680100,
      "visitConfidence" : 86,
      "otherCandidateLocations" : [ {
        "latitudeE7" : -258628410,
        "longitudeE7" : 281675590,
        "placeId" : "ChIJsUK-GlFklR4RnZv2vs0_urA",
        "locationConfidence" : 9.063099
      }, {
        "latitudeE7" : -258628342,
        "longitudeE7" : 281687098,
        "placeId" : "ChIJj74cl1FklR4R92cNvMqM1GI",
        "locationConfidence" : 8.352898
      }, {
        "latitudeE7" : -258627939,
        "longitudeE7" : 281678060,
        "placeId" : "ChIJ5zc9dlFklR4Rn2YmTJZT1qc",
        "locationConfidence" : 5.8100657
      }, {
        "latitudeE7" : -258625314,
        "longitudeE7" : 281677128,
        "placeId" : "ChIJ3dpQzFZklR4RPpOHSff9Yek",
        "locationConfidence" : 4.3992105
      }, {
        "latitudeE7" : -258628071,
        "longitudeE7" : 281674268,
        "placeId" : "ChIJF4vycVFklR4Rb7vhq9IQ59k",
        "locationConfidence" : 3.0558226
      }, {
        "latitudeE7" : -258631635,
        "longitudeE7" : 281683549,
        "placeId" : "ChIJreVWiVFklR4R8t3WvX6VN4g",
        "locationConfidence" : 1.847133
      }, {
        "latitudeE7" : -258627939,
        "longitudeE7" : 281678060,
        "placeId" : "ChIJ5zc9dlFklR4RRAwY2RP6doE",
        "locationConfidence" : 1.3927647
      }, {
        "latitudeE7" : -258627477,
        "longitudeE7" : 281672552,
        "placeId" : "ChIJQYrDGlFklR4R0Wp2LMUI5uI",
        "locationConfidence" : 1.3867561
      }, {
        "latitudeE7" : -258642300,
        "longitudeE7" : 281666800,
        "placeId" : "ChIJpYS-3lNklR4Rnis494azQbI",
        "locationConfidence" : 0.9705951
      }, {
        "latitudeE7" : -258635460,
        "longitudeE7" : 281675570,
        "placeId" : "ChIJEWKRflFklR4R6OcnJe2OO7M",
        "locationConfidence" : 0.6974177
      }, {
        "latitudeE7" : -258628941,
        "longitudeE7" : 281675064,
        "placeId" : "ChIJq_Dzou5klR4RgnOLNFrdmbo",
        "locationConfidence" : 0.49791622
      }, {
        "latitudeE7" : -258632051,
        "longitudeE7" : 281678017,
        "placeId" : "ChIJwehieFFklR4RfTxAfQ_4Pko",
        "locationConfidence" : 0.48661444
      }, {
        "latitudeE7" : -258633979,
        "longitudeE7" : 281681285,
        "placeId" : "ChIJLau4gFFklR4RrXKUf4Bnch0",
        "locationConfidence" : 0.4530363
      } ],
      "editConfirmationStatus" : "NOT_CONFIRMED"
    }
  }, {
    "activitySegment" : {
      "startLocation" : {
        "latitudeE7" : -258626486,
        "longitudeE7" : 281679510,
        "sourceInfo" : {
          "deviceTag" : -63513299
        }
      },
      "endLocation" : {
        "latitudeE7" : -258560753,
        "longitudeE7" : 281626091,
        "sourceInfo" : {
          "deviceTag" : -63513299
        }
      },
      "duration" : {
        "startTimestampMs" : "1551103604984",
        "endTimestampMs" : "1551104947451"
      },
      "distance" : 2489,
      "activityType" : "IN_PASSENGER_VEHICLE",
      "confidence" : "HIGH",
      "activities" : [ {
        "activityType" : "IN_PASSENGER_VEHICLE",
        "probability" : 93.92653728159331
      }, {
        "activityType" : "WALKING",
        "probability" : 3.0287693690757784
      }, {
        "activityType" : "MOTORCYCLING",
        "probability" : 2.0906701052007617
      } ],
      "waypointPath" : {
        "waypoints" : [ {
          "latE7" : -258626785,
          "lngE7" : 281678581
        }, {
          "latE7" : -258626251,
          "lngE7" : 281591148
        }, {
          "latE7" : -258560543,
          "lngE7" : 281622924
        } ]
      },
      "simplifiedRawPath" : {
        "points" : [ {
          "latE7" : -258658554,
          "lngE7" : 281565553,
          "timestampMs" : "1551103920000",
          "accuracyMeters" : 24
        } ]
      }
    }
  }, {
    "placeVisit" : {
      "location" : {
        "latitudeE7" : -258584100,
        "longitudeE7" : 281624600,
        "placeId" : "ChIJWVS1zllklR4R7ih8EDjLG2g",
        "address" : "31 Willem Rd\nEldoraigne\nCenturion\n0157\nSouth Africa",
        "name" : "31 Willem Rd",
        "semanticType" : "TYPE_HOME",
        "sourceInfo" : {
          "deviceTag" : -63513299
        },
        "locationConfidence" : 78.22563
      },
      "duration" : {
        "startTimestampMs" : "1551104947451",
        "endTimestampMs" : "1551114695571"
      },
      "placeConfidence" : "HIGH_CONFIDENCE",
      "centerLatE7" : -258559200,
      "centerLngE7" : 281626247,
      "visitConfidence" : 93,
      "otherCandidateLocations" : [ {
        "latitudeE7" : -258559780,
        "longitudeE7" : 281626430,
        "placeId" : "ChIJgf7JGllklR4RTqYK8tHPm_w",
        "semanticType" : "TYPE_SEARCHED_ADDRESS",
        "locationConfidence" : 19.604454
      }, {
        "latitudeE7" : -258556046,
        "longitudeE7" : 281644996,
        "placeId" : "ChIJR2qzZFlklR4R6ONADWNKzIE",
        "locationConfidence" : 0.7571145
      }, {
        "latitudeE7" : -258570590,
        "longitudeE7" : 281625620,
        "placeId" : "ChIJGZkpr1lklR4RvXt8NOQ53JI",
        "semanticType" : "TYPE_SEARCHED_ADDRESS",
        "locationConfidence" : 0.35596356
      }, {
        "latitudeE7" : -258565130,
        "longitudeE7" : 281611230,
        "placeId" : "ChIJjc378FhklR4R-lrwm02iVNY",
        "semanticType" : "TYPE_SEARCHED_ADDRESS",
        "locationConfidence" : 0.33782372
      } ],
      "editConfirmationStatus" : "NOT_CONFIRMED"
    }
  }, {
    "activitySegment" : {
      "startLocation" : {
        "latitudeE7" : -258560753,
        "longitudeE7" : 281626091,
        "sourceInfo" : {
          "deviceTag" : -63513299
        }
      },
      "endLocation" : {
        "latitudeE7" : -258714973,
        "longitudeE7" : 281366292,
        "sourceInfo" : {
          "deviceTag" : -63513299
        }
      },
      "duration" : {
        "startTimestampMs" : "1551114695571",
        "endTimestampMs" : "1551116531885"
      },
      "distance" : 3165,
      "activityType" : "IN_PASSENGER_VEHICLE",
      "confidence" : "HIGH",
      "activities" : [ {
        "activityType" : "IN_PASSENGER_VEHICLE",
        "probability" : 86.97091432544768
      }, {
        "activityType" : "IN_BUS",
        "probability" : 6.9171842996817015
      }, {
        "activityType" : "WALKING",
        "probability" : 5.237334560714305
      } ],
      "waypointPath" : {
        "waypoints" : [ {
          "latE7" : -258560543,
          "lngE7" : 281622924
        }, {
          "latE7" : -258597564,
          "lngE7" : 281578464
        }, {
          "latE7" : -258708209,
          "lngE7" : 281372547
        } ]
      }
    }
  }, {
    "placeVisit" : {
      "location" : {
        "latitudeE7" : -298326807,
        "longitudeE7" : 309687195,
        "placeId" : "ChIJ64lEf-gA9x4RaquvL1_C1Aw",
        "address" : "Sherwood\nDurban\n4091\nSouth Africa",
        "name" : "Sherwood"
      },
      "duration" : {
        "startTimestampMs" : "1551116531885",
        "endTimestampMs" : "1551118504875"
      },
      "placeConfidence" : "MEDIUM_CONFIDENCE",
      "centerLatE7" : -258714367,
      "centerLngE7" : 281366200,
      "visitConfidence" : 94,
      "otherCandidateLocations" : [ {
        "latitudeE7" : -258717640,
        "longitudeE7" : 281368880,
        "placeId" : "ChIJ6afo1uBklR4R1ZiYvPg8W5U",
        "locationConfidence" : 23.178593
      }, {
        "latitudeE7" : -258718359,
        "longitudeE7" : 281365330,
        "placeId" : "ChIJYSkPl-BklR4Rol_HDA6ZZu8",
        "locationConfidence" : 2.2909133
      }, {
        "latitudeE7" : -258714341,
        "longitudeE7" : 281359920,
        "placeId" : "ChIJ4cBovuBklR4Re9WZI9zvycU",
        "locationConfidence" : 1.5903403
      }, {
        "latitudeE7" : -258708078,
        "longitudeE7" : 281370475,
        "placeId" : "ChIJG-zrtuBklR4RjCtQofGfcS0",
        "locationConfidence" : 1.0365096
      }, {
        "latitudeE7" : -258717546,
        "longitudeE7" : 281371651,
        "placeId" : "ChIJDYo26-BklR4Rb6f6WGZ_6bw",
        "locationConfidence" : 0.9144905
      }, {
        "latitudeE7" : -258714984,
        "longitudeE7" : 281366790,
        "placeId" : "ChIJBYS4veBklR4ROLenSp4QTdo",
        "locationConfidence" : 0.7832698
      }, {
        "latitudeE7" : -258717370,
        "longitudeE7" : 281369330,
        "placeId" : "ChIJwZxUlOBklR4R_XsNAuCvosA",
        "locationConfidence" : 0.63272464
      }, {
        "latitudeE7" : -258713430,
        "longitudeE7" : 281365580,
        "placeId" : "ChIJYffNV-BklR4RgfHpp202rho",
        "locationConfidence" : 0.5611625
      } ],
      "editConfirmationStatus" : "CONFIRMED"
    }
  }, {
    "activitySegment" : {
      "startLocation" : {
        "latitudeE7" : -258713936,
        "longitudeE7" : 281366062,
        "sourceInfo" : {
          "deviceTag" : -63513299
        }
      },
      "endLocation" : {
        "latitudeE7" : -258560753,
        "longitudeE7" : 281626091,
        "sourceInfo" : {
          "deviceTag" : -63513299
        }
      },
      "duration" : {
        "startTimestampMs" : "1551118504875",
        "endTimestampMs" : "1551121171755"
      },
      "distance" : 3110,
      "activityType" : "IN_PASSENGER_VEHICLE",
      "confidence" : "LOW",
      "activities" : [ {
        "activityType" : "IN_PASSENGER_VEHICLE",
        "probability" : 54.655599622864614
      }, {
        "activityType" : "MOTORCYCLING",
        "probability" : 35.306013566731245
      }, {
        "activityType" : "WALKING",
        "probability" : 8.278197871966936
      } ],
      "waypointPath" : {
        "waypoints" : [ {
          "latE7" : -258708209,
          "lngE7" : 281372547
        }, {
          "latE7" : -258628292,
          "lngE7" : 281588993
        }, {
          "latE7" : -258560543,
          "lngE7" : 281622924
        } ]
      }
    }
  }, {
    "placeVisit" : {
      "location" : {
        "latitudeE7" : -258584100,
        "longitudeE7" : 281624600,
        "placeId" : "ChIJWVS1zllklR4R7ih8EDjLG2g",
        "address" : "31 Willem Rd\nEldoraigne\nCenturion\n0157\nSouth Africa",
        "name" : "31 Willem Rd",
        "semanticType" : "TYPE_HOME",
        "sourceInfo" : {
          "deviceTag" : -63513299
        },
        "locationConfidence" : 67.53546
      },
      "duration" : {
        "startTimestampMs" : "1551121171755",
        "endTimestampMs" : "1551121651042"
      },
      "placeConfidence" : "LOW_CONFIDENCE",
      "centerLatE7" : -258559600,
      "centerLngE7" : 281626367,
      "visitConfidence" : 89,
      "otherCandidateLocations" : [ {
        "latitudeE7" : -258559780,
        "longitudeE7" : 281626430,
        "placeId" : "ChIJgf7JGllklR4RTqYK8tHPm_w",
        "semanticType" : "TYPE_SEARCHED_ADDRESS",
        "locationConfidence" : 29.028708
      }, {
        "latitudeE7" : -258556046,
        "longitudeE7" : 281644996,
        "placeId" : "ChIJR2qzZFlklR4R6ONADWNKzIE",
        "locationConfidence" : 1.6103647
      }, {
        "latitudeE7" : -258565130,
        "longitudeE7" : 281611230,
        "placeId" : "ChIJjc378FhklR4R-lrwm02iVNY",
        "semanticType" : "TYPE_SEARCHED_ADDRESS",
        "locationConfidence" : 0.48740202
      }, {
        "latitudeE7" : -258570590,
        "longitudeE7" : 281625620,
        "placeId" : "ChIJGZkpr1lklR4RvXt8NOQ53JI",
        "semanticType" : "TYPE_SEARCHED_ADDRESS",
        "locationConfidence" : 0.47817597
      } ],
      "editConfirmationStatus" : "NOT_CONFIRMED"
    }
  } ]
}