{
  "timelineObjects" : [ {
    "placeVisit" : {
      "location" : {
        "latitudeE7" : -258584100,
        "longitudeE7" : 281624600,
        "placeId" : "ChIJWVS1zllklR4R7ih8EDjLG2g",
        "address" : "31 Willem Rd\nEldoraigne\nCenturion\n0157\nSouth Africa",
        "name" : "31 Willem Rd",
        "semanticType" : "TYPE_HOME",
        "sourceInfo" : {
          "deviceTag" : -63513299
        },
        "locationConfidence" : 52.689854
      },
      "duration" : {
        "startTimestampMs" : "1551507868488",
        "endTimestampMs" : "1551536380570"
      },
      "placeConfidence" : "MEDIUM_CONFIDENCE",
      "centerLatE7" : -258559986,
      "centerLngE7" : 281626612,
      "visitConfidence" : 83,
      "otherCandidateLocations" : [ {
        "latitudeE7" : -258559780,
        "longitudeE7" : 281626430,
        "placeId" : "ChIJgf7JGllklR4RTqYK8tHPm_w",
        "semanticType" : "TYPE_SEARCHED_ADDRESS",
        "locationConfidence" : 46.377865
      }, {
        "latitudeE7" : -258565130,
        "longitudeE7" : 281611230,
        "placeId" : "ChIJjc378FhklR4R-lrwm02iVNY",
        "semanticType" : "TYPE_SEARCHED_ADDRESS",
        "locationConfidence" : 0.2342442
      }, {
        "latitudeE7" : -258570590,
        "longitudeE7" : 281625620,
        "placeId" : "ChIJGZkpr1lklR4RvXt8NOQ53JI",
        "semanticType" : "TYPE_SEARCHED_ADDRESS",
        "locationConfidence" : 0.18149436
      }, {
        "latitudeE7" : -258560800,
        "longitudeE7" : 281633500,
        "placeId" : "ChIJqbfuDFlklR4R62Y6o0Rpy9w",
        "locationConfidence" : 0.17589399
      } ],
      "editConfirmationStatus" : "NOT_CONFIRMED"
    }
  }, {
    "placeVisit" : {
      "location" : {
        "latitudeE7" : -258584100,
        "longitudeE7" : 281624600,
        "placeId" : "ChIJWVS1zllklR4R7ih8EDjLG2g",
        "address" : "31 Willem Rd\nEldoraigne\nCenturion\n0157\nSouth Africa",
        "name" : "31 Willem Rd",
        "semanticType" : "TYPE_HOME",
        "sourceInfo" : {
          "deviceTag" : -63513299
        },
        "locationConfidence" : 50.520073
      },
      "duration" : {
        "startTimestampMs" : "1551627610067",
        "endTimestampMs" : "1551699420015"
      },
      "placeConfidence" : "MEDIUM_CONFIDENCE",
      "centerLatE7" : -258559847,
      "centerLngE7" : 281626218,
      "visitConfidence" : 95,
      "otherCandidateLocations" : [ {
        "latitudeE7" : -258559780,
        "longitudeE7" : 281626430,
        "placeId" : "ChIJgf7JGllklR4RTqYK8tHPm_w",
        "semanticType" : "TYPE_SEARCHED_ADDRESS",
        "locationConfidence" : 48.848083
      }, {
        "latitudeE7" : -258565130,
        "longitudeE7" : 281611230,
        "placeId" : "ChIJjc378FhklR4R-lrwm02iVNY",
        "semanticType" : "TYPE_SEARCHED_ADDRESS",
        "locationConfidence" : 0.1655157
      }, {
        "latitudeE7" : -258570590,
        "longitudeE7" : 281625620,
        "placeId" : "ChIJGZkpr1lklR4RvXt8NOQ53JI",
        "semanticType" : "TYPE_SEARCHED_ADDRESS",
        "locationConfidence" : 0.15045975
      }, {
        "latitudeE7" : -258560800,
        "longitudeE7" : 281633500,
        "placeId" : "ChIJqbfuDFlklR4R62Y6o0Rpy9w",
        "locationConfidence" : 0.0989076
      } ],
      "editConfirmationStatus" : "NOT_CONFIRMED"
    }
  }, {
    "activitySegment" : {
      "startLocation" : {
        "latitudeE7" : -258560753,
        "longitudeE7" : 281626091
      },
      "endLocation" : {
        "latitudeE7" : -258771893,
        "longitudeE7" : 281765252
      },
      "duration" : {
        "startTimestampMs" : "1551699420015",
        "endTimestampMs" : "1551700119954"
      },
      "distance" : 2729,
      "activityType" : "IN_PASSENGER_VEHICLE",
      "confidence" : "HIGH",
      "activities" : [ {
        "activityType" : "IN_PASSENGER_VEHICLE",
        "probability" : 94.80852946602954
      }, {
        "activityType" : "WALKING",
        "probability" : 2.816245352783254
      }, {
        "activityType" : "IN_BUS",
        "probability" : 0.7494747510347616
      } ],
      "waypointPath" : {
        "waypoints" : [ {
          "latE7" : -258560295,
          "lngE7" : 281622943
        }, {
          "latE7" : -258680191,
          "lngE7" : 281520462
        }, {
          "latE7" : -258697624,
          "lngE7" : 281513576
        }, {
          "latE7" : -258720684,
          "lngE7" : 281608371
        }, {
          "latE7" : -258726577,
          "lngE7" : 281664066
        } ]
      },
      "simplifiedRawPath" : {
        "points" : [ {
          "latE7" : -258699233,
          "lngE7" : 281513033,
          "timestampMs" : "1551699709065",
          "accuracyMeters" : 29
        } ]
      }
    }
  }, {
    "placeVisit" : {
      "location" : {
        "latitudeE7" : -258878645,
        "longitudeE7" : 281725771,
        "placeId" : "ChIJa9xR8b1llR4RK8rYoO0rFuo",
        "address" : "Eco-Park Estate\nCenturion\n0144\nSouth Africa",
        "name" : "Eco-Park Estate"
      },
      "duration" : {
        "startTimestampMs" : "1551700119954",
        "endTimestampMs" : "1551700600475"
      },
      "placeConfidence" : "LOW_CONFIDENCE",
      "centerLatE7" : -258773900,
      "centerLngE7" : 281790500,
      "visitConfidence" : 87,
      "otherCandidateLocations" : [ {
        "latitudeE7" : -258773328,
        "longitudeE7" : 281754913,
        "placeId" : "ChIJZdBEtbBllR4RXjYj-5OuKd8",
        "locationConfidence" : 14.103941
      }, {
        "latitudeE7" : -258780496,
        "longitudeE7" : 281782472,
        "placeId" : "ChIJE6Nm3rlllR4RTGe70vdYpTo",
        "locationConfidence" : 13.332732
      }, {
        "latitudeE7" : -258766870,
        "longitudeE7" : 281808220,
        "placeId" : "ChIJpzJnjLdllR4RxhsfIB5RcY0",
        "locationConfidence" : 3.664721
      }, {
        "latitudeE7" : -258767680,
        "longitudeE7" : 281779520,
        "placeId" : "ChIJN8p9As5llR4RudfcVo5QOs0",
        "locationConfidence" : 2.9379532
      }, {
        "latitudeE7" : -258761958,
        "longitudeE7" : 281797181,
        "placeId" : "ChIJr1ufn7dllR4Rbt22becYZjQ",
        "locationConfidence" : 1.8710544
      }, {
        "latitudeE7" : -258769204,
        "longitudeE7" : 281796155,
        "placeId" : "ChIJA5pMHrhllR4RtvdZT-xKB5M",
        "locationConfidence" : 1.8471129
      }, {
        "latitudeE7" : -258762602,
        "longitudeE7" : 281772855,
        "placeId" : "ChIJ3fatZiRllR4ROUEUtsgR2c0",
        "locationConfidence" : 1.6184314
      }, {
        "latitudeE7" : -258767679,
        "longitudeE7" : 281779515,
        "placeId" : "ChIJbWWaQbdllR4RaXLPgtMGVkc",
        "locationConfidence" : 1.1144783
      }, {
        "latitudeE7" : -258764332,
        "longitudeE7" : 281765597,
        "placeId" : "ChIJF8qgzLBllR4R-epZ-aAxZTk",
        "locationConfidence" : 0.98457223
      }, {
        "latitudeE7" : -258764705,
        "longitudeE7" : 281797715,
        "placeId" : "ChIJ75K4NrZllR4R7ekkUBqZM0E",
        "locationConfidence" : 0.914574
      }, {
        "latitudeE7" : -258762829,
        "longitudeE7" : 281803693,
        "placeId" : "ChIJHe-UzQMXlR4RaoqI8uwP_IY",
        "locationConfidence" : 0.8122663
      }, {
        "latitudeE7" : -258762829,
        "longitudeE7" : 281803693,
        "placeId" : "ChIJOXGsWcVllR4R0epo1rE8UlU",
        "locationConfidence" : 0.7463372
      }, {
        "latitudeE7" : -258748752,
        "longitudeE7" : 281800248,
        "placeId" : "ChIJUXRk-7ZllR4RpQajkUS1zVs",
        "locationConfidence" : 0.72708297
      }, {
        "latitudeE7" : -258767214,
        "longitudeE7" : 281797930,
        "placeId" : "ChIJ75K4NrZllR4RSVSXLhbx_1w",
        "locationConfidence" : 0.6916043
      }, {
        "latitudeE7" : -258785095,
        "longitudeE7" : 281771779,
        "placeId" : "ChIJXed7-rlllR4RMVRmkr-Vzbg",
        "locationConfidence" : 0.6279698
      }, {
        "latitudeE7" : -258766397,
        "longitudeE7" : 281811742,
        "placeId" : "ChIJTyb88rdllR4RujERU3NCo14",
        "locationConfidence" : 0.596848
      } ],
      "editConfirmationStatus" : "CONFIRMED"
    }
  }, {
    "placeVisit" : {
      "location" : {
        "latitudeE7" : -258584100,
        "longitudeE7" : 281624600,
        "placeId" : "ChIJWVS1zllklR4R7ih8EDjLG2g",
        "address" : "31 Willem Rd\nEldoraigne\nCenturion\n0157\nSouth Africa",
        "name" : "31 Willem Rd",
        "semanticType" : "TYPE_HOME",
        "sourceInfo" : {
          "deviceTag" : -63513299
        },
        "locationConfidence" : 62.792328
      },
      "duration" : {
        "startTimestampMs" : "1551845376760",
        "endTimestampMs" : "1551847397491"
      },
      "placeConfidence" : "MEDIUM_CONFIDENCE",
      "centerLatE7" : -258560589,
      "centerLngE7" : 281626228,
      "visitConfidence" : 95,
      "otherCandidateLocations" : [ {
        "latitudeE7" : -258559780,
        "longitudeE7" : 281626430,
        "placeId" : "ChIJgf7JGllklR4RTqYK8tHPm_w",
        "semanticType" : "TYPE_SEARCHED_ADDRESS",
        "locationConfidence" : 36.224873
      }, {
        "latitudeE7" : -258565130,
        "longitudeE7" : 281611230,
        "placeId" : "ChIJjc378FhklR4R-lrwm02iVNY",
        "semanticType" : "TYPE_SEARCHED_ADDRESS",
        "locationConfidence" : 0.25616828
      }, {
        "latitudeE7" : -258570590,
        "longitudeE7" : 281625620,
        "placeId" : "ChIJGZkpr1lklR4RvXt8NOQ53JI",
        "semanticType" : "TYPE_SEARCHED_ADDRESS",
        "locationConfidence" : 0.21414344
      }, {
        "latitudeE7" : -258560800,
        "longitudeE7" : 281633500,
        "placeId" : "ChIJqbfuDFlklR4R62Y6o0Rpy9w",
        "locationConfidence" : 0.16164573
      } ],
      "editConfirmationStatus" : "NOT_CONFIRMED"
    }
  }, {
    "activitySegment" : {
      "startLocation" : {
        "latitudeE7" : -258560753,
        "longitudeE7" : 281626091
      },
      "endLocation" : {
        "latitudeE7" : -258585296,
        "longitudeE7" : 281892247
      },
      "duration" : {
        "startTimestampMs" : "1551847397491",
        "endTimestampMs" : "1551848327000"
      },
      "distance" : 2677,
      "activityType" : "IN_PASSENGER_VEHICLE",
      "confidence" : "HIGH",
      "activities" : [ {
        "activityType" : "IN_PASSENGER_VEHICLE",
        "probability" : 89.97808673393587
      }, {
        "activityType" : "WALKING",
        "probability" : 5.221823116444022
      }, {
        "activityType" : "IN_BUS",
        "probability" : 1.7700115193028296
      } ],
      "waypointPath" : {
        "waypoints" : [ {
          "latE7" : -258560543,
          "lngE7" : 281622924
        }, {
          "latE7" : -258596725,
          "lngE7" : 281772041
        }, {
          "latE7" : -258582382,
          "lngE7" : 281894798
        } ]
      }
    }
  }, {
    "placeVisit" : {
      "location" : {
        "latitudeE7" : -258614570,
        "longitudeE7" : 281802475,
        "placeId" : "ChIJCwR88zVklR4RhSK4_WI6Svk",
        "address" : "Centurion Central\nCenturion\n0157\nSouth Africa",
        "name" : "Centurion Central"
      },
      "duration" : {
        "startTimestampMs" : "1551848327000",
        "endTimestampMs" : "1551850969217"
      },
      "placeConfidence" : "HIGH_CONFIDENCE",
      "centerLatE7" : -258586540,
      "centerLngE7" : 281897283,
      "visitConfidence" : 93,
      "otherCandidateLocations" : [ {
        "latitudeE7" : -258571948,
        "longitudeE7" : 281867371,
        "placeId" : "ChIJNe7bIjdklR4RncvkJn9QTB0",
        "locationConfidence" : 1.3833638
      }, {
        "latitudeE7" : -258571960,
        "longitudeE7" : 281867376,
        "placeId" : "ChIJiQP-IDdklR4ROFIOVGP_Qck",
        "locationConfidence" : 0.86496747
      }, {
        "latitudeE7" : -258586040,
        "longitudeE7" : 281897640,
        "placeId" : "ChIJGzSCXTFklR4R9lBFRVx8zCM",
        "locationConfidence" : 0.6246075
      }, {
        "latitudeE7" : -258566196,
        "longitudeE7" : 281906734,
        "placeId" : "ChIJ4WFYBDFklR4R6H7jnpUQIRY",
        "locationConfidence" : 0.5738433
      }, {
        "latitudeE7" : -258593164,
        "longitudeE7" : 281889841,
        "placeId" : "ChIJhzKf4jNklR4R_zJQWrOiGt8",
        "locationConfidence" : 0.47150666
      } ],
      "editConfirmationStatus" : "CONFIRMED"
    }
  }, {
    "activitySegment" : {
      "startLocation" : {
        "latitudeE7" : -258586540,
        "longitudeE7" : 281897283
      },
      "endLocation" : {
        "latitudeE7" : -258559377,
        "longitudeE7" : 281626331
      },
      "duration" : {
        "startTimestampMs" : "1551850969217",
        "endTimestampMs" : "1552018263360"
      },
      "activityType" : "UNKNOWN_ACTIVITY_TYPE",
      "activities" : [ {
        "activityType" : "UNKNOWN_ACTIVITY_TYPE",
        "probability" : 0.0
      } ],
      "simplifiedRawPath" : {
        "points" : [ {
          "latE7" : -258904797,
          "lngE7" : 281940028,
          "timestampMs" : "1551851610497",
          "accuracyMeters" : 149
        } ]
      }
    }
  }, {
    "placeVisit" : {
      "location" : {
        "latitudeE7" : -258584100,
        "longitudeE7" : 281624600,
        "placeId" : "ChIJWVS1zllklR4R7ih8EDjLG2g",
        "address" : "31 Willem Rd\nEldoraigne\nCenturion\n0157\nSouth Africa",
        "name" : "31 Willem Rd",
        "semanticType" : "TYPE_HOME",
        "sourceInfo" : {
          "deviceTag" : -63513299
        },
        "locationConfidence" : 58.06766
      },
      "duration" : {
        "startTimestampMs" : "1552018263360",
        "endTimestampMs" : "1552019593041"
      },
      "placeConfidence" : "MEDIUM_CONFIDENCE",
      "centerLatE7" : -258559377,
      "centerLngE7" : 281626331,
      "visitConfidence" : 93,
      "otherCandidateLocations" : [ {
        "latitudeE7" : -258559780,
        "longitudeE7" : 281626430,
        "placeId" : "ChIJgf7JGllklR4RTqYK8tHPm_w",
        "semanticType" : "TYPE_SEARCHED_ADDRESS",
        "locationConfidence" : 41.10095
      }, {
        "latitudeE7" : -258565130,
        "longitudeE7" : 281611230,
        "placeId" : "ChIJjc378FhklR4R-lrwm02iVNY",
        "semanticType" : "TYPE_SEARCHED_ADDRESS",
        "locationConfidence" : 0.2232688
      }, {
        "latitudeE7" : -258570590,
        "longitudeE7" : 281625620,
        "placeId" : "ChIJGZkpr1lklR4RvXt8NOQ53JI",
        "semanticType" : "TYPE_SEARCHED_ADDRESS",
        "locationConfidence" : 0.17776638
      }, {
        "latitudeE7" : -258560800,
        "longitudeE7" : 281633500,
        "placeId" : "ChIJqbfuDFlklR4R62Y6o0Rpy9w",
        "locationConfidence" : 0.13525046
      } ],
      "editConfirmationStatus" : "NOT_CONFIRMED"
    }
  }, {
    "activitySegment" : {
      "startLocation" : {
        "latitudeE7" : -258559549,
        "longitudeE7" : 281626351,
        "sourceInfo" : {
          "deviceTag" : -63513299
        }
      },
      "endLocation" : {
        "latitudeE7" : -257559856,
        "longitudeE7" : 282783222,
        "sourceInfo" : {
          "deviceTag" : -63513299
        }
      },
      "duration" : {
        "startTimestampMs" : "1552019593041",
        "endTimestampMs" : "1552021408617"
      },
      "distance" : 20106,
      "activityType" : "IN_PASSENGER_VEHICLE",
      "confidence" : "HIGH",
      "activities" : [ {
        "activityType" : "IN_PASSENGER_VEHICLE",
        "probability" : 94.48067800026493
      }, {
        "activityType" : "WALKING",
        "probability" : 4.8375947138961735
      }, {
        "activityType" : "IN_BUS",
        "probability" : 0.520673038740604
      } ],
      "waypointPath" : {
        "waypoints" : [ {
          "latE7" : -258559341,
          "lngE7" : 281623020
        }, {
          "latE7" : -258037643,
          "lngE7" : 282605133
        }, {
          "latE7" : -257562294,
          "lngE7" : 282781562
        } ]
      }
    }
  }, {
    "activitySegment" : {
      "startLocation" : {
        "latitudeE7" : -257559856,
        "longitudeE7" : 282783222,
        "sourceInfo" : {
          "deviceTag" : -63513299
        }
      },
      "endLocation" : {
        "latitudeE7" : -257566788,
        "longitudeE7" : 282797452,
        "sourceInfo" : {
          "deviceTag" : -63513299
        }
      },
      "duration" : {
        "startTimestampMs" : "1552021408617",
        "endTimestampMs" : "1552021529053"
      },
      "distance" : 162,
      "activityType" : "WALKING",
      "confidence" : "HIGH",
      "activities" : [ {
        "activityType" : "WALKING",
        "probability" : 94.48067800026493
      }, {
        "activityType" : "IN_PASSENGER_VEHICLE",
        "probability" : 4.8375947138961735
      }, {
        "activityType" : "IN_BUS",
        "probability" : 0.520673038740604
      } ],
      "waypointPath" : {
        "waypoints" : [ {
          "latE7" : -257562294,
          "lngE7" : 282781562
        }, {
          "latE7" : -257570686,
          "lngE7" : 282789974
        }, {
          "latE7" : -257569675,
          "lngE7" : 282797451
        } ]
      },
      "simplifiedRawPath" : {
        "points" : [ {
          "latE7" : -257559853,
          "lngE7" : 282783228,
          "timestampMs" : "1552021409009",
          "accuracyMeters" : 24
        } ]
      }
    }
  }, {
    "placeVisit" : {
      "location" : {
        "latitudeE7" : -257565060,
        "longitudeE7" : 282798100,
        "placeId" : "ChIJleGC-2BglR4RgInWy3Dz3qI",
        "address" : "CSIR Main Campus\nCouncil for Scientific and Industrial Research building 43\n1 Meiring Naude Rd\nScientia 627-Jr\nPretoria\n0081\nSouth Africa",
        "name" : "Council for Scientific and Industrial Research building 43",
        "sourceInfo" : {
          "deviceTag" : -63513299
        },
        "locationConfidence" : 62.745766
      },
      "duration" : {
        "startTimestampMs" : "1552021529053",
        "endTimestampMs" : "1552049816320"
      },
      "placeConfidence" : "HIGH_CONFIDENCE",
      "centerLatE7" : -257565912,
      "centerLngE7" : 282797205,
      "visitConfidence" : 87,
      "otherCandidateLocations" : [ {
        "latitudeE7" : -257566771,
        "longitudeE7" : 282803438,
        "placeId" : "ChIJ__-_omFglR4RSH6Xpj_69Dk",
        "locationConfidence" : 26.75257
      }, {
        "latitudeE7" : -257468287,
        "longitudeE7" : 282788928,
        "placeId" : "ChIJS_P3g2lglR4RMs3iZtUFGUE",
        "locationConfidence" : 5.4199557
      }, {
        "latitudeE7" : -257529956,
        "longitudeE7" : 282767675,
        "placeId" : "ChIJAQsZRGdglR4REb2EhDpAEKw",
        "locationConfidence" : 3.3632016
      }, {
        "latitudeE7" : -257559032,
        "longitudeE7" : 282784452,
        "placeId" : "ChIJ__8TokJglR4Rk79ork5Izdo",
        "locationConfidence" : 0.32811984
      } ],
      "editConfirmationStatus" : "NOT_CONFIRMED"
    }
  }, {
    "activitySegment" : {
      "startLocation" : {
        "latitudeE7" : -257564087,
        "longitudeE7" : 282799274,
        "sourceInfo" : {
          "deviceTag" : -63513299
        }
      },
      "endLocation" : {
        "latitudeE7" : -258560753,
        "longitudeE7" : 281626091,
        "sourceInfo" : {
          "deviceTag" : -63513299
        }
      },
      "duration" : {
        "startTimestampMs" : "1552049816320",
        "endTimestampMs" : "1552116209373"
      },
      "distance" : 16148,
      "activityType" : "IN_PASSENGER_VEHICLE",
      "confidence" : "MEDIUM",
      "activities" : [ {
        "activityType" : "IN_PASSENGER_VEHICLE",
        "probability" : 78.14814196524215
      }, {
        "activityType" : "WALKING",
        "probability" : 16.911709807307176
      }, {
        "activityType" : "IN_BUS",
        "probability" : 2.4581893250625138
      } ],
      "waypointPath" : {
        "waypoints" : [ {
          "latE7" : -257560672,
          "lngE7" : 282800445
        }, {
          "latE7" : -258045139,
          "lngE7" : 282604427
        }, {
          "latE7" : -258560543,
          "lngE7" : 281622924
        } ]
      }
    }
  }, {
    "placeVisit" : {
      "location" : {
        "latitudeE7" : -258584100,
        "longitudeE7" : 281624600,
        "placeId" : "ChIJWVS1zllklR4R7ih8EDjLG2g",
        "address" : "31 Willem Rd\nEldoraigne\nCenturion\n0157\nSouth Africa",
        "name" : "31 Willem Rd",
        "semanticType" : "TYPE_HOME",
        "sourceInfo" : {
          "deviceTag" : -63513299
        },
        "locationConfidence" : 54.03081
      },
      "duration" : {
        "startTimestampMs" : "1552116209373",
        "endTimestampMs" : "1552150052364"
      },
      "placeConfidence" : "MEDIUM_CONFIDENCE",
      "centerLatE7" : -258560639,
      "centerLngE7" : 281626159,
      "visitConfidence" : 94,
      "otherCandidateLocations" : [ {
        "latitudeE7" : -258559780,
        "longitudeE7" : 281626430,
        "placeId" : "ChIJgf7JGllklR4RTqYK8tHPm_w",
        "semanticType" : "TYPE_SEARCHED_ADDRESS",
        "locationConfidence" : 45.163597
      }, {
        "latitudeE7" : -258565130,
        "longitudeE7" : 281611230,
        "placeId" : "ChIJjc378FhklR4R-lrwm02iVNY",
        "semanticType" : "TYPE_SEARCHED_ADDRESS",
        "locationConfidence" : 0.21268716
      }, {
        "latitudeE7" : -258570590,
        "longitudeE7" : 281625620,
        "placeId" : "ChIJGZkpr1lklR4RvXt8NOQ53JI",
        "semanticType" : "TYPE_SEARCHED_ADDRESS",
        "locationConfidence" : 0.1606151
      }, {
        "latitudeE7" : -258560800,
        "longitudeE7" : 281633500,
        "placeId" : "ChIJqbfuDFlklR4R62Y6o0Rpy9w",
        "locationConfidence" : 0.13911131
      } ],
      "editConfirmationStatus" : "NOT_CONFIRMED"
    }
  }, {
    "activitySegment" : {
      "startLocation" : {
        "latitudeE7" : -258560753,
        "longitudeE7" : 281626091
      },
      "endLocation" : {
        "latitudeE7" : -258714260,
        "longitudeE7" : 281372630
      },
      "duration" : {
        "startTimestampMs" : "1552150052364",
        "endTimestampMs" : "1552150637053"
      },
      "distance" : 3058,
      "activityType" : "IN_PASSENGER_VEHICLE",
      "confidence" : "HIGH",
      "activities" : [ {
        "activityType" : "IN_PASSENGER_VEHICLE",
        "probability" : 94.15905001525638
      }, {
        "activityType" : "MOTORCYCLING",
        "probability" : 2.8532242066244975
      }, {
        "activityType" : "WALKING",
        "probability" : 2.0308419413424703
      } ],
      "waypointPath" : {
        "waypoints" : [ {
          "latE7" : -258560543,
          "lngE7" : 281622924
        }, {
          "latE7" : -258680191,
          "lngE7" : 281520462
        }, {
          "latE7" : -258708286,
          "lngE7" : 281372833
        } ]
      }
    }
  }, {
    "placeVisit" : {
      "location" : {
        "latitudeE7" : -298326807,
        "longitudeE7" : 309687195,
        "placeId" : "ChIJ64lEf-gA9x4RaquvL1_C1Aw",
        "address" : "Sherwood\nDurban\n4091\nSouth Africa",
        "name" : "Sherwood"
      },
      "duration" : {
        "startTimestampMs" : "1552150637053",
        "endTimestampMs" : "1552154806137"
      },
      "placeConfidence" : "MEDIUM_CONFIDENCE",
      "centerLatE7" : -258714055,
      "centerLngE7" : 281366842,
      "visitConfidence" : 96,
      "otherCandidateLocations" : [ {
        "latitudeE7" : -258717640,
        "longitudeE7" : 281368880,
        "placeId" : "ChIJ6afo1uBklR4R1ZiYvPg8W5U",
        "locationConfidence" : 8.951916
      }, {
        "latitudeE7" : -258714984,
        "longitudeE7" : 281366790,
        "placeId" : "ChIJBYS4veBklR4ROLenSp4QTdo",
        "locationConfidence" : 0.74298096
      }, {
        "latitudeE7" : -258718359,
        "longitudeE7" : 281365330,
        "placeId" : "ChIJYSkPl-BklR4Rol_HDA6ZZu8",
        "locationConfidence" : 0.5047653
      }, {
        "latitudeE7" : -258719730,
        "longitudeE7" : 281373960,
        "placeId" : "ChIJxci07eBklR4Rh2k0My257po",
        "locationConfidence" : 0.14405872
      } ],
      "editConfirmationStatus" : "CONFIRMED"
    }
  }, {
    "activitySegment" : {
      "startLocation" : {
        "latitudeE7" : -258714260,
        "longitudeE7" : 281372630
      },
      "endLocation" : {
        "latitudeE7" : -258560753,
        "longitudeE7" : 281626091
      },
      "duration" : {
        "startTimestampMs" : "1552154806137",
        "endTimestampMs" : "1552155290478"
      },
      "distance" : 3058,
      "activityType" : "IN_PASSENGER_VEHICLE",
      "confidence" : "HIGH",
      "activities" : [ {
        "activityType" : "IN_PASSENGER_VEHICLE",
        "probability" : 94.26803044243798
      }, {
        "activityType" : "MOTORCYCLING",
        "probability" : 2.7132686590309265
      }, {
        "activityType" : "WALKING",
        "probability" : 2.0607432089037268
      } ],
      "waypointPath" : {
        "waypoints" : [ {
          "latE7" : -258714637,
          "lngE7" : 281379165
        }, {
          "latE7" : -258628292,
          "lngE7" : 281588993
        }, {
          "latE7" : -258560523,
          "lngE7" : 281622924
        } ]
      },
      "simplifiedRawPath" : {
        "points" : [ {
          "latE7" : -258589798,
          "lngE7" : 281582072,
          "timestampMs" : "1552155169556",
          "accuracyMeters" : 50
        } ]
      }
    }
  }, {
    "placeVisit" : {
      "location" : {
        "latitudeE7" : -258584100,
        "longitudeE7" : 281624600,
        "placeId" : "ChIJWVS1zllklR4R7ih8EDjLG2g",
        "address" : "31 Willem Rd\nEldoraigne\nCenturion\n0157\nSouth Africa",
        "name" : "31 Willem Rd",
        "semanticType" : "TYPE_HOME",
        "sourceInfo" : {
          "deviceTag" : -63513299
        },
        "locationConfidence" : 50.97298
      },
      "duration" : {
        "startTimestampMs" : "1552155290478",
        "endTimestampMs" : "1552196400035"
      },
      "placeConfidence" : "MEDIUM_CONFIDENCE",
      "centerLatE7" : -258560129,
      "centerLngE7" : 281625965,
      "visitConfidence" : 84,
      "otherCandidateLocations" : [ {
        "latitudeE7" : -258559780,
        "longitudeE7" : 281626430,
        "placeId" : "ChIJgf7JGllklR4RTqYK8tHPm_w",
        "semanticType" : "TYPE_SEARCHED_ADDRESS",
        "locationConfidence" : 48.32947
      }, {
        "latitudeE7" : -258565130,
        "longitudeE7" : 281611230,
        "placeId" : "ChIJjc378FhklR4R-lrwm02iVNY",
        "semanticType" : "TYPE_SEARCHED_ADDRESS",
        "locationConfidence" : 0.21264184
      }, {
        "latitudeE7" : -258570590,
        "longitudeE7" : 281625620,
        "placeId" : "ChIJGZkpr1lklR4RvXt8NOQ53JI",
        "semanticType" : "TYPE_SEARCHED_ADDRESS",
        "locationConfidence" : 0.15886001
      }, {
        "latitudeE7" : -258560800,
        "longitudeE7" : 281633500,
        "placeId" : "ChIJqbfuDFlklR4R62Y6o0Rpy9w",
        "locationConfidence" : 0.12861638
      } ],
      "editConfirmationStatus" : "NOT_CONFIRMED"
    }
  }, {
    "placeVisit" : {
      "location" : {
        "latitudeE7" : -258584100,
        "longitudeE7" : 281624600,
        "placeId" : "ChIJWVS1zllklR4R7ih8EDjLG2g",
        "address" : "31 Willem Rd\nEldoraigne\nCenturion\n0157\nSouth Africa",
        "name" : "31 Willem Rd",
        "semanticType" : "TYPE_HOME",
        "sourceInfo" : {
          "deviceTag" : -63513299
        },
        "locationConfidence" : 72.70581
      },
      "duration" : {
        "startTimestampMs" : "1552335001723",
        "endTimestampMs" : "1552366301999"
      },
      "placeConfidence" : "HIGH_CONFIDENCE",
      "centerLatE7" : -258560550,
      "centerLngE7" : 281625350,
      "visitConfidence" : 82,
      "otherCandidateLocations" : [ {
        "latitudeE7" : -258559780,
        "longitudeE7" : 281626430,
        "placeId" : "ChIJgf7JGllklR4RTqYK8tHPm_w",
        "semanticType" : "TYPE_SEARCHED_ADDRESS",
        "locationConfidence" : 26.468863
      }, {
        "latitudeE7" : -258570590,
        "longitudeE7" : 281625620,
        "placeId" : "ChIJGZkpr1lklR4RvXt8NOQ53JI",
        "semanticType" : "TYPE_SEARCHED_ADDRESS",
        "locationConfidence" : 0.22127156
      }, {
        "latitudeE7" : -258565130,
        "longitudeE7" : 281611230,
        "placeId" : "ChIJjc378FhklR4R-lrwm02iVNY",
        "semanticType" : "TYPE_SEARCHED_ADDRESS",
        "locationConfidence" : 0.21500802
      }, {
        "latitudeE7" : -258560800,
        "longitudeE7" : 281633500,
        "placeId" : "ChIJqbfuDFlklR4R62Y6o0Rpy9w",
        "locationConfidence" : 0.120125026
      } ],
      "editConfirmationStatus" : "NOT_CONFIRMED"
    }
  }, {
    "activitySegment" : {
      "startLocation" : {
        "latitudeE7" : -258584100,
        "longitudeE7" : 281624600,
        "placeId" : "ChIJWVS1zllklR4R7ih8EDjLG2g",
        "address" : "31 Willem Rd\nEldoraigne\nCenturion\n0157\nSouth Africa",
        "name" : "31 Willem Rd",
        "semanticType" : "TYPE_HOME",
        "sourceInfo" : {
          "deviceTag" : -63513299
        },
        "locationConfidence" : 72.70581
      },
      "endLocation" : {
        "latitudeE7" : -257947781,
        "longitudeE7" : 282659247,
        "sourceInfo" : {
          "deviceTag" : -63513299
        }
      },
      "duration" : {
        "startTimestampMs" : "1552366301999",
        "endTimestampMs" : "1552369095999"
      },
      "activityType" : "IN_PASSENGER_VEHICLE",
      "confidence" : "HIGH",
      "activities" : [ {
        "activityType" : "IN_PASSENGER_VEHICLE",
        "probability" : 98.85090503292065
      }, {
        "activityType" : "WALKING",
        "probability" : 0.9662782986235688
      }, {
        "activityType" : "IN_BUS",
        "probability" : 0.09892395943044989
      } ],
      "waypointPath" : {
        "waypoints" : [ {
          "latE7" : -258560123,
          "lngE7" : 281622962
        }, {
          "latE7" : -257830295,
          "lngE7" : 282592525
        }, {
          "latE7" : -257671337,
          "lngE7" : 282493820
        }, {
          "latE7" : -257442359,
          "lngE7" : 282370967
        } ]
      },
      "simplifiedRawPath" : {
        "points" : [ {
          "latE7" : -257830048,
          "lngE7" : 282594471,
          "timestampMs" : "1552368030000",
          "accuracyMeters" : 3
        }, {
          "latE7" : -257672310,
          "lngE7" : 282493820,
          "timestampMs" : "1552368408000",
          "accuracyMeters" : 4
        } ]
      }
    }
  }, {
    "activitySegment" : {
      "startLocation" : {
        "latitudeE7" : -257947781,
        "longitudeE7" : 282659247,
        "sourceInfo" : {
          "deviceTag" : -63513299
        }
      },
      "endLocation" : {
        "latitudeE7" : -258560245,
        "longitudeE7" : 281626255
      },
      "duration" : {
        "startTimestampMs" : "1552369095999",
        "endTimestampMs" : "1552622733072"
      },
      "activityType" : "UNKNOWN_ACTIVITY_TYPE",
      "activities" : [ {
        "activityType" : "UNKNOWN_ACTIVITY_TYPE",
        "probability" : 0.0
      } ],
      "simplifiedRawPath" : {
        "points" : [ {
          "latE7" : -257442426,
          "lngE7" : 282370049,
          "timestampMs" : "1552369095999",
          "accuracyMeters" : 8
        } ]
      }
    }
  }, {
    "placeVisit" : {
      "location" : {
        "latitudeE7" : -258584100,
        "longitudeE7" : 281624600,
        "placeId" : "ChIJWVS1zllklR4R7ih8EDjLG2g",
        "address" : "31 Willem Rd\nEldoraigne\nCenturion\n0157\nSouth Africa",
        "name" : "31 Willem Rd",
        "semanticType" : "TYPE_HOME",
        "sourceInfo" : {
          "deviceTag" : -63513299
        },
        "locationConfidence" : 58.790707
      },
      "duration" : {
        "startTimestampMs" : "1552622733072",
        "endTimestampMs" : "1552624205136"
      },
      "placeConfidence" : "MEDIUM_CONFIDENCE",
      "centerLatE7" : -258560245,
      "centerLngE7" : 281626255,
      "visitConfidence" : 89,
      "otherCandidateLocations" : [ {
        "latitudeE7" : -258559780,
        "longitudeE7" : 281626430,
        "placeId" : "ChIJgf7JGllklR4RTqYK8tHPm_w",
        "semanticType" : "TYPE_SEARCHED_ADDRESS",
        "locationConfidence" : 40.35858
      }, {
        "latitudeE7" : -258565130,
        "longitudeE7" : 281611230,
        "placeId" : "ChIJjc378FhklR4R-lrwm02iVNY",
        "semanticType" : "TYPE_SEARCHED_ADDRESS",
        "locationConfidence" : 0.24941653
      }, {
        "latitudeE7" : -258570590,
        "longitudeE7" : 281625620,
        "placeId" : "ChIJGZkpr1lklR4RvXt8NOQ53JI",
        "semanticType" : "TYPE_SEARCHED_ADDRESS",
        "locationConfidence" : 0.15611133
      }, {
        "latitudeE7" : -258560800,
        "longitudeE7" : 281633500,
        "placeId" : "ChIJqbfuDFlklR4R62Y6o0Rpy9w",
        "locationConfidence" : 0.14675224
      } ],
      "editConfirmationStatus" : "NOT_CONFIRMED"
    }
  }, {
    "activitySegment" : {
      "startLocation" : {
        "latitudeE7" : -258556439,
        "longitudeE7" : 281609368,
        "sourceInfo" : {
          "deviceTag" : -63513299
        }
      },
      "endLocation" : {
        "latitudeE7" : -258605648,
        "longitudeE7" : 281575867,
        "sourceInfo" : {
          "deviceTag" : -63513299
        }
      },
      "duration" : {
        "startTimestampMs" : "1552624317804",
        "endTimestampMs" : "1552624697560"
      },
      "distance" : 667,
      "activityType" : "IN_PASSENGER_VEHICLE",
      "confidence" : "HIGH",
      "activities" : [ {
        "activityType" : "IN_PASSENGER_VEHICLE",
        "probability" : 97.85195434669335
      }, {
        "activityType" : "WALKING",
        "probability" : 1.4370605106431096
      }, {
        "activityType" : "IN_BUS",
        "probability" : 0.5804859641488118
      } ],
      "waypointPath" : {
        "waypoints" : [ {
          "latE7" : -258557338,
          "lngE7" : 281610031
        }, {
          "latE7" : -258605365,
          "lngE7" : 281575832
        }, {
          "latE7" : -258605537,
          "lngE7" : 281576004
        } ]
      },
      "simplifiedRawPath" : {
        "points" : [ {
          "latE7" : -258593006,
          "lngE7" : 281579087,
          "timestampMs" : "1552624476152",
          "accuracyMeters" : 28
        } ]
      }
    }
  }, {
    "activitySegment" : {
      "startLocation" : {
        "latitudeE7" : -258605648,
        "longitudeE7" : 281575867,
        "sourceInfo" : {
          "deviceTag" : -63513299
        }
      },
      "endLocation" : {
        "latitudeE7" : -259523100,
        "longitudeE7" : 283576100
      },
      "duration" : {
        "startTimestampMs" : "1552624697560",
        "endTimestampMs" : "1552721316999"
      },
      "activityType" : "UNKNOWN_ACTIVITY_TYPE",
      "activities" : [ {
        "activityType" : "UNKNOWN_ACTIVITY_TYPE",
        "probability" : 0.0
      } ],
      "simplifiedRawPath" : {
        "points" : [ {
          "latE7" : -258622875,
          "lngE7" : 281595936,
          "timestampMs" : "1552624860113",
          "accuracyMeters" : 122
        }, {
          "latE7" : -258611758,
          "lngE7" : 281595707,
          "timestampMs" : "1552624978503",
          "accuracyMeters" : 122
        }, {
          "latE7" : -259554122,
          "lngE7" : 283616793,
          "timestampMs" : "1552721301999",
          "accuracyMeters" : 8
        } ]
      }
    }
  }, {
    "placeVisit" : {
      "location" : {
        "latitudeE7" : -259580968,
        "longitudeE7" : 283870991,
        "placeId" : "ChIJHcrha1ZBlR4Rn8-ChFDvvwA",
        "address" : "Tweefontein AH\nSouth Africa",
        "name" : "Tweefontein AH"
      },
      "duration" : {
        "startTimestampMs" : "1552721316999",
        "endTimestampMs" : "1552722058473"
      },
      "placeConfidence" : "HIGH_CONFIDENCE",
      "centerLatE7" : -259523100,
      "centerLngE7" : 283576100,
      "visitConfidence" : 73,
      "editConfirmationStatus" : "CONFIRMED"
    }
  }, {
    "activitySegment" : {
      "startLocation" : {
        "latitudeE7" : -259539437,
        "longitudeE7" : 283594978,
        "sourceInfo" : {
          "deviceTag" : -63513299
        }
      },
      "endLocation" : {
        "latitudeE7" : -258560542,
        "longitudeE7" : 281626085,
        "sourceInfo" : {
          "deviceTag" : -63513299
        }
      },
      "duration" : {
        "startTimestampMs" : "1552722058473",
        "endTimestampMs" : "1552723350543"
      },
      "distance" : 23371,
      "activityType" : "IN_PASSENGER_VEHICLE",
      "confidence" : "HIGH",
      "activities" : [ {
        "activityType" : "IN_PASSENGER_VEHICLE",
        "probability" : 98.8925536589463
      }, {
        "activityType" : "WALKING",
        "probability" : 0.5905913884485214
      }, {
        "activityType" : "MOTORCYCLING",
        "probability" : 0.28117518132622604
      } ],
      "waypointPath" : {
        "waypoints" : [ {
          "latE7" : -259539299,
          "lngE7" : 283594856
        }, {
          "latE7" : -258580703,
          "lngE7" : 282991504
        }, {
          "latE7" : -258560333,
          "lngE7" : 281622943
        } ]
      }
    }
  }, {
    "placeVisit" : {
      "location" : {
        "latitudeE7" : -258559780,
        "longitudeE7" : 281626430,
        "placeId" : "ChIJgf7JGllklR4RTqYK8tHPm_w",
        "address" : "13 Willem Rd\nEldoraigne\nCenturion\n0157\nSouth Africa",
        "name" : "13 Willem Rd",
        "semanticType" : "TYPE_HOME",
        "sourceInfo" : {
          "deviceTag" : -63513299
        },
        "locationConfidence" : 95.00186
      },
      "duration" : {
        "startTimestampMs" : "1552723350543",
        "endTimestampMs" : "1552810607436"
      },
      "placeConfidence" : "HIGH_CONFIDENCE",
      "centerLatE7" : -258559938,
      "centerLngE7" : 281626245,
      "visitConfidence" : 92,
      "otherCandidateLocations" : [ {
        "latitudeE7" : -258584100,
        "longitudeE7" : 281624600,
        "placeId" : "ChIJWVS1zllklR4R7ih8EDjLG2g",
        "semanticType" : "TYPE_SEARCHED_ADDRESS",
        "locationConfidence" : 3.9384122
      }, {
        "latitudeE7" : -258565130,
        "longitudeE7" : 281611230,
        "placeId" : "ChIJjc378FhklR4R-lrwm02iVNY",
        "semanticType" : "TYPE_SEARCHED_ADDRESS",
        "locationConfidence" : 0.34261882
      }, {
        "latitudeE7" : -258570590,
        "longitudeE7" : 281625620,
        "placeId" : "ChIJGZkpr1lklR4RvXt8NOQ53JI",
        "semanticType" : "TYPE_SEARCHED_ADDRESS",
        "locationConfidence" : 0.32579884
      }, {
        "latitudeE7" : -258560800,
        "longitudeE7" : 281633500,
        "placeId" : "ChIJqbfuDFlklR4R62Y6o0Rpy9w",
        "locationConfidence" : 0.14249007
      } ],
      "editConfirmationStatus" : "NOT_CONFIRMED"
    }
  }, {
    "activitySegment" : {
      "startLocation" : {
        "latitudeE7" : -257494661,
        "longitudeE7" : 279308168,
        "sourceInfo" : {
          "deviceTag" : -63513299
        }
      },
      "endLocation" : {
        "latitudeE7" : -258864546,
        "longitudeE7" : 287113765,
        "sourceInfo" : {
          "deviceTag" : -63513299
        }
      },
      "duration" : {
        "startTimestampMs" : "1553157476999",
        "endTimestampMs" : "1553161571999"
      },
      "distance" : 94747,
      "activityType" : "IN_PASSENGER_VEHICLE",
      "confidence" : "HIGH",
      "activities" : [ {
        "activityType" : "IN_PASSENGER_VEHICLE",
        "probability" : 99.41437670357854
      }, {
        "activityType" : "WALKING",
        "probability" : 0.3100429570839711
      }, {
        "activityType" : "MOTORCYCLING",
        "probability" : 0.21474409538132427
      } ],
      "waypointPath" : {
        "waypoints" : [ {
          "latE7" : -257494812,
          "lngE7" : 279308223
        }, {
          "latE7" : -257438449,
          "lngE7" : 281556339
        }, {
          "latE7" : -257423782,
          "lngE7" : 281825103
        }, {
          "latE7" : -257475128,
          "lngE7" : 281832618
        }, {
          "latE7" : -257490863,
          "lngE7" : 281926250
        }, {
          "latE7" : -257519474,
          "lngE7" : 283336009
        }, {
          "latE7" : -258866539,
          "lngE7" : 287113819
        } ]
      },
      "simplifiedRawPath" : {
        "points" : [ {
          "latE7" : -257439050,
          "lngE7" : 281540211,
          "timestampMs" : "1553158650999",
          "accuracyMeters" : 3
        }, {
          "latE7" : -257427784,
          "lngE7" : 281828866,
          "timestampMs" : "1553158908000",
          "accuracyMeters" : 4
        }, {
          "latE7" : -257463990,
          "lngE7" : 281832297,
          "timestampMs" : "1553158982000",
          "accuracyMeters" : 6
        }, {
          "latE7" : -257530811,
          "lngE7" : 283366206,
          "timestampMs" : "1553159954000",
          "accuracyMeters" : 6
        } ]
      }
    }
  }, {
    "placeVisit" : {
      "location" : {
        "latitudeE7" : -258864546,
        "longitudeE7" : 287113765,
        "placeId" : "ChIJCXfjBIO06h4RsTKPM01h14M",
        "address" : "44 Black Eagle Ln\nBronkhorstspruit Dam\nBronkhorstspruit\n1020\nSouth Africa",
        "name" : "Anton Smit Sculpture Park",
        "sourceInfo" : {
          "deviceTag" : -63513299
        },
        "locationConfidence" : 89.07481
      },
      "duration" : {
        "startTimestampMs" : "1553161571999",
        "endTimestampMs" : "1553164926000"
      },
      "placeConfidence" : "MEDIUM_CONFIDENCE",
      "centerLatE7" : -258864820,
      "centerLngE7" : 287095320,
      "visitConfidence" : 94,
      "otherCandidateLocations" : [ {
        "latitudeE7" : -258863545,
        "longitudeE7" : 287108810,
        "placeId" : "ChIJI_viAIO06h4RiRHrsvrvj9g",
        "locationConfidence" : 8.896639
      }, {
        "latitudeE7" : -258864546,
        "longitudeE7" : 287113766,
        "placeId" : "ChIJI-w3qYO06h4RHFBhX749TGE",
        "locationConfidence" : 1.4442955
      }, {
        "latitudeE7" : -258874010,
        "longitudeE7" : 287077790,
        "placeId" : "ChIJ28cf0py06h4RNtWHa2aiJIY",
        "locationConfidence" : 0.1512218
      }, {
        "latitudeE7" : -259272265,
        "longitudeE7" : 287547303,
        "placeId" : "ChIJ39ckn3Gy6h4RJ8fUvnZhCw0",
        "locationConfidence" : 0.1467884
      } ],
      "editConfirmationStatus" : "NOT_CONFIRMED"
    }
  }, {
    "activitySegment" : {
      "startLocation" : {
        "latitudeE7" : -258867774,
        "longitudeE7" : 287104776,
        "sourceInfo" : {
          "deviceTag" : -63513299
        }
      },
      "endLocation" : {
        "latitudeE7" : -257763692,
        "longitudeE7" : 283446053,
        "sourceInfo" : {
          "deviceTag" : -63513299
        }
      },
      "duration" : {
        "startTimestampMs" : "1553164926000",
        "endTimestampMs" : "1553171420045"
      },
      "distance" : 55600,
      "activityType" : "IN_PASSENGER_VEHICLE",
      "confidence" : "HIGH",
      "activities" : [ {
        "activityType" : "IN_PASSENGER_VEHICLE",
        "probability" : 98.85152304370112
      }, {
        "activityType" : "WALKING",
        "probability" : 0.957468299588506
      }, {
        "activityType" : "MOTORCYCLING",
        "probability" : 0.07173106646497115
      } ],
      "waypointPath" : {
        "waypoints" : [ {
          "latE7" : -258867454,
          "lngE7" : 287104797
        }, {
          "latE7" : -258289051,
          "lngE7" : 287442035
        }, {
          "latE7" : -258274917,
          "lngE7" : 287408981
        }, {
          "latE7" : -258291378,
          "lngE7" : 287457618
        }, {
          "latE7" : -258102474,
          "lngE7" : 287502326
        }, {
          "latE7" : -258094005,
          "lngE7" : 287505722
        }, {
          "latE7" : -258049945,
          "lngE7" : 287464447
        }, {
          "latE7" : -257758960,
          "lngE7" : 283444156
        } ]
      },
      "simplifiedRawPath" : {
        "points" : [ {
          "latE7" : -258094038,
          "lngE7" : 287466702,
          "timestampMs" : "1553168963999",
          "accuracyMeters" : 4
        }, {
          "latE7" : -258094158,
          "lngE7" : 287464507,
          "timestampMs" : "1553168966999",
          "accuracyMeters" : 4
        }, {
          "latE7" : -258049581,
          "lngE7" : 287466054,
          "timestampMs" : "1553169449148",
          "accuracyMeters" : 29
        } ]
      }
    }
  }, {
    "activitySegment" : {
      "startLocation" : {
        "latitudeE7" : -257763692,
        "longitudeE7" : 283446053
      },
      "endLocation" : {
        "latitudeE7" : -257761739,
        "longitudeE7" : 283420019
      },
      "duration" : {
        "startTimestampMs" : "1553171420045",
        "endTimestampMs" : "1553171528609"
      },
      "distance" : 261,
      "activityType" : "WALKING",
      "confidence" : "HIGH",
      "activities" : [ {
        "activityType" : "WALKING",
        "probability" : 98.85152304370112
      }, {
        "activityType" : "IN_PASSENGER_VEHICLE",
        "probability" : 0.957468299588506
      }, {
        "activityType" : "MOTORCYCLING",
        "probability" : 0.07173106646497115
      } ],
      "waypointPath" : {
        "waypoints" : [ {
          "latE7" : -257758960,
          "lngE7" : 283444156
        }, {
          "latE7" : -257761402,
          "lngE7" : 283433437
        }, {
          "latE7" : -257765960,
          "lngE7" : 283423595
        } ]
      }
    }
  }, {
    "placeVisit" : {
      "location" : {
        "latitudeE7" : -257768390,
        "longitudeE7" : 283418710,
        "placeId" : "ChIJv5fC7LTOQgERfKbokVnogv4",
        "address" : "Meerlust Rd\nEquestria\nPretoria\n0050\nSouth Africa",
        "name" : "afro-boer®",
        "sourceInfo" : {
          "deviceTag" : -63513299
        },
        "locationConfidence" : 93.44957
      },
      "duration" : {
        "startTimestampMs" : "1553171528609",
        "endTimestampMs" : "1553175562158"
      },
      "placeConfidence" : "HIGH_CONFIDENCE",
      "centerLatE7" : -257761360,
      "centerLngE7" : 283420615,
      "visitConfidence" : 92,
      "otherCandidateLocations" : [ {
        "latitudeE7" : -257760510,
        "longitudeE7" : 283414770,
        "placeId" : "ChIJ4Q77c2NelR4RyNv7zt2nYcE",
        "locationConfidence" : 4.370459
      }, {
        "latitudeE7" : -257764334,
        "longitudeE7" : 283416096,
        "placeId" : "ChIJMUINaWNelR4RCzczZrQC1Kw",
        "locationConfidence" : 1.0527178
      }, {
        "latitudeE7" : -257770899,
        "longitudeE7" : 283417100,
        "placeId" : "ChIJyStCQGNelR4R_qNWfSBmrHs",
        "locationConfidence" : 0.3532289
      }, {
        "latitudeE7" : -257756114,
        "longitudeE7" : 283414663,
        "placeId" : "ChIJA1xe-U1flR4RGfeSW58m-kA",
        "locationConfidence" : 0.13955119
      } ],
      "editConfirmationStatus" : "NOT_CONFIRMED"
    }
  }, {
    "activitySegment" : {
      "startLocation" : {
        "latitudeE7" : -257761360,
        "longitudeE7" : 283420615
      },
      "endLocation" : {
        "latitudeE7" : -258559959,
        "longitudeE7" : 281626444
      },
      "duration" : {
        "startTimestampMs" : "1553175562158",
        "endTimestampMs" : "1553487334727"
      },
      "activityType" : "UNKNOWN_ACTIVITY_TYPE",
      "activities" : [ {
        "activityType" : "UNKNOWN_ACTIVITY_TYPE",
        "probability" : 0.0
      } ],
      "simplifiedRawPath" : {
        "points" : [ {
          "latE7" : -257717253,
          "lngE7" : 282345220,
          "timestampMs" : "1553275278270",
          "accuracyMeters" : 23
        } ]
      }
    }
  }, {
    "activitySegment" : {
      "startLocation" : {
        "latitudeE7" : -258559959,
        "longitudeE7" : 281626444
      },
      "endLocation" : {
        "latitudeE7" : -257297871,
        "longitudeE7" : 283023579,
        "placeId" : "ChIJ5SK9N-dflR4RqHsAXmcTuPU",
        "address" : "Silverton\nPretoria\n0127\nSuid-Afrika",
        "name" : "Silverton"
      },
      "duration" : {
        "startTimestampMs" : "1553487334727",
        "endTimestampMs" : "1553581394999"
      },
      "activityType" : "IN_PASSENGER_VEHICLE",
      "confidence" : "MEDIUM",
      "activities" : [ {
        "activityType" : "IN_PASSENGER_VEHICLE",
        "probability" : 80.61576988940358
      }, {
        "activityType" : "WALKING",
        "probability" : 13.157262838881298
      }, {
        "activityType" : "IN_BUS",
        "probability" : 1.820969058023365
      } ]
    }
  }, {
    "placeVisit" : {
      "location" : {
        "latitudeE7" : -257297871,
        "longitudeE7" : 283023579,
        "placeId" : "ChIJ5SK9N-dflR4RqHsAXmcTuPU",
        "address" : "Silverton\nPretoria\n0127\nSuid-Afrika",
        "name" : "Silverton"
      },
      "duration" : {
        "startTimestampMs" : "1553581394999",
        "endTimestampMs" : "1553584530448"
      },
      "placeConfidence" : "LOW_CONFIDENCE",
      "centerLatE7" : -257310606,
      "centerLngE7" : 282935587,
      "visitConfidence" : 90,
      "otherCandidateLocations" : [ {
        "latitudeE7" : -257312910,
        "longitudeE7" : 282936970,
        "placeId" : "ChIJgV5fiQtglR4ROz1zZZzvtUY",
        "locationConfidence" : 20.076769
      }, {
        "latitudeE7" : -257310139,
        "longitudeE7" : 282938670,
        "placeId" : "ChIJ7cxphgtglR4RxK1pSMHERP4",
        "semanticType" : "TYPE_SEARCHED_ADDRESS",
        "locationConfidence" : 11.054895
      }, {
        "latitudeE7" : -257308859,
        "longitudeE7" : 282935646,
        "placeId" : "ChIJt9wfhgtglR4Ra_WINMTQsxA",
        "locationConfidence" : 1.9895337
      }, {
        "latitudeE7" : -257330075,
        "longitudeE7" : 282918181,
        "placeId" : "ChIJ7eMI7AxglR4RhRDupESGN6g",
        "locationConfidence" : 1.8810143
      }, {
        "latitudeE7" : -257312020,
        "longitudeE7" : 282932510,
        "placeId" : "ChIJqTiUsQ5glR4RpHclrC1ChBQ",
        "locationConfidence" : 1.5730282
      }, {
        "latitudeE7" : -257312020,
        "longitudeE7" : 282932510,
        "placeId" : "ChIJ3aG1NglglR4RSVwJDXZ0TDg",
        "locationConfidence" : 1.0167755
      }, {
        "latitudeE7" : -257309040,
        "longitudeE7" : 282938740,
        "placeId" : "ChIJ8bIfhgtglR4R1N0szy1YSKY",
        "locationConfidence" : 0.55863965
      }, {
        "latitudeE7" : -257308210,
        "longitudeE7" : 282932440,
        "placeId" : "ChIJ2VWIcAxglR4Rsxu4efeJT_8",
        "locationConfidence" : 0.48302692
      }, {
        "latitudeE7" : -257308180,
        "longitudeE7" : 282937010,
        "placeId" : "ChIJRVMqkAlglR4RqD8KPDgqjYc",
        "locationConfidence" : 0.48031312
      }, {
        "latitudeE7" : -257317580,
        "longitudeE7" : 282937150,
        "placeId" : "ChIJJQHOfwtglR4RnvbkDb5fY4Y",
        "locationConfidence" : 0.47877032
      }, {
        "latitudeE7" : -257318015,
        "longitudeE7" : 282932771,
        "placeId" : "ChIJV0CvfwxglR4RHEtP-XmwCs0",
        "locationConfidence" : 0.4605837
      } ],
      "editConfirmationStatus" : "CONFIRMED"
    }
  }, {
    "placeVisit" : {
      "location" : {
        "latitudeE7" : -258559780,
        "longitudeE7" : 281626430,
        "placeId" : "ChIJgf7JGllklR4RTqYK8tHPm_w",
        "address" : "13 Willem Rd\nEldoraigne\nCenturion\n0157\nSouth Africa",
        "name" : "13 Willem Rd",
        "semanticType" : "TYPE_HOME",
        "sourceInfo" : {
          "deviceTag" : -63513299
        },
        "locationConfidence" : 95.14903
      },
      "duration" : {
        "startTimestampMs" : "1553832344296",
        "endTimestampMs" : "1553834163175"
      },
      "placeConfidence" : "HIGH_CONFIDENCE",
      "centerLatE7" : -258559550,
      "centerLngE7" : 281626983,
      "visitConfidence" : 95,
      "otherCandidateLocations" : [ {
        "latitudeE7" : -258584100,
        "longitudeE7" : 281624600,
        "placeId" : "ChIJWVS1zllklR4R7ih8EDjLG2g",
        "semanticType" : "TYPE_SEARCHED_ADDRESS",
        "locationConfidence" : 3.5554402
      }, {
        "latitudeE7" : -258565130,
        "longitudeE7" : 281611230,
        "placeId" : "ChIJjc378FhklR4R-lrwm02iVNY",
        "semanticType" : "TYPE_SEARCHED_ADDRESS",
        "locationConfidence" : 0.32877678
      }, {
        "latitudeE7" : -258570590,
        "longitudeE7" : 281625620,
        "placeId" : "ChIJGZkpr1lklR4RvXt8NOQ53JI",
        "semanticType" : "TYPE_SEARCHED_ADDRESS",
        "locationConfidence" : 0.283454
      }, {
        "latitudeE7" : -258560800,
        "longitudeE7" : 281633500,
        "placeId" : "ChIJqbfuDFlklR4R62Y6o0Rpy9w",
        "locationConfidence" : 0.24061505
      } ],
      "editConfirmationStatus" : "NOT_CONFIRMED"
    }
  }, {
    "activitySegment" : {
      "startLocation" : {
        "latitudeE7" : -258561810,
        "longitudeE7" : 281620889,
        "sourceInfo" : {
          "deviceTag" : -63513299
        }
      },
      "endLocation" : {
        "latitudeE7" : -257563946,
        "longitudeE7" : 282776361,
        "sourceInfo" : {
          "deviceTag" : -63513299
        }
      },
      "duration" : {
        "startTimestampMs" : "1553834163175",
        "endTimestampMs" : "1553835567595"
      },
      "distance" : 18947,
      "activityType" : "IN_PASSENGER_VEHICLE",
      "confidence" : "HIGH",
      "activities" : [ {
        "activityType" : "IN_PASSENGER_VEHICLE",
        "probability" : 95.2667490759999
      }, {
        "activityType" : "WALKING",
        "probability" : 4.473971067405038
      }, {
        "activityType" : "IN_BUS",
        "probability" : 0.13950772204962678
      } ],
      "waypointPath" : {
        "waypoints" : [ {
          "latE7" : -258561935,
          "lngE7" : 281622810
        }, {
          "latE7" : -258037643,
          "lngE7" : 282605133
        }, {
          "latE7" : -257562789,
          "lngE7" : 282777233
        } ]
      }
    }
  }, {
    "activitySegment" : {
      "startLocation" : {
        "latitudeE7" : -257563946,
        "longitudeE7" : 282776361,
        "sourceInfo" : {
          "deviceTag" : -63513299
        }
      },
      "endLocation" : {
        "latitudeE7" : -257565459,
        "longitudeE7" : 282796725,
        "sourceInfo" : {
          "deviceTag" : -63513299
        }
      },
      "duration" : {
        "startTimestampMs" : "1553835567595",
        "endTimestampMs" : "1553835720132"
      },
      "distance" : 204,
      "activityType" : "WALKING",
      "confidence" : "HIGH",
      "activities" : [ {
        "activityType" : "WALKING",
        "probability" : 95.2667490759999
      }, {
        "activityType" : "IN_PASSENGER_VEHICLE",
        "probability" : 4.473971067405038
      }, {
        "activityType" : "IN_BUS",
        "probability" : 0.13950772204962678
      } ],
      "waypointPath" : {
        "waypoints" : [ {
          "latE7" : -257562789,
          "lngE7" : 282777233
        }, {
          "latE7" : -257570686,
          "lngE7" : 282789974
        }, {
          "latE7" : -257568550,
          "lngE7" : 282793769
        } ]
      },
      "simplifiedRawPath" : {
        "points" : [ {
          "latE7" : -257559678,
          "lngE7" : 282779194,
          "timestampMs" : "1553835599045",
          "accuracyMeters" : 64
        } ]
      }
    }
  }, {
    "placeVisit" : {
      "location" : {
        "latitudeE7" : -257565060,
        "longitudeE7" : 282798100,
        "placeId" : "ChIJleGC-2BglR4RgInWy3Dz3qI",
        "address" : "CSIR Main Campus\nCouncil for Scientific and Industrial Research building 43\n1 Meiring Naude Rd\nScientia 627-Jr\nPretoria\n0081\nSouth Africa",
        "name" : "Council for Scientific and Industrial Research building 43",
        "sourceInfo" : {
          "deviceTag" : -63513299
        },
        "locationConfidence" : 57.693954
      },
      "duration" : {
        "startTimestampMs" : "1553835720132",
        "endTimestampMs" : "1553865424002"
      },
      "placeConfidence" : "HIGH_CONFIDENCE",
      "centerLatE7" : -257565667,
      "centerLngE7" : 282796932,
      "visitConfidence" : 95,
      "otherCandidateLocations" : [ {
        "latitudeE7" : -257566771,
        "longitudeE7" : 282803438,
        "placeId" : "ChIJ__-_omFglR4RSH6Xpj_69Dk",
        "locationConfidence" : 32.74532
      }, {
        "latitudeE7" : -257468287,
        "longitudeE7" : 282788928,
        "placeId" : "ChIJS_P3g2lglR4RMs3iZtUFGUE",
        "locationConfidence" : 3.767653
      }, {
        "latitudeE7" : -257529956,
        "longitudeE7" : 282767675,
        "placeId" : "ChIJAQsZRGdglR4REb2EhDpAEKw",
        "locationConfidence" : 3.686363
      }, {
        "latitudeE7" : -257571069,
        "longitudeE7" : 282795005,
        "placeId" : "ChIJFQSqsWFglR4RPwZMxqBWJoM",
        "locationConfidence" : 0.5300954
      } ],
      "editConfirmationStatus" : "NOT_CONFIRMED"
    }
  }, {
    "activitySegment" : {
      "startLocation" : {
        "latitudeE7" : -257560742,
        "longitudeE7" : 282785869,
        "sourceInfo" : {
          "deviceTag" : -63513299
        }
      },
      "endLocation" : {
        "latitudeE7" : -258559456,
        "longitudeE7" : 281625857,
        "sourceInfo" : {
          "deviceTag" : -63513299
        }
      },
      "duration" : {
        "startTimestampMs" : "1553865424002",
        "endTimestampMs" : "1553867585830"
      },
      "distance" : 21859,
      "activityType" : "IN_PASSENGER_VEHICLE",
      "confidence" : "HIGH",
      "activities" : [ {
        "activityType" : "IN_PASSENGER_VEHICLE",
        "probability" : 95.5488888401837
      }, {
        "activityType" : "WALKING",
        "probability" : 4.250768133155372
      }, {
        "activityType" : "IN_BUS",
        "probability" : 0.09819454865921755
      } ],
      "waypointPath" : {
        "waypoints" : [ {
          "latE7" : -257563896,
          "lngE7" : 282787628
        }, {
          "latE7" : -258045139,
          "lngE7" : 282604427
        }, {
          "latE7" : -258697624,
          "lngE7" : 281513576
        }, {
          "latE7" : -258626251,
          "lngE7" : 281591148
        }, {
          "latE7" : -258559265,
          "lngE7" : 281623020
        } ]
      },
      "simplifiedRawPath" : {
        "points" : [ {
          "latE7" : -258699801,
          "lngE7" : 281513577,
          "timestampMs" : "1553867222475",
          "accuracyMeters" : 36
        }, {
          "latE7" : -258605603,
          "lngE7" : 281575896,
          "timestampMs" : "1553867464711",
          "accuracyMeters" : 16
        } ]
      }
    }
  }, {
    "placeVisit" : {
      "location" : {
        "latitudeE7" : -258559780,
        "longitudeE7" : 281626430,
        "placeId" : "ChIJgf7JGllklR4RTqYK8tHPm_w",
        "address" : "13 Willem Rd\nEldoraigne\nCenturion\n0157\nSouth Africa",
        "name" : "13 Willem Rd",
        "semanticType" : "TYPE_HOME",
        "sourceInfo" : {
          "deviceTag" : -63513299
        },
        "locationConfidence" : 96.52218
      },
      "duration" : {
        "startTimestampMs" : "1553867585830",
        "endTimestampMs" : "1553877843916"
      },
      "placeConfidence" : "HIGH_CONFIDENCE",
      "centerLatE7" : -258560548,
      "centerLngE7" : 281626126,
      "visitConfidence" : 92,
      "otherCandidateLocations" : [ {
        "latitudeE7" : -258584100,
        "longitudeE7" : 281624600,
        "placeId" : "ChIJWVS1zllklR4R7ih8EDjLG2g",
        "semanticType" : "TYPE_SEARCHED_ADDRESS",
        "locationConfidence" : 2.295763
      }, {
        "latitudeE7" : -258565130,
        "longitudeE7" : 281611230,
        "placeId" : "ChIJjc378FhklR4R-lrwm02iVNY",
        "semanticType" : "TYPE_SEARCHED_ADDRESS",
        "locationConfidence" : 0.33429587
      }, {
        "latitudeE7" : -258570590,
        "longitudeE7" : 281625620,
        "placeId" : "ChIJGZkpr1lklR4RvXt8NOQ53JI",
        "semanticType" : "TYPE_SEARCHED_ADDRESS",
        "locationConfidence" : 0.32631934
      }, {
        "latitudeE7" : -258560800,
        "longitudeE7" : 281633500,
        "placeId" : "ChIJqbfuDFlklR4R62Y6o0Rpy9w",
        "locationConfidence" : 0.17011881
      } ],
      "editConfirmationStatus" : "NOT_CONFIRMED"
    }
  }, {
    "activitySegment" : {
      "startLocation" : {
        "latitudeE7" : -258560753,
        "longitudeE7" : 281626091,
        "sourceInfo" : {
          "deviceTag" : -63513299
        }
      },
      "endLocation" : {
        "latitudeE7" : -258418851,
        "longitudeE7" : 281600510,
        "sourceInfo" : {
          "deviceTag" : -63513299
        }
      },
      "duration" : {
        "startTimestampMs" : "1553877843916",
        "endTimestampMs" : "1553878345693"
      },
      "distance" : 2741,
      "activityType" : "IN_PASSENGER_VEHICLE",
      "confidence" : "HIGH",
      "activities" : [ {
        "activityType" : "IN_PASSENGER_VEHICLE",
        "probability" : 99.2621356342895
      }, {
        "activityType" : "WALKING",
        "probability" : 0.46686495353854657
      }, {
        "activityType" : "IN_BUS",
        "probability" : 0.18087383734418158
      } ],
      "waypointPath" : {
        "waypoints" : [ {
          "latE7" : -258560543,
          "lngE7" : 281622924
        }, {
          "latE7" : -258486995,
          "lngE7" : 281574916
        }, {
          "latE7" : -258418464,
          "lngE7" : 281600646
        } ]
      }
    }
  }, {
    "placeVisit" : {
      "location" : {
        "latitudeE7" : -258472042,
        "longitudeE7" : 281561533,
        "placeId" : "ChIJaWwUg5RklR4RfJyhTvSWRL4",
        "address" : "Eldoraigne\nCenturion\n0157\nSuid-Afrika",
        "name" : "Eldoraigne"
      },
      "duration" : {
        "startTimestampMs" : "1553878345693",
        "endTimestampMs" : "1553883468043"
      },
      "placeConfidence" : "MEDIUM_CONFIDENCE",
      "centerLatE7" : -258416411,
      "centerLngE7" : 281603458,
      "visitConfidence" : 94,
      "otherCandidateLocations" : [ {
        "latitudeE7" : -258414796,
        "longitudeE7" : 281606948,
        "placeId" : "ChIJVeYuXWJklR4RQkRA1ro6D2M",
        "locationConfidence" : 3.6415322
      }, {
        "latitudeE7" : -258415562,
        "longitudeE7" : 281598973,
        "placeId" : "ChIJG69ZZ2JklR4Rmt07c8rid2Y",
        "locationConfidence" : 0.8722485
      }, {
        "latitudeE7" : -258420370,
        "longitudeE7" : 281613930,
        "placeId" : "ChIJlcAaSGJklR4RAAu2oJC9P50",
        "locationConfidence" : 0.49192217
      }, {
        "latitudeE7" : -258413103,
        "longitudeE7" : 281603960,
        "placeId" : "ChIJCbBtQ2JklR4RzuJNQRkLFDI",
        "locationConfidence" : 0.40929225
      } ],
      "editConfirmationStatus" : "CONFIRMED"
    }
  }, {
    "activitySegment" : {
      "startLocation" : {
        "latitudeE7" : -258424535,
        "longitudeE7" : 281610869,
        "sourceInfo" : {
          "deviceTag" : -63513299
        }
      },
      "endLocation" : {
        "latitudeE7" : -258560801,
        "longitudeE7" : 281626437,
        "sourceInfo" : {
          "deviceTag" : -63513299
        }
      },
      "duration" : {
        "startTimestampMs" : "1553883468043",
        "endTimestampMs" : "1553883869644"
      },
      "distance" : 2420,
      "activityType" : "IN_PASSENGER_VEHICLE",
      "confidence" : "HIGH",
      "activities" : [ {
        "activityType" : "IN_PASSENGER_VEHICLE",
        "probability" : 99.04867259641993
      }, {
        "activityType" : "WALKING",
        "probability" : 0.5490462369662342
      }, {
        "activityType" : "MOTORCYCLING",
        "probability" : 0.2755024429085382
      } ],
      "waypointPath" : {
        "waypoints" : [ {
          "latE7" : -258422737,
          "lngE7" : 281611156
        }, {
          "latE7" : -258490619,
          "lngE7" : 281575870
        }, {
          "latE7" : -258560581,
          "lngE7" : 281622924
        } ]
      }
    }
  }, {
    "placeVisit" : {
      "location" : {
        "latitudeE7" : -258559780,
        "longitudeE7" : 281626430,
        "placeId" : "ChIJgf7JGllklR4RTqYK8tHPm_w",
        "address" : "13 Willem Rd\nEldoraigne\nCenturion\n0157\nSouth Africa",
        "name" : "13 Willem Rd",
        "semanticType" : "TYPE_HOME",
        "sourceInfo" : {
          "deviceTag" : -63513299
        },
        "locationConfidence" : 97.11713
      },
      "duration" : {
        "startTimestampMs" : "1553883869644",
        "endTimestampMs" : "1553923748160"
      },
      "placeConfidence" : "HIGH_CONFIDENCE",
      "centerLatE7" : -258560267,
      "centerLngE7" : 281626278,
      "visitConfidence" : 93,
      "otherCandidateLocations" : [ {
        "latitudeE7" : -258584100,
        "longitudeE7" : 281624600,
        "placeId" : "ChIJWVS1zllklR4R7ih8EDjLG2g",
        "semanticType" : "TYPE_SEARCHED_ADDRESS",
        "locationConfidence" : 1.9049306
      }, {
        "latitudeE7" : -258565130,
        "longitudeE7" : 281611230,
        "placeId" : "ChIJjc378FhklR4R-lrwm02iVNY",
        "semanticType" : "TYPE_SEARCHED_ADDRESS",
        "locationConfidence" : 0.3184044
      }, {
        "latitudeE7" : -258570590,
        "longitudeE7" : 281625620,
        "placeId" : "ChIJGZkpr1lklR4RvXt8NOQ53JI",
        "semanticType" : "TYPE_SEARCHED_ADDRESS",
        "locationConfidence" : 0.29153118
      }, {
        "latitudeE7" : -258560800,
        "longitudeE7" : 281633500,
        "placeId" : "ChIJqbfuDFlklR4R62Y6o0Rpy9w",
        "locationConfidence" : 0.15295765
      } ],
      "editConfirmationStatus" : "NOT_CONFIRMED"
    }
  }, {
    "activitySegment" : {
      "startLocation" : {
        "latitudeE7" : -258560753,
        "longitudeE7" : 281626091
      },
      "endLocation" : {
        "latitudeE7" : -258077639,
        "longitudeE7" : 281483205
      },
      "duration" : {
        "startTimestampMs" : "1553923748160",
        "endTimestampMs" : "1553924771000"
      },
      "distance" : 5564,
      "activityType" : "IN_PASSENGER_VEHICLE",
      "confidence" : "HIGH",
      "activities" : [ {
        "activityType" : "IN_PASSENGER_VEHICLE",
        "probability" : 96.20399151894178
      }, {
        "activityType" : "WALKING",
        "probability" : 2.2408343514482936
      }, {
        "activityType" : "MOTORCYCLING",
        "probability" : 0.590451019365479
      } ],
      "waypointPath" : {
        "waypoints" : [ {
          "latE7" : -258560543,
          "lngE7" : 281622924
        }, {
          "latE7" : -258486995,
          "lngE7" : 281574916
        }, {
          "latE7" : -258453330,
          "lngE7" : 281626453
        }, {
          "latE7" : -258252983,
          "lngE7" : 281565132
        }, {
          "latE7" : -258077087,
          "lngE7" : 281481628
        } ]
      },
      "simplifiedRawPath" : {
        "points" : [ {
          "latE7" : -258505867,
          "lngE7" : 281575553,
          "timestampMs" : "1553924016191",
          "accuracyMeters" : 77
        }, {
          "latE7" : -258463166,
          "lngE7" : 281628212,
          "timestampMs" : "1553924112999",
          "accuracyMeters" : 8
        } ]
      }
    }
  }, {
    "placeVisit" : {
      "location" : {
        "latitudeE7" : -258077639,
        "longitudeE7" : 281483205,
        "placeId" : "ChIJPT56Y21jlR4RbJwNr4bhAKY",
        "address" : "35 Broadway Wes\nValhalla\nCenturion\n0185\nSuid-Afrika",
        "name" : "Valhalla parkrun",
        "locationConfidence" : 100.0
      },
      "duration" : {
        "startTimestampMs" : "1553924771000",
        "endTimestampMs" : "1553928451000"
      },
      "placeConfidence" : "USER_CONFIRMED",
      "visitConfidence" : 100,
      "otherCandidateLocations" : [ {
        "latitudeE7" : -258097460,
        "longitudeE7" : 281468150,
        "placeId" : "ChIJTTAGXW1jlR4Riifow2ocGkM",
        "locationConfidence" : 19.41262
      }, {
        "latitudeE7" : -258088195,
        "longitudeE7" : 281470194,
        "placeId" : "ChIJ8_1MU8hjlR4Rx1BdGnXPb6o",
        "locationConfidence" : 4.8574643
      }, {
        "latitudeE7" : -258099090,
        "longitudeE7" : 281465770,
        "placeId" : "ChIJW0uhQm1jlR4RPHoyKgo2xLY",
        "locationConfidence" : 4.3720813
      }, {
        "latitudeE7" : -258100120,
        "longitudeE7" : 281468640,
        "placeId" : "ChIJYYYEZ21jlR4RQnID-itQQ20",
        "locationConfidence" : 3.9392064
      }, {
        "latitudeE7" : -258091510,
        "longitudeE7" : 281469060,
        "placeId" : "ChIJkRqZUG1jlR4Rj50ovr4CnhI",
        "locationConfidence" : 3.1542132
      }, {
        "latitudeE7" : -258095934,
        "longitudeE7" : 281474904,
        "placeId" : "ChIJ6XZcoHJjlR4Ru71Rky9bk_w",
        "locationConfidence" : 3.1448476
      }, {
        "latitudeE7" : -258097350,
        "longitudeE7" : 281482900,
        "placeId" : "ChIJ-6uql3JjlR4ROQ1y8rAJHFU",
        "locationConfidence" : 0.5725767
      } ],
      "editConfirmationStatus" : "CONFIRMED"
    }
  }, {
    "activitySegment" : {
      "startLocation" : {
        "latitudeE7" : -258077639,
        "longitudeE7" : 281483205
      },
      "endLocation" : {
        "latitudeE7" : -258412959,
        "longitudeE7" : 281602366
      },
      "duration" : {
        "startTimestampMs" : "1553928451636",
        "endTimestampMs" : "1553929020000"
      },
      "distance" : 7224,
      "activityType" : "IN_PASSENGER_VEHICLE",
      "confidence" : "HIGH",
      "activities" : [ {
        "activityType" : "IN_PASSENGER_VEHICLE",
        "probability" : 96.2018201050881
      }, {
        "activityType" : "WALKING",
        "probability" : 2.6734566946868545
      }, {
        "activityType" : "MOTORCYCLING",
        "probability" : 0.38643475045879894
      } ],
      "waypointPath" : {
        "waypoints" : [ {
          "latE7" : -258098812,
          "lngE7" : 281472244
        }, {
          "latE7" : -258244895,
          "lngE7" : 281561317
        }, {
          "latE7" : -258418083,
          "lngE7" : 281609153
        } ]
      }
    }
  }, {
    "placeVisit" : {
      "location" : {
        "latitudeE7" : -258412959,
        "longitudeE7" : 281602366,
        "placeId" : "ChIJnVssaGJklR4RW2W9zDFaEMw",
        "address" : "1023 Saxby Ave\nEldoraigne\nCenturion\n0157\nSouth Africa",
        "name" : "The Coffee Pot",
        "locationConfidence" : 100.0
      },
      "duration" : {
        "startTimestampMs" : "1553929020000",
        "endTimestampMs" : "1553933134000"
      },
      "placeConfidence" : "USER_CONFIRMED",
      "visitConfidence" : 100,
      "otherCandidateLocations" : [ {
        "latitudeE7" : -258413103,
        "longitudeE7" : 281603960,
        "placeId" : "ChIJCbBtQ2JklR4RzuJNQRkLFDI",
        "locationConfidence" : 29.40825
      }, {
        "latitudeE7" : -258412899,
        "longitudeE7" : 281605300,
        "placeId" : "ChIJO7LRRmJklR4R5mchqXhJ6E4",
        "locationConfidence" : 8.345332
      }, {
        "latitudeE7" : -258414796,
        "longitudeE7" : 281606948,
        "placeId" : "ChIJVeYuXWJklR4RQkRA1ro6D2M",
        "locationConfidence" : 3.0584233
      }, {
        "latitudeE7" : -258414071,
        "longitudeE7" : 281605047,
        "placeId" : "ChIJrwHC24RklR4RVuOzSZT4RM0",
        "locationConfidence" : 1.7498287
      }, {
        "latitudeE7" : -258412683,
        "longitudeE7" : 281601632,
        "placeId" : "ChIJO7LRRmJklR4RKamXDp3mNaQ",
        "locationConfidence" : 0.90519124
      }, {
        "latitudeE7" : -258415562,
        "longitudeE7" : 281598973,
        "placeId" : "ChIJG69ZZ2JklR4Rmt07c8rid2Y",
        "locationConfidence" : 0.55573237
      } ],
      "editConfirmationStatus" : "CONFIRMED"
    }
  }, {
    "activitySegment" : {
      "duration" : {
        "startTimestampMs" : "1553933134000",
        "endTimestampMs" : "1553933560897"
      },
      "distance" : 2526,
      "activityType" : "IN_PASSENGER_VEHICLE",
      "confidence" : "HIGH",
      "activities" : [ {
        "activityType" : "IN_PASSENGER_VEHICLE",
        "probability" : 98.57367827189326
      }, {
        "activityType" : "WALKING",
        "probability" : 0.8466041125403702
      }, {
        "activityType" : "MOTORCYCLING",
        "probability" : 0.3957968514537058
      } ],
      "waypointPath" : {
        "waypoints" : [ {
          "latE7" : -258418788,
          "lngE7" : 281611728
        }, {
          "latE7" : -258560733,
          "lngE7" : 281622905
        } ]
      }
    }
  } ]
}