{
  "timelineObjects" : [ {
    "placeVisit" : {
      "location" : {
        "latitudeE7" : -258559780,
        "longitudeE7" : 281626430,
        "placeId" : "ChIJgf7JGllklR4RTqYK8tHPm_w",
        "address" : "13 Willem Rd\nEldoraigne\nCenturion\n0157\nSouth Africa",
        "name" : "13 Willem Rd",
        "semanticType" : "TYPE_HOME",
        "sourceInfo" : {
          "deviceTag" : -63513299
        },
        "locationConfidence" : 96.78961
      },
      "duration" : {
        "startTimestampMs" : "1563088807743",
        "endTimestampMs" : "1563112026361"
      },
      "placeConfidence" : "HIGH_CONFIDENCE",
      "centerLatE7" : -258560590,
      "centerLngE7" : 281625954,
      "visitConfidence" : 94,
      "otherCandidateLocations" : [ {
        "latitudeE7" : -258584100,
        "longitudeE7" : 281624600,
        "placeId" : "ChIJWVS1zllklR4R7ih8EDjLG2g",
        "semanticType" : "TYPE_SEARCHED_ADDRESS",
        "locationConfidence" : 2.0623758
      }, {
        "latitudeE7" : -258565130,
        "longitudeE7" : 281611230,
        "placeId" : "ChIJjc378FhklR4R-lrwm02iVNY",
        "semanticType" : "TYPE_SEARCHED_ADDRESS",
        "locationConfidence" : 0.30354208
      }, {
        "latitudeE7" : -258570590,
        "longitudeE7" : 281625620,
        "placeId" : "ChIJGZkpr1lklR4RvXt8NOQ53JI",
        "semanticType" : "TYPE_SEARCHED_ADDRESS",
        "locationConfidence" : 0.26216194
      }, {
        "latitudeE7" : -258560800,
        "longitudeE7" : 281633500,
        "placeId" : "ChIJqbfuDFlklR4R62Y6o0Rpy9w",
        "locationConfidence" : 0.21183133
      } ],
      "editConfirmationStatus" : "NOT_CONFIRMED"
    }
  }, {
    "activitySegment" : {
      "startLocation" : {
        "latitudeE7" : -258560428,
        "longitudeE7" : 281625465,
        "sourceInfo" : {
          "deviceTag" : -63513299
        }
      },
      "endLocation" : {
        "latitudeE7" : -257159402,
        "longitudeE7" : 282582448,
        "sourceInfo" : {
          "deviceTag" : -63513299
        }
      },
      "duration" : {
        "startTimestampMs" : "1563112026361",
        "endTimestampMs" : "1563113389529"
      },
      "distance" : 23270,
      "activityType" : "IN_PASSENGER_VEHICLE",
      "confidence" : "HIGH",
      "activities" : [ {
        "activityType" : "IN_PASSENGER_VEHICLE",
        "probability" : 96.21375375111367
      }, {
        "activityType" : "WALKING",
        "probability" : 3.4026666587424543
      }, {
        "activityType" : "IN_BUS",
        "probability" : 0.24141523449685548
      } ],
      "waypointPath" : {
        "waypoints" : [ {
          "latE7" : -258560256,
          "lngE7" : 281622943
        }, {
          "latE7" : -258184146,
          "lngE7" : 282538185
        }, {
          "latE7" : -257159481,
          "lngE7" : 282580966
        } ]
      }
    }
  }, {
    "placeVisit" : {
      "location" : {
        "latitudeE7" : -257159810,
        "longitudeE7" : 282583170,
        "placeId" : "ChIJSfliSoHfvx4RI5qQZawZ2-c",
        "address" : "6 Jeanette St\nKilner Park\nPretoria\n0186\nSouth Africa",
        "name" : "6 Jeanette St",
        "semanticType" : "TYPE_SEARCHED_ADDRESS",
        "sourceInfo" : {
          "deviceTag" : -63513299
        },
        "locationConfidence" : 88.66329
      },
      "duration" : {
        "startTimestampMs" : "1563113389529",
        "endTimestampMs" : "1563118639308"
      },
      "placeConfidence" : "HIGH_CONFIDENCE",
      "centerLatE7" : -257159694,
      "centerLngE7" : 282581950,
      "visitConfidence" : 94,
      "otherCandidateLocations" : [ {
        "latitudeE7" : -257159810,
        "longitudeE7" : 282583170,
        "placeId" : "ChIJSfliSoHfvx4RmUBO5uU3Jig",
        "locationConfidence" : 8.702871
      }, {
        "latitudeE7" : -257160833,
        "longitudeE7" : 282572778,
        "placeId" : "ChIJs67iQIHfvx4RHsSNs3YQi5M",
        "locationConfidence" : 0.7172934
      }, {
        "latitudeE7" : -257160338,
        "longitudeE7" : 282551542,
        "placeId" : "ChIJYXBMm4Hfvx4ROJbUHuNihH8",
        "locationConfidence" : 0.29331887
      }, {
        "latitudeE7" : -257155309,
        "longitudeE7" : 282561946,
        "placeId" : "ChIJvTlse4Hfvx4Rxwsyk63rMQA",
        "locationConfidence" : 0.25413555
      } ],
      "editConfirmationStatus" : "NOT_CONFIRMED"
    }
  }, {
    "activitySegment" : {
      "startLocation" : {
        "latitudeE7" : -257159810,
        "longitudeE7" : 282583170,
        "sourceInfo" : {
          "deviceTag" : -63513299
        }
      },
      "endLocation" : {
        "latitudeE7" : -258604010,
        "longitudeE7" : 281771200,
        "sourceInfo" : {
          "deviceTag" : -63513299
        }
      },
      "duration" : {
        "startTimestampMs" : "1563118639308",
        "endTimestampMs" : "1563119919748"
      },
      "distance" : 20464,
      "activityType" : "IN_PASSENGER_VEHICLE",
      "confidence" : "HIGH",
      "activities" : [ {
        "activityType" : "IN_PASSENGER_VEHICLE",
        "probability" : 99.13846783954072
      }, {
        "activityType" : "WALKING",
        "probability" : 0.6497093999160674
      }, {
        "activityType" : "IN_BUS",
        "probability" : 0.09500859441721113
      } ],
      "waypointPath" : {
        "waypoints" : [ {
          "latE7" : -257159919,
          "lngE7" : 282580986
        }, {
          "latE7" : -258137016,
          "lngE7" : 282569923
        }, {
          "latE7" : -258599510,
          "lngE7" : 281768074
        } ]
      }
    }
  }, {
    "placeVisit" : {
      "location" : {
        "latitudeE7" : -258604010,
        "longitudeE7" : 281771200,
        "placeId" : "ChIJtQsnNklklR4RQUEPL_7IC4Q",
        "address" : "Hippo Avenue &\nHendrik Verwoerd Dr\nCenturion Central\nCenturion\n0157\nSouth Africa",
        "name" : "KSM (kerksondermure) Hippolaan",
        "sourceInfo" : {
          "deviceTag" : -63513299
        },
        "locationConfidence" : 99.399025
      },
      "duration" : {
        "startTimestampMs" : "1563119919748",
        "endTimestampMs" : "1563120407828"
      },
      "placeConfidence" : "HIGH_CONFIDENCE",
      "centerLatE7" : -258600900,
      "centerLngE7" : 281774080,
      "visitConfidence" : 86,
      "otherCandidateLocations" : [ {
        "latitudeE7" : -258600050,
        "longitudeE7" : 281768170,
        "placeId" : "ChIJQwqoM0lklR4R59MSd5Yaylg",
        "locationConfidence" : 0.0940576
      }, {
        "latitudeE7" : -258597970,
        "longitudeE7" : 281789020,
        "placeId" : "ChIJDTKUDUlklR4RchiuOzmlFNw",
        "locationConfidence" : 0.08361219
      }, {
        "latitudeE7" : -258602620,
        "longitudeE7" : 281784710,
        "placeId" : "ChIJLamDbElklR4R79dhofMeuyQ",
        "locationConfidence" : 0.06691011
      }, {
        "latitudeE7" : -258594090,
        "longitudeE7" : 281765521,
        "placeId" : "ChIJHXLB1E5klR4RMKmmP_ADgBw",
        "locationConfidence" : 0.04742067
      } ],
      "editConfirmationStatus" : "NOT_CONFIRMED"
    }
  }, {
    "activitySegment" : {
      "startLocation" : {
        "latitudeE7" : -258600163,
        "longitudeE7" : 281772173,
        "sourceInfo" : {
          "deviceTag" : -63513299
        }
      },
      "endLocation" : {
        "latitudeE7" : -258560231,
        "longitudeE7" : 281625813,
        "sourceInfo" : {
          "deviceTag" : -63513299
        }
      },
      "duration" : {
        "startTimestampMs" : "1563120407828",
        "endTimestampMs" : "1563206075768"
      },
      "distance" : 1530,
      "activityType" : "IN_PASSENGER_VEHICLE",
      "confidence" : "MEDIUM",
      "activities" : [ {
        "activityType" : "IN_PASSENGER_VEHICLE",
        "probability" : 80.592171328702
      }, {
        "activityType" : "WALKING",
        "probability" : 13.948199412886542
      }, {
        "activityType" : "MOTORCYCLING",
        "probability" : 2.331078601015136
      } ],
      "waypointPath" : {
        "waypoints" : [ {
          "latE7" : -258598041,
          "lngE7" : 281770820
        }, {
          "latE7" : -258623447,
          "lngE7" : 281624794
        }, {
          "latE7" : -258560047,
          "lngE7" : 281622962
        } ]
      }
    }
  }, {
    "placeVisit" : {
      "location" : {
        "latitudeE7" : -258976925,
        "longitudeE7" : 281737044,
        "placeId" : "ChIJ-cyvLhBllR4RZJTIKwM2R2I",
        "address" : "Brakfontein 399-Jr\nCenturion\nSouth Africa",
        "name" : "Brakfontein 399-Jr"
      },
      "duration" : {
        "startTimestampMs" : "1563550029900",
        "endTimestampMs" : "1563552287107"
      },
      "placeConfidence" : "MEDIUM_CONFIDENCE",
      "centerLatE7" : -258773696,
      "centerLngE7" : 281651588,
      "visitConfidence" : 96,
      "otherCandidateLocations" : [ {
        "latitudeE7" : -258773448,
        "longitudeE7" : 281653564,
        "placeId" : "ChIJPQpp0a5llR4R8kXWjclAcW8",
        "locationConfidence" : 4.77862
      }, {
        "latitudeE7" : -258772315,
        "longitudeE7" : 281648600,
        "placeId" : "ChIJMQpcLalllR4Rk37SKV1tTSg",
        "locationConfidence" : 2.500156
      }, {
        "latitudeE7" : -258778771,
        "longitudeE7" : 281650558,
        "placeId" : "ChIJF_eaKq9llR4R_3kFgxN-5o0",
        "locationConfidence" : 1.3388311
      }, {
        "latitudeE7" : -258775590,
        "longitudeE7" : 281650990,
        "placeId" : "ChIJGRPIyK5llR4RwguUiqxk6zw",
        "locationConfidence" : 1.0079595
      }, {
        "latitudeE7" : -258765080,
        "longitudeE7" : 281639740,
        "placeId" : "ChIJ6b76RqlllR4R9Bq6nQLNcCM",
        "locationConfidence" : 0.53833264
      } ],
      "editConfirmationStatus" : "CONFIRMED"
    }
  }, {
    "activitySegment" : {
      "startLocation" : {
        "latitudeE7" : -258774094,
        "longitudeE7" : 281642110
      },
      "endLocation" : {
        "latitudeE7" : -258560753,
        "longitudeE7" : 281626091
      },
      "duration" : {
        "startTimestampMs" : "1563552287107",
        "endTimestampMs" : "1563552951850"
      },
      "distance" : 2382,
      "activityType" : "IN_PASSENGER_VEHICLE",
      "confidence" : "HIGH",
      "activities" : [ {
        "activityType" : "IN_PASSENGER_VEHICLE",
        "probability" : 95.00790811080294
      }, {
        "activityType" : "WALKING",
        "probability" : 2.6463858635390336
      }, {
        "activityType" : "IN_BUS",
        "probability" : 0.8642622866501024
      } ],
      "waypointPath" : {
        "waypoints" : [ {
          "latE7" : -258773632,
          "lngE7" : 281649551
        }, {
          "latE7" : -258623447,
          "lngE7" : 281624794
        }, {
          "latE7" : -258560543,
          "lngE7" : 281622924
        } ]
      },
      "simplifiedRawPath" : {
        "points" : [ {
          "latE7" : -258623569,
          "lngE7" : 281627594,
          "timestampMs" : "1563552700000",
          "accuracyMeters" : 4
        } ]
      }
    }
  }, {
    "placeVisit" : {
      "location" : {
        "latitudeE7" : -258559780,
        "longitudeE7" : 281626430,
        "placeId" : "ChIJgf7JGllklR4RTqYK8tHPm_w",
        "address" : "13 Willem Rd\nEldoraigne\nCenturion\n0157\nSouth Africa",
        "name" : "13 Willem Rd",
        "semanticType" : "TYPE_HOME",
        "sourceInfo" : {
          "deviceTag" : -63513299
        },
        "locationConfidence" : 95.804634
      },
      "duration" : {
        "startTimestampMs" : "1563552951850",
        "endTimestampMs" : "1563553529326"
      },
      "placeConfidence" : "HIGH_CONFIDENCE",
      "centerLatE7" : -258559671,
      "centerLngE7" : 281626429,
      "visitConfidence" : 85,
      "otherCandidateLocations" : [ {
        "latitudeE7" : -258584100,
        "longitudeE7" : 281624600,
        "placeId" : "ChIJWVS1zllklR4R7ih8EDjLG2g",
        "semanticType" : "TYPE_SEARCHED_ADDRESS",
        "locationConfidence" : 2.3158038
      }, {
        "latitudeE7" : -258570590,
        "longitudeE7" : 281625620,
        "placeId" : "ChIJGZkpr1lklR4RvXt8NOQ53JI",
        "semanticType" : "TYPE_SEARCHED_ADDRESS",
        "locationConfidence" : 0.34597248
      }, {
        "latitudeE7" : -258565130,
        "longitudeE7" : 281611230,
        "placeId" : "ChIJjc378FhklR4R-lrwm02iVNY",
        "semanticType" : "TYPE_SEARCHED_ADDRESS",
        "locationConfidence" : 0.3112525
      }, {
        "latitudeE7" : -258560800,
        "longitudeE7" : 281633500,
        "placeId" : "ChIJqbfuDFlklR4R62Y6o0Rpy9w",
        "locationConfidence" : 0.24563475
      } ],
      "editConfirmationStatus" : "NOT_CONFIRMED"
    }
  }, {
    "placeVisit" : {
      "location" : {
        "latitudeE7" : -258559780,
        "longitudeE7" : 281626430,
        "placeId" : "ChIJgf7JGllklR4RTqYK8tHPm_w",
        "address" : "13 Willem Rd\nEldoraigne\nCenturion\n0157\nSouth Africa",
        "name" : "13 Willem Rd",
        "semanticType" : "TYPE_HOME",
        "sourceInfo" : {
          "deviceTag" : -63513299
        },
        "locationConfidence" : 96.49371
      },
      "duration" : {
        "startTimestampMs" : "1563694066922",
        "endTimestampMs" : "1563698480156"
      },
      "placeConfidence" : "HIGH_CONFIDENCE",
      "centerLatE7" : -258560637,
      "centerLngE7" : 281625885,
      "visitConfidence" : 86,
      "otherCandidateLocations" : [ {
        "latitudeE7" : -258584100,
        "longitudeE7" : 281624600,
        "placeId" : "ChIJWVS1zllklR4R7ih8EDjLG2g",
        "semanticType" : "TYPE_SEARCHED_ADDRESS",
        "locationConfidence" : 2.1317506
      }, {
        "latitudeE7" : -258565130,
        "longitudeE7" : 281611230,
        "placeId" : "ChIJjc378FhklR4R-lrwm02iVNY",
        "semanticType" : "TYPE_SEARCHED_ADDRESS",
        "locationConfidence" : 0.30909348
      }, {
        "latitudeE7" : -258570590,
        "longitudeE7" : 281625620,
        "placeId" : "ChIJGZkpr1lklR4RvXt8NOQ53JI",
        "semanticType" : "TYPE_SEARCHED_ADDRESS",
        "locationConfidence" : 0.29433706
      }, {
        "latitudeE7" : -258560800,
        "longitudeE7" : 281633500,
        "placeId" : "ChIJqbfuDFlklR4R62Y6o0Rpy9w",
        "locationConfidence" : 0.22127935
      } ],
      "editConfirmationStatus" : "NOT_CONFIRMED"
    }
  }, {
    "placeVisit" : {
      "location" : {
        "latitudeE7" : -258559780,
        "longitudeE7" : 281626430,
        "placeId" : "ChIJgf7JGllklR4RTqYK8tHPm_w",
        "address" : "13 Willem Rd\nEldoraigne\nCenturion\n0157\nSouth Africa",
        "name" : "13 Willem Rd",
        "semanticType" : "TYPE_HOME",
        "sourceInfo" : {
          "deviceTag" : -63513299
        },
        "locationConfidence" : 97.34618
      },
      "duration" : {
        "startTimestampMs" : "1563809982482",
        "endTimestampMs" : "1563857177013"
      },
      "placeConfidence" : "HIGH_CONFIDENCE",
      "centerLatE7" : -258559583,
      "centerLngE7" : 281625949,
      "visitConfidence" : 89,
      "otherCandidateLocations" : [ {
        "latitudeE7" : -258584100,
        "longitudeE7" : 281624600,
        "placeId" : "ChIJWVS1zllklR4R7ih8EDjLG2g",
        "semanticType" : "TYPE_SEARCHED_ADDRESS",
        "locationConfidence" : 1.7168117
      }, {
        "latitudeE7" : -258565130,
        "longitudeE7" : 281611230,
        "placeId" : "ChIJjc378FhklR4R-lrwm02iVNY",
        "semanticType" : "TYPE_SEARCHED_ADDRESS",
        "locationConfidence" : 0.22480479
      }, {
        "latitudeE7" : -258570590,
        "longitudeE7" : 281625620,
        "placeId" : "ChIJGZkpr1lklR4RvXt8NOQ53JI",
        "semanticType" : "TYPE_SEARCHED_ADDRESS",
        "locationConfidence" : 0.20375901
      }, {
        "latitudeE7" : -258560800,
        "longitudeE7" : 281633500,
        "placeId" : "ChIJqbfuDFlklR4R62Y6o0Rpy9w",
        "locationConfidence" : 0.1641391
      } ],
      "editConfirmationStatus" : "NOT_CONFIRMED"
    }
  }, {
    "activitySegment" : {
      "startLocation" : {
        "latitudeE7" : -258560753,
        "longitudeE7" : 281626091,
        "sourceInfo" : {
          "deviceTag" : -63513299
        }
      },
      "endLocation" : {
        "latitudeE7" : -257561584,
        "longitudeE7" : 282791390,
        "sourceInfo" : {
          "deviceTag" : -63513299
        }
      },
      "duration" : {
        "startTimestampMs" : "1563857177013",
        "endTimestampMs" : "1563859325000"
      },
      "distance" : 20824,
      "activityType" : "IN_PASSENGER_VEHICLE",
      "confidence" : "HIGH",
      "activities" : [ {
        "activityType" : "IN_PASSENGER_VEHICLE",
        "probability" : 99.4071709097856
      }, {
        "activityType" : "WALKING",
        "probability" : 0.301624913232027
      }, {
        "activityType" : "MOTORCYCLING",
        "probability" : 0.1271031425646688
      } ],
      "waypointPath" : {
        "waypoints" : [ {
          "latE7" : -258560543,
          "lngE7" : 281622924
        }, {
          "latE7" : -258184146,
          "lngE7" : 282538185
        }, {
          "latE7" : -257740345,
          "lngE7" : 282821559
        }, {
          "latE7" : -257570495,
          "lngE7" : 282752151
        }, {
          "latE7" : -257562198,
          "lngE7" : 282792110
        } ]
      },
      "simplifiedRawPath" : {
        "points" : [ {
          "latE7" : -257550279,
          "lngE7" : 282768446,
          "timestampMs" : "1563859257378",
          "accuracyMeters" : 28
        } ]
      }
    }
  }, {
    "placeVisit" : {
      "location" : {
        "latitudeE7" : -257509575,
        "longitudeE7" : 282789735,
        "placeId" : "ChIJE5phV2ZglR4ROeioRG3BvyA",
        "address" : "Scientia 627-Jr\nPretoria\n0081\nSouth Africa",
        "name" : "Scientia 627-Jr",
        "locationConfidence" : 100.0
      },
      "duration" : {
        "startTimestampMs" : "1563859325000",
        "endTimestampMs" : "1563888901818"
      },
      "placeConfidence" : "USER_CONFIRMED",
      "visitConfidence" : 100,
      "otherCandidateLocations" : [ {
        "latitudeE7" : -257565060,
        "longitudeE7" : 282798100,
        "placeId" : "ChIJleGC-2BglR4RgInWy3Dz3qI",
        "address" : "CSIR Main Campus, 1 Meiring Naude Road, Scientia 627-Jr, Pretoria, 0081, South Africa",
        "name" : "Council for Scientific and Industrial Research building 43",
        "sourceInfo" : {
          "deviceTag" : -63513299
        },
        "locationConfidence" : 50.498234
      }, {
        "latitudeE7" : -257566771,
        "longitudeE7" : 282803438,
        "placeId" : "ChIJ__-_omFglR4RSH6Xpj_69Dk",
        "locationConfidence" : 27.042559
      }, {
        "latitudeE7" : -257468287,
        "longitudeE7" : 282788928,
        "placeId" : "ChIJS_P3g2lglR4RMs3iZtUFGUE",
        "locationConfidence" : 12.74944
      }, {
        "latitudeE7" : -257571069,
        "longitudeE7" : 282795005,
        "placeId" : "ChIJFQSqsWFglR4RPwZMxqBWJoM",
        "locationConfidence" : 6.4827857
      }, {
        "latitudeE7" : -257529956,
        "longitudeE7" : 282767675,
        "placeId" : "ChIJAQsZRGdglR4REb2EhDpAEKw",
        "locationConfidence" : 1.5416185
      }, {
        "latitudeE7" : -257559032,
        "longitudeE7" : 282784452,
        "placeId" : "ChIJ__8TokJglR4Rk79ork5Izdo",
        "locationConfidence" : 0.6046504
      } ],
      "editConfirmationStatus" : "CONFIRMED"
    }
  }, {
    "activitySegment" : {
      "startLocation" : {
        "latitudeE7" : -257560575,
        "longitudeE7" : 282792668,
        "sourceInfo" : {
          "deviceTag" : -63513299
        }
      },
      "endLocation" : {
        "latitudeE7" : -258560565,
        "longitudeE7" : 281626116,
        "sourceInfo" : {
          "deviceTag" : -63513299
        }
      },
      "duration" : {
        "startTimestampMs" : "1563888901818",
        "endTimestampMs" : "1563890614750"
      },
      "distance" : 20217,
      "activityType" : "IN_PASSENGER_VEHICLE",
      "confidence" : "HIGH",
      "activities" : [ {
        "activityType" : "IN_PASSENGER_VEHICLE",
        "probability" : 99.0419806906602
      }, {
        "activityType" : "WALKING",
        "probability" : 0.6126682764953123
      }, {
        "activityType" : "IN_BUS",
        "probability" : 0.2346536646521336
      } ],
      "waypointPath" : {
        "waypoints" : [ {
          "latE7" : -257561092,
          "lngE7" : 282793254
        }, {
          "latE7" : -258137016,
          "lngE7" : 282569923
        }, {
          "latE7" : -258672370,
          "lngE7" : 282004508
        }, {
          "latE7" : -258594722,
          "lngE7" : 281803779
        }, {
          "latE7" : -258560352,
          "lngE7" : 281622943
        } ]
      },
      "simplifiedRawPath" : {
        "points" : [ {
          "latE7" : -258661135,
          "lngE7" : 282002412,
          "timestampMs" : "1563889750275",
          "accuracyMeters" : 87
        } ]
      }
    }
  }, {
    "placeVisit" : {
      "location" : {
        "latitudeE7" : -258559780,
        "longitudeE7" : 281626430,
        "placeId" : "ChIJgf7JGllklR4RTqYK8tHPm_w",
        "address" : "13 Willem Rd\nEldoraigne\nCenturion\n0157\nSouth Africa",
        "name" : "13 Willem Rd",
        "semanticType" : "TYPE_HOME",
        "sourceInfo" : {
          "deviceTag" : -63513299
        },
        "locationConfidence" : 96.500244
      },
      "duration" : {
        "startTimestampMs" : "1563890614750",
        "endTimestampMs" : "1563892485834"
      },
      "placeConfidence" : "HIGH_CONFIDENCE",
      "centerLatE7" : -258560415,
      "centerLngE7" : 281625855,
      "visitConfidence" : 92,
      "otherCandidateLocations" : [ {
        "latitudeE7" : -258584100,
        "longitudeE7" : 281624600,
        "placeId" : "ChIJWVS1zllklR4R7ih8EDjLG2g",
        "semanticType" : "TYPE_SEARCHED_ADDRESS",
        "locationConfidence" : 2.0929782
      }, {
        "latitudeE7" : -258565130,
        "longitudeE7" : 281611230,
        "placeId" : "ChIJjc378FhklR4R-lrwm02iVNY",
        "semanticType" : "TYPE_SEARCHED_ADDRESS",
        "locationConfidence" : 0.27512076
      }, {
        "latitudeE7" : -258570590,
        "longitudeE7" : 281625620,
        "placeId" : "ChIJGZkpr1lklR4RvXt8NOQ53JI",
        "semanticType" : "TYPE_SEARCHED_ADDRESS",
        "locationConfidence" : 0.2584131
      }, {
        "latitudeE7" : -258560800,
        "longitudeE7" : 281633500,
        "placeId" : "ChIJqbfuDFlklR4R62Y6o0Rpy9w",
        "locationConfidence" : 0.14983557
      } ],
      "editConfirmationStatus" : "NOT_CONFIRMED"
    }
  }, {
    "activitySegment" : {
      "startLocation" : {
        "latitudeE7" : -258560753,
        "longitudeE7" : 281626091,
        "sourceInfo" : {
          "deviceTag" : -63513299
        }
      },
      "endLocation" : {
        "latitudeE7" : -258606827,
        "longitudeE7" : 281651739,
        "sourceInfo" : {
          "deviceTag" : -63513299
        }
      },
      "duration" : {
        "startTimestampMs" : "1563892485834",
        "endTimestampMs" : "1563892864000"
      },
      "distance" : 608,
      "activityType" : "IN_PASSENGER_VEHICLE",
      "confidence" : "HIGH",
      "activities" : [ {
        "activityType" : "IN_PASSENGER_VEHICLE",
        "probability" : 98.38207653971197
      }, {
        "activityType" : "WALKING",
        "probability" : 1.200224928342139
      }, {
        "activityType" : "IN_BUS",
        "probability" : 0.24500972138195828
      } ],
      "waypointPath" : {
        "waypoints" : [ {
          "latE7" : -258560543,
          "lngE7" : 281622924
        }, {
          "latE7" : -258622665,
          "lngE7" : 281624755
        }, {
          "latE7" : -258610687,
          "lngE7" : 281651630
        } ]
      }
    }
  }, {
    "placeVisit" : {
      "location" : {
        "latitudeE7" : -258610036,
        "longitudeE7" : 281652444,
        "placeId" : "ChIJZ_fvzVBklR4RdeWHaGSr4Kc",
        "address" : "107 Pine Laan\nBronberrick\nCenturion\n0157\nSuid-Afrika",
        "name" : "Yoga Connection",
        "locationConfidence" : 100.0
      },
      "duration" : {
        "startTimestampMs" : "1563892864000",
        "endTimestampMs" : "1563897619000"
      },
      "placeConfidence" : "USER_CONFIRMED",
      "visitConfidence" : 100,
      "otherCandidateLocations" : [ {
        "latitudeE7" : -258610061,
        "longitudeE7" : 281652452,
        "placeId" : "ChIJSTow0lBklR4RF-P9gODKhS8",
        "locationConfidence" : 15.835454
      }, {
        "latitudeE7" : -258617800,
        "longitudeE7" : 281670400,
        "placeId" : "ChIJsUK-GlFklR4RliInW6GQJwU",
        "locationConfidence" : 1.4940778
      }, {
        "latitudeE7" : -258610068,
        "longitudeE7" : 281654170,
        "placeId" : "ChIJZ_fvzVBklR4RaIMejIhEpnk",
        "locationConfidence" : 1.4915773
      }, {
        "latitudeE7" : -258608330,
        "longitudeE7" : 281656250,
        "placeId" : "ChIJt34F0FBklR4Rk1lHh0jQRhk",
        "locationConfidence" : 1.1338806
      }, {
        "latitudeE7" : -258608330,
        "longitudeE7" : 281656250,
        "placeId" : "ChIJt34F0FBklR4Rk0cLKnV0Ktw",
        "locationConfidence" : 0.75627553
      } ],
      "editConfirmationStatus" : "CONFIRMED"
    }
  }, {
    "activitySegment" : {
      "startLocation" : {
        "latitudeE7" : -258610036,
        "longitudeE7" : 281652444,
        "sourceInfo" : {
          "deviceTag" : -63513299
        }
      },
      "endLocation" : {
        "latitudeE7" : -258547784,
        "longitudeE7" : 281683951,
        "sourceInfo" : {
          "deviceTag" : -63513299
        }
      },
      "duration" : {
        "startTimestampMs" : "1563897619234",
        "endTimestampMs" : "1563897781000"
      },
      "distance" : 791,
      "activityType" : "IN_PASSENGER_VEHICLE",
      "confidence" : "HIGH",
      "activities" : [ {
        "activityType" : "IN_PASSENGER_VEHICLE",
        "probability" : 98.80861560138109
      }, {
        "activityType" : "WALKING",
        "probability" : 0.8372153436363534
      }, {
        "activityType" : "CYCLING",
        "probability" : 0.193585480237856
      } ],
      "waypointPath" : {
        "waypoints" : [ {
          "latE7" : -258610706,
          "lngE7" : 281652431
        }, {
          "latE7" : -258569831,
          "lngE7" : 281668891
        }, {
          "latE7" : -258546848,
          "lngE7" : 281681613
        } ]
      },
      "simplifiedRawPath" : {
        "points" : [ {
          "latE7" : -258607191,
          "lngE7" : 281651941,
          "timestampMs" : "1563897653680",
          "accuracyMeters" : 56
        } ]
      }
    }
  }, {
    "placeVisit" : {
      "location" : {
        "latitudeE7" : -258547784,
        "longitudeE7" : 281683951,
        "placeId" : "ChIJIV5tB1tklR4R2_SQLCV-Sp0",
        "address" : "Cnr Blackwood Rd & Klip St\nHennopspark\nCenturion\n0157\nSouth Africa",
        "name" : "Sasol Hennops Park",
        "locationConfidence" : 100.0
      },
      "duration" : {
        "startTimestampMs" : "1563897781000",
        "endTimestampMs" : "1563898272000"
      },
      "placeConfidence" : "USER_CONFIRMED",
      "visitConfidence" : 100,
      "otherCandidateLocations" : [ {
        "latitudeE7" : -258548319,
        "longitudeE7" : 281685220,
        "placeId" : "ChIJAb1GBVtklR4RBtbUW0D-gqo",
        "locationConfidence" : 9.413687
      }, {
        "latitudeE7" : -258548319,
        "longitudeE7" : 281685220,
        "placeId" : "ChIJAb1GBVtklR4RleFgAgU88Ww",
        "locationConfidence" : 2.38816
      }, {
        "latitudeE7" : -258549990,
        "longitudeE7" : 281681440,
        "placeId" : "ChIJvRZhBltklR4RuZPc0sMqLv0",
        "locationConfidence" : 1.7627374
      }, {
        "latitudeE7" : -258563881,
        "longitudeE7" : 281675408,
        "placeId" : "ChIJdx33WVpklR4RQ7bYK7_sXIA",
        "locationConfidence" : 1.6645175
      }, {
        "latitudeE7" : -258545015,
        "longitudeE7" : 281691999,
        "placeId" : "ChIJIV5tB1tklR4RZzYs2ktl4AY",
        "locationConfidence" : 1.6240919
      }, {
        "latitudeE7" : -258544959,
        "longitudeE7" : 281687470,
        "placeId" : "ChIJ4X2mEVtklR4RzGPVbeQ36x4",
        "locationConfidence" : 0.57754344
      } ],
      "editConfirmationStatus" : "CONFIRMED"
    }
  }, {
    "activitySegment" : {
      "startLocation" : {
        "latitudeE7" : -258547784,
        "longitudeE7" : 281683951,
        "sourceInfo" : {
          "deviceTag" : -63513299
        }
      },
      "endLocation" : {
        "latitudeE7" : -258560753,
        "longitudeE7" : 281626091,
        "sourceInfo" : {
          "deviceTag" : -63513299
        }
      },
      "duration" : {
        "startTimestampMs" : "1563898272071",
        "endTimestampMs" : "1563898883719"
      },
      "distance" : 2249,
      "activityType" : "IN_PASSENGER_VEHICLE",
      "confidence" : "HIGH",
      "activities" : [ {
        "activityType" : "IN_PASSENGER_VEHICLE",
        "probability" : 97.50384951133717
      }, {
        "activityType" : "WALKING",
        "probability" : 2.404922979565291
      }, {
        "activityType" : "IN_BUS",
        "probability" : 0.03639573179012127
      } ],
      "waypointPath" : {
        "waypoints" : [ {
          "latE7" : -258546848,
          "lngE7" : 281681613
        }, {
          "latE7" : -258623447,
          "lngE7" : 281624794
        }, {
          "latE7" : -258560543,
          "lngE7" : 281622924
        } ]
      },
      "simplifiedRawPath" : {
        "points" : [ {
          "latE7" : -258623268,
          "lngE7" : 281629759,
          "timestampMs" : "1563898518453",
          "accuracyMeters" : 39
        } ]
      }
    }
  }, {
    "placeVisit" : {
      "location" : {
        "latitudeE7" : -258559780,
        "longitudeE7" : 281626430,
        "placeId" : "ChIJgf7JGllklR4RTqYK8tHPm_w",
        "address" : "13 Willem Rd\nEldoraigne\nCenturion\n0157\nSouth Africa",
        "name" : "13 Willem Rd",
        "semanticType" : "TYPE_HOME",
        "sourceInfo" : {
          "deviceTag" : -63513299
        },
        "locationConfidence" : 97.11051
      },
      "duration" : {
        "startTimestampMs" : "1563898883719",
        "endTimestampMs" : "1563978010926"
      },
      "placeConfidence" : "HIGH_CONFIDENCE",
      "centerLatE7" : -258560028,
      "centerLngE7" : 281626021,
      "visitConfidence" : 93,
      "otherCandidateLocations" : [ {
        "latitudeE7" : -258584100,
        "longitudeE7" : 281624600,
        "placeId" : "ChIJWVS1zllklR4R7ih8EDjLG2g",
        "semanticType" : "TYPE_SEARCHED_ADDRESS",
        "locationConfidence" : 1.9948134
      }, {
        "latitudeE7" : -258565130,
        "longitudeE7" : 281611230,
        "placeId" : "ChIJjc378FhklR4R-lrwm02iVNY",
        "semanticType" : "TYPE_SEARCHED_ADDRESS",
        "locationConfidence" : 0.20053212
      }, {
        "latitudeE7" : -258570590,
        "longitudeE7" : 281625620,
        "placeId" : "ChIJGZkpr1lklR4RvXt8NOQ53JI",
        "semanticType" : "TYPE_SEARCHED_ADDRESS",
        "locationConfidence" : 0.18329118
      }, {
        "latitudeE7" : -258560800,
        "longitudeE7" : 281633500,
        "placeId" : "ChIJqbfuDFlklR4R62Y6o0Rpy9w",
        "locationConfidence" : 0.14519219
      } ],
      "editConfirmationStatus" : "NOT_CONFIRMED"
    }
  }, {
    "activitySegment" : {
      "startLocation" : {
        "latitudeE7" : -258560753,
        "longitudeE7" : 281626091
      },
      "endLocation" : {
        "latitudeE7" : -258774094,
        "longitudeE7" : 281642110
      },
      "duration" : {
        "startTimestampMs" : "1563978010926",
        "endTimestampMs" : "1563978633578"
      },
      "distance" : 5715,
      "activityType" : "IN_PASSENGER_VEHICLE",
      "confidence" : "HIGH",
      "activities" : [ {
        "activityType" : "IN_PASSENGER_VEHICLE",
        "probability" : 94.3078880060141
      }, {
        "activityType" : "WALKING",
        "probability" : 3.3326746645776075
      }, {
        "activityType" : "IN_BUS",
        "probability" : 0.9903421281600011
      } ],
      "waypointPath" : {
        "waypoints" : [ {
          "latE7" : -258560543,
          "lngE7" : 281622924
        }, {
          "latE7" : -258622665,
          "lngE7" : 281624755
        }, {
          "latE7" : -258767185,
          "lngE7" : 281654987
        } ]
      }
    }
  }, {
    "placeVisit" : {
      "location" : {
        "latitudeE7" : -258976925,
        "longitudeE7" : 281737044,
        "placeId" : "ChIJ-cyvLhBllR4RZJTIKwM2R2I",
        "address" : "Brakfontein 399-Jr\nCenturion\nSouth Africa",
        "name" : "Brakfontein 399-Jr"
      },
      "duration" : {
        "startTimestampMs" : "1563978633578",
        "endTimestampMs" : "1563981729684"
      },
      "placeConfidence" : "HIGH_CONFIDENCE",
      "centerLatE7" : -258767490,
      "centerLngE7" : 281656990,
      "visitConfidence" : 92,
      "otherCandidateLocations" : [ {
        "latitudeE7" : -258765080,
        "longitudeE7" : 281639740,
        "placeId" : "ChIJ6b76RqlllR4R9Bq6nQLNcCM",
        "locationConfidence" : 2.3915474
      }, {
        "latitudeE7" : -258773448,
        "longitudeE7" : 281653564,
        "placeId" : "ChIJPQpp0a5llR4R8kXWjclAcW8",
        "locationConfidence" : 0.58269703
      }, {
        "latitudeE7" : -258772315,
        "longitudeE7" : 281648600,
        "placeId" : "ChIJMQpcLalllR4Rk37SKV1tTSg",
        "locationConfidence" : 0.27223465
      }, {
        "latitudeE7" : -258756154,
        "longitudeE7" : 281671493,
        "placeId" : "ChIJmTEijq5llR4RvhoBX4IFTkI",
        "locationConfidence" : 0.23212881
      } ],
      "editConfirmationStatus" : "CONFIRMED"
    }
  }, {
    "activitySegment" : {
      "startLocation" : {
        "latitudeE7" : -258767490,
        "longitudeE7" : 281656990
      },
      "endLocation" : {
        "latitudeE7" : -258411909,
        "longitudeE7" : 281603636
      },
      "duration" : {
        "startTimestampMs" : "1563981729684",
        "endTimestampMs" : "1564209837000"
      },
      "activityType" : "UNKNOWN_ACTIVITY_TYPE",
      "activities" : [ {
        "activityType" : "UNKNOWN_ACTIVITY_TYPE",
        "probability" : 0.0
      } ],
      "simplifiedRawPath" : {
        "points" : [ {
          "latE7" : -258627955,
          "lngE7" : 281625959,
          "timestampMs" : "1563982342707",
          "accuracyMeters" : 116
        }, {
          "latE7" : -258592305,
          "lngE7" : 281577763,
          "timestampMs" : "1563982464434",
          "accuracyMeters" : 30
        }, {
          "latE7" : -258559448,
          "lngE7" : 281624937,
          "timestampMs" : "1563982586994",
          "accuracyMeters" : 29
        } ]
      }
    }
  }, {
    "placeVisit" : {
      "location" : {
        "latitudeE7" : -258412959,
        "longitudeE7" : 281602366,
        "placeId" : "ChIJnVssaGJklR4RW2W9zDFaEMw",
        "address" : "1023 Saxby Ave\nEldoraigne\nCenturion\n0157\nSouth Africa",
        "name" : "The Coffee Pot",
        "locationConfidence" : 100.0
      },
      "duration" : {
        "startTimestampMs" : "1564209837000",
        "endTimestampMs" : "1564213648000"
      },
      "placeConfidence" : "USER_CONFIRMED",
      "visitConfidence" : 100,
      "otherCandidateLocations" : [ {
        "latitudeE7" : -258413103,
        "longitudeE7" : 281603960,
        "placeId" : "ChIJCbBtQ2JklR4RzuJNQRkLFDI",
        "locationConfidence" : 3.9234543
      }, {
        "latitudeE7" : -258412683,
        "longitudeE7" : 281601632,
        "placeId" : "ChIJO7LRRmJklR4RKamXDp3mNaQ",
        "locationConfidence" : 1.6150787
      }, {
        "latitudeE7" : -258412899,
        "longitudeE7" : 281605300,
        "placeId" : "ChIJO7LRRmJklR4R5mchqXhJ6E4",
        "locationConfidence" : 1.5742714
      }, {
        "latitudeE7" : -258414796,
        "longitudeE7" : 281606948,
        "placeId" : "ChIJVeYuXWJklR4RQkRA1ro6D2M",
        "locationConfidence" : 0.9572104
      } ],
      "editConfirmationStatus" : "CONFIRMED"
    }
  }, {
    "activitySegment" : {
      "startLocation" : {
        "latitudeE7" : -258412997,
        "longitudeE7" : 281607792,
        "sourceInfo" : {
          "deviceTag" : -63513299
        }
      },
      "endLocation" : {
        "latitudeE7" : -258560753,
        "longitudeE7" : 281626091,
        "sourceInfo" : {
          "deviceTag" : -63513299
        }
      },
      "duration" : {
        "startTimestampMs" : "1564213648955",
        "endTimestampMs" : "1564214102104"
      },
      "distance" : 2650,
      "activityType" : "IN_PASSENGER_VEHICLE",
      "confidence" : "HIGH",
      "activities" : [ {
        "activityType" : "IN_PASSENGER_VEHICLE",
        "probability" : 98.37096210499485
      }, {
        "activityType" : "WALKING",
        "probability" : 1.1631243171806998
      }, {
        "activityType" : "IN_BUS",
        "probability" : 0.38710200190779154
      } ],
      "waypointPath" : {
        "waypoints" : [ {
          "latE7" : -258415508,
          "lngE7" : 281605510
        }, {
          "latE7" : -258456859,
          "lngE7" : 281627426
        }, {
          "latE7" : -258475608,
          "lngE7" : 281570644
        }, {
          "latE7" : -258579063,
          "lngE7" : 281577930
        }, {
          "latE7" : -258560543,
          "lngE7" : 281622924
        } ]
      },
      "simplifiedRawPath" : {
        "points" : [ {
          "latE7" : -258475632,
          "lngE7" : 281570468,
          "timestampMs" : "1564213823451",
          "accuracyMeters" : 55
        }, {
          "latE7" : -258580065,
          "lngE7" : 281593942,
          "timestampMs" : "1564213984999",
          "accuracyMeters" : 6
        } ]
      }
    }
  }, {
    "placeVisit" : {
      "location" : {
        "latitudeE7" : -258559780,
        "longitudeE7" : 281626430,
        "placeId" : "ChIJgf7JGllklR4RTqYK8tHPm_w",
        "address" : "13 Willem Rd\nEldoraigne\nCenturion\n0157\nSouth Africa",
        "name" : "13 Willem Rd",
        "semanticType" : "TYPE_HOME",
        "sourceInfo" : {
          "deviceTag" : -63513299
        },
        "locationConfidence" : 96.77572
      },
      "duration" : {
        "startTimestampMs" : "1564214102104",
        "endTimestampMs" : "1564229798280"
      },
      "placeConfidence" : "HIGH_CONFIDENCE",
      "centerLatE7" : -258560336,
      "centerLngE7" : 281625782,
      "visitConfidence" : 94,
      "otherCandidateLocations" : [ {
        "latitudeE7" : -258584100,
        "longitudeE7" : 281624600,
        "placeId" : "ChIJWVS1zllklR4R7ih8EDjLG2g",
        "semanticType" : "TYPE_SEARCHED_ADDRESS",
        "locationConfidence" : 2.0067022
      }, {
        "latitudeE7" : -258565130,
        "longitudeE7" : 281611230,
        "placeId" : "ChIJjc378FhklR4R-lrwm02iVNY",
        "semanticType" : "TYPE_SEARCHED_ADDRESS",
        "locationConfidence" : 0.2599643
      }, {
        "latitudeE7" : -258570590,
        "longitudeE7" : 281625620,
        "placeId" : "ChIJGZkpr1lklR4RvXt8NOQ53JI",
        "semanticType" : "TYPE_SEARCHED_ADDRESS",
        "locationConfidence" : 0.24296828
      }, {
        "latitudeE7" : -258560800,
        "longitudeE7" : 281633500,
        "placeId" : "ChIJqbfuDFlklR4R62Y6o0Rpy9w",
        "locationConfidence" : 0.20656075
      } ],
      "editConfirmationStatus" : "NOT_CONFIRMED"
    }
  }, {
    "activitySegment" : {
      "startLocation" : {
        "latitudeE7" : -258560753,
        "longitudeE7" : 281626091,
        "sourceInfo" : {
          "deviceTag" : -63513299
        }
      },
      "endLocation" : {
        "latitudeE7" : -258840831,
        "longitudeE7" : 281622136,
        "sourceInfo" : {
          "deviceTag" : -63513299
        }
      },
      "duration" : {
        "startTimestampMs" : "1564229798280",
        "endTimestampMs" : "1564230469103"
      },
      "distance" : 3654,
      "activityType" : "IN_PASSENGER_VEHICLE",
      "confidence" : "HIGH",
      "activities" : [ {
        "activityType" : "IN_PASSENGER_VEHICLE",
        "probability" : 98.9127329929434
      }, {
        "activityType" : "WALKING",
        "probability" : 0.6811121768467551
      }, {
        "activityType" : "IN_BUS",
        "probability" : 0.32318272283731336
      } ],
      "waypointPath" : {
        "waypoints" : [ {
          "latE7" : -258560543,
          "lngE7" : 281622924
        }, {
          "latE7" : -258788433,
          "lngE7" : 281617546
        }, {
          "latE7" : -258840904,
          "lngE7" : 281619834
        } ]
      }
    }
  }, {
    "placeVisit" : {
      "location" : {
        "latitudeE7" : -258830496,
        "longitudeE7" : 281619452,
        "placeId" : "ChIJKY8ms6dllR4R7OC4Suek7f0",
        "address" : "Rooihuiskraal\nCenturion\n0154\nSuid-Afrika",
        "name" : "Gateway Corner",
        "sourceInfo" : {
          "deviceTag" : -63513299
        },
        "locationConfidence" : 47.00659
      },
      "duration" : {
        "startTimestampMs" : "1564230469103",
        "endTimestampMs" : "1564231738162"
      },
      "placeConfidence" : "MEDIUM_CONFIDENCE",
      "childVisits" : [ {
        "location" : {
          "latitudeE7" : -258836618,
          "longitudeE7" : 281625476,
          "placeId" : "ChIJ1x_A-6ZllR4RnzxlX35otbA",
          "address" : "Gateway Plaza Corner Sarel Baard and\nOld Johannesburg Rd\nRooihuiskraal\nCenturion\n0157\nSouth Africa",
          "name" : "West Pack Lifestyle Centurion",
          "sourceInfo" : {
            "deviceTag" : -63513299
          },
          "locationConfidence" : 19.83364
        },
        "duration" : {
          "startTimestampMs" : "1564230469103",
          "endTimestampMs" : "1564231738162"
        },
        "placeConfidence" : "LOW_CONFIDENCE",
        "centerLatE7" : -258838394,
        "centerLngE7" : 281621267,
        "visitConfidence" : 94,
        "otherCandidateLocations" : [ {
          "latitudeE7" : -258829272,
          "longitudeE7" : 281620357,
          "placeId" : "ChIJxZ8eNqZllR4RHTX-X4skMhA",
          "locationConfidence" : 13.476678
        }, {
          "latitudeE7" : -258831306,
          "longitudeE7" : 281625456,
          "placeId" : "ChIJwZ7UUaZllR4Rid8dySBMaag",
          "locationConfidence" : 4.517196
        }, {
          "latitudeE7" : -258827340,
          "longitudeE7" : 281623870,
          "placeId" : "ChIJl5iL_vJllR4REbzncF-B7pM",
          "locationConfidence" : 2.892303
        }, {
          "latitudeE7" : -258843830,
          "longitudeE7" : 281626876,
          "placeId" : "ChIJM_elSKZllR4R9f2hvOdXEeo",
          "locationConfidence" : 1.9100801
        }, {
          "latitudeE7" : -258823324,
          "longitudeE7" : 281624704,
          "placeId" : "ChIJjfhCNqZllR4RQgP7y6_0rpk",
          "locationConfidence" : 1.1724993
        }, {
          "latitudeE7" : -258840450,
          "longitudeE7" : 281616390,
          "placeId" : "ChIJq7O0AKdllR4RjP9e3csHbvU",
          "locationConfidence" : 0.9967386
        } ],
        "editConfirmationStatus" : "NOT_CONFIRMED"
      } ],
      "centerLatE7" : -258838394,
      "centerLngE7" : 281621267,
      "visitConfidence" : 94,
      "otherCandidateLocations" : [ {
        "latitudeE7" : -258829272,
        "longitudeE7" : 281620357,
        "placeId" : "ChIJxZ8eNqZllR4RHTX-X4skMhA",
        "locationConfidence" : 31.940317
      }, {
        "latitudeE7" : -258827340,
        "longitudeE7" : 281623870,
        "placeId" : "ChIJl5iL_vJllR4REbzncF-B7pM",
        "locationConfidence" : 6.854885
      }, {
        "latitudeE7" : -258843830,
        "longitudeE7" : 281626876,
        "placeId" : "ChIJM_elSKZllR4R9f2hvOdXEeo",
        "locationConfidence" : 4.5269732
      }, {
        "latitudeE7" : -258823324,
        "longitudeE7" : 281624704,
        "placeId" : "ChIJjfhCNqZllR4RQgP7y6_0rpk",
        "locationConfidence" : 2.7788746
      }, {
        "latitudeE7" : -258840450,
        "longitudeE7" : 281616390,
        "placeId" : "ChIJq7O0AKdllR4RjP9e3csHbvU",
        "locationConfidence" : 2.3623142
      }, {
        "latitudeE7" : -258862449,
        "longitudeE7" : 281617297,
        "placeId" : "ChIJZzkWL6dllR4RaeWSyEbJPz4",
        "locationConfidence" : 0.9368411
      } ],
      "editConfirmationStatus" : "NOT_CONFIRMED"
    }
  }, {
    "activitySegment" : {
      "startLocation" : {
        "latitudeE7" : -258848367,
        "longitudeE7" : 281626174,
        "sourceInfo" : {
          "deviceTag" : -63513299
        }
      },
      "endLocation" : {
        "latitudeE7" : -258858577,
        "longitudeE7" : 282041892,
        "sourceInfo" : {
          "deviceTag" : -63513299
        }
      },
      "duration" : {
        "startTimestampMs" : "1564231738162",
        "endTimestampMs" : "1564232361506"
      },
      "distance" : 4684,
      "activityType" : "IN_PASSENGER_VEHICLE",
      "confidence" : "HIGH",
      "activities" : [ {
        "activityType" : "IN_PASSENGER_VEHICLE",
        "probability" : 96.70312253790905
      }, {
        "activityType" : "WALKING",
        "probability" : 3.1490456892991814
      }, {
        "activityType" : "IN_BUS",
        "probability" : 0.0954862475669685
      } ],
      "waypointPath" : {
        "waypoints" : [ {
          "latE7" : -258848400,
          "lngE7" : 281624164
        }, {
          "latE7" : -258920249,
          "lngE7" : 281702728
        }, {
          "latE7" : -258857498,
          "lngE7" : 282042942
        } ]
      }
    }
  }, {
    "placeVisit" : {
      "location" : {
        "latitudeE7" : -258811884,
        "longitudeE7" : 282263470,
        "placeId" : "ChIJZ-czYW1mlR4RS3PIqX7qKMg",
        "address" : "Irene\nCenturion\n0157\nSouth Africa",
        "name" : "Irene"
      },
      "duration" : {
        "startTimestampMs" : "1564232361506",
        "endTimestampMs" : "1564235357614"
      },
      "placeConfidence" : "MEDIUM_CONFIDENCE",
      "centerLatE7" : -258857710,
      "centerLngE7" : 282042466,
      "visitConfidence" : 95,
      "otherCandidateLocations" : [ {
        "latitudeE7" : -258846552,
        "longitudeE7" : 282050401,
        "placeId" : "ChIJkS1mDt9llR4R_j5wFHZ3tVs",
        "locationConfidence" : 36.694107
      }, {
        "latitudeE7" : -258847019,
        "longitudeE7" : 282051799,
        "placeId" : "ChIJY-rxWBZllR4RfSwI1fUhyQU",
        "locationConfidence" : 7.0480266
      }, {
        "latitudeE7" : -258866110,
        "longitudeE7" : 282053200,
        "placeId" : "ChIJ1XpsFXJmlR4RyLJU2fFfmec",
        "locationConfidence" : 1.0419207
      }, {
        "latitudeE7" : -258864310,
        "longitudeE7" : 282059910,
        "placeId" : "ChIJ9x9ytTNklR4RjEo5vWgONn8",
        "locationConfidence" : 0.072144344
      } ],
      "editConfirmationStatus" : "CONFIRMED"
    }
  }, {
    "activitySegment" : {
      "startLocation" : {
        "latitudeE7" : -258855933,
        "longitudeE7" : 282042943,
        "sourceInfo" : {
          "deviceTag" : -63513299
        }
      },
      "endLocation" : {
        "latitudeE7" : -258783892,
        "longitudeE7" : 282124624,
        "sourceInfo" : {
          "deviceTag" : -63513299
        }
      },
      "duration" : {
        "startTimestampMs" : "1564235357614",
        "endTimestampMs" : "1564235801211"
      },
      "distance" : 1595,
      "activityType" : "IN_PASSENGER_VEHICLE",
      "confidence" : "HIGH",
      "activities" : [ {
        "activityType" : "IN_PASSENGER_VEHICLE",
        "probability" : 98.1360153082005
      }, {
        "activityType" : "WALKING",
        "probability" : 1.5209259467443994
      }, {
        "activityType" : "IN_BUS",
        "probability" : 0.2667823106481402
      } ],
      "waypointPath" : {
        "waypoints" : [ {
          "latE7" : -258856258,
          "lngE7" : 282042903
        }, {
          "latE7" : -258775787,
          "lngE7" : 282152500
        }, {
          "latE7" : -258782558,
          "lngE7" : 282141571
        } ]
      },
      "simplifiedRawPath" : {
        "points" : [ {
          "latE7" : -258781741,
          "lngE7" : 282143242,
          "timestampMs" : "1564235694999",
          "accuracyMeters" : 8
        } ]
      }
    }
  }, {
    "placeVisit" : {
      "location" : {
        "latitudeE7" : -258785980,
        "longitudeE7" : 282134480,
        "placeId" : "ChIJBWLInGxmlR4RKh7FxP4CmHo",
        "address" : "Nellmapius Rd\nIrene\nCenturion\n0062\nSouth Africa",
        "name" : "Irene Farm",
        "sourceInfo" : {
          "deviceTag" : -63513299
        },
        "locationConfidence" : 96.55519
      },
      "duration" : {
        "startTimestampMs" : "1564235801211",
        "endTimestampMs" : "1564237034124"
      },
      "placeConfidence" : "HIGH_CONFIDENCE",
      "centerLatE7" : -258784521,
      "centerLngE7" : 282126958,
      "visitConfidence" : 95,
      "otherCandidateLocations" : [ {
        "latitudeE7" : -258785600,
        "longitudeE7" : 282127500,
        "placeId" : "ChIJcTzqnXNmlR4R1VoJmCb0vlo",
        "locationConfidence" : 2.6603878
      }, {
        "latitudeE7" : -258785600,
        "longitudeE7" : 282127500,
        "placeId" : "ChIJcTzqnXNmlR4RbC22JBW594M",
        "locationConfidence" : 0.21546441
      }, {
        "latitudeE7" : -258761636,
        "longitudeE7" : 282109621,
        "placeId" : "ChIJlZ9GmmxmlR4RTNj6xFaNLaw",
        "locationConfidence" : 0.20837884
      }, {
        "latitudeE7" : -258766410,
        "longitudeE7" : 282114820,
        "placeId" : "ChIJETPpBnRmlR4RBMx8GEWIT7I",
        "locationConfidence" : 0.13470563
      } ],
      "editConfirmationStatus" : "NOT_CONFIRMED"
    }
  }, {
    "activitySegment" : {
      "startLocation" : {
        "latitudeE7" : -258785980,
        "longitudeE7" : 282134480,
        "sourceInfo" : {
          "deviceTag" : -63513299
        }
      },
      "endLocation" : {
        "latitudeE7" : -258407910,
        "longitudeE7" : 282050870,
        "sourceInfo" : {
          "deviceTag" : -63513299
        }
      },
      "duration" : {
        "startTimestampMs" : "1564237034124",
        "endTimestampMs" : "1564237823790"
      },
      "distance" : 4441,
      "activityType" : "IN_PASSENGER_VEHICLE",
      "confidence" : "HIGH",
      "activities" : [ {
        "activityType" : "IN_PASSENGER_VEHICLE",
        "probability" : 95.25498084970312
      }, {
        "activityType" : "WALKING",
        "probability" : 4.403468111555685
      }, {
        "activityType" : "IN_BUS",
        "probability" : 0.2184647870060244
      } ],
      "waypointPath" : {
        "waypoints" : [ {
          "latE7" : -258785991,
          "lngE7" : 282134475
        }, {
          "latE7" : -258599281,
          "lngE7" : 282075481
        }, {
          "latE7" : -258416385,
          "lngE7" : 282035408
        } ]
      }
    }
  }, {
    "placeVisit" : {
      "location" : {
        "latitudeE7" : -258407910,
        "longitudeE7" : 282050870,
        "placeId" : "ChIJ13hkEiBklR4R3WzjDVEXkbY",
        "address" : "23 Selborne Ave\nLyttelton Manor\nCenturion\n0157\nSouth Africa",
        "name" : "23 Selborne Ave",
        "semanticType" : "TYPE_SEARCHED_ADDRESS",
        "sourceInfo" : {
          "deviceTag" : -63513299
        },
        "locationConfidence" : 43.32457
      },
      "duration" : {
        "startTimestampMs" : "1564237823790",
        "endTimestampMs" : "1564238534108"
      },
      "placeConfidence" : "MEDIUM_CONFIDENCE",
      "centerLatE7" : -258416129,
      "centerLngE7" : 282033029,
      "visitConfidence" : 92,
      "otherCandidateLocations" : [ {
        "latitudeE7" : -258422821,
        "longitudeE7" : 282027416,
        "placeId" : "ChIJMxunNuNglR4RAvUiMpKmk_w",
        "locationConfidence" : 13.180093
      }, {
        "latitudeE7" : -258413079,
        "longitudeE7" : 282026424,
        "placeId" : "ChIJLehMzyFklR4RgN8-7jIBIz0",
        "locationConfidence" : 11.260711
      }, {
        "latitudeE7" : -258422821,
        "longitudeE7" : 282027416,
        "placeId" : "ChIJAUEHaK9mlR4RuUUpqrU6Ezg",
        "locationConfidence" : 5.506414
      }, {
        "latitudeE7" : -258405541,
        "longitudeE7" : 282014178,
        "placeId" : "ChIJI2lh4CFklR4RWlYZ_me8UIU",
        "locationConfidence" : 4.675845
      }, {
        "latitudeE7" : -258409170,
        "longitudeE7" : 282028600,
        "placeId" : "ChIJCaEYzSFklR4RG-LYOYje4nI",
        "locationConfidence" : 2.9476352
      }, {
        "latitudeE7" : -258422821,
        "longitudeE7" : 282027416,
        "placeId" : "ChIJKV2vrSFklR4Rc11_iRpJqT4",
        "locationConfidence" : 2.68749
      }, {
        "latitudeE7" : -258422820,
        "longitudeE7" : 282027420,
        "placeId" : "ChIJKV2vrSFklR4RKd8AIIc8dR4",
        "locationConfidence" : 2.6517138
      }, {
        "latitudeE7" : -258407110,
        "longitudeE7" : 282036080,
        "placeId" : "ChIJFwprMCBklR4Rfz47itxpRns",
        "locationConfidence" : 1.4476026
      }, {
        "latitudeE7" : -258402156,
        "longitudeE7" : 282050955,
        "placeId" : "ChIJ6e3HGiBklR4RHJT9JbgY3gw",
        "locationConfidence" : 1.3680214
      } ],
      "editConfirmationStatus" : "NOT_CONFIRMED"
    }
  }, {
    "activitySegment" : {
      "startLocation" : {
        "latitudeE7" : -258416579,
        "longitudeE7" : 282033172,
        "sourceInfo" : {
          "deviceTag" : -63513299
        }
      },
      "endLocation" : {
        "latitudeE7" : -258456109,
        "longitudeE7" : 281781089,
        "sourceInfo" : {
          "deviceTag" : -63513299
        }
      },
      "duration" : {
        "startTimestampMs" : "1564238534108",
        "endTimestampMs" : "1564239066000"
      },
      "distance" : 3815,
      "activityType" : "IN_PASSENGER_VEHICLE",
      "confidence" : "HIGH",
      "activities" : [ {
        "activityType" : "IN_PASSENGER_VEHICLE",
        "probability" : 99.25493985275057
      }, {
        "activityType" : "WALKING",
        "probability" : 0.5617908396630562
      }, {
        "activityType" : "IN_BUS",
        "probability" : 0.08445580109626273
      } ],
      "waypointPath" : {
        "waypoints" : [ {
          "latE7" : -258415794,
          "lngE7" : 282035102
        }, {
          "latE7" : -258442420,
          "lngE7" : 281836509
        }, {
          "latE7" : -258457088,
          "lngE7" : 281783084
        } ]
      }
    }
  }, {
    "placeVisit" : {
      "location" : {
        "latitudeE7" : -258380994,
        "longitudeE7" : 281737044,
        "placeId" : "ChIJgyhRSGVklR4Rb8wj5hTSFEU",
        "address" : "Clubview\nCenturion\n0157\nSouth Africa",
        "name" : "Clubview",
        "locationConfidence" : 100.0
      },
      "duration" : {
        "startTimestampMs" : "1564239066000",
        "endTimestampMs" : "1564239943360"
      },
      "placeConfidence" : "USER_CONFIRMED",
      "visitConfidence" : 100,
      "otherCandidateLocations" : [ {
        "latitudeE7" : -258456168,
        "longitudeE7" : 281781468,
        "placeId" : "ChIJ0TM2EGpklR4RnbOlQwlM8nU",
        "locationConfidence" : 20.662975
      }, {
        "latitudeE7" : -258455809,
        "longitudeE7" : 281781292,
        "placeId" : "ChIJ0TM2EGpklR4RWUgdKC7cJwE",
        "locationConfidence" : 0.65272826
      }, {
        "latitudeE7" : -258456167,
        "longitudeE7" : 281781469,
        "placeId" : "ChIJfeYI3kFklR4RCTQZD6Z7jAg",
        "locationConfidence" : 0.53659946
      }, {
        "latitudeE7" : -258461320,
        "longitudeE7" : 281783290,
        "placeId" : "ChIJKaalw0FklR4RnGR4WRlltlk",
        "locationConfidence" : 0.3352559
      } ],
      "editConfirmationStatus" : "CONFIRMED"
    }
  }, {
    "activitySegment" : {
      "startLocation" : {
        "latitudeE7" : -258456109,
        "longitudeE7" : 281781089,
        "sourceInfo" : {
          "deviceTag" : -63513299
        }
      },
      "endLocation" : {
        "latitudeE7" : -258411433,
        "longitudeE7" : 281771376,
        "sourceInfo" : {
          "deviceTag" : -63513299
        }
      },
      "duration" : {
        "startTimestampMs" : "1564239943360",
        "endTimestampMs" : "1564240188000"
      },
      "distance" : 842,
      "activityType" : "IN_PASSENGER_VEHICLE",
      "confidence" : "HIGH",
      "activities" : [ {
        "activityType" : "IN_PASSENGER_VEHICLE",
        "probability" : 97.66122980754358
      }, {
        "activityType" : "WALKING",
        "probability" : 1.316402516989059
      }, {
        "activityType" : "MOTORCYCLING",
        "probability" : 0.8348481339315237
      } ],
      "waypointPath" : {
        "waypoints" : [ {
          "latE7" : -258460102,
          "lngE7" : 281789512
        }, {
          "latE7" : -258423271,
          "lngE7" : 281761989
        }, {
          "latE7" : -258412151,
          "lngE7" : 281772327
        } ]
      },
      "simplifiedRawPath" : {
        "points" : [ {
          "latE7" : -258430989,
          "lngE7" : 281758522,
          "timestampMs" : "1564240065432",
          "accuracyMeters" : 22
        } ]
      }
    }
  }, {
    "placeVisit" : {
      "location" : {
        "latitudeE7" : -258393859,
        "longitudeE7" : 281770732,
        "placeId" : "ChIJ-4s072tklR4RytGcW0rtsZY",
        "address" : "87 Jim Van Der Merwe St\nClubview\nCenturion\n0140\nSouth Africa",
        "name" : "Kleinkaap Boutique Hotel",
        "locationConfidence" : 100.0
      },
      "duration" : {
        "startTimestampMs" : "1564240188000",
        "endTimestampMs" : "1564240657000"
      },
      "placeConfidence" : "USER_CONFIRMED",
      "visitConfidence" : 100,
      "otherCandidateLocations" : [ {
        "latitudeE7" : -258393190,
        "longitudeE7" : 281770680,
        "placeId" : "ChIJU4j-D2xklR4Rs3bsFCUTeFs",
        "locationConfidence" : 1.3224145
      }, {
        "latitudeE7" : -258411433,
        "longitudeE7" : 281771376,
        "placeId" : "ChIJF-9NSdBllR4R8FgyFcyITqE",
        "locationConfidence" : 1.2016667
      }, {
        "latitudeE7" : -258408832,
        "longitudeE7" : 281776701,
        "placeId" : "ChIJ1ZwG7GtklR4RUz7NBkoKCCU",
        "locationConfidence" : 0.658014
      }, {
        "latitudeE7" : -258402497,
        "longitudeE7" : 281745448,
        "placeId" : "ChIJAeZg125klR4Rdg_FuflgyKI",
        "locationConfidence" : 0.39551392
      } ],
      "editConfirmationStatus" : "CONFIRMED"
    }
  }, {
    "activitySegment" : {
      "startLocation" : {
        "latitudeE7" : -258403056,
        "longitudeE7" : 281772280,
        "sourceInfo" : {
          "deviceTag" : -63513299
        }
      },
      "endLocation" : {
        "latitudeE7" : -258431510,
        "longitudeE7" : 281615290,
        "sourceInfo" : {
          "deviceTag" : -63513299
        }
      },
      "duration" : {
        "startTimestampMs" : "1564240657518",
        "endTimestampMs" : "1564240976865"
      },
      "distance" : 1729,
      "activityType" : "IN_PASSENGER_VEHICLE",
      "confidence" : "HIGH",
      "activities" : [ {
        "activityType" : "IN_PASSENGER_VEHICLE",
        "probability" : 99.07933792771672
      }, {
        "activityType" : "WALKING",
        "probability" : 0.654979636320708
      }, {
        "activityType" : "MOTORCYCLING",
        "probability" : 0.1545500621535358
      } ],
      "waypointPath" : {
        "waypoints" : [ {
          "latE7" : -258406906,
          "lngE7" : 281777305
        }, {
          "latE7" : -258419799,
          "lngE7" : 281628589
        }, {
          "latE7" : -258434581,
          "lngE7" : 281614856
        } ]
      }
    }
  }, {
    "placeVisit" : {
      "location" : {
        "latitudeE7" : -258431510,
        "longitudeE7" : 281615290,
        "placeId" : "ChIJBxMSKWJklR4RCLykdzWhVxo",
        "address" : "1033 Shirley Rd\nEldoraigne\nCenturion\n0157\nSouth Africa",
        "name" : "InnJoy Boutique Hotel | Centurion Accommodation",
        "sourceInfo" : {
          "deviceTag" : -63513299
        },
        "locationConfidence" : 98.114334
      },
      "duration" : {
        "startTimestampMs" : "1564240976865",
        "endTimestampMs" : "1564241354185"
      },
      "placeConfidence" : "HIGH_CONFIDENCE",
      "centerLatE7" : -258432771,
      "centerLngE7" : 281615129,
      "visitConfidence" : 91,
      "otherCandidateLocations" : [ {
        "latitudeE7" : -258432893,
        "longitudeE7" : 281615202,
        "placeId" : "ChIJJynVFDlllR4RXzj-spTsVjY",
        "locationConfidence" : 0.35449067
      }, {
        "latitudeE7" : -258414796,
        "longitudeE7" : 281606948,
        "placeId" : "ChIJVeYuXWJklR4RQkRA1ro6D2M",
        "locationConfidence" : 0.21897295
      }, {
        "latitudeE7" : -258412899,
        "longitudeE7" : 281605300,
        "placeId" : "ChIJO7LRRmJklR4R5mchqXhJ6E4",
        "locationConfidence" : 0.20536748
      }, {
        "latitudeE7" : -258431510,
        "longitudeE7" : 281615290,
        "placeId" : "ChIJBxMSKWJklR4RvKzi8sVE1H4",
        "locationConfidence" : 0.19370858
      } ],
      "editConfirmationStatus" : "NOT_CONFIRMED"
    }
  }, {
    "activitySegment" : {
      "startLocation" : {
        "latitudeE7" : -258431510,
        "longitudeE7" : 281615290,
        "sourceInfo" : {
          "deviceTag" : -63513299
        }
      },
      "endLocation" : {
        "latitudeE7" : -258560287,
        "longitudeE7" : 281624707,
        "sourceInfo" : {
          "deviceTag" : -63513299
        }
      },
      "duration" : {
        "startTimestampMs" : "1564241354185",
        "endTimestampMs" : "1564241857252"
      },
      "distance" : 2704,
      "activityType" : "IN_PASSENGER_VEHICLE",
      "confidence" : "HIGH",
      "activities" : [ {
        "activityType" : "IN_PASSENGER_VEHICLE",
        "probability" : 94.30421986168436
      }, {
        "activityType" : "WALKING",
        "probability" : 5.375706426696008
      }, {
        "activityType" : "IN_BUS",
        "probability" : 0.22115222857941813
      } ],
      "waypointPath" : {
        "waypoints" : [ {
          "latE7" : -258434581,
          "lngE7" : 281614856
        }, {
          "latE7" : -258579063,
          "lngE7" : 281577930
        }, {
          "latE7" : -258560180,
          "lngE7" : 281622943
        } ]
      },
      "simplifiedRawPath" : {
        "points" : [ {
          "latE7" : -258580140,
          "lngE7" : 281578263,
          "timestampMs" : "1564241695999",
          "accuracyMeters" : 8
        } ]
      }
    }
  }, {
    "activitySegment" : {
      "startLocation" : {
        "latitudeE7" : -258560287,
        "longitudeE7" : 281624707,
        "sourceInfo" : {
          "deviceTag" : -63513299
        }
      },
      "endLocation" : {
        "latitudeE7" : -258560753,
        "longitudeE7" : 281626091,
        "sourceInfo" : {
          "deviceTag" : -63513299
        }
      },
      "duration" : {
        "startTimestampMs" : "1564241857252",
        "endTimestampMs" : "1564241922544"
      },
      "distance" : 14,
      "activityType" : "WALKING",
      "confidence" : "HIGH",
      "activities" : [ {
        "activityType" : "WALKING",
        "probability" : 94.30421986168436
      }, {
        "activityType" : "IN_PASSENGER_VEHICLE",
        "probability" : 5.375706426696008
      }, {
        "activityType" : "IN_BUS",
        "probability" : 0.22115222857941813
      } ],
      "waypointPath" : {
        "waypoints" : [ {
          "latE7" : -258560180,
          "lngE7" : 281622943
        }, {
          "latE7" : -258560371,
          "lngE7" : 281622943
        }, {
          "latE7" : -258560543,
          "lngE7" : 281622924
        } ]
      }
    }
  }, {
    "placeVisit" : {
      "location" : {
        "latitudeE7" : -258559780,
        "longitudeE7" : 281626430,
        "placeId" : "ChIJgf7JGllklR4RTqYK8tHPm_w",
        "address" : "13 Willem Rd\nEldoraigne\nCenturion\n0157\nSouth Africa",
        "name" : "13 Willem Rd",
        "semanticType" : "TYPE_HOME",
        "sourceInfo" : {
          "deviceTag" : -63513299
        },
        "locationConfidence" : 97.19254
      },
      "duration" : {
        "startTimestampMs" : "1564241922544",
        "endTimestampMs" : "1564290184671"
      },
      "placeConfidence" : "HIGH_CONFIDENCE",
      "centerLatE7" : -258559859,
      "centerLngE7" : 281626210,
      "visitConfidence" : 91,
      "otherCandidateLocations" : [ {
        "latitudeE7" : -258584100,
        "longitudeE7" : 281624600,
        "placeId" : "ChIJWVS1zllklR4R7ih8EDjLG2g",
        "semanticType" : "TYPE_SEARCHED_ADDRESS",
        "locationConfidence" : 1.7435079
      }, {
        "latitudeE7" : -258565130,
        "longitudeE7" : 281611230,
        "placeId" : "ChIJjc378FhklR4R-lrwm02iVNY",
        "semanticType" : "TYPE_SEARCHED_ADDRESS",
        "locationConfidence" : 0.2434349
      }, {
        "latitudeE7" : -258570590,
        "longitudeE7" : 281625620,
        "placeId" : "ChIJGZkpr1lklR4RvXt8NOQ53JI",
        "semanticType" : "TYPE_SEARCHED_ADDRESS",
        "locationConfidence" : 0.2361149
      }, {
        "latitudeE7" : -258560800,
        "longitudeE7" : 281633500,
        "placeId" : "ChIJqbfuDFlklR4R62Y6o0Rpy9w",
        "locationConfidence" : 0.19635803
      } ],
      "editConfirmationStatus" : "NOT_CONFIRMED"
    }
  }, {
    "activitySegment" : {
      "startLocation" : {
        "latitudeE7" : -258560753,
        "longitudeE7" : 281626091,
        "sourceInfo" : {
          "deviceTag" : -63513299
        }
      },
      "endLocation" : {
        "latitudeE7" : -257425972,
        "longitudeE7" : 285307860,
        "sourceInfo" : {
          "deviceTag" : -63513299
        }
      },
      "duration" : {
        "startTimestampMs" : "1564290184671",
        "endTimestampMs" : "1564293459879"
      },
      "distance" : 60779,
      "activityType" : "IN_PASSENGER_VEHICLE",
      "confidence" : "HIGH",
      "activities" : [ {
        "activityType" : "IN_PASSENGER_VEHICLE",
        "probability" : 98.20890597218043
      }, {
        "activityType" : "IN_BUS",
        "probability" : 1.146717893067029
      }, {
        "activityType" : "WALKING",
        "probability" : 0.45122371978914266
      } ],
      "waypointPath" : {
        "waypoints" : [ {
          "latE7" : -258560543,
          "lngE7" : 281622924
        }, {
          "latE7" : -258184146,
          "lngE7" : 282538185
        }, {
          "latE7" : -257495212,
          "lngE7" : 282734737
        }, {
          "latE7" : -257404670,
          "lngE7" : 282744483
        }, {
          "latE7" : -257454528,
          "lngE7" : 282918586
        }, {
          "latE7" : -257738494,
          "lngE7" : 284392337
        }, {
          "latE7" : -257184543,
          "lngE7" : 285567436
        }, {
          "latE7" : -257427024,
          "lngE7" : 285302734
        } ]
      },
      "simplifiedRawPath" : {
        "points" : [ {
          "latE7" : -257210681,
          "lngE7" : 285575299,
          "timestampMs" : "1564292536433",
          "accuracyMeters" : 92
        } ]
      }
    }
  }, {
    "placeVisit" : {
      "location" : {
        "latitudeE7" : -257425972,
        "longitudeE7" : 285307860,
        "placeId" : "ChIJ4cKQmSlXlR4RkHOOnRObAcQ",
        "address" : "Rayton\n1001\nSouth Africa",
        "name" : "Pienaarspoort",
        "sourceInfo" : {
          "deviceTag" : -63513299
        },
        "locationConfidence" : 73.68496
      },
      "duration" : {
        "startTimestampMs" : "1564293459879",
        "endTimestampMs" : "1564294063428"
      },
      "placeConfidence" : "MEDIUM_CONFIDENCE",
      "centerLatE7" : -257419900,
      "centerLngE7" : 285324700,
      "visitConfidence" : 84,
      "otherCandidateLocations" : [ {
        "latitudeE7" : -257410940,
        "longitudeE7" : 285301850,
        "placeId" : "ChIJSVfSCadXlR4Rj7Kv_im_sMg",
        "locationConfidence" : 6.4135256
      }, {
        "latitudeE7" : -257390372,
        "longitudeE7" : 285319070,
        "placeId" : "ChIJMfkjayhXlR4RxFzF1MIhjcI",
        "locationConfidence" : 4.2710404
      }, {
        "latitudeE7" : -257415748,
        "longitudeE7" : 285325799,
        "placeId" : "ChIJ0QeE2ylXlR4RGBctSZdDEmI",
        "locationConfidence" : 4.0595093
      }, {
        "latitudeE7" : -257403305,
        "longitudeE7" : 285321725,
        "placeId" : "ChIJA1Ud5gBXlR4RLVBFlwRof_w",
        "locationConfidence" : 2.6139107
      }, {
        "latitudeE7" : -257406830,
        "longitudeE7" : 285328949,
        "placeId" : "ChIJybv41ClXlR4RtsFEzwDjJjg",
        "locationConfidence" : 2.0994065
      }, {
        "latitudeE7" : -257410941,
        "longitudeE7" : 285301850,
        "placeId" : "ChIJAQAAAClXlR4R_2pLciJNVhk",
        "locationConfidence" : 1.4815649
      }, {
        "latitudeE7" : -257414599,
        "longitudeE7" : 285322498,
        "placeId" : "ChIJv3waxSlXlR4RJZ0OgKwcsVI",
        "locationConfidence" : 1.2969213
      }, {
        "latitudeE7" : -257430573,
        "longitudeE7" : 285340751,
        "placeId" : "ChIJtycz59VWlR4REdbf_9wT_Nk",
        "locationConfidence" : 0.8363736
      }, {
        "latitudeE7" : -257391568,
        "longitudeE7" : 285317892,
        "placeId" : "ChIJ0fDyFChXlR4RPpzD67cWIZQ",
        "locationConfidence" : 0.79402083
      } ],
      "editConfirmationStatus" : "NOT_CONFIRMED"
    }
  }, {
    "activitySegment" : {
      "startLocation" : {
        "latitudeE7" : -257425972,
        "longitudeE7" : 285307860,
        "sourceInfo" : {
          "deviceTag" : -63513299
        }
      },
      "endLocation" : {
        "latitudeE7" : -257247412,
        "longitudeE7" : 285967896,
        "sourceInfo" : {
          "deviceTag" : -63513299
        }
      },
      "duration" : {
        "startTimestampMs" : "1564294063428",
        "endTimestampMs" : "1564294978012"
      },
      "distance" : 6969,
      "activityType" : "IN_PASSENGER_VEHICLE",
      "confidence" : "MEDIUM",
      "activities" : [ {
        "activityType" : "IN_PASSENGER_VEHICLE",
        "probability" : 78.29595862880917
      }, {
        "activityType" : "WALKING",
        "probability" : 9.190018008272558
      }, {
        "activityType" : "IN_TRAIN",
        "probability" : 8.650107392393194
      } ],
      "waypointPath" : {
        "waypoints" : [ {
          "latE7" : -257427024,
          "lngE7" : 285302734
        }, {
          "latE7" : -257246322,
          "lngE7" : 285321979
        }, {
          "latE7" : -257247219,
          "lngE7" : 285967617
        } ]
      }
    }
  }, {
    "placeVisit" : {
      "location" : {
        "latitudeE7" : -255392279,
        "longitudeE7" : 284453102,
        "placeId" : "ChIJ09KnEP3wvx4RoI6wwj_uQng",
        "address" : "Nokeng Tsa Taemane Local Municipality\nSouth Africa",
        "name" : "Nokeng Tsa Taemane Local Municipality"
      },
      "duration" : {
        "startTimestampMs" : "1564294978012",
        "endTimestampMs" : "1564295587506"
      },
      "placeConfidence" : "HIGH_CONFIDENCE",
      "centerLatE7" : -257252020,
      "centerLngE7" : 285976300,
      "visitConfidence" : 75,
      "editConfirmationStatus" : "CONFIRMED"
    }
  }, {
    "activitySegment" : {
      "startLocation" : {
        "latitudeE7" : -257251484,
        "longitudeE7" : 285978170,
        "sourceInfo" : {
          "deviceTag" : -63513299
        }
      },
      "endLocation" : {
        "latitudeE7" : -256706760,
        "longitudeE7" : 285169836,
        "sourceInfo" : {
          "deviceTag" : -63513299
        }
      },
      "duration" : {
        "startTimestampMs" : "1564295587506",
        "endTimestampMs" : "1564298968000"
      },
      "distance" : 10215,
      "activityType" : "IN_PASSENGER_VEHICLE",
      "confidence" : "HIGH",
      "activities" : [ {
        "activityType" : "IN_PASSENGER_VEHICLE",
        "probability" : 91.5345617692791
      }, {
        "activityType" : "WALKING",
        "probability" : 3.431712992522589
      }, {
        "activityType" : "MOTORCYCLING",
        "probability" : 2.6058925886921527
      } ],
      "waypointPath" : {
        "waypoints" : [ {
          "latE7" : -257245407,
          "lngE7" : 285984992
        }, {
          "latE7" : -257241992,
          "lngE7" : 285321998
        }, {
          "latE7" : -256707496,
          "lngE7" : 285169391
        } ]
      }
    }
  }, {
    "placeVisit" : {
      "location" : {
        "latitudeE7" : -256705723,
        "longitudeE7" : 285162622,
        "placeId" : "ChIJB02OUNlXlR4RTSN72vFxIes",
        "address" : "94 Oak Ave\nCullinan\n1000\nSouth Africa",
        "name" : "Whispering Oaks Garden Café",
        "sourceInfo" : {
          "deviceTag" : -63513299
        },
        "locationConfidence" : 94.5038
      },
      "duration" : {
        "startTimestampMs" : "1564298968000",
        "endTimestampMs" : "1564317651594"
      },
      "placeConfidence" : "HIGH_CONFIDENCE",
      "centerLatE7" : -256704206,
      "centerLngE7" : 285161269,
      "visitConfidence" : 61,
      "otherCandidateLocations" : [ {
        "latitudeE7" : -256702900,
        "longitudeE7" : 285157563,
        "placeId" : "ChIJMVz20NtXlR4RF1R0XzJX1Z4",
        "locationConfidence" : 1.9579195
      }, {
        "latitudeE7" : -256705580,
        "longitudeE7" : 285166230,
        "placeId" : "ChIJ9VzsW9lXlR4Ra-Thqrcfr8A",
        "locationConfidence" : 1.0529442
      }, {
        "latitudeE7" : -256701752,
        "longitudeE7" : 285162884,
        "placeId" : "ChIJMVz20NtXlR4R1aPNyLtAnBI",
        "locationConfidence" : 0.5788895
      }, {
        "latitudeE7" : -256709900,
        "longitudeE7" : 285173670,
        "placeId" : "ChIJdWgafdpXlR4RAENzDd-w994",
        "locationConfidence" : 0.31692728
      } ],
      "editConfirmationStatus" : "NOT_CONFIRMED"
    }
  }, {
    "activitySegment" : {
      "startLocation" : {
        "latitudeE7" : -256705723,
        "longitudeE7" : 285162622,
        "sourceInfo" : {
          "deviceTag" : -63513299
        }
      },
      "endLocation" : {
        "latitudeE7" : -257159810,
        "longitudeE7" : 282583170,
        "sourceInfo" : {
          "deviceTag" : -63513299
        }
      },
      "duration" : {
        "startTimestampMs" : "1564317651594",
        "endTimestampMs" : "1564320204526"
      },
      "distance" : 26523,
      "activityType" : "IN_PASSENGER_VEHICLE",
      "confidence" : "HIGH",
      "activities" : [ {
        "activityType" : "IN_PASSENGER_VEHICLE",
        "probability" : 97.35106776718644
      }, {
        "activityType" : "WALKING",
        "probability" : 2.4302934947395736
      }, {
        "activityType" : "IN_BUS",
        "probability" : 0.06388892179468866
      } ],
      "waypointPath" : {
        "waypoints" : [ {
          "latE7" : -256704559,
          "lngE7" : 285163307
        }, {
          "latE7" : -257054309,
          "lngE7" : 282684841
        }, {
          "latE7" : -257159919,
          "lngE7" : 282580986
        } ]
      },
      "simplifiedRawPath" : {
        "points" : [ {
          "latE7" : -257071497,
          "lngE7" : 282713776,
          "timestampMs" : "1564318940255",
          "accuracyMeters" : 16
        } ]
      }
    }
  }, {
    "placeVisit" : {
      "location" : {
        "latitudeE7" : -257159810,
        "longitudeE7" : 282583170,
        "placeId" : "ChIJSfliSoHfvx4RI5qQZawZ2-c",
        "address" : "6 Jeanette St\nKilner Park\nPretoria\n0186\nSouth Africa",
        "name" : "6 Jeanette St",
        "semanticType" : "TYPE_SEARCHED_ADDRESS",
        "sourceInfo" : {
          "deviceTag" : -63513299
        },
        "locationConfidence" : 88.9707
      },
      "duration" : {
        "startTimestampMs" : "1564320204526",
        "endTimestampMs" : "1564320659215"
      },
      "placeConfidence" : "MEDIUM_CONFIDENCE",
      "centerLatE7" : -257158700,
      "centerLngE7" : 282582500,
      "visitConfidence" : 84,
      "otherCandidateLocations" : [ {
        "latitudeE7" : -257159810,
        "longitudeE7" : 282583170,
        "placeId" : "ChIJSfliSoHfvx4RmUBO5uU3Jig",
        "locationConfidence" : 7.5180707
      }, {
        "latitudeE7" : -257160833,
        "longitudeE7" : 282572778,
        "placeId" : "ChIJs67iQIHfvx4RHsSNs3YQi5M",
        "locationConfidence" : 0.81220824
      }, {
        "latitudeE7" : -257155309,
        "longitudeE7" : 282561946,
        "placeId" : "ChIJvTlse4Hfvx4Rxwsyk63rMQA",
        "locationConfidence" : 0.41807494
      }, {
        "latitudeE7" : -257149499,
        "longitudeE7" : 282610100,
        "placeId" : "ChIJLQcnj4bfvx4Rp20m8YwzXRo",
        "locationConfidence" : 0.3587091
      } ],
      "editConfirmationStatus" : "NOT_CONFIRMED"
    }
  }, {
    "activitySegment" : {
      "startLocation" : {
        "latitudeE7" : -257158757,
        "longitudeE7" : 282582562,
        "sourceInfo" : {
          "deviceTag" : -63513299
        }
      },
      "endLocation" : {
        "latitudeE7" : -258400350,
        "longitudeE7" : 281777929,
        "sourceInfo" : {
          "deviceTag" : -63513299
        }
      },
      "duration" : {
        "startTimestampMs" : "1564320659215",
        "endTimestampMs" : "1564385832525"
      },
      "distance" : 15984,
      "activityType" : "IN_PASSENGER_VEHICLE",
      "confidence" : "MEDIUM",
      "activities" : [ {
        "activityType" : "IN_PASSENGER_VEHICLE",
        "probability" : 84.20541135599755
      }, {
        "activityType" : "WALKING",
        "probability" : 11.307942309086176
      }, {
        "activityType" : "MOTORCYCLING",
        "probability" : 2.2418399381999277
      } ],
      "waypointPath" : {
        "waypoints" : [ {
          "latE7" : -257158832,
          "lngE7" : 282580928
        }, {
          "latE7" : -258137016,
          "lngE7" : 282569923
        }, {
          "latE7" : -258402729,
          "lngE7" : 281781139
        } ]
      }
    }
  }, {
    "placeVisit" : {
      "location" : {
        "latitudeE7" : -258411433,
        "longitudeE7" : 281771376,
        "placeId" : "ChIJ-4s072tklR4RytGcW0rtsZY",
        "address" : "87 Jim Van Der Merwe St\nClubview\nCenturion\n0140\nSouth Africa",
        "name" : "Kleinkaap Boutique Hotel",
        "sourceInfo" : {
          "deviceTag" : -63513299
        },
        "locationConfidence" : 77.13567
      },
      "duration" : {
        "startTimestampMs" : "1564385832525",
        "endTimestampMs" : "1564386518999"
      },
      "placeConfidence" : "MEDIUM_CONFIDENCE",
      "centerLatE7" : -258396333,
      "centerLngE7" : 281778173,
      "visitConfidence" : 94,
      "otherCandidateLocations" : [ {
        "latitudeE7" : -258387400,
        "longitudeE7" : 281770300,
        "placeId" : "ChIJAV8GImxklR4R8ijCObTbAbM",
        "locationConfidence" : 5.446902
      }, {
        "latitudeE7" : -258393190,
        "longitudeE7" : 281770680,
        "placeId" : "ChIJU4j-D2xklR4Rs3bsFCUTeFs",
        "locationConfidence" : 2.2264016
      }, {
        "latitudeE7" : -258393700,
        "longitudeE7" : 281773800,
        "placeId" : "ChIJU4j-D2xklR4RmX2AbHG8CcU",
        "locationConfidence" : 2.1813033
      }, {
        "latitudeE7" : -258375800,
        "longitudeE7" : 281781336,
        "placeId" : "ChIJRQCWNWxklR4R1tS3sh5PR24",
        "locationConfidence" : 1.5593604
      }, {
        "latitudeE7" : -258400936,
        "longitudeE7" : 281798382,
        "placeId" : "ChIJIc6VeWtklR4RbcpGlKvcBe0",
        "locationConfidence" : 1.1351311
      }, {
        "latitudeE7" : -258411433,
        "longitudeE7" : 281771376,
        "placeId" : "ChIJF-9NSdBllR4R8FgyFcyITqE",
        "locationConfidence" : 0.9971795
      }, {
        "latitudeE7" : -258394107,
        "longitudeE7" : 281768016,
        "placeId" : "ChIJkzV8HWxklR4RulylnxCuKWo",
        "locationConfidence" : 0.89431494
      }, {
        "latitudeE7" : -258386433,
        "longitudeE7" : 281783115,
        "placeId" : "ChIJl0j2amxklR4RXLMee1GOQQo",
        "locationConfidence" : 0.5151598
      } ],
      "editConfirmationStatus" : "NOT_CONFIRMED"
    }
  }, {
    "activitySegment" : {
      "startLocation" : {
        "latitudeE7" : -258392353,
        "longitudeE7" : 281771811,
        "sourceInfo" : {
          "deviceTag" : -63513299
        }
      },
      "endLocation" : {
        "latitudeE7" : -258626486,
        "longitudeE7" : 281679510,
        "sourceInfo" : {
          "deviceTag" : -63513299
        }
      },
      "duration" : {
        "startTimestampMs" : "1564386518999",
        "endTimestampMs" : "1564387079028"
      },
      "distance" : 3330,
      "activityType" : "IN_PASSENGER_VEHICLE",
      "confidence" : "HIGH",
      "activities" : [ {
        "activityType" : "IN_PASSENGER_VEHICLE",
        "probability" : 97.32817945208359
      }, {
        "activityType" : "MOTORCYCLING",
        "probability" : 1.5238741366533919
      }, {
        "activityType" : "WALKING",
        "probability" : 0.7487267167215886
      } ],
      "waypointPath" : {
        "waypoints" : [ {
          "latE7" : -258391475,
          "lngE7" : 281771621
        }, {
          "latE7" : -258423271,
          "lngE7" : 281761989
        }, {
          "latE7" : -258497524,
          "lngE7" : 281749992
        }, {
          "latE7" : -258569450,
          "lngE7" : 281670169
        }, {
          "latE7" : -258626785,
          "lngE7" : 281678581
        } ]
      },
      "simplifiedRawPath" : {
        "points" : [ {
          "latE7" : -258392353,
          "lngE7" : 281771811,
          "timestampMs" : "1564386518999",
          "accuracyMeters" : 7
        }, {
          "latE7" : -258496642,
          "lngE7" : 281750947,
          "timestampMs" : "1564386791999",
          "accuracyMeters" : 6
        } ]
      }
    }
  }, {
    "placeVisit" : {
      "location" : {
        "latitudeE7" : -258626486,
        "longitudeE7" : 281679510,
        "placeId" : "ChIJQUJznlFklR4RXph7DWD17Kg",
        "address" : "Hendrik Verwoerd Dr\nHennopspark\nCenturion\n0157\nSouth Africa",
        "name" : "Shell",
        "sourceInfo" : {
          "deviceTag" : -63513299
        },
        "locationConfidence" : 47.609238
      },
      "duration" : {
        "startTimestampMs" : "1564387079028",
        "endTimestampMs" : "1564390145528"
      },
      "placeConfidence" : "MEDIUM_CONFIDENCE",
      "centerLatE7" : -258629113,
      "centerLngE7" : 281680642,
      "visitConfidence" : 82,
      "otherCandidateLocations" : [ {
        "latitudeE7" : -258627939,
        "longitudeE7" : 281678060,
        "placeId" : "ChIJ5zc9dlFklR4Rn2YmTJZT1qc",
        "locationConfidence" : 8.257264
      }, {
        "latitudeE7" : -258628342,
        "longitudeE7" : 281687098,
        "placeId" : "ChIJj74cl1FklR4R92cNvMqM1GI",
        "locationConfidence" : 7.945372
      }, {
        "latitudeE7" : -258631635,
        "longitudeE7" : 281683549,
        "placeId" : "ChIJreVWiVFklR4R8t3WvX6VN4g",
        "locationConfidence" : 2.6581144
      }, {
        "latitudeE7" : -258636686,
        "longitudeE7" : 281667331,
        "placeId" : "ChIJO75AXVFklR4Ri6jpEWc0AFU",
        "locationConfidence" : 1.6324418
      }, {
        "latitudeE7" : -258627630,
        "longitudeE7" : 281678360,
        "placeId" : "ChIJn6J1c1FklR4RH9SQtY8NzIg",
        "locationConfidence" : 1.3105115
      }, {
        "latitudeE7" : -258627580,
        "longitudeE7" : 281680490,
        "placeId" : "ChIJT4BLnFFklR4R2taM54aLIUo",
        "locationConfidence" : 0.94855887
      }, {
        "latitudeE7" : -258633979,
        "longitudeE7" : 281681285,
        "placeId" : "ChIJLau4gFFklR4RrXKUf4Bnch0",
        "locationConfidence" : 0.7162265
      }, {
        "latitudeE7" : -258620517,
        "longitudeE7" : 281679603,
        "placeId" : "ChIJdTZMFFFklR4RzcoAIA2YDgU",
        "locationConfidence" : 0.70898527
      }, {
        "latitudeE7" : -258627939,
        "longitudeE7" : 281678060,
        "placeId" : "ChIJ5zc9dlFklR4RRAwY2RP6doE",
        "locationConfidence" : 0.680289
      } ],
      "editConfirmationStatus" : "NOT_CONFIRMED"
    }
  }, {
    "activitySegment" : {
      "startLocation" : {
        "latitudeE7" : -258626486,
        "longitudeE7" : 281679510,
        "sourceInfo" : {
          "deviceTag" : -63513299
        }
      },
      "endLocation" : {
        "latitudeE7" : -258625264,
        "longitudeE7" : 281661277,
        "sourceInfo" : {
          "deviceTag" : -63513299
        }
      },
      "duration" : {
        "startTimestampMs" : "1564390145528",
        "endTimestampMs" : "1564390292527"
      },
      "distance" : 206,
      "activityType" : "IN_PASSENGER_VEHICLE",
      "confidence" : "MEDIUM",
      "activities" : [ {
        "activityType" : "IN_PASSENGER_VEHICLE",
        "probability" : 79.31511141918834
      }, {
        "activityType" : "WALKING",
        "probability" : 11.722446411373571
      }, {
        "activityType" : "IN_BUS",
        "probability" : 7.839754553377437
      } ],
      "waypointPath" : {
        "waypoints" : [ {
          "latE7" : -258626785,
          "lngE7" : 281678581
        }, {
          "latE7" : -258623943,
          "lngE7" : 281663856
        }, {
          "latE7" : -258623962,
          "lngE7" : 281661281
        } ]
      }
    }
  }, {
    "placeVisit" : {
      "location" : {
        "latitudeE7" : -258625264,
        "longitudeE7" : 281661277,
        "placeId" : "ChIJRQuwOVFklR4RhWeVRxfmMUU",
        "address" : "2133 Hendrik Verwoerd Dr\nHennopspark\nCenturion\n0157\nSouth Africa",
        "name" : "Minuteman Press Centurion",
        "sourceInfo" : {
          "deviceTag" : -63513299
        },
        "locationConfidence" : 38.29884
      },
      "duration" : {
        "startTimestampMs" : "1564390292527",
        "endTimestampMs" : "1564390748432"
      },
      "placeConfidence" : "LOW_CONFIDENCE",
      "centerLatE7" : -258624867,
      "centerLngE7" : 281659556,
      "visitConfidence" : 90,
      "otherCandidateLocations" : [ {
        "latitudeE7" : -258625861,
        "longitudeE7" : 281662106,
        "placeId" : "ChIJS66dSPFklR4R8pThO-jv9Jg",
        "locationConfidence" : 37.29918
      }, {
        "latitudeE7" : -258627030,
        "longitudeE7" : 281660139,
        "placeId" : "ChIJdTZMFFFklR4RSSelGRwzC_c",
        "locationConfidence" : 6.4635057
      }, {
        "latitudeE7" : -258625039,
        "longitudeE7" : 281658692,
        "placeId" : "ChIJ8ZFzOVFklR4Rph0W5sy_gd0",
        "locationConfidence" : 2.2242968
      }, {
        "latitudeE7" : -258610036,
        "longitudeE7" : 281652444,
        "placeId" : "ChIJZ_fvzVBklR4RdeWHaGSr4Kc",
        "locationConfidence" : 1.7850581
      }, {
        "latitudeE7" : -258627200,
        "longitudeE7" : 281660540,
        "placeId" : "ChIJj5JWP1FklR4ReKW_6F0aQ1M",
        "locationConfidence" : 0.585299
      }, {
        "latitudeE7" : -258626907,
        "longitudeE7" : 281658514,
        "placeId" : "ChIJ_____7RllR4RTh3a9lwsuNU",
        "locationConfidence" : 0.5737387
      }, {
        "latitudeE7" : -258625010,
        "longitudeE7" : 281655350,
        "placeId" : "ChIJCbEABDhklR4RjRM24cFiuoQ",
        "locationConfidence" : 0.50468767
      } ],
      "editConfirmationStatus" : "NOT_CONFIRMED"
    }
  }, {
    "activitySegment" : {
      "startLocation" : {
        "latitudeE7" : -258625264,
        "longitudeE7" : 281661277,
        "sourceInfo" : {
          "deviceTag" : -63513299
        }
      },
      "endLocation" : {
        "latitudeE7" : -258560753,
        "longitudeE7" : 281626091,
        "sourceInfo" : {
          "deviceTag" : -63513299
        }
      },
      "duration" : {
        "startTimestampMs" : "1564390748432",
        "endTimestampMs" : "1564390916040"
      },
      "distance" : 1595,
      "activityType" : "IN_PASSENGER_VEHICLE",
      "confidence" : "HIGH",
      "activities" : [ {
        "activityType" : "IN_PASSENGER_VEHICLE",
        "probability" : 98.92018227959545
      }, {
        "activityType" : "WALKING",
        "probability" : 0.783563247392266
      }, {
        "activityType" : "MOTORCYCLING",
        "probability" : 0.1516440378483749
      } ],
      "waypointPath" : {
        "waypoints" : [ {
          "latE7" : -258623962,
          "lngE7" : 281660652
        }, {
          "latE7" : -258623447,
          "lngE7" : 281624794
        }, {
          "latE7" : -258560543,
          "lngE7" : 281622924
        } ]
      },
      "simplifiedRawPath" : {
        "points" : [ {
          "latE7" : -258624340,
          "lngE7" : 281658603,
          "timestampMs" : "1564390748432",
          "accuracyMeters" : 27
        } ]
      }
    }
  }, {
    "placeVisit" : {
      "location" : {
        "latitudeE7" : -258559780,
        "longitudeE7" : 281626430,
        "placeId" : "ChIJgf7JGllklR4RTqYK8tHPm_w",
        "address" : "13 Willem Rd\nEldoraigne\nCenturion\n0157\nSouth Africa",
        "name" : "13 Willem Rd",
        "semanticType" : "TYPE_HOME",
        "sourceInfo" : {
          "deviceTag" : -63513299
        },
        "locationConfidence" : 97.057625
      },
      "duration" : {
        "startTimestampMs" : "1564390916040",
        "endTimestampMs" : "1564582262465"
      },
      "placeConfidence" : "HIGH_CONFIDENCE",
      "centerLatE7" : -258560293,
      "centerLngE7" : 281625918,
      "visitConfidence" : 91,
      "otherCandidateLocations" : [ {
        "latitudeE7" : -258584100,
        "longitudeE7" : 281624600,
        "placeId" : "ChIJWVS1zllklR4R7ih8EDjLG2g",
        "semanticType" : "TYPE_SEARCHED_ADDRESS",
        "locationConfidence" : 2.012509
      }, {
        "latitudeE7" : -258565130,
        "longitudeE7" : 281611230,
        "placeId" : "ChIJjc378FhklR4R-lrwm02iVNY",
        "semanticType" : "TYPE_SEARCHED_ADDRESS",
        "locationConfidence" : 0.19778825
      }, {
        "latitudeE7" : -258570590,
        "longitudeE7" : 281625620,
        "placeId" : "ChIJGZkpr1lklR4RvXt8NOQ53JI",
        "semanticType" : "TYPE_SEARCHED_ADDRESS",
        "locationConfidence" : 0.18478267
      }, {
        "latitudeE7" : -258563284,
        "longitudeE7" : 281638659,
        "placeId" : "ChIJUyXs_eRllR4R9OdOSKpRzI8",
        "locationConfidence" : 0.15102904
      } ],
      "editConfirmationStatus" : "NOT_CONFIRMED"
    }
  }, {
    "activitySegment" : {
      "startLocation" : {
        "latitudeE7" : -258560753,
        "longitudeE7" : 281626091,
        "sourceInfo" : {
          "deviceTag" : -63513299
        }
      },
      "endLocation" : {
        "latitudeE7" : -258767238,
        "longitudeE7" : 281657728,
        "sourceInfo" : {
          "deviceTag" : -63513299
        }
      },
      "duration" : {
        "startTimestampMs" : "1564582262465",
        "endTimestampMs" : "1564582870527"
      },
      "distance" : 2993,
      "activityType" : "IN_PASSENGER_VEHICLE",
      "confidence" : "HIGH",
      "activities" : [ {
        "activityType" : "IN_PASSENGER_VEHICLE",
        "probability" : 92.0597976805473
      }, {
        "activityType" : "WALKING",
        "probability" : 7.2307004342563115
      }, {
        "activityType" : "IN_BUS",
        "probability" : 0.6187580382276653
      } ],
      "waypointPath" : {
        "waypoints" : [ {
          "latE7" : -258560543,
          "lngE7" : 281622924
        }, {
          "latE7" : -258622665,
          "lngE7" : 281624755
        }, {
          "latE7" : -258766021,
          "lngE7" : 281655960
        } ]
      },
      "simplifiedRawPath" : {
        "points" : [ {
          "latE7" : -258622923,
          "lngE7" : 281624725,
          "timestampMs" : "1564582537999",
          "accuracyMeters" : 3
        } ]
      }
    }
  }, {
    "placeVisit" : {
      "location" : {
        "latitudeE7" : -258976925,
        "longitudeE7" : 281737044,
        "placeId" : "ChIJ-cyvLhBllR4RZJTIKwM2R2I",
        "address" : "Brakfontein 399-Jr\nCenturion\nSouth Africa",
        "name" : "Brakfontein 399-Jr"
      },
      "duration" : {
        "startTimestampMs" : "1564582870527",
        "endTimestampMs" : "1564586065026"
      },
      "placeConfidence" : "MEDIUM_CONFIDENCE",
      "centerLatE7" : -258766028,
      "centerLngE7" : 281657133,
      "visitConfidence" : 95,
      "otherCandidateLocations" : [ {
        "latitudeE7" : -258765080,
        "longitudeE7" : 281639740,
        "placeId" : "ChIJ6b76RqlllR4R9Bq6nQLNcCM",
        "locationConfidence" : 9.69143
      }, {
        "latitudeE7" : -258773448,
        "longitudeE7" : 281653564,
        "placeId" : "ChIJPQpp0a5llR4R8kXWjclAcW8",
        "locationConfidence" : 0.93923026
      }, {
        "latitudeE7" : -258778771,
        "longitudeE7" : 281650558,
        "placeId" : "ChIJF_eaKq9llR4R_3kFgxN-5o0",
        "locationConfidence" : 0.8616537
      }, {
        "latitudeE7" : -258772315,
        "longitudeE7" : 281648600,
        "placeId" : "ChIJMQpcLalllR4Rk37SKV1tTSg",
        "locationConfidence" : 0.70928544
      }, {
        "latitudeE7" : -258756154,
        "longitudeE7" : 281671493,
        "placeId" : "ChIJmTEijq5llR4RvhoBX4IFTkI",
        "locationConfidence" : 0.7008966
      } ],
      "editConfirmationStatus" : "CONFIRMED"
    }
  }, {
    "activitySegment" : {
      "startLocation" : {
        "latitudeE7" : -258774094,
        "longitudeE7" : 281642110
      },
      "endLocation" : {
        "latitudeE7" : -258560753,
        "longitudeE7" : 281626091
      },
      "duration" : {
        "startTimestampMs" : "1564586065026",
        "endTimestampMs" : "1564586808502"
      },
      "distance" : 2377,
      "activityType" : "IN_PASSENGER_VEHICLE",
      "confidence" : "HIGH",
      "activities" : [ {
        "activityType" : "IN_PASSENGER_VEHICLE",
        "probability" : 94.09742840728106
      }, {
        "activityType" : "WALKING",
        "probability" : 3.688113591468368
      }, {
        "activityType" : "IN_BUS",
        "probability" : 0.8400670168802001
      } ],
      "waypointPath" : {
        "waypoints" : [ {
          "latE7" : -258765773,
          "lngE7" : 281656169
        }, {
          "latE7" : -258625946,
          "lngE7" : 281628589
        }, {
          "latE7" : -258560733,
          "lngE7" : 281622905
        } ]
      },
      "simplifiedRawPath" : {
        "points" : [ {
          "latE7" : -258622637,
          "lngE7" : 281610200,
          "timestampMs" : "1564586548000",
          "accuracyMeters" : 6
        } ]
      }
    }
  }, {
    "placeVisit" : {
      "location" : {
        "latitudeE7" : -258559780,
        "longitudeE7" : 281626430,
        "placeId" : "ChIJgf7JGllklR4RTqYK8tHPm_w",
        "address" : "13 Willem Rd\nEldoraigne\nCenturion\n0157\nSouth Africa",
        "name" : "13 Willem Rd",
        "semanticType" : "TYPE_HOME",
        "sourceInfo" : {
          "deviceTag" : -63513299
        },
        "locationConfidence" : 96.6962
      },
      "duration" : {
        "startTimestampMs" : "1564586808502",
        "endTimestampMs" : "1564602031184"
      },
      "placeConfidence" : "HIGH_CONFIDENCE",
      "centerLatE7" : -258560188,
      "centerLngE7" : 281625895,
      "visitConfidence" : 84,
      "otherCandidateLocations" : [ {
        "latitudeE7" : -258584100,
        "longitudeE7" : 281624600,
        "placeId" : "ChIJWVS1zllklR4R7ih8EDjLG2g",
        "semanticType" : "TYPE_SEARCHED_ADDRESS",
        "locationConfidence" : 1.9969546
      }, {
        "latitudeE7" : -258565130,
        "longitudeE7" : 281611230,
        "placeId" : "ChIJjc378FhklR4R-lrwm02iVNY",
        "semanticType" : "TYPE_SEARCHED_ADDRESS",
        "locationConfidence" : 0.27092484
      }, {
        "latitudeE7" : -258570590,
        "longitudeE7" : 281625620,
        "placeId" : "ChIJGZkpr1lklR4RvXt8NOQ53JI",
        "semanticType" : "TYPE_SEARCHED_ADDRESS",
        "locationConfidence" : 0.26026678
      }, {
        "latitudeE7" : -258560800,
        "longitudeE7" : 281633500,
        "placeId" : "ChIJqbfuDFlklR4R62Y6o0Rpy9w",
        "locationConfidence" : 0.20784804
      } ],
      "editConfirmationStatus" : "NOT_CONFIRMED"
    }
  } ]
}