{
  "timelineObjects" : [ {
    "placeVisit" : {
      "location" : {
        "latitudeE7" : -258559780,
        "longitudeE7" : 281626430,
        "placeId" : "ChIJgf7JGllklR4RTqYK8tHPm_w",
        "address" : "13 Willem Rd\nEldoraigne\nCenturion\n0157\nSouth Africa",
        "name" : "13 Willem Rd",
        "semanticType" : "TYPE_HOME",
        "sourceInfo" : {
          "deviceTag" : -63513299
        },
        "locationConfidence" : 96.97141
      },
      "duration" : {
        "startTimestampMs" : "1564900561747",
        "endTimestampMs" : "1564924010008"
      },
      "placeConfidence" : "HIGH_CONFIDENCE",
      "centerLatE7" : -258560525,
      "centerLngE7" : 281625783,
      "visitConfidence" : 91,
      "otherCandidateLocations" : [ {
        "latitudeE7" : -258584100,
        "longitudeE7" : 281624600,
        "placeId" : "ChIJWVS1zllklR4R7ih8EDjLG2g",
        "semanticType" : "TYPE_SEARCHED_ADDRESS",
        "locationConfidence" : 1.8966019
      }, {
        "latitudeE7" : -258565130,
        "longitudeE7" : 281611230,
        "placeId" : "ChIJjc378FhklR4R-lrwm02iVNY",
        "semanticType" : "TYPE_SEARCHED_ADDRESS",
        "locationConfidence" : 0.27033922
      }, {
        "latitudeE7" : -258570590,
        "longitudeE7" : 281625620,
        "placeId" : "ChIJGZkpr1lklR4RvXt8NOQ53JI",
        "semanticType" : "TYPE_SEARCHED_ADDRESS",
        "locationConfidence" : 0.24481069
      }, {
        "latitudeE7" : -258560800,
        "longitudeE7" : 281633500,
        "placeId" : "ChIJqbfuDFlklR4R62Y6o0Rpy9w",
        "locationConfidence" : 0.19931906
      } ],
      "editConfirmationStatus" : "NOT_CONFIRMED"
    }
  }, {
    "activitySegment" : {
      "startLocation" : {
        "latitudeE7" : -258560753,
        "longitudeE7" : 281626091,
        "sourceInfo" : {
          "deviceTag" : -63513299
        }
      },
      "endLocation" : {
        "latitudeE7" : -258409369,
        "longitudeE7" : 281853807,
        "sourceInfo" : {
          "deviceTag" : -63513299
        }
      },
      "duration" : {
        "startTimestampMs" : "1564924010008",
        "endTimestampMs" : "1564924696000"
      },
      "distance" : 4618,
      "activityType" : "IN_PASSENGER_VEHICLE",
      "confidence" : "HIGH",
      "activities" : [ {
        "activityType" : "IN_PASSENGER_VEHICLE",
        "probability" : 99.13674093011538
      }, {
        "activityType" : "WALKING",
        "probability" : 0.6107750621496529
      }, {
        "activityType" : "IN_BUS",
        "probability" : 0.15418442636090746
      } ],
      "waypointPath" : {
        "waypoints" : [ {
          "latE7" : -258560543,
          "lngE7" : 281622924
        }, {
          "latE7" : -258579063,
          "lngE7" : 281577930
        }, {
          "latE7" : -258536491,
          "lngE7" : 281576709
        }, {
          "latE7" : -258420772,
          "lngE7" : 281621513
        }, {
          "latE7" : -258415184,
          "lngE7" : 281642436
        }, {
          "latE7" : -258384418,
          "lngE7" : 281822853
        }, {
          "latE7" : -258409252,
          "lngE7" : 281853942
        } ]
      },
      "simplifiedRawPath" : {
        "points" : [ {
          "latE7" : -258567413,
          "lngE7" : 281597621,
          "timestampMs" : "1564924084463",
          "accuracyMeters" : 77
        }, {
          "latE7" : -258536488,
          "lngE7" : 281576639,
          "timestampMs" : "1564924208189",
          "accuracyMeters" : 87
        }, {
          "latE7" : -258385487,
          "lngE7" : 281795271,
          "timestampMs" : "1564924570595",
          "accuracyMeters" : 30
        } ]
      }
    }
  }, {
    "placeVisit" : {
      "location" : {
        "latitudeE7" : -258408036,
        "longitudeE7" : 281856448,
        "placeId" : "ChIJ0XhlshVklR4RFGrzumiLwzw",
        "address" : "Jean Ave & Rabie St\nDie Hoewes\nCenturion\n0140\nSouth Africa",
        "name" : "Jean Crossing",
        "locationConfidence" : 100.0
      },
      "duration" : {
        "startTimestampMs" : "1564924696000",
        "endTimestampMs" : "1564926448000"
      },
      "placeConfidence" : "USER_CONFIRMED",
      "visitConfidence" : 100,
      "otherCandidateLocations" : [ {
        "latitudeE7" : -258413969,
        "longitudeE7" : 281855562,
        "placeId" : "ChIJX-E46TxklR4RIKhkXeY_IV8",
        "locationConfidence" : 4.798353
      }, {
        "latitudeE7" : -258399180,
        "longitudeE7" : 281855652,
        "placeId" : "ChIJmYeKrRVklR4RKHJBl0wNgKE",
        "locationConfidence" : 0.7081578
      }, {
        "latitudeE7" : -258406531,
        "longitudeE7" : 281851147,
        "placeId" : "ChIJv0-_1fpllR4RYLHCGXYT12k",
        "locationConfidence" : 0.5581555
      }, {
        "latitudeE7" : -258401359,
        "longitudeE7" : 281851958,
        "placeId" : "ChIJRe3q-BRklR4RX9VSM_7KMG0",
        "locationConfidence" : 0.24586113
      } ],
      "editConfirmationStatus" : "CONFIRMED"
    }
  }, {
    "activitySegment" : {
      "startLocation" : {
        "latitudeE7" : -258408036,
        "longitudeE7" : 281856448
      },
      "endLocation" : {
        "latitudeE7" : -257159810,
        "longitudeE7" : 282583170
      },
      "duration" : {
        "startTimestampMs" : "1564926448718",
        "endTimestampMs" : "1564927850777"
      },
      "distance" : 21139,
      "activityType" : "IN_PASSENGER_VEHICLE",
      "confidence" : "HIGH",
      "activities" : [ {
        "activityType" : "IN_PASSENGER_VEHICLE",
        "probability" : 93.91799608166484
      }, {
        "activityType" : "WALKING",
        "probability" : 2.13971309048581
      }, {
        "activityType" : "MOTORCYCLING",
        "probability" : 1.7198796958346994
      } ],
      "waypointPath" : {
        "waypoints" : [ {
          "latE7" : -258410701,
          "lngE7" : 281855926
        }, {
          "latE7" : -258471260,
          "lngE7" : 281941490
        }, {
          "latE7" : -258533935,
          "lngE7" : 282022666
        }, {
          "latE7" : -258037643,
          "lngE7" : 282605133
        }, {
          "latE7" : -257157821,
          "lngE7" : 282580852
        } ]
      },
      "simplifiedRawPath" : {
        "points" : [ {
          "latE7" : -258532976,
          "lngE7" : 282021956,
          "timestampMs" : "1564926842999",
          "accuracyMeters" : 6
        } ]
      }
    }
  }, {
    "placeVisit" : {
      "location" : {
        "latitudeE7" : -257159810,
        "longitudeE7" : 282583170,
        "placeId" : "ChIJSfliSoHfvx4RI5qQZawZ2-c",
        "address" : "6 Jeanette St\nKilner Park\nPretoria\n0186\nSouth Africa",
        "name" : "6 Jeanette St",
        "semanticType" : "TYPE_SEARCHED_ADDRESS",
        "sourceInfo" : {
          "deviceTag" : -63513299
        },
        "locationConfidence" : 90.369995
      },
      "duration" : {
        "startTimestampMs" : "1564927850777",
        "endTimestampMs" : "1564933352434"
      },
      "placeConfidence" : "HIGH_CONFIDENCE",
      "centerLatE7" : -257158730,
      "centerLngE7" : 282582387,
      "visitConfidence" : 90,
      "otherCandidateLocations" : [ {
        "latitudeE7" : -257159810,
        "longitudeE7" : 282583170,
        "placeId" : "ChIJSfliSoHfvx4RmUBO5uU3Jig",
        "locationConfidence" : 7.3285894
      }, {
        "latitudeE7" : -257160833,
        "longitudeE7" : 282572778,
        "placeId" : "ChIJs67iQIHfvx4RHsSNs3YQi5M",
        "locationConfidence" : 0.71302414
      }, {
        "latitudeE7" : -257155309,
        "longitudeE7" : 282561946,
        "placeId" : "ChIJvTlse4Hfvx4Rxwsyk63rMQA",
        "locationConfidence" : 0.29795888
      }, {
        "latitudeE7" : -257157139,
        "longitudeE7" : 282555770,
        "placeId" : "ChIJ4aJ3goHfvx4RAWUmtsiSc3A",
        "locationConfidence" : 0.20573147
      } ],
      "editConfirmationStatus" : "NOT_CONFIRMED"
    }
  }, {
    "activitySegment" : {
      "startLocation" : {
        "latitudeE7" : -257158730,
        "longitudeE7" : 282582387
      },
      "endLocation" : {
        "latitudeE7" : -258560682,
        "longitudeE7" : 281626076
      },
      "duration" : {
        "startTimestampMs" : "1564933352434",
        "endTimestampMs" : "1565928243732"
      },
      "activityType" : "UNKNOWN_ACTIVITY_TYPE",
      "activities" : [ {
        "activityType" : "UNKNOWN_ACTIVITY_TYPE",
        "probability" : 0.0
      } ],
      "simplifiedRawPath" : {
        "points" : [ {
          "latE7" : -257109678,
          "lngE7" : 282627686,
          "timestampMs" : "1564933474510",
          "accuracyMeters" : 56
        }, {
          "latE7" : -257157186,
          "lngE7" : 282660076,
          "timestampMs" : "1564933595692",
          "accuracyMeters" : 87
        }, {
          "latE7" : -257608678,
          "lngE7" : 282752965,
          "timestampMs" : "1564933834999",
          "accuracyMeters" : 3
        } ]
      }
    }
  }, {
    "placeVisit" : {
      "location" : {
        "latitudeE7" : -258559780,
        "longitudeE7" : 281626430,
        "placeId" : "ChIJgf7JGllklR4RTqYK8tHPm_w",
        "address" : "13 Willem Rd\nEldoraigne\nCenturion\n0157\nSouth Africa",
        "name" : "13 Willem Rd",
        "semanticType" : "TYPE_HOME",
        "sourceInfo" : {
          "deviceTag" : -63513299
        },
        "locationConfidence" : 96.50289
      },
      "duration" : {
        "startTimestampMs" : "1565928243732",
        "endTimestampMs" : "1565955567823"
      },
      "placeConfidence" : "HIGH_CONFIDENCE",
      "centerLatE7" : -258560682,
      "centerLngE7" : 281626076,
      "visitConfidence" : 91,
      "otherCandidateLocations" : [ {
        "latitudeE7" : -258584100,
        "longitudeE7" : 281624600,
        "placeId" : "ChIJWVS1zllklR4R7ih8EDjLG2g",
        "semanticType" : "TYPE_SEARCHED_ADDRESS",
        "locationConfidence" : 2.3269072
      }, {
        "latitudeE7" : -258565130,
        "longitudeE7" : 281611230,
        "placeId" : "ChIJjc378FhklR4R-lrwm02iVNY",
        "semanticType" : "TYPE_SEARCHED_ADDRESS",
        "locationConfidence" : 0.24983522
      }, {
        "latitudeE7" : -258570590,
        "longitudeE7" : 281625620,
        "placeId" : "ChIJGZkpr1lklR4RvXt8NOQ53JI",
        "semanticType" : "TYPE_SEARCHED_ADDRESS",
        "locationConfidence" : 0.230887
      }, {
        "latitudeE7" : -258560800,
        "longitudeE7" : 281633500,
        "placeId" : "ChIJqbfuDFlklR4R62Y6o0Rpy9w",
        "locationConfidence" : 0.1884789
      } ],
      "editConfirmationStatus" : "NOT_CONFIRMED"
    }
  }, {
    "activitySegment" : {
      "startLocation" : {
        "latitudeE7" : -258560753,
        "longitudeE7" : 281626091,
        "sourceInfo" : {
          "deviceTag" : -63513299
        }
      },
      "endLocation" : {
        "latitudeE7" : -258560753,
        "longitudeE7" : 281626091,
        "sourceInfo" : {
          "deviceTag" : -63513299
        }
      },
      "duration" : {
        "startTimestampMs" : "1565955567823",
        "endTimestampMs" : "1565956535621"
      },
      "distance" : 4034,
      "activityType" : "IN_PASSENGER_VEHICLE",
      "confidence" : "HIGH",
      "activities" : [ {
        "activityType" : "IN_PASSENGER_VEHICLE",
        "probability" : 98.43086020844166
      }, {
        "activityType" : "WALKING",
        "probability" : 1.2094351816516882
      }, {
        "activityType" : "IN_BUS",
        "probability" : 0.19654064365102059
      } ],
      "waypointPath" : {
        "waypoints" : [ {
          "latE7" : -258560543,
          "lngE7" : 281622924
        }, {
          "latE7" : -258685493,
          "lngE7" : 281518802
        }, {
          "latE7" : -258699073,
          "lngE7" : 281513767
        }, {
          "latE7" : -258681545,
          "lngE7" : 281517162
        } ]
      },
      "simplifiedRawPath" : {
        "points" : [ {
          "latE7" : -258685111,
          "lngE7" : 281520620,
          "timestampMs" : "1565955916580",
          "accuracyMeters" : 28
        }, {
          "latE7" : -258699296,
          "lngE7" : 281514054,
          "timestampMs" : "1565956170614",
          "accuracyMeters" : 58
        } ]
      }
    }
  }, {
    "placeVisit" : {
      "location" : {
        "latitudeE7" : -258559780,
        "longitudeE7" : 281626430,
        "placeId" : "ChIJgf7JGllklR4RTqYK8tHPm_w",
        "address" : "13 Willem Rd\nEldoraigne\nCenturion\n0157\nSouth Africa",
        "name" : "13 Willem Rd",
        "semanticType" : "TYPE_HOME",
        "sourceInfo" : {
          "deviceTag" : -63513299
        },
        "locationConfidence" : 96.90474
      },
      "duration" : {
        "startTimestampMs" : "1565956535621",
        "endTimestampMs" : "1565964742351"
      },
      "placeConfidence" : "HIGH_CONFIDENCE",
      "centerLatE7" : -258560698,
      "centerLngE7" : 281625930,
      "visitConfidence" : 93,
      "otherCandidateLocations" : [ {
        "latitudeE7" : -258584100,
        "longitudeE7" : 281624600,
        "placeId" : "ChIJWVS1zllklR4R7ih8EDjLG2g",
        "semanticType" : "TYPE_SEARCHED_ADDRESS",
        "locationConfidence" : 1.9159516
      }, {
        "latitudeE7" : -258565130,
        "longitudeE7" : 281611230,
        "placeId" : "ChIJjc378FhklR4R-lrwm02iVNY",
        "semanticType" : "TYPE_SEARCHED_ADDRESS",
        "locationConfidence" : 0.24762307
      }, {
        "latitudeE7" : -258570590,
        "longitudeE7" : 281625620,
        "placeId" : "ChIJGZkpr1lklR4RvXt8NOQ53JI",
        "semanticType" : "TYPE_SEARCHED_ADDRESS",
        "locationConfidence" : 0.23460898
      }, {
        "latitudeE7" : -258560800,
        "longitudeE7" : 281633500,
        "placeId" : "ChIJqbfuDFlklR4R62Y6o0Rpy9w",
        "locationConfidence" : 0.15855573
      } ],
      "editConfirmationStatus" : "NOT_CONFIRMED"
    }
  }, {
    "activitySegment" : {
      "startLocation" : {
        "latitudeE7" : -258560753,
        "longitudeE7" : 281626091,
        "sourceInfo" : {
          "deviceTag" : -63513299
        }
      },
      "endLocation" : {
        "latitudeE7" : -257718088,
        "longitudeE7" : 282345272,
        "sourceInfo" : {
          "deviceTag" : -63513299
        }
      },
      "duration" : {
        "startTimestampMs" : "1565964742351",
        "endTimestampMs" : "1565966615000"
      },
      "distance" : 15214,
      "activityType" : "IN_PASSENGER_VEHICLE",
      "confidence" : "HIGH",
      "activities" : [ {
        "activityType" : "IN_PASSENGER_VEHICLE",
        "probability" : 98.53789127961772
      }, {
        "activityType" : "WALKING",
        "probability" : 0.6868575887344082
      }, {
        "activityType" : "IN_BUS",
        "probability" : 0.5861201124436345
      } ],
      "waypointPath" : {
        "waypoints" : [ {
          "latE7" : -258560543,
          "lngE7" : 281622924
        }, {
          "latE7" : -258579063,
          "lngE7" : 281577930
        }, {
          "latE7" : -258472213,
          "lngE7" : 281572418
        }, {
          "latE7" : -258420772,
          "lngE7" : 281621513
        }, {
          "latE7" : -258417396,
          "lngE7" : 281634407
        }, {
          "latE7" : -257739467,
          "lngE7" : 281954059
        }, {
          "latE7" : -257720546,
          "lngE7" : 282340564
        } ]
      },
      "simplifiedRawPath" : {
        "points" : [ {
          "latE7" : -258483851,
          "lngE7" : 281573645,
          "timestampMs" : "1565964997000",
          "accuracyMeters" : 4
        }, {
          "latE7" : -258408330,
          "lngE7" : 281631373,
          "timestampMs" : "1565965198008",
          "accuracyMeters" : 92
        } ]
      }
    }
  }, {
    "placeVisit" : {
      "location" : {
        "latitudeE7" : -257732928,
        "longitudeE7" : 282307332,
        "placeId" : "ChIJIdFl2gphlR4RbUq9iuOSHzw",
        "address" : "Nieuw Muckleneuk\nPretoria\n0181\nSouth Africa",
        "name" : "Nieuw Muckleneuk",
        "locationConfidence" : 100.0
      },
      "duration" : {
        "startTimestampMs" : "1565966615000",
        "endTimestampMs" : "1565969198472"
      },
      "placeConfidence" : "USER_CONFIRMED",
      "visitConfidence" : 100,
      "otherCandidateLocations" : [ {
        "latitudeE7" : -257718472,
        "longitudeE7" : 282343882,
        "placeId" : "ChIJo8Ug0AthlR4RU6RXneGbt0w",
        "locationConfidence" : 10.456253
      }, {
        "latitudeE7" : -257710455,
        "longitudeE7" : 282359873,
        "placeId" : "ChIJz26zgglhlR4Ro6gATp06O04",
        "locationConfidence" : 0.15256535
      }, {
        "latitudeE7" : -257708040,
        "longitudeE7" : 282358430,
        "placeId" : "ChIJz26zgglhlR4RZfwnZR4s7sk",
        "locationConfidence" : 0.12444396
      }, {
        "latitudeE7" : -257713207,
        "longitudeE7" : 282364899,
        "placeId" : "ChIJAQDAcglhlR4RZA8mGUn14jQ",
        "locationConfidence" : 0.10727232
      } ],
      "editConfirmationStatus" : "CONFIRMED"
    }
  }, {
    "activitySegment" : {
      "startLocation" : {
        "latitudeE7" : -257711350,
        "longitudeE7" : 282346793,
        "sourceInfo" : {
          "deviceTag" : -63513299
        }
      },
      "endLocation" : {
        "latitudeE7" : -258412959,
        "longitudeE7" : 281602366,
        "sourceInfo" : {
          "deviceTag" : -63513299
        }
      },
      "duration" : {
        "startTimestampMs" : "1565969198472",
        "endTimestampMs" : "1566027378000"
      },
      "distance" : 10788,
      "activityType" : "IN_PASSENGER_VEHICLE",
      "confidence" : "HIGH",
      "activities" : [ {
        "activityType" : "IN_PASSENGER_VEHICLE",
        "probability" : 90.59283030512587
      }, {
        "activityType" : "WALKING",
        "probability" : 6.796490614610283
      }, {
        "activityType" : "CYCLING",
        "probability" : 0.9603243469644666
      } ],
      "waypointPath" : {
        "waypoints" : [ {
          "latE7" : -257708225,
          "lngE7" : 282353725
        }, {
          "latE7" : -257746105,
          "lngE7" : 281954975
        }, {
          "latE7" : -258414382,
          "lngE7" : 281601943
        } ]
      }
    }
  }, {
    "placeVisit" : {
      "location" : {
        "latitudeE7" : -258412959,
        "longitudeE7" : 281602366,
        "placeId" : "ChIJnVssaGJklR4RW2W9zDFaEMw",
        "address" : "1023 Saxby Ave\nEldoraigne\nCenturion\n0157\nSouth Africa",
        "name" : "The Coffee Pot",
        "locationConfidence" : 100.0
      },
      "duration" : {
        "startTimestampMs" : "1566027378000",
        "endTimestampMs" : "1566029941000"
      },
      "placeConfidence" : "USER_CONFIRMED",
      "visitConfidence" : 100,
      "otherCandidateLocations" : [ {
        "latitudeE7" : -258413103,
        "longitudeE7" : 281603960,
        "placeId" : "ChIJCbBtQ2JklR4RzuJNQRkLFDI",
        "locationConfidence" : 3.302255
      }, {
        "latitudeE7" : -258412899,
        "longitudeE7" : 281605300,
        "placeId" : "ChIJO7LRRmJklR4R5mchqXhJ6E4",
        "locationConfidence" : 1.0982251
      }, {
        "latitudeE7" : -258414796,
        "longitudeE7" : 281606948,
        "placeId" : "ChIJVeYuXWJklR4RQkRA1ro6D2M",
        "locationConfidence" : 0.7866501
      }, {
        "latitudeE7" : -258412683,
        "longitudeE7" : 281601632,
        "placeId" : "ChIJO7LRRmJklR4RKamXDp3mNaQ",
        "locationConfidence" : 0.75549114
      }, {
        "latitudeE7" : -258414923,
        "longitudeE7" : 281604722,
        "placeId" : "ChIJF0xWmiFllR4RiG9iJlY_E8M",
        "locationConfidence" : 0.67524964
      } ],
      "editConfirmationStatus" : "CONFIRMED"
    }
  }, {
    "activitySegment" : {
      "startLocation" : {
        "latitudeE7" : -258413034,
        "longitudeE7" : 281605525,
        "sourceInfo" : {
          "deviceTag" : -63513299
        }
      },
      "endLocation" : {
        "latitudeE7" : -258560753,
        "longitudeE7" : 281626091,
        "sourceInfo" : {
          "deviceTag" : -63513299
        }
      },
      "duration" : {
        "startTimestampMs" : "1566029941002",
        "endTimestampMs" : "1566030432705"
      },
      "distance" : 1718,
      "activityType" : "IN_PASSENGER_VEHICLE",
      "confidence" : "HIGH",
      "activities" : [ {
        "activityType" : "IN_PASSENGER_VEHICLE",
        "probability" : 98.1892970805111
      }, {
        "activityType" : "WALKING",
        "probability" : 0.9854276331166365
      }, {
        "activityType" : "IN_BUS",
        "probability" : 0.5781277371571494
      } ],
      "waypointPath" : {
        "waypoints" : [ {
          "latE7" : -258415222,
          "lngE7" : 281604766
        }, {
          "latE7" : -258579063,
          "lngE7" : 281577930
        }, {
          "latE7" : -258560543,
          "lngE7" : 281622924
        } ]
      }
    }
  }, {
    "placeVisit" : {
      "location" : {
        "latitudeE7" : -258559780,
        "longitudeE7" : 281626430,
        "placeId" : "ChIJgf7JGllklR4RTqYK8tHPm_w",
        "address" : "13 Willem Rd\nEldoraigne\nCenturion\n0157\nSouth Africa",
        "name" : "13 Willem Rd",
        "semanticType" : "TYPE_HOME",
        "sourceInfo" : {
          "deviceTag" : -63513299
        },
        "locationConfidence" : 96.66756
      },
      "duration" : {
        "startTimestampMs" : "1566030432705",
        "endTimestampMs" : "1566058399152"
      },
      "placeConfidence" : "HIGH_CONFIDENCE",
      "centerLatE7" : -258560652,
      "centerLngE7" : 281626081,
      "visitConfidence" : 93,
      "otherCandidateLocations" : [ {
        "latitudeE7" : -258584100,
        "longitudeE7" : 281624600,
        "placeId" : "ChIJWVS1zllklR4R7ih8EDjLG2g",
        "semanticType" : "TYPE_SEARCHED_ADDRESS",
        "locationConfidence" : 2.1748643
      }, {
        "latitudeE7" : -258565130,
        "longitudeE7" : 281611230,
        "placeId" : "ChIJjc378FhklR4R-lrwm02iVNY",
        "semanticType" : "TYPE_SEARCHED_ADDRESS",
        "locationConfidence" : 0.2508375
      }, {
        "latitudeE7" : -258570590,
        "longitudeE7" : 281625620,
        "placeId" : "ChIJGZkpr1lklR4RvXt8NOQ53JI",
        "semanticType" : "TYPE_SEARCHED_ADDRESS",
        "locationConfidence" : 0.23545556
      }, {
        "latitudeE7" : -258560800,
        "longitudeE7" : 281633500,
        "placeId" : "ChIJqbfuDFlklR4R62Y6o0Rpy9w",
        "locationConfidence" : 0.1864124
      } ],
      "editConfirmationStatus" : "NOT_CONFIRMED"
    }
  }, {
    "activitySegment" : {
      "startLocation" : {
        "latitudeE7" : -258560753,
        "longitudeE7" : 281626091,
        "sourceInfo" : {
          "deviceTag" : -63513299
        }
      },
      "endLocation" : {
        "latitudeE7" : -258751997,
        "longitudeE7" : 282192205,
        "sourceInfo" : {
          "deviceTag" : -63513299
        }
      },
      "duration" : {
        "startTimestampMs" : "1566058399152",
        "endTimestampMs" : "1566059526272"
      },
      "distance" : 8683,
      "activityType" : "IN_PASSENGER_VEHICLE",
      "confidence" : "HIGH",
      "activities" : [ {
        "activityType" : "IN_PASSENGER_VEHICLE",
        "probability" : 95.18802581526596
      }, {
        "activityType" : "WALKING",
        "probability" : 4.394996245015314
      }, {
        "activityType" : "IN_BUS",
        "probability" : 0.3186268465283938
      } ],
      "waypointPath" : {
        "waypoints" : [ {
          "latE7" : -258560543,
          "lngE7" : 281622924
        }, {
          "latE7" : -258646640,
          "lngE7" : 281905193
        }, {
          "latE7" : -258714122,
          "lngE7" : 281947937
        }, {
          "latE7" : -258767452,
          "lngE7" : 282114543
        }, {
          "latE7" : -258774280,
          "lngE7" : 282194156
        }, {
          "latE7" : -258726234,
          "lngE7" : 282183952
        }, {
          "latE7" : -258752040,
          "lngE7" : 282191810
        } ]
      },
      "simplifiedRawPath" : {
        "points" : [ {
          "latE7" : -258717826,
          "lngE7" : 281944968,
          "timestampMs" : "1566059020282",
          "accuracyMeters" : 69
        }, {
          "latE7" : -258774626,
          "lngE7" : 282193863,
          "timestampMs" : "1566059289000",
          "accuracyMeters" : 7
        }, {
          "latE7" : -258727114,
          "lngE7" : 282175709,
          "timestampMs" : "1566059382000",
          "accuracyMeters" : 8
        } ]
      }
    }
  }, {
    "activitySegment" : {
      "startLocation" : {
        "latitudeE7" : -258751997,
        "longitudeE7" : 282192205
      },
      "endLocation" : {
        "latitudeE7" : -258750511,
        "longitudeE7" : 282204231
      },
      "duration" : {
        "startTimestampMs" : "1566059526272",
        "endTimestampMs" : "1566059641000"
      },
      "distance" : 121,
      "activityType" : "WALKING",
      "confidence" : "HIGH",
      "activities" : [ {
        "activityType" : "WALKING",
        "probability" : 95.18802581526596
      }, {
        "activityType" : "IN_PASSENGER_VEHICLE",
        "probability" : 4.394996245015314
      }, {
        "activityType" : "IN_BUS",
        "probability" : 0.3186268465283938
      } ],
      "waypointPath" : {
        "waypoints" : [ {
          "latE7" : -258751544,
          "lngE7" : 282192153
        }, {
          "latE7" : -258751029,
          "lngE7" : 282198200
        }, {
          "latE7" : -258750514,
          "lngE7" : 282204227
        } ]
      }
    }
  }, {
    "placeVisit" : {
      "location" : {
        "latitudeE7" : -258748250,
        "longitudeE7" : 282203800,
        "placeId" : "ChIJB-od021mlR4RxRww1o6a27A",
        "address" : "12 Jansen Ln\nIrene Security Estate\nCenturion\n0062\nSouth Africa",
        "name" : "12 Jansen Ln",
        "locationConfidence" : 100.0
      },
      "duration" : {
        "startTimestampMs" : "1566059641000",
        "endTimestampMs" : "1566075736000"
      },
      "placeConfidence" : "USER_CONFIRMED",
      "visitConfidence" : 100,
      "otherCandidateLocations" : [ {
        "latitudeE7" : -258751989,
        "longitudeE7" : 282205690,
        "placeId" : "ChIJN8k-M2xmlR4RNLFbtmLxYNo",
        "locationConfidence" : 13.703239
      }, {
        "latitudeE7" : -258749280,
        "longitudeE7" : 282199390,
        "placeId" : "ChIJY3VV0G1mlR4RgCoJYIYzHeQ",
        "locationConfidence" : 9.595626
      }, {
        "latitudeE7" : -258745229,
        "longitudeE7" : 282190547,
        "placeId" : "ChIJIVf3v3pmlR4RB9q2nUX-jvs",
        "locationConfidence" : 1.5221771
      }, {
        "latitudeE7" : -258756081,
        "longitudeE7" : 282193013,
        "placeId" : "ChIJt3KVxm1mlR4RIbeoxyQroDM",
        "locationConfidence" : 0.7165894
      }, {
        "latitudeE7" : -258850487,
        "longitudeE7" : 282237888,
        "placeId" : "ChIJu2uIaxJmlR4RW7_mPlgwueQ",
        "locationConfidence" : 0.61801016
      }, {
        "latitudeE7" : -258758891,
        "longitudeE7" : 282228155,
        "placeId" : "ChIJhwPwc2xmlR4R2ZlPMbgV5Bs",
        "locationConfidence" : 0.4824389
      } ],
      "editConfirmationStatus" : "CONFIRMED"
    }
  }, {
    "activitySegment" : {
      "startLocation" : {
        "latitudeE7" : -258748250,
        "longitudeE7" : 282203800
      },
      "endLocation" : {
        "latitudeE7" : -258560753,
        "longitudeE7" : 281626091
      },
      "duration" : {
        "startTimestampMs" : "1566075736515",
        "endTimestampMs" : "1566076947696"
      },
      "distance" : 6147,
      "activityType" : "IN_PASSENGER_VEHICLE",
      "confidence" : "HIGH",
      "activities" : [ {
        "activityType" : "IN_PASSENGER_VEHICLE",
        "probability" : 95.35806437556228
      }, {
        "activityType" : "WALKING",
        "probability" : 2.312483246577293
      }, {
        "activityType" : "MOTORCYCLING",
        "probability" : 1.0114869374231081
      } ],
      "waypointPath" : {
        "waypoints" : [ {
          "latE7" : -258751316,
          "lngE7" : 282194900
        }, {
          "latE7" : -258727111,
          "lngE7" : 282173767
        }, {
          "latE7" : -258746433,
          "lngE7" : 282166919
        }, {
          "latE7" : -258643112,
          "lngE7" : 282102813
        }, {
          "latE7" : -258679828,
          "lngE7" : 281941299
        }, {
          "latE7" : -258644485,
          "lngE7" : 281896858
        }, {
          "latE7" : -258560829,
          "lngE7" : 281622905
        } ]
      },
      "simplifiedRawPath" : {
        "points" : [ {
          "latE7" : -258747940,
          "lngE7" : 282167084,
          "timestampMs" : "1566075981334",
          "accuracyMeters" : 82
        } ]
      }
    }
  }, {
    "placeVisit" : {
      "location" : {
        "latitudeE7" : -258559780,
        "longitudeE7" : 281626430,
        "placeId" : "ChIJgf7JGllklR4RTqYK8tHPm_w",
        "address" : "13 Willem Rd\nEldoraigne\nCenturion\n0157\nSouth Africa",
        "name" : "13 Willem Rd",
        "semanticType" : "TYPE_HOME",
        "sourceInfo" : {
          "deviceTag" : -63513299
        },
        "locationConfidence" : 96.6266
      },
      "duration" : {
        "startTimestampMs" : "1566076947696",
        "endTimestampMs" : "1566100938127"
      },
      "placeConfidence" : "HIGH_CONFIDENCE",
      "centerLatE7" : -258559411,
      "centerLngE7" : 281626183,
      "visitConfidence" : 82,
      "otherCandidateLocations" : [ {
        "latitudeE7" : -258584100,
        "longitudeE7" : 281624600,
        "placeId" : "ChIJWVS1zllklR4R7ih8EDjLG2g",
        "semanticType" : "TYPE_SEARCHED_ADDRESS",
        "locationConfidence" : 1.9249927
      }, {
        "latitudeE7" : -258565130,
        "longitudeE7" : 281611230,
        "placeId" : "ChIJjc378FhklR4R-lrwm02iVNY",
        "semanticType" : "TYPE_SEARCHED_ADDRESS",
        "locationConfidence" : 0.329818
      }, {
        "latitudeE7" : -258560800,
        "longitudeE7" : 281633500,
        "placeId" : "ChIJqbfuDFlklR4R62Y6o0Rpy9w",
        "locationConfidence" : 0.2908007
      }, {
        "latitudeE7" : -258570590,
        "longitudeE7" : 281625620,
        "placeId" : "ChIJGZkpr1lklR4RvXt8NOQ53JI",
        "semanticType" : "TYPE_SEARCHED_ADDRESS",
        "locationConfidence" : 0.2535085
      } ],
      "editConfirmationStatus" : "NOT_CONFIRMED"
    }
  }, {
    "placeVisit" : {
      "location" : {
        "latitudeE7" : -258559780,
        "longitudeE7" : 281626430,
        "placeId" : "ChIJgf7JGllklR4RTqYK8tHPm_w",
        "address" : "13 Willem Rd\nEldoraigne\nCenturion\n0157\nSouth Africa",
        "name" : "13 Willem Rd",
        "semanticType" : "TYPE_HOME",
        "sourceInfo" : {
          "deviceTag" : -63513299
        },
        "locationConfidence" : 96.15413
      },
      "duration" : {
        "startTimestampMs" : "1566229362779",
        "endTimestampMs" : "1566229677523"
      },
      "placeConfidence" : "HIGH_CONFIDENCE",
      "centerLatE7" : -258559657,
      "centerLngE7" : 281625100,
      "visitConfidence" : 84,
      "otherCandidateLocations" : [ {
        "latitudeE7" : -258584100,
        "longitudeE7" : 281624600,
        "placeId" : "ChIJWVS1zllklR4R7ih8EDjLG2g",
        "semanticType" : "TYPE_SEARCHED_ADDRESS",
        "locationConfidence" : 2.1281853
      }, {
        "latitudeE7" : -258565130,
        "longitudeE7" : 281611230,
        "placeId" : "ChIJjc378FhklR4R-lrwm02iVNY",
        "semanticType" : "TYPE_SEARCHED_ADDRESS",
        "locationConfidence" : 0.30820015
      }, {
        "latitudeE7" : -258570590,
        "longitudeE7" : 281625620,
        "placeId" : "ChIJGZkpr1lklR4RvXt8NOQ53JI",
        "semanticType" : "TYPE_SEARCHED_ADDRESS",
        "locationConfidence" : 0.30793333
      }, {
        "latitudeE7" : -258563284,
        "longitudeE7" : 281638659,
        "placeId" : "ChIJUyXs_eRllR4R9OdOSKpRzI8",
        "locationConfidence" : 0.25211507
      } ],
      "editConfirmationStatus" : "NOT_CONFIRMED"
    }
  }, {
    "placeVisit" : {
      "location" : {
        "latitudeE7" : -258559780,
        "longitudeE7" : 281626430,
        "placeId" : "ChIJgf7JGllklR4RTqYK8tHPm_w",
        "address" : "13 Willem Rd\nEldoraigne\nCenturion\n0157\nSouth Africa",
        "name" : "13 Willem Rd",
        "semanticType" : "TYPE_HOME",
        "sourceInfo" : {
          "deviceTag" : -63513299
        },
        "locationConfidence" : 97.09272
      },
      "duration" : {
        "startTimestampMs" : "1566401611369",
        "endTimestampMs" : "1566448707731"
      },
      "placeConfidence" : "HIGH_CONFIDENCE",
      "centerLatE7" : -258560311,
      "centerLngE7" : 281625950,
      "visitConfidence" : 94,
      "otherCandidateLocations" : [ {
        "latitudeE7" : -258584100,
        "longitudeE7" : 281624600,
        "placeId" : "ChIJWVS1zllklR4R7ih8EDjLG2g",
        "semanticType" : "TYPE_SEARCHED_ADDRESS",
        "locationConfidence" : 1.8180134
      }, {
        "latitudeE7" : -258565130,
        "longitudeE7" : 281611230,
        "placeId" : "ChIJjc378FhklR4R-lrwm02iVNY",
        "semanticType" : "TYPE_SEARCHED_ADDRESS",
        "locationConfidence" : 0.23551609
      }, {
        "latitudeE7" : -258570590,
        "longitudeE7" : 281625620,
        "placeId" : "ChIJGZkpr1lklR4RvXt8NOQ53JI",
        "semanticType" : "TYPE_SEARCHED_ADDRESS",
        "locationConfidence" : 0.22277182
      }, {
        "latitudeE7" : -258560800,
        "longitudeE7" : 281633500,
        "placeId" : "ChIJqbfuDFlklR4R62Y6o0Rpy9w",
        "locationConfidence" : 0.16780998
      } ],
      "editConfirmationStatus" : "NOT_CONFIRMED"
    }
  }, {
    "activitySegment" : {
      "startLocation" : {
        "latitudeE7" : -258560809,
        "longitudeE7" : 281625992,
        "sourceInfo" : {
          "deviceTag" : -63513299
        }
      },
      "endLocation" : {
        "latitudeE7" : -257481080,
        "longitudeE7" : 282740785,
        "sourceInfo" : {
          "deviceTag" : -63513299
        }
      },
      "duration" : {
        "startTimestampMs" : "1566448707731",
        "endTimestampMs" : "1566450257219"
      },
      "distance" : 18989,
      "activityType" : "IN_PASSENGER_VEHICLE",
      "confidence" : "HIGH",
      "activities" : [ {
        "activityType" : "IN_PASSENGER_VEHICLE",
        "probability" : 98.0478454097669
      }, {
        "activityType" : "IN_BUS",
        "probability" : 1.179258580886378
      }, {
        "activityType" : "WALKING",
        "probability" : 0.6672374620265376
      } ],
      "waypointPath" : {
        "waypoints" : [ {
          "latE7" : -258560619,
          "lngE7" : 281622924
        }, {
          "latE7" : -258037643,
          "lngE7" : 282605133
        }, {
          "latE7" : -257481060,
          "lngE7" : 282741641
        } ]
      }
    }
  }, {
    "placeVisit" : {
      "location" : {
        "latitudeE7" : -257481080,
        "longitudeE7" : 282740785,
        "placeId" : "ChIJQ3RGwkJglR4RbsRfI9p5p6M",
        "address" : "Cnr Meiring Naude Rd &\nHotel St\nPersequor\nPretoria\n0020\nSouth Africa",
        "name" : "Sasol Persequor",
        "sourceInfo" : {
          "deviceTag" : -63513299
        },
        "locationConfidence" : 78.67519
      },
      "duration" : {
        "startTimestampMs" : "1566450257219",
        "endTimestampMs" : "1566450628559"
      },
      "placeConfidence" : "MEDIUM_CONFIDENCE",
      "centerLatE7" : -257480125,
      "centerLngE7" : 282741050,
      "visitConfidence" : 77,
      "otherCandidateLocations" : [ {
        "latitudeE7" : -257491457,
        "longitudeE7" : 282732603,
        "placeId" : "ChIJnxJJQ2dglR4RtPGFqlF9E4g",
        "locationConfidence" : 12.325572
      }, {
        "latitudeE7" : -257529956,
        "longitudeE7" : 282767675,
        "placeId" : "ChIJAQsZRGdglR4REb2EhDpAEKw",
        "locationConfidence" : 2.9688008
      }, {
        "latitudeE7" : -257480042,
        "longitudeE7" : 282735650,
        "placeId" : "ChIJGSQ550JglR4R9h-bUBav3Yg",
        "locationConfidence" : 1.0539966
      }, {
        "latitudeE7" : -257468287,
        "longitudeE7" : 282788928,
        "placeId" : "ChIJS_P3g2lglR4RMs3iZtUFGUE",
        "locationConfidence" : 0.6635543
      } ],
      "editConfirmationStatus" : "NOT_CONFIRMED"
    }
  }, {
    "activitySegment" : {
      "startLocation" : {
        "latitudeE7" : -257481080,
        "longitudeE7" : 282740785,
        "sourceInfo" : {
          "deviceTag" : -63513299
        }
      },
      "endLocation" : {
        "latitudeE7" : -257566771,
        "longitudeE7" : 282803438,
        "sourceInfo" : {
          "deviceTag" : -63513299
        }
      },
      "duration" : {
        "startTimestampMs" : "1566450628559",
        "endTimestampMs" : "1566450752669"
      },
      "distance" : 1156,
      "activityType" : "IN_PASSENGER_VEHICLE",
      "confidence" : "HIGH",
      "activities" : [ {
        "activityType" : "IN_PASSENGER_VEHICLE",
        "probability" : 87.41392473647092
      }, {
        "activityType" : "WALKING",
        "probability" : 7.653185013330396
      }, {
        "activityType" : "IN_BUS",
        "probability" : 4.043061512993483
      } ]
    }
  }, {
    "placeVisit" : {
      "location" : {
        "latitudeE7" : -257509575,
        "longitudeE7" : 282789735,
        "placeId" : "ChIJE5phV2ZglR4ROeioRG3BvyA",
        "address" : "Scientia 627-Jr\nPretoria\n0081\nSouth Africa",
        "name" : "Scientia 627-Jr"
      },
      "duration" : {
        "startTimestampMs" : "1566450752669",
        "endTimestampMs" : "1566480357156"
      },
      "placeConfidence" : "MEDIUM_CONFIDENCE",
      "centerLatE7" : -257564839,
      "centerLngE7" : 282797664,
      "visitConfidence" : 94,
      "otherCandidateLocations" : [ {
        "latitudeE7" : -257553635,
        "longitudeE7" : 282765751,
        "placeId" : "ChIJnxJJQ2dglR4RtPGFqlF9E4g",
        "semanticType" : "TYPE_WORK",
        "locationConfidence" : 9.066282
      }, {
        "latitudeE7" : -257468287,
        "longitudeE7" : 282788928,
        "placeId" : "ChIJS_P3g2lglR4RMs3iZtUFGUE",
        "locationConfidence" : 5.1519203
      }, {
        "latitudeE7" : -257529956,
        "longitudeE7" : 282767675,
        "placeId" : "ChIJAQsZRGdglR4REb2EhDpAEKw",
        "locationConfidence" : 0.4469212
      }, {
        "latitudeE7" : -257559032,
        "longitudeE7" : 282784452,
        "placeId" : "ChIJ__8TokJglR4Rk79ork5Izdo",
        "locationConfidence" : 0.3569522
      } ],
      "editConfirmationStatus" : "CONFIRMED"
    }
  }, {
    "activitySegment" : {
      "startLocation" : {
        "latitudeE7" : -257566771,
        "longitudeE7" : 282803438
      },
      "endLocation" : {
        "latitudeE7" : -258560753,
        "longitudeE7" : 281626091
      },
      "duration" : {
        "startTimestampMs" : "1566480357156",
        "endTimestampMs" : "1566482103026"
      },
      "distance" : 16164,
      "activityType" : "IN_PASSENGER_VEHICLE",
      "confidence" : "HIGH",
      "activities" : [ {
        "activityType" : "IN_PASSENGER_VEHICLE",
        "probability" : 95.82757067916744
      }, {
        "activityType" : "WALKING",
        "probability" : 2.1088016948362864
      }, {
        "activityType" : "MOTORCYCLING",
        "probability" : 0.9578631162134005
      } ],
      "waypointPath" : {
        "waypoints" : [ {
          "latE7" : -257560729,
          "lngE7" : 282793617
        }, {
          "latE7" : -257885208,
          "lngE7" : 282694110
        }, {
          "latE7" : -258559398,
          "lngE7" : 281623020
        } ]
      }
    }
  }, {
    "placeVisit" : {
      "location" : {
        "latitudeE7" : -258559780,
        "longitudeE7" : 281626430,
        "placeId" : "ChIJgf7JGllklR4RTqYK8tHPm_w",
        "address" : "13 Willem Rd\nEldoraigne\nCenturion\n0157\nSouth Africa",
        "name" : "13 Willem Rd",
        "semanticType" : "TYPE_HOME",
        "sourceInfo" : {
          "deviceTag" : -63513299
        },
        "locationConfidence" : 96.370026
      },
      "duration" : {
        "startTimestampMs" : "1566482103026",
        "endTimestampMs" : "1566483805180"
      },
      "placeConfidence" : "HIGH_CONFIDENCE",
      "centerLatE7" : -258560053,
      "centerLngE7" : 281625365,
      "visitConfidence" : 87,
      "otherCandidateLocations" : [ {
        "latitudeE7" : -258584100,
        "longitudeE7" : 281624600,
        "placeId" : "ChIJWVS1zllklR4R7ih8EDjLG2g",
        "semanticType" : "TYPE_SEARCHED_ADDRESS",
        "locationConfidence" : 1.9791635
      }, {
        "latitudeE7" : -258565130,
        "longitudeE7" : 281611230,
        "placeId" : "ChIJjc378FhklR4R-lrwm02iVNY",
        "semanticType" : "TYPE_SEARCHED_ADDRESS",
        "locationConfidence" : 0.27760625
      }, {
        "latitudeE7" : -258570590,
        "longitudeE7" : 281625620,
        "placeId" : "ChIJGZkpr1lklR4RvXt8NOQ53JI",
        "semanticType" : "TYPE_SEARCHED_ADDRESS",
        "locationConfidence" : 0.26778114
      }, {
        "latitudeE7" : -258563284,
        "longitudeE7" : 281638659,
        "placeId" : "ChIJUyXs_eRllR4R9OdOSKpRzI8",
        "locationConfidence" : 0.19761059
      } ],
      "editConfirmationStatus" : "NOT_CONFIRMED"
    }
  }, {
    "activitySegment" : {
      "duration" : {
        "startTimestampMs" : "1566483805180",
        "endTimestampMs" : "1566684000000"
      },
      "activityType" : "UNKNOWN_ACTIVITY_TYPE",
      "activities" : [ {
        "activityType" : "UNKNOWN_ACTIVITY_TYPE",
        "probability" : 0.0
      } ],
      "simplifiedRawPath" : {
        "points" : [ {
          "latE7" : -258558672,
          "lngE7" : 281673058,
          "timestampMs" : "1566772303187",
          "accuracyMeters" : 100
        } ]
      }
    }
  }, {
    "activitySegment" : {
      "startLocation" : {
        "latitudeE7" : -258560365,
        "longitudeE7" : 281626107,
        "sourceInfo" : {
          "deviceTag" : -63513299
        }
      },
      "endLocation" : {
        "latitudeE7" : -258771082,
        "longitudeE7" : 281652042,
        "sourceInfo" : {
          "deviceTag" : -63513299
        }
      },
      "duration" : {
        "startTimestampMs" : "1566788401193",
        "endTimestampMs" : "1566833958720"
      },
      "distance" : 2372,
      "activityType" : "IN_PASSENGER_VEHICLE",
      "confidence" : "MEDIUM",
      "activities" : [ {
        "activityType" : "IN_PASSENGER_VEHICLE",
        "probability" : 83.6193854314818
      }, {
        "activityType" : "WALKING",
        "probability" : 11.951583898979214
      }, {
        "activityType" : "CYCLING",
        "probability" : 1.4212564219614465
      } ],
      "waypointPath" : {
        "waypoints" : [ {
          "latE7" : -258560161,
          "lngE7" : 281622943
        }, {
          "latE7" : -258622665,
          "lngE7" : 281624755
        }, {
          "latE7" : -258770923,
          "lngE7" : 281651840
        } ]
      }
    }
  }, {
    "placeVisit" : {
      "location" : {
        "latitudeE7" : -258976925,
        "longitudeE7" : 281737044,
        "placeId" : "ChIJ-cyvLhBllR4RZJTIKwM2R2I",
        "address" : "Brakfontein 399-Jr\nCenturion\nSouth Africa",
        "name" : "Brakfontein 399-Jr"
      },
      "duration" : {
        "startTimestampMs" : "1566833958720",
        "endTimestampMs" : "1566836538874"
      },
      "placeConfidence" : "HIGH_CONFIDENCE",
      "centerLatE7" : -258772334,
      "centerLngE7" : 281651331,
      "visitConfidence" : 95,
      "otherCandidateLocations" : [ {
        "latitudeE7" : -258773448,
        "longitudeE7" : 281653564,
        "placeId" : "ChIJPQpp0a5llR4R8kXWjclAcW8",
        "locationConfidence" : 1.1597813
      }, {
        "latitudeE7" : -258778771,
        "longitudeE7" : 281650558,
        "placeId" : "ChIJF_eaKq9llR4R_3kFgxN-5o0",
        "locationConfidence" : 0.61608875
      }, {
        "latitudeE7" : -258772315,
        "longitudeE7" : 281648600,
        "placeId" : "ChIJMQpcLalllR4Rk37SKV1tTSg",
        "locationConfidence" : 0.6133062
      }, {
        "latitudeE7" : -258775590,
        "longitudeE7" : 281650990,
        "placeId" : "ChIJGRPIyK5llR4RwguUiqxk6zw",
        "locationConfidence" : 0.4479004
      } ],
      "editConfirmationStatus" : "CONFIRMED"
    }
  }, {
    "activitySegment" : {
      "startLocation" : {
        "latitudeE7" : -258771738,
        "longitudeE7" : 281652268,
        "sourceInfo" : {
          "deviceTag" : -63513299
        }
      },
      "endLocation" : {
        "latitudeE7" : -258560753,
        "longitudeE7" : 281626091,
        "sourceInfo" : {
          "deviceTag" : -63513299
        }
      },
      "duration" : {
        "startTimestampMs" : "1566836538874",
        "endTimestampMs" : "1566837100445"
      },
      "distance" : 3111,
      "activityType" : "IN_PASSENGER_VEHICLE",
      "confidence" : "HIGH",
      "activities" : [ {
        "activityType" : "IN_PASSENGER_VEHICLE",
        "probability" : 94.94222053123251
      }, {
        "activityType" : "WALKING",
        "probability" : 4.767898737035248
      }, {
        "activityType" : "IN_BUS",
        "probability" : 0.21107310323980472
      } ],
      "waypointPath" : {
        "waypoints" : [ {
          "latE7" : -258771266,
          "lngE7" : 281651554
        }, {
          "latE7" : -258623447,
          "lngE7" : 281624794
        }, {
          "latE7" : -258560543,
          "lngE7" : 281622924
        } ]
      },
      "simplifiedRawPath" : {
        "points" : [ {
          "latE7" : -258620085,
          "lngE7" : 281587680,
          "timestampMs" : "1566836845099",
          "accuracyMeters" : 72
        } ]
      }
    }
  }, {
    "placeVisit" : {
      "location" : {
        "latitudeE7" : -258559780,
        "longitudeE7" : 281626430,
        "placeId" : "ChIJgf7JGllklR4RTqYK8tHPm_w",
        "address" : "13 Willem Rd\nEldoraigne\nCenturion\n0157\nSouth Africa",
        "name" : "13 Willem Rd",
        "semanticType" : "TYPE_HOME",
        "sourceInfo" : {
          "deviceTag" : -63513299
        },
        "locationConfidence" : 97.20931
      },
      "duration" : {
        "startTimestampMs" : "1566837100445",
        "endTimestampMs" : "1566881760020"
      },
      "placeConfidence" : "HIGH_CONFIDENCE",
      "centerLatE7" : -258560217,
      "centerLngE7" : 281625749,
      "visitConfidence" : 92,
      "otherCandidateLocations" : [ {
        "latitudeE7" : -258584100,
        "longitudeE7" : 281624600,
        "placeId" : "ChIJWVS1zllklR4R7ih8EDjLG2g",
        "semanticType" : "TYPE_SEARCHED_ADDRESS",
        "locationConfidence" : 1.7380508
      }, {
        "latitudeE7" : -258565130,
        "longitudeE7" : 281611230,
        "placeId" : "ChIJjc378FhklR4R-lrwm02iVNY",
        "semanticType" : "TYPE_SEARCHED_ADDRESS",
        "locationConfidence" : 0.23139584
      }, {
        "latitudeE7" : -258570590,
        "longitudeE7" : 281625620,
        "placeId" : "ChIJGZkpr1lklR4RvXt8NOQ53JI",
        "semanticType" : "TYPE_SEARCHED_ADDRESS",
        "locationConfidence" : 0.22503518
      }, {
        "latitudeE7" : -258560800,
        "longitudeE7" : 281633500,
        "placeId" : "ChIJqbfuDFlklR4R62Y6o0Rpy9w",
        "locationConfidence" : 0.15333278
      } ],
      "editConfirmationStatus" : "NOT_CONFIRMED"
    }
  }, {
    "activitySegment" : {
      "startLocation" : {
        "latitudeE7" : -258560753,
        "longitudeE7" : 281626091
      },
      "endLocation" : {
        "latitudeE7" : -258562762,
        "longitudeE7" : 281840203
      },
      "duration" : {
        "startTimestampMs" : "1566881760020",
        "endTimestampMs" : "1566882451000"
      },
      "distance" : 2160,
      "activityType" : "IN_PASSENGER_VEHICLE",
      "confidence" : "HIGH",
      "activities" : [ {
        "activityType" : "IN_PASSENGER_VEHICLE",
        "probability" : 91.23994708502629
      }, {
        "activityType" : "WALKING",
        "probability" : 4.860769602445837
      }, {
        "activityType" : "IN_BUS",
        "probability" : 1.4990661859143721
      } ],
      "waypointPath" : {
        "waypoints" : [ {
          "latE7" : -258558368,
          "lngE7" : 281623096
        }, {
          "latE7" : -258596725,
          "lngE7" : 281772041
        }, {
          "latE7" : -258566246,
          "lngE7" : 281839160
        } ]
      }
    }
  }, {
    "placeVisit" : {
      "location" : {
        "latitudeE7" : -258562762,
        "longitudeE7" : 281840203,
        "placeId" : "ChIJI3IFwDdklR4REDwPbdSaais",
        "address" : "2018 Hendrik Verwoerd Dr\nCenturion Central\nCenturion\n0046\nSouth Africa",
        "name" : "Industrial Coffee Works",
        "locationConfidence" : 100.0
      },
      "duration" : {
        "startTimestampMs" : "1566882451000",
        "endTimestampMs" : "1566886143000"
      },
      "placeConfidence" : "USER_CONFIRMED",
      "visitConfidence" : 100,
      "otherCandidateLocations" : [ {
        "latitudeE7" : -258563928,
        "longitudeE7" : 281841177,
        "placeId" : "ChIJw5aqvzdklR4RIy_hDKZbYsQ",
        "locationConfidence" : 2.77145
      }, {
        "latitudeE7" : -258566680,
        "longitudeE7" : 281845920,
        "placeId" : "ChIJD1WhtyVklR4ROqEt6X2KIYE",
        "locationConfidence" : 2.5635316
      }, {
        "latitudeE7" : -258571960,
        "longitudeE7" : 281867376,
        "placeId" : "ChIJiQP-IDdklR4ROFIOVGP_Qck",
        "locationConfidence" : 1.452514
      }, {
        "latitudeE7" : -258571948,
        "longitudeE7" : 281867371,
        "placeId" : "ChIJNe7bIjdklR4RncvkJn9QTB0",
        "locationConfidence" : 0.7424908
      } ],
      "editConfirmationStatus" : "CONFIRMED"
    }
  }, {
    "activitySegment" : {
      "startLocation" : {
        "latitudeE7" : -258562762,
        "longitudeE7" : 281840203
      },
      "endLocation" : {
        "latitudeE7" : -258650047,
        "longitudeE7" : 281899293
      },
      "duration" : {
        "startTimestampMs" : "1566886143000",
        "endTimestampMs" : "1566886303000"
      },
      "distance" : 5055,
      "activityType" : "IN_PASSENGER_VEHICLE",
      "confidence" : "HIGH",
      "activities" : [ {
        "activityType" : "IN_PASSENGER_VEHICLE",
        "probability" : 95.21370412020546
      }, {
        "activityType" : "WALKING",
        "probability" : 2.8380865347233346
      }, {
        "activityType" : "CYCLING",
        "probability" : 0.546128921389545
      } ],
      "waypointPath" : {
        "waypoints" : [ {
          "latE7" : -258563327,
          "lngE7" : 281838703
        }, {
          "latE7" : -258592872,
          "lngE7" : 281884174
        }, {
          "latE7" : -258593482,
          "lngE7" : 281885051
        }, {
          "latE7" : -258633022,
          "lngE7" : 281901206
        }, {
          "latE7" : -258650760,
          "lngE7" : 281900100
        } ]
      },
      "simplifiedRawPath" : {
        "points" : [ {
          "latE7" : -258592335,
          "lngE7" : 281883460,
          "timestampMs" : "1566886224000",
          "accuracyMeters" : 6
        }, {
          "latE7" : -258631397,
          "lngE7" : 281902534,
          "timestampMs" : "1566886272000",
          "accuracyMeters" : 4
        }, {
          "latE7" : -258644495,
          "lngE7" : 281901849,
          "timestampMs" : "1566886287000",
          "accuracyMeters" : 6
        } ]
      }
    }
  }, {
    "placeVisit" : {
      "location" : {
        "latitudeE7" : -258650047,
        "longitudeE7" : 281899293,
        "placeId" : "ChIJV5s7yMxllR4ROO32IcGqphE",
        "address" : "John Vorster Dr\nZwartkop\nCenturion\n0157\nSouth Africa",
        "name" : "Total Centurion Gate",
        "sourceInfo" : {
          "deviceTag" : -63513299
        },
        "locationConfidence" : 27.714676
      },
      "duration" : {
        "startTimestampMs" : "1566886303000",
        "endTimestampMs" : "1566886673419"
      },
      "placeConfidence" : "LOW_CONFIDENCE",
      "centerLatE7" : -258661000,
      "centerLngE7" : 281921225,
      "visitConfidence" : 65,
      "otherCandidateLocations" : [ {
        "latitudeE7" : -258652539,
        "longitudeE7" : 281899846,
        "placeId" : "ChIJYTGXSzNklR4RL1SfOwCplGI",
        "locationConfidence" : 26.119864
      }, {
        "latitudeE7" : -258651180,
        "longitudeE7" : 281920681,
        "placeId" : "ChIJR4hfAzNklR4R97PSNIHnoDE",
        "locationConfidence" : 2.9659932
      }, {
        "latitudeE7" : -258676005,
        "longitudeE7" : 281898438,
        "placeId" : "ChIJ9QbDLMFllR4RVxqWlja-0Hk",
        "locationConfidence" : 1.5242177
      }, {
        "latitudeE7" : -258676023,
        "longitudeE7" : 281898163,
        "placeId" : "ChIJIRQ5L8ZllR4RtExXvKjSQ3w",
        "locationConfidence" : 1.4289885
      }, {
        "latitudeE7" : -258664180,
        "longitudeE7" : 281909280,
        "placeId" : "ChIJG-vO_cxllR4RpuHD4RNQh4E",
        "locationConfidence" : 1.3703694
      }, {
        "latitudeE7" : -258662610,
        "longitudeE7" : 281914110,
        "placeId" : "ChIJSdvbAs1llR4R2MBfrZjQ4oc",
        "locationConfidence" : 1.1811479
      }, {
        "latitudeE7" : -258654440,
        "longitudeE7" : 281900560,
        "placeId" : "ChIJR-RD8NFllR4RPiVvmtshX10",
        "locationConfidence" : 1.0901105
      }, {
        "latitudeE7" : -258655408,
        "longitudeE7" : 281899490,
        "placeId" : "ChIJ5zLHx8xllR4R76fbAyoBYew",
        "locationConfidence" : 1.0738794
      }, {
        "latitudeE7" : -258680765,
        "longitudeE7" : 281944341,
        "placeId" : "ChIJJ3QZCdJllR4Rej1tKhefugw",
        "locationConfidence" : 1.0248221
      } ],
      "editConfirmationStatus" : "NOT_CONFIRMED"
    }
  }, {
    "activitySegment" : {
      "startLocation" : {
        "latitudeE7" : -258650047,
        "longitudeE7" : 281899293
      },
      "endLocation" : {
        "latitudeE7" : -258914208,
        "longitudeE7" : 281912054
      },
      "duration" : {
        "startTimestampMs" : "1566886673419",
        "endTimestampMs" : "1566887169550"
      },
      "distance" : 7789,
      "activityType" : "IN_PASSENGER_VEHICLE",
      "confidence" : "HIGH",
      "activities" : [ {
        "activityType" : "IN_PASSENGER_VEHICLE",
        "probability" : 95.33311765112093
      }, {
        "activityType" : "WALKING",
        "probability" : 2.560999624895332
      }, {
        "activityType" : "MOTORCYCLING",
        "probability" : 0.7597302854991379
      } ],
      "waypointPath" : {
        "waypoints" : [ {
          "latE7" : -258650760,
          "lngE7" : 281900100
        }, {
          "latE7" : -258646640,
          "lngE7" : 281905193
        }, {
          "latE7" : -258883113,
          "lngE7" : 281905403
        } ]
      }
    }
  }, {
    "placeVisit" : {
      "location" : {
        "latitudeE7" : -258914208,
        "longitudeE7" : 281912054,
        "placeId" : "ChIJc47dB3RmlR4Rv2PQWni_MT8",
        "address" : "Nellmapius Dr\nIrene\nCenturion\n0157\nSouth Africa",
        "name" : "Denel Dynamics",
        "sourceInfo" : {
          "deviceTag" : -63513299
        },
        "locationConfidence" : 99.74235
      },
      "duration" : {
        "startTimestampMs" : "1566887169550",
        "endTimestampMs" : "1566887974854"
      },
      "placeConfidence" : "HIGH_CONFIDENCE",
      "centerLatE7" : -258889611,
      "centerLngE7" : 281903144,
      "visitConfidence" : 89,
      "otherCandidateLocations" : [ {
        "latitudeE7" : -258870600,
        "longitudeE7" : 281919800,
        "placeId" : "ChIJg2v_N-hllR4RQgPWOwf-3zQ",
        "locationConfidence" : 0.045836393
      }, {
        "latitudeE7" : -258891390,
        "longitudeE7" : 281926830,
        "placeId" : "ChIJof7W7OhllR4RyE3eDUJU-cI",
        "locationConfidence" : 0.044234894
      }, {
        "latitudeE7" : -258892240,
        "longitudeE7" : 281926590,
        "placeId" : "ChIJg1i47OhllR4RD4KBgAgb9Bg",
        "locationConfidence" : 0.033969674
      }, {
        "latitudeE7" : -258887480,
        "longitudeE7" : 281926540,
        "placeId" : "ChIJ4z478-hllR4RizQgAf80zzU",
        "locationConfidence" : 0.032397404
      } ],
      "editConfirmationStatus" : "NOT_CONFIRMED"
    }
  }, {
    "placeVisit" : {
      "location" : {
        "latitudeE7" : -258559780,
        "longitudeE7" : 281626430,
        "placeId" : "ChIJgf7JGllklR4RTqYK8tHPm_w",
        "address" : "13 Willem Rd\nEldoraigne\nCenturion\n0157\nSouth Africa",
        "name" : "13 Willem Rd",
        "semanticType" : "TYPE_HOME",
        "sourceInfo" : {
          "deviceTag" : -63513299
        },
        "locationConfidence" : 96.04046
      },
      "duration" : {
        "startTimestampMs" : "1567137945050",
        "endTimestampMs" : "1567183700843"
      },
      "placeConfidence" : "HIGH_CONFIDENCE",
      "centerLatE7" : -258561186,
      "centerLngE7" : 281627814,
      "visitConfidence" : 84,
      "otherCandidateLocations" : [ {
        "latitudeE7" : -258584100,
        "longitudeE7" : 281624600,
        "placeId" : "ChIJWVS1zllklR4R7ih8EDjLG2g",
        "semanticType" : "TYPE_SEARCHED_ADDRESS",
        "locationConfidence" : 2.6398275
      }, {
        "latitudeE7" : -258570590,
        "longitudeE7" : 281625620,
        "placeId" : "ChIJGZkpr1lklR4RvXt8NOQ53JI",
        "semanticType" : "TYPE_SEARCHED_ADDRESS",
        "locationConfidence" : 0.29683846
      }, {
        "latitudeE7" : -258565130,
        "longitudeE7" : 281611230,
        "placeId" : "ChIJjc378FhklR4R-lrwm02iVNY",
        "semanticType" : "TYPE_SEARCHED_ADDRESS",
        "locationConfidence" : 0.22908193
      }, {
        "latitudeE7" : -258563284,
        "longitudeE7" : 281638659,
        "placeId" : "ChIJUyXs_eRllR4R9OdOSKpRzI8",
        "locationConfidence" : 0.21293747
      } ],
      "editConfirmationStatus" : "NOT_CONFIRMED"
    }
  }, {
    "activitySegment" : {
      "startLocation" : {
        "latitudeE7" : -258561186,
        "longitudeE7" : 281627814
      },
      "endLocation" : {
        "latitudeE7" : -258560370,
        "longitudeE7" : 281626081
      },
      "duration" : {
        "startTimestampMs" : "1567183700843",
        "endTimestampMs" : "1568260957226"
      },
      "activityType" : "UNKNOWN_ACTIVITY_TYPE",
      "activities" : [ {
        "activityType" : "UNKNOWN_ACTIVITY_TYPE",
        "probability" : 0.0
      } ],
      "simplifiedRawPath" : {
        "points" : [ {
          "latE7" : -257565839,
          "lngE7" : 282798349,
          "timestampMs" : "1568107193701",
          "accuracyMeters" : 24
        } ]
      }
    }
  } ]
}