{
  "timelineObjects" : [ {
    "placeVisit" : {
      "location" : {
        "latitudeE7" : -341522880,
        "longitudeE7" : 221042720,
        "placeId" : "ChIJsSdN9Bpp1h0RI5Esj0OUm7M",
        "address" : "Die Voor Bay\nMossel Bay\n6506\nSouth Africa",
        "name" : "Die Voor Bay"
      },
      "duration" : {
        "startTimestampMs" : "1388564425197",
        "endTimestampMs" : "1388568934755"
      },
      "centerLatE7" : -341288075,
      "centerLngE7" : 221165775,
      "visitConfidence" : 64,
      "otherCandidateLocations" : [ {
        "latitudeE7" : -341270110,
        "longitudeE7" : 221180490,
        "placeId" : "ChIJo6WAEzhp1h0RQDf4hNmxwUA",
        "name" : "Takoda Spur",
        "locationConfidence" : 18.227404
      }, {
        "latitudeE7" : -341265310,
        "longitudeE7" : 221165720,
        "placeId" : "ChIJ3w2oLjhp1h0RM6eb500PAnU",
        "name" : "Absa Branch, Hartenbos",
        "locationConfidence" : 13.837228
      }, {
        "latitudeE7" : -341280400,
        "longitudeE7" : 221168300,
        "placeId" : "ChIJlb_DTzhp1h0RiDF1lZsPErA",
        "name" : "Cape Saint Blaize",
        "locationConfidence" : 8.333831
      }, {
        "latitudeE7" : -341283300,
        "longitudeE7" : 221133299,
        "placeId" : "ChIJpzNBijlp1h0RV6B7LLZmtPY",
        "name" : "Hartenbos",
        "locationConfidence" : 5.8901615
      }, {
        "latitudeE7" : -341283300,
        "longitudeE7" : 221133299,
        "placeId" : "ChIJpzNBijlp1h0RVpMXr3Zcqfs",
        "name" : "E K Primary School",
        "locationConfidence" : 1.8522336
      }, {
        "latitudeE7" : -341313214,
        "longitudeE7" : 221148357,
        "placeId" : "ChIJe-48SDlp1h0Rq8XRHoBnlzE",
        "name" : "Homenet - Trio (Hartenbos)",
        "locationConfidence" : 1.332412
      }, {
        "latitudeE7" : -341281773,
        "longitudeE7" : 221157286,
        "placeId" : "ChIJraeisTlp1h0RdmCmP653op4",
        "name" : "Suidersee Hartenbos",
        "locationConfidence" : 1.183807
      }, {
        "latitudeE7" : -341277070,
        "longitudeE7" : 221169470,
        "placeId" : "ChIJocECRjhp1h0R31zeAs9zi-A",
        "name" : "L and S Boutique",
        "locationConfidence" : 1.0340477
      }, {
        "latitudeE7" : -341277070,
        "longitudeE7" : 221169470,
        "placeId" : "ChIJocECRjhp1h0RuCYfZYxRH6Y",
        "name" : "Salon Drie Meeue",
        "locationConfidence" : 1.0340477
      } ],
      "editConfirmationStatus" : "CONFIRMED"
    }
  }, {
    "placeVisit" : {
      "location" : {
        "latitudeE7" : -341522880,
        "longitudeE7" : 221042720,
        "placeId" : "ChIJsSdN9Bpp1h0RI5Esj0OUm7M",
        "address" : "Die Voor Bay\nMossel Bay\n6506\nSouth Africa",
        "name" : "Die Voor Bay"
      },
      "duration" : {
        "startTimestampMs" : "1388572791565",
        "endTimestampMs" : "1388573935041"
      },
      "centerLatE7" : -341287860,
      "centerLngE7" : 221166000,
      "visitConfidence" : 67,
      "otherCandidateLocations" : [ {
        "latitudeE7" : -341283300,
        "longitudeE7" : 221133299,
        "placeId" : "ChIJpzNBijlp1h0RV6B7LLZmtPY",
        "name" : "Hartenbos",
        "locationConfidence" : 22.767418
      }, {
        "latitudeE7" : -341265310,
        "longitudeE7" : 221165720,
        "placeId" : "ChIJ3w2oLjhp1h0RM6eb500PAnU",
        "name" : "Absa Branch, Hartenbos",
        "locationConfidence" : 20.2211
      }, {
        "latitudeE7" : -341280400,
        "longitudeE7" : 221168300,
        "placeId" : "ChIJlb_DTzhp1h0RiDF1lZsPErA",
        "name" : "Cape Saint Blaize",
        "locationConfidence" : 4.467763
      }, {
        "latitudeE7" : -341270110,
        "longitudeE7" : 221180490,
        "placeId" : "ChIJo6WAEzhp1h0RQDf4hNmxwUA",
        "name" : "Takoda Spur",
        "locationConfidence" : 4.051907
      }, {
        "latitudeE7" : -341262113,
        "longitudeE7" : 221170235,
        "placeId" : "ChIJpwn2HzFp1h0Rt7YGnr6iz-0",
        "name" : "Post Office - Hartenbos Post Office",
        "locationConfidence" : 1.312066
      }, {
        "latitudeE7" : -341283300,
        "longitudeE7" : 221133299,
        "placeId" : "ChIJpzNBijlp1h0RVpMXr3Zcqfs",
        "name" : "E K Primary School",
        "locationConfidence" : 0.9765366
      }, {
        "latitudeE7" : -341281773,
        "longitudeE7" : 221157286,
        "placeId" : "ChIJraeisTlp1h0RdmCmP653op4",
        "name" : "Suidersee Hartenbos",
        "locationConfidence" : 0.8407826
      }, {
        "latitudeE7" : -341277070,
        "longitudeE7" : 221169470,
        "placeId" : "ChIJocECRjhp1h0RtqnB0Ngveo8",
        "name" : "Harcourts Trio",
        "locationConfidence" : 0.7475201
      }, {
        "latitudeE7" : -341277070,
        "longitudeE7" : 221169470,
        "placeId" : "ChIJocECRjhp1h0RuCYfZYxRH6Y",
        "name" : "Salon Drie Meeue",
        "locationConfidence" : 0.7475201
      } ],
      "editConfirmationStatus" : "CONFIRMED"
    }
  }, {
    "placeVisit" : {
      "location" : {
        "latitudeE7" : -341216695,
        "longitudeE7" : 220983105,
        "placeId" : "ChIJMyF2MNRu1h0Rc4SgMCAKK9Q",
        "address" : "Hartenbos\nMosselbaai\n6520\nSuid-Afrika",
        "name" : "Hartenbos"
      },
      "duration" : {
        "startTimestampMs" : "1388590271092",
        "endTimestampMs" : "1388594238960"
      },
      "centerLatE7" : -341286950,
      "centerLngE7" : 221166950,
      "visitConfidence" : 57,
      "otherCandidateLocations" : [ {
        "latitudeE7" : -341273657,
        "longitudeE7" : 221163210,
        "placeId" : "ChIJd5xG0zlp1h0RsYich4a7EPY",
        "name" : "Hartenbos Waterpark",
        "locationConfidence" : 21.458515
      }, {
        "latitudeE7" : -341280400,
        "longitudeE7" : 221168300,
        "placeId" : "ChIJlb_DTzhp1h0RiDF1lZsPErA",
        "name" : "Cape Saint Blaize",
        "locationConfidence" : 13.286774
      }, {
        "latitudeE7" : -341283300,
        "longitudeE7" : 221133299,
        "placeId" : "ChIJpzNBijlp1h0RV6B7LLZmtPY",
        "name" : "Hartenbos",
        "locationConfidence" : 8.904094
      }, {
        "latitudeE7" : -341265310,
        "longitudeE7" : 221165720,
        "placeId" : "ChIJ3w2oLjhp1h0RM6eb500PAnU",
        "name" : "Absa Branch, Hartenbos",
        "locationConfidence" : 7.4019804
      }, {
        "latitudeE7" : -341283300,
        "longitudeE7" : 221133299,
        "placeId" : "ChIJpzNBijlp1h0RVpMXr3Zcqfs",
        "name" : "E K Primary School",
        "locationConfidence" : 2.7973976
      }, {
        "latitudeE7" : -341281773,
        "longitudeE7" : 221157286,
        "placeId" : "ChIJraeisTlp1h0RdmCmP653op4",
        "name" : "Suidersee Hartenbos",
        "locationConfidence" : 1.7771395
      }, {
        "latitudeE7" : -341277070,
        "longitudeE7" : 221169470,
        "placeId" : "ChIJocECRjhp1h0R31zeAs9zi-A",
        "name" : "L and S Boutique",
        "locationConfidence" : 1.7101325
      }, {
        "latitudeE7" : -341277070,
        "longitudeE7" : 221169470,
        "placeId" : "ChIJocECRjhp1h0RuCYfZYxRH6Y",
        "name" : "Salon Drie Meeue",
        "locationConfidence" : 1.7101325
      }, {
        "latitudeE7" : -341277070,
        "longitudeE7" : 221169470,
        "placeId" : "ChIJocECRjhp1h0RON4YEEUI10s",
        "name" : "Joker The",
        "locationConfidence" : 1.7101325
      } ],
      "editConfirmationStatus" : "CONFIRMED"
    }
  }, {
    "placeVisit" : {
      "location" : {
        "latitudeE7" : -341283300,
        "longitudeE7" : 221133299,
        "placeId" : "ChIJpzNBijlp1h0RV6B7LLZmtPY",
        "address" : "Oranje Ave\nHartenbos\nMossel Bay\n6520\nSouth Africa",
        "name" : "Hartenbos",
        "locationConfidence" : 39.153267
      },
      "duration" : {
        "startTimestampMs" : "1388598756081",
        "endTimestampMs" : "1388600568897"
      },
      "centerLatE7" : -341287642,
      "centerLngE7" : 221166227,
      "visitConfidence" : 64,
      "otherCandidateLocations" : [ {
        "latitudeE7" : -341273657,
        "longitudeE7" : 221163210,
        "placeId" : "ChIJd5xG0zlp1h0RsYich4a7EPY",
        "name" : "Hartenbos Waterpark",
        "locationConfidence" : 21.309656
      }, {
        "latitudeE7" : -341265310,
        "longitudeE7" : 221165720,
        "placeId" : "ChIJ3w2oLjhp1h0RM6eb500PAnU",
        "name" : "Absa Branch, Hartenbos",
        "locationConfidence" : 10.73605
      }, {
        "latitudeE7" : -341280400,
        "longitudeE7" : 221168300,
        "placeId" : "ChIJlb_DTzhp1h0RiDF1lZsPErA",
        "name" : "Cape Saint Blaize",
        "locationConfidence" : 7.3454185
      }, {
        "latitudeE7" : -341270110,
        "longitudeE7" : 221180490,
        "placeId" : "ChIJo6WAEzhp1h0RQDf4hNmxwUA",
        "name" : "Takoda Spur",
        "locationConfidence" : 6.558165
      }, {
        "latitudeE7" : -341262113,
        "longitudeE7" : 221170235,
        "placeId" : "ChIJpwn2HzFp1h0Rt7YGnr6iz-0",
        "name" : "Post Office - Hartenbos Post Office",
        "locationConfidence" : 2.1367235
      }, {
        "latitudeE7" : -341283300,
        "longitudeE7" : 221133299,
        "placeId" : "ChIJpzNBijlp1h0RVpMXr3Zcqfs",
        "name" : "E K Primary School",
        "locationConfidence" : 1.679356
      }, {
        "latitudeE7" : -341281773,
        "longitudeE7" : 221157286,
        "placeId" : "ChIJraeisTlp1h0RdmCmP653op4",
        "name" : "Suidersee Hartenbos",
        "locationConfidence" : 1.4438976
      }, {
        "latitudeE7" : -341277070,
        "longitudeE7" : 221169470,
        "placeId" : "ChIJocECRjhp1h0RtqnB0Ngveo8",
        "name" : "Harcourts Trio",
        "locationConfidence" : 1.2257358
      }, {
        "latitudeE7" : -341277070,
        "longitudeE7" : 221169470,
        "placeId" : "ChIJocECRjhp1h0RuCYfZYxRH6Y",
        "name" : "Salon Drie Meeue",
        "locationConfidence" : 1.2257358
      } ],
      "editConfirmationStatus" : "NOT_CONFIRMED"
    }
  }, {
    "placeVisit" : {
      "location" : {
        "latitudeE7" : -341216695,
        "longitudeE7" : 220983105,
        "placeId" : "ChIJMyF2MNRu1h0Rc4SgMCAKK9Q",
        "address" : "Hartenbos\nMosselbaai\n6520\nSuid-Afrika",
        "name" : "Hartenbos"
      },
      "duration" : {
        "startTimestampMs" : "1388601532663",
        "endTimestampMs" : "1388608398709"
      },
      "centerLatE7" : -341285586,
      "centerLngE7" : 221168114,
      "visitConfidence" : 62,
      "otherCandidateLocations" : [ {
        "latitudeE7" : -341273657,
        "longitudeE7" : 221163210,
        "placeId" : "ChIJd5xG0zlp1h0RsYich4a7EPY",
        "name" : "Hartenbos Waterpark",
        "locationConfidence" : 21.336988
      }, {
        "latitudeE7" : -341280400,
        "longitudeE7" : 221168300,
        "placeId" : "ChIJlb_DTzhp1h0RiDF1lZsPErA",
        "name" : "Cape Saint Blaize",
        "locationConfidence" : 12.818852
      }, {
        "latitudeE7" : -341283300,
        "longitudeE7" : 221133299,
        "placeId" : "ChIJpzNBijlp1h0RV6B7LLZmtPY",
        "name" : "Hartenbos",
        "locationConfidence" : 8.217744
      }, {
        "latitudeE7" : -341265310,
        "longitudeE7" : 221165720,
        "placeId" : "ChIJ3w2oLjhp1h0RM6eb500PAnU",
        "name" : "Absa Branch, Hartenbos",
        "locationConfidence" : 7.57153
      }, {
        "latitudeE7" : -341283300,
        "longitudeE7" : 221133299,
        "placeId" : "ChIJpzNBijlp1h0RVpMXr3Zcqfs",
        "name" : "E K Primary School",
        "locationConfidence" : 2.5817673
      }, {
        "latitudeE7" : -341277070,
        "longitudeE7" : 221169470,
        "placeId" : "ChIJocECRjhp1h0R31zeAs9zi-A",
        "name" : "L and S Boutique",
        "locationConfidence" : 1.7462379
      }, {
        "latitudeE7" : -341277070,
        "longitudeE7" : 221169470,
        "placeId" : "ChIJocECRjhp1h0RuCYfZYxRH6Y",
        "name" : "Salon Drie Meeue",
        "locationConfidence" : 1.7462379
      }, {
        "latitudeE7" : -341277070,
        "longitudeE7" : 221169470,
        "placeId" : "ChIJocECRjhp1h0RON4YEEUI10s",
        "name" : "Joker The",
        "locationConfidence" : 1.7462379
      }, {
        "latitudeE7" : -341277070,
        "longitudeE7" : 221169470,
        "placeId" : "ChIJocECRjhp1h0RtqnB0Ngveo8",
        "name" : "Harcourts Trio",
        "locationConfidence" : 1.7462379
      } ],
      "editConfirmationStatus" : "CONFIRMED"
    }
  }, {
    "placeVisit" : {
      "location" : {
        "latitudeE7" : -341522880,
        "longitudeE7" : 221042720,
        "placeId" : "ChIJsSdN9Bpp1h0RI5Esj0OUm7M",
        "address" : "Die Voor Bay\nMossel Bay\n6506\nSouth Africa",
        "name" : "Die Voor Bay"
      },
      "duration" : {
        "startTimestampMs" : "1388612616351",
        "endTimestampMs" : "1388647633878"
      },
      "centerLatE7" : -341285487,
      "centerLngE7" : 221165887,
      "visitConfidence" : 62,
      "otherCandidateLocations" : [ {
        "latitudeE7" : -341265310,
        "longitudeE7" : 221165720,
        "placeId" : "ChIJ3w2oLjhp1h0RM6eb500PAnU",
        "name" : "Absa Branch, Hartenbos",
        "locationConfidence" : 19.347158
      }, {
        "latitudeE7" : -341283300,
        "longitudeE7" : 221133299,
        "placeId" : "ChIJpzNBijlp1h0RV6B7LLZmtPY",
        "name" : "Hartenbos",
        "locationConfidence" : 15.072094
      }, {
        "latitudeE7" : -341280400,
        "longitudeE7" : 221168300,
        "placeId" : "ChIJlb_DTzhp1h0RiDF1lZsPErA",
        "name" : "Cape Saint Blaize",
        "locationConfidence" : 12.813591
      }, {
        "latitudeE7" : -341270110,
        "longitudeE7" : 221180490,
        "placeId" : "ChIJo6WAEzhp1h0RQDf4hNmxwUA",
        "name" : "Takoda Spur",
        "locationConfidence" : 4.934981
      }, {
        "latitudeE7" : -341283300,
        "longitudeE7" : 221133299,
        "placeId" : "ChIJpzNBijlp1h0RVpMXr3Zcqfs",
        "name" : "E K Primary School",
        "locationConfidence" : 2.6021845
      }, {
        "latitudeE7" : -341262113,
        "longitudeE7" : 221170235,
        "placeId" : "ChIJpwn2HzFp1h0Rt7YGnr6iz-0",
        "name" : "Post Office - Hartenbos Post Office",
        "locationConfidence" : 1.4199948
      }, {
        "latitudeE7" : -341281773,
        "longitudeE7" : 221157286,
        "placeId" : "ChIJraeisTlp1h0RdmCmP653op4",
        "name" : "Suidersee Hartenbos",
        "locationConfidence" : 1.368266
      }, {
        "latitudeE7" : -341277070,
        "longitudeE7" : 221169470,
        "placeId" : "ChIJocECRjhp1h0RtqnB0Ngveo8",
        "name" : "Harcourts Trio",
        "locationConfidence" : 1.2897456
      }, {
        "latitudeE7" : -341277070,
        "longitudeE7" : 221169470,
        "placeId" : "ChIJocECRjhp1h0RuCYfZYxRH6Y",
        "name" : "Salon Drie Meeue",
        "locationConfidence" : 1.2897456
      } ],
      "editConfirmationStatus" : "CONFIRMED"
    }
  }, {
    "placeVisit" : {
      "location" : {
        "latitudeE7" : -341522880,
        "longitudeE7" : 221042720,
        "placeId" : "ChIJsSdN9Bpp1h0RI5Esj0OUm7M",
        "address" : "Die Voor Bay\nMossel Bay\n6506\nSouth Africa",
        "name" : "Die Voor Bay"
      },
      "duration" : {
        "startTimestampMs" : "1388649377547",
        "endTimestampMs" : "1388651119885"
      },
      "centerLatE7" : -341284950,
      "centerLngE7" : 221165500,
      "visitConfidence" : 63,
      "otherCandidateLocations" : [ {
        "latitudeE7" : -341265310,
        "longitudeE7" : 221165720,
        "placeId" : "ChIJ3w2oLjhp1h0RM6eb500PAnU",
        "name" : "Absa Branch, Hartenbos",
        "locationConfidence" : 17.267729
      }, {
        "latitudeE7" : -341283300,
        "longitudeE7" : 221133299,
        "placeId" : "ChIJpzNBijlp1h0RV6B7LLZmtPY",
        "name" : "Hartenbos",
        "locationConfidence" : 11.458119
      }, {
        "latitudeE7" : -341270110,
        "longitudeE7" : 221180490,
        "placeId" : "ChIJo6WAEzhp1h0RQDf4hNmxwUA",
        "name" : "Takoda Spur",
        "locationConfidence" : 10.923195
      }, {
        "latitudeE7" : -341280400,
        "longitudeE7" : 221168300,
        "placeId" : "ChIJlb_DTzhp1h0RiDF1lZsPErA",
        "name" : "Cape Saint Blaize",
        "locationConfidence" : 5.076712
      }, {
        "latitudeE7" : -341262113,
        "longitudeE7" : 221170235,
        "placeId" : "ChIJpwn2HzFp1h0Rt7YGnr6iz-0",
        "name" : "Post Office - Hartenbos Post Office",
        "locationConfidence" : 1.4030932
      }, {
        "latitudeE7" : -341283300,
        "longitudeE7" : 221133299,
        "placeId" : "ChIJpzNBijlp1h0RVpMXr3Zcqfs",
        "name" : "E K Primary School",
        "locationConfidence" : 1.1571164
      }, {
        "latitudeE7" : -341281773,
        "longitudeE7" : 221157286,
        "placeId" : "ChIJraeisTlp1h0RdmCmP653op4",
        "name" : "Suidersee Hartenbos",
        "locationConfidence" : 0.93181944
      }, {
        "latitudeE7" : -341277070,
        "longitudeE7" : 221169470,
        "placeId" : "ChIJocECRjhp1h0RtqnB0Ngveo8",
        "name" : "Harcourts Trio",
        "locationConfidence" : 0.8729651
      }, {
        "latitudeE7" : -341277070,
        "longitudeE7" : 221169470,
        "placeId" : "ChIJocECRjhp1h0RuCYfZYxRH6Y",
        "name" : "Salon Drie Meeue",
        "locationConfidence" : 0.8729651
      } ],
      "editConfirmationStatus" : "CONFIRMED"
    }
  }, {
    "placeVisit" : {
      "location" : {
        "latitudeE7" : -341553700,
        "longitudeE7" : 221033300,
        "placeId" : "ChIJ4athnAZp1h0RTpG6ocSCfyU",
        "address" : "14 Industry, Mossel Bay, Western Cape, 6506, South Africa",
        "name" : "Fruit & Veg - Mosselbay",
        "locationConfidence" : 17.984177
      },
      "duration" : {
        "startTimestampMs" : "1388657150628",
        "endTimestampMs" : "1388658052815"
      },
      "centerLatE7" : -341544367,
      "centerLngE7" : 221059500,
      "visitConfidence" : 26,
      "otherCandidateLocations" : [ {
        "latitudeE7" : -341539390,
        "longitudeE7" : 221024240,
        "placeId" : "ChIJwd8PfQNp1h0RuiPLKjR4fnk",
        "name" : "Vredebest Packaging",
        "locationConfidence" : 15.195085
      }, {
        "latitudeE7" : -341538806,
        "longitudeE7" : 221052281,
        "placeId" : "ChIJ_QtOxAVp1h0RtI9JHGAINko",
        "name" : "Twee Kuilen Residential Complex",
        "locationConfidence" : 5.7954164
      }, {
        "latitudeE7" : -341540140,
        "longitudeE7" : 221045670,
        "placeId" : "ChIJ72w3zAVp1h0RhjhgmhKJ0H4",
        "name" : "Rumblin Rose",
        "locationConfidence" : 5.363602
      }, {
        "latitudeE7" : -341553600,
        "longitudeE7" : 221033200,
        "placeId" : "ChIJtwJenAZp1h0RJxQ5dhjdkrs",
        "name" : "REALTY1 Property Group - Mosselbay/Hartenbos",
        "locationConfidence" : 4.566402
      }, {
        "latitudeE7" : -341531180,
        "longitudeE7" : 221054620,
        "placeId" : "ChIJ5ai-vgVp1h0RL7OcsBLa9zU",
        "name" : "Muller A",
        "locationConfidence" : 3.9345257
      }, {
        "latitudeE7" : -341552162,
        "longitudeE7" : 221031434,
        "placeId" : "ChIJK_vY_ctp1h0Rs79oGBydJg0",
        "name" : "PG Glass Mossel Bay",
        "locationConfidence" : 3.6352532
      }, {
        "latitudeE7" : -341557580,
        "longitudeE7" : 221037430,
        "placeId" : "ChIJ39xzjwZp1h0RdxuZ0w0PvqY",
        "name" : "Glasfit",
        "locationConfidence" : 3.0482452
      }, {
        "latitudeE7" : -341563570,
        "longitudeE7" : 221031910,
        "placeId" : "ChIJ33tmkwZp1h0RH3R54uJ0JCY",
        "name" : "Fruit and Veg City",
        "locationConfidence" : 2.9966843
      }, {
        "latitudeE7" : -341557466,
        "longitudeE7" : 221082231,
        "placeId" : "ChIJVSOhlghp1h0REgHFB7dUoio",
        "name" : "Pete's Construction",
        "locationConfidence" : 2.9394512
      } ],
      "editConfirmationStatus" : "NOT_CONFIRMED"
    }
  }, {
    "placeVisit" : {
      "location" : {
        "latitudeE7" : -341522880,
        "longitudeE7" : 221042720,
        "placeId" : "ChIJsSdN9Bpp1h0RI5Esj0OUm7M",
        "address" : "Die Voor Bay\nMossel Bay\n6506\nSouth Africa",
        "name" : "Die Voor Bay"
      },
      "duration" : {
        "startTimestampMs" : "1388661793997",
        "endTimestampMs" : "1388667148609"
      },
      "centerLatE7" : -341284950,
      "centerLngE7" : 221165500,
      "visitConfidence" : 63,
      "otherCandidateLocations" : [ {
        "latitudeE7" : -341270110,
        "longitudeE7" : 221180490,
        "placeId" : "ChIJo6WAEzhp1h0RQDf4hNmxwUA",
        "name" : "Takoda Spur",
        "locationConfidence" : 18.204311
      }, {
        "latitudeE7" : -341265310,
        "longitudeE7" : 221165720,
        "placeId" : "ChIJ3w2oLjhp1h0RM6eb500PAnU",
        "name" : "Absa Branch, Hartenbos",
        "locationConfidence" : 14.713594
      }, {
        "latitudeE7" : -341280400,
        "longitudeE7" : 221168300,
        "placeId" : "ChIJlb_DTzhp1h0RiDF1lZsPErA",
        "name" : "Cape Saint Blaize",
        "locationConfidence" : 7.6389565
      }, {
        "latitudeE7" : -341283300,
        "longitudeE7" : 221133299,
        "placeId" : "ChIJpzNBijlp1h0RV6B7LLZmtPY",
        "name" : "Hartenbos",
        "locationConfidence" : 5.5365734
      }, {
        "latitudeE7" : -341283300,
        "longitudeE7" : 221133299,
        "placeId" : "ChIJpzNBijlp1h0RVpMXr3Zcqfs",
        "name" : "E K Primary School",
        "locationConfidence" : 1.7411195
      }, {
        "latitudeE7" : -341281773,
        "longitudeE7" : 221157286,
        "placeId" : "ChIJraeisTlp1h0RdmCmP653op4",
        "name" : "Suidersee Hartenbos",
        "locationConfidence" : 1.1119044
      }, {
        "latitudeE7" : -341262113,
        "longitudeE7" : 221170235,
        "placeId" : "ChIJpwn2HzFp1h0Rt7YGnr6iz-0",
        "name" : "Post Office - Hartenbos Post Office",
        "locationConfidence" : 1.0492605
      }, {
        "latitudeE7" : -341277070,
        "longitudeE7" : 221169470,
        "placeId" : "ChIJocECRjhp1h0RtqnB0Ngveo8",
        "name" : "Harcourts Trio",
        "locationConfidence" : 1.0416757
      }, {
        "latitudeE7" : -341277070,
        "longitudeE7" : 221169470,
        "placeId" : "ChIJocECRjhp1h0RuCYfZYxRH6Y",
        "name" : "Salon Drie Meeue",
        "locationConfidence" : 1.0416757
      } ],
      "editConfirmationStatus" : "CONFIRMED"
    }
  }, {
    "placeVisit" : {
      "location" : {
        "latitudeE7" : -341283300,
        "longitudeE7" : 221133299,
        "placeId" : "ChIJpzNBijlp1h0RV6B7LLZmtPY",
        "address" : "Oranje Ave\nHartenbos\nMossel Bay\n6520\nSouth Africa",
        "name" : "Hartenbos",
        "locationConfidence" : 37.02642
      },
      "duration" : {
        "startTimestampMs" : "1388676889285",
        "endTimestampMs" : "1388677610527"
      },
      "centerLatE7" : -341284950,
      "centerLngE7" : 221165500,
      "visitConfidence" : 63,
      "otherCandidateLocations" : [ {
        "latitudeE7" : -341273657,
        "longitudeE7" : 221163210,
        "placeId" : "ChIJd5xG0zlp1h0RsYich4a7EPY",
        "name" : "Hartenbos Waterpark",
        "locationConfidence" : 22.684944
      }, {
        "latitudeE7" : -341265310,
        "longitudeE7" : 221165720,
        "placeId" : "ChIJ3w2oLjhp1h0RM6eb500PAnU",
        "name" : "Absa Branch, Hartenbos",
        "locationConfidence" : 11.828079
      }, {
        "latitudeE7" : -341280400,
        "longitudeE7" : 221168300,
        "placeId" : "ChIJlb_DTzhp1h0RiDF1lZsPErA",
        "name" : "Cape Saint Blaize",
        "locationConfidence" : 6.968044
      }, {
        "latitudeE7" : -341270110,
        "longitudeE7" : 221180490,
        "placeId" : "ChIJo6WAEzhp1h0RQDf4hNmxwUA",
        "name" : "Takoda Spur",
        "locationConfidence" : 6.8446527
      }, {
        "latitudeE7" : -341262113,
        "longitudeE7" : 221170235,
        "placeId" : "ChIJpwn2HzFp1h0Rt7YGnr6iz-0",
        "name" : "Post Office - Hartenbos Post Office",
        "locationConfidence" : 2.3790095
      }, {
        "latitudeE7" : -341283300,
        "longitudeE7" : 221133299,
        "placeId" : "ChIJpzNBijlp1h0RVpMXr3Zcqfs",
        "name" : "E K Primary School",
        "locationConfidence" : 1.5882007
      }, {
        "latitudeE7" : -341281773,
        "longitudeE7" : 221157286,
        "placeId" : "ChIJraeisTlp1h0RdmCmP653op4",
        "name" : "Suidersee Hartenbos",
        "locationConfidence" : 1.3662708
      }, {
        "latitudeE7" : -341277070,
        "longitudeE7" : 221169470,
        "placeId" : "ChIJocECRjhp1h0RtqnB0Ngveo8",
        "name" : "Harcourts Trio",
        "locationConfidence" : 1.2799761
      }, {
        "latitudeE7" : -341277070,
        "longitudeE7" : 221169470,
        "placeId" : "ChIJocECRjhp1h0RuCYfZYxRH6Y",
        "name" : "Salon Drie Meeue",
        "locationConfidence" : 1.2799761
      } ],
      "editConfirmationStatus" : "NOT_CONFIRMED"
    }
  }, {
    "placeVisit" : {
      "location" : {
        "latitudeE7" : -341522880,
        "longitudeE7" : 221042720,
        "placeId" : "ChIJsSdN9Bpp1h0RI5Esj0OUm7M",
        "address" : "Die Voor Bay\nMossel Bay\n6506\nSouth Africa",
        "name" : "Die Voor Bay"
      },
      "duration" : {
        "startTimestampMs" : "1388679716696",
        "endTimestampMs" : "1388681102436"
      },
      "centerLatE7" : -341285925,
      "centerLngE7" : 221164525,
      "visitConfidence" : 68,
      "otherCandidateLocations" : [ {
        "latitudeE7" : -341283300,
        "longitudeE7" : 221133299,
        "placeId" : "ChIJpzNBijlp1h0RV6B7LLZmtPY",
        "name" : "Hartenbos",
        "locationConfidence" : 21.938345
      }, {
        "latitudeE7" : -341270110,
        "longitudeE7" : 221180490,
        "placeId" : "ChIJo6WAEzhp1h0RQDf4hNmxwUA",
        "name" : "Takoda Spur",
        "locationConfidence" : 17.798645
      }, {
        "latitudeE7" : -341265310,
        "longitudeE7" : 221165720,
        "placeId" : "ChIJ3w2oLjhp1h0RM6eb500PAnU",
        "name" : "Absa Branch, Hartenbos",
        "locationConfidence" : 9.294915
      }, {
        "latitudeE7" : -341280400,
        "longitudeE7" : 221168300,
        "placeId" : "ChIJlb_DTzhp1h0RiDF1lZsPErA",
        "name" : "Cape Saint Blaize",
        "locationConfidence" : 8.799799
      }, {
        "latitudeE7" : -341262113,
        "longitudeE7" : 221170235,
        "placeId" : "ChIJpwn2HzFp1h0Rt7YGnr6iz-0",
        "name" : "Post Office - Hartenbos Post Office",
        "locationConfidence" : 2.3048182
      }, {
        "latitudeE7" : -341283300,
        "longitudeE7" : 221133299,
        "placeId" : "ChIJpzNBijlp1h0RVpMXr3Zcqfs",
        "name" : "E K Primary School",
        "locationConfidence" : 2.2154787
      }, {
        "latitudeE7" : -341281773,
        "longitudeE7" : 221157286,
        "placeId" : "ChIJraeisTlp1h0RdmCmP653op4",
        "name" : "Suidersee Hartenbos",
        "locationConfidence" : 1.6885685
      }, {
        "latitudeE7" : -341277070,
        "longitudeE7" : 221169470,
        "placeId" : "ChIJocECRjhp1h0RtqnB0Ngveo8",
        "name" : "Harcourts Trio",
        "locationConfidence" : 1.4483169
      }, {
        "latitudeE7" : -341277070,
        "longitudeE7" : 221169470,
        "placeId" : "ChIJocECRjhp1h0RuCYfZYxRH6Y",
        "name" : "Salon Drie Meeue",
        "locationConfidence" : 1.4483169
      } ],
      "editConfirmationStatus" : "CONFIRMED"
    }
  }, {
    "placeVisit" : {
      "location" : {
        "latitudeE7" : -341283300,
        "longitudeE7" : 221133299,
        "placeId" : "ChIJpzNBijlp1h0RV6B7LLZmtPY",
        "address" : "Oranje Ave\nHartenbos\nMossel Bay\n6520\nSouth Africa",
        "name" : "Hartenbos",
        "locationConfidence" : 37.02642
      },
      "duration" : {
        "startTimestampMs" : "1388686037213",
        "endTimestampMs" : "1388686998949"
      },
      "centerLatE7" : -341284950,
      "centerLngE7" : 221165500,
      "visitConfidence" : 63,
      "otherCandidateLocations" : [ {
        "latitudeE7" : -341273657,
        "longitudeE7" : 221163210,
        "placeId" : "ChIJd5xG0zlp1h0RsYich4a7EPY",
        "name" : "Hartenbos Waterpark",
        "locationConfidence" : 22.684944
      }, {
        "latitudeE7" : -341265310,
        "longitudeE7" : 221165720,
        "placeId" : "ChIJ3w2oLjhp1h0RM6eb500PAnU",
        "name" : "Absa Branch, Hartenbos",
        "locationConfidence" : 11.828079
      }, {
        "latitudeE7" : -341280400,
        "longitudeE7" : 221168300,
        "placeId" : "ChIJlb_DTzhp1h0RiDF1lZsPErA",
        "name" : "Cape Saint Blaize",
        "locationConfidence" : 6.968044
      }, {
        "latitudeE7" : -341270110,
        "longitudeE7" : 221180490,
        "placeId" : "ChIJo6WAEzhp1h0RQDf4hNmxwUA",
        "name" : "Takoda Spur",
        "locationConfidence" : 6.8446527
      }, {
        "latitudeE7" : -341262113,
        "longitudeE7" : 221170235,
        "placeId" : "ChIJpwn2HzFp1h0Rt7YGnr6iz-0",
        "name" : "Post Office - Hartenbos Post Office",
        "locationConfidence" : 2.3790095
      }, {
        "latitudeE7" : -341283300,
        "longitudeE7" : 221133299,
        "placeId" : "ChIJpzNBijlp1h0RVpMXr3Zcqfs",
        "name" : "E K Primary School",
        "locationConfidence" : 1.5882007
      }, {
        "latitudeE7" : -341281773,
        "longitudeE7" : 221157286,
        "placeId" : "ChIJraeisTlp1h0RdmCmP653op4",
        "name" : "Suidersee Hartenbos",
        "locationConfidence" : 1.3662708
      }, {
        "latitudeE7" : -341277070,
        "longitudeE7" : 221169470,
        "placeId" : "ChIJocECRjhp1h0RtqnB0Ngveo8",
        "name" : "Harcourts Trio",
        "locationConfidence" : 1.2799761
      }, {
        "latitudeE7" : -341277070,
        "longitudeE7" : 221169470,
        "placeId" : "ChIJocECRjhp1h0RuCYfZYxRH6Y",
        "name" : "Salon Drie Meeue",
        "locationConfidence" : 1.2799761
      } ],
      "editConfirmationStatus" : "NOT_CONFIRMED"
    }
  }, {
    "placeVisit" : {
      "location" : {
        "latitudeE7" : -341216695,
        "longitudeE7" : 220983105,
        "placeId" : "ChIJMyF2MNRu1h0Rc4SgMCAKK9Q",
        "address" : "Hartenbos\nMosselbaai\n6520\nSuid-Afrika",
        "name" : "Hartenbos"
      },
      "duration" : {
        "startTimestampMs" : "1388692650551",
        "endTimestampMs" : "1388697230899"
      },
      "centerLatE7" : -341284000,
      "centerLngE7" : 221166475,
      "visitConfidence" : 68,
      "otherCandidateLocations" : [ {
        "latitudeE7" : -341273657,
        "longitudeE7" : 221163210,
        "placeId" : "ChIJd5xG0zlp1h0RsYich4a7EPY",
        "name" : "Hartenbos Waterpark",
        "locationConfidence" : 22.467468
      }, {
        "latitudeE7" : -341280400,
        "longitudeE7" : 221168300,
        "placeId" : "ChIJlb_DTzhp1h0RiDF1lZsPErA",
        "name" : "Cape Saint Blaize",
        "locationConfidence" : 12.963895
      }, {
        "latitudeE7" : -341265310,
        "longitudeE7" : 221165720,
        "placeId" : "ChIJ3w2oLjhp1h0RM6eb500PAnU",
        "name" : "Absa Branch, Hartenbos",
        "locationConfidence" : 7.9544835
      }, {
        "latitudeE7" : -341283300,
        "longitudeE7" : 221133299,
        "placeId" : "ChIJpzNBijlp1h0RV6B7LLZmtPY",
        "name" : "Hartenbos",
        "locationConfidence" : 7.5812836
      }, {
        "latitudeE7" : -341283300,
        "longitudeE7" : 221133299,
        "placeId" : "ChIJpzNBijlp1h0RVpMXr3Zcqfs",
        "name" : "E K Primary School",
        "locationConfidence" : 2.3841317
      }, {
        "latitudeE7" : -341262113,
        "longitudeE7" : 221170235,
        "placeId" : "ChIJpwn2HzFp1h0Rt7YGnr6iz-0",
        "name" : "Post Office - Hartenbos Post Office",
        "locationConfidence" : 1.7772536
      }, {
        "latitudeE7" : -341277070,
        "longitudeE7" : 221169470,
        "placeId" : "ChIJocECRjhp1h0RtqnB0Ngveo8",
        "name" : "Harcourts Trio",
        "locationConfidence" : 1.7352114
      }, {
        "latitudeE7" : -341277070,
        "longitudeE7" : 221169470,
        "placeId" : "ChIJocECRjhp1h0RuCYfZYxRH6Y",
        "name" : "Salon Drie Meeue",
        "locationConfidence" : 1.7352114
      }, {
        "latitudeE7" : -341277070,
        "longitudeE7" : 221169470,
        "placeId" : "ChIJocECRjhp1h0RON4YEEUI10s",
        "name" : "Joker The",
        "locationConfidence" : 1.7352114
      } ],
      "editConfirmationStatus" : "CONFIRMED"
    }
  }, {
    "placeVisit" : {
      "location" : {
        "latitudeE7" : -341265310,
        "longitudeE7" : 221165720,
        "placeId" : "ChIJ3w2oLjhp1h0RM6eb500PAnU",
        "address" : "Shop 02-03, Hartenbos Seefront cnr Kaap De Goede Hoop and\nPort Natal Ave\nHartenbos\nMossel Bay\n6520\nSouth Africa",
        "name" : "Absa | Branch | Hartenbos",
        "locationConfidence" : 24.716953
      },
      "duration" : {
        "startTimestampMs" : "1388697522729",
        "endTimestampMs" : "1388730754727"
      },
      "centerLatE7" : -341284895,
      "centerLngE7" : 221165559,
      "visitConfidence" : 65,
      "otherCandidateLocations" : [ {
        "latitudeE7" : -341283300,
        "longitudeE7" : 221133299,
        "placeId" : "ChIJpzNBijlp1h0RV6B7LLZmtPY",
        "name" : "Hartenbos",
        "locationConfidence" : 20.772314
      }, {
        "latitudeE7" : -341280400,
        "longitudeE7" : 221168300,
        "placeId" : "ChIJlb_DTzhp1h0RiDF1lZsPErA",
        "name" : "Cape Saint Blaize",
        "locationConfidence" : 15.829203
      }, {
        "latitudeE7" : -341273657,
        "longitudeE7" : 221163210,
        "placeId" : "ChIJd5xG0zlp1h0RsYich4a7EPY",
        "name" : "Hartenbos Waterpark",
        "locationConfidence" : 13.640264
      }, {
        "latitudeE7" : -341270110,
        "longitudeE7" : 221180490,
        "placeId" : "ChIJo6WAEzhp1h0RQDf4hNmxwUA",
        "name" : "Takoda Spur",
        "locationConfidence" : 6.1558905
      }, {
        "latitudeE7" : -341283300,
        "longitudeE7" : 221133299,
        "placeId" : "ChIJpzNBijlp1h0RVpMXr3Zcqfs",
        "name" : "E K Primary School",
        "locationConfidence" : 3.5863228
      }, {
        "latitudeE7" : -341262113,
        "longitudeE7" : 221170235,
        "placeId" : "ChIJpwn2HzFp1h0Rt7YGnr6iz-0",
        "name" : "Post Office - Hartenbos Post Office",
        "locationConfidence" : 1.8105729
      }, {
        "latitudeE7" : -341281773,
        "longitudeE7" : 221157286,
        "placeId" : "ChIJraeisTlp1h0RdmCmP653op4",
        "name" : "Suidersee Hartenbos",
        "locationConfidence" : 1.721527
      }, {
        "latitudeE7" : -341277070,
        "longitudeE7" : 221169470,
        "placeId" : "ChIJocECRjhp1h0RtqnB0Ngveo8",
        "name" : "Harcourts Trio",
        "locationConfidence" : 1.6213076
      }, {
        "latitudeE7" : -341277070,
        "longitudeE7" : 221169470,
        "placeId" : "ChIJocECRjhp1h0RuCYfZYxRH6Y",
        "name" : "Salon Drie Meeue",
        "locationConfidence" : 1.6213076
      } ],
      "editConfirmationStatus" : "NOT_CONFIRMED"
    }
  }, {
    "placeVisit" : {
      "location" : {
        "latitudeE7" : -341522880,
        "longitudeE7" : 221042720,
        "placeId" : "ChIJsSdN9Bpp1h0RI5Esj0OUm7M",
        "address" : "Die Voor Bay\nMossel Bay\n6506\nSouth Africa",
        "name" : "Die Voor Bay"
      },
      "duration" : {
        "startTimestampMs" : "1388731567608",
        "endTimestampMs" : "1388732773140"
      },
      "centerLatE7" : -341284950,
      "centerLngE7" : 221165500,
      "visitConfidence" : 63,
      "otherCandidateLocations" : [ {
        "latitudeE7" : -341283300,
        "longitudeE7" : 221133299,
        "placeId" : "ChIJpzNBijlp1h0RV6B7LLZmtPY",
        "name" : "Hartenbos",
        "locationConfidence" : 21.50663
      }, {
        "latitudeE7" : -341265310,
        "longitudeE7" : 221165720,
        "placeId" : "ChIJ3w2oLjhp1h0RM6eb500PAnU",
        "name" : "Absa Branch, Hartenbos",
        "locationConfidence" : 21.235277
      }, {
        "latitudeE7" : -341280400,
        "longitudeE7" : 221168300,
        "placeId" : "ChIJlb_DTzhp1h0RiDF1lZsPErA",
        "name" : "Cape Saint Blaize",
        "locationConfidence" : 4.047357
      }, {
        "latitudeE7" : -341270110,
        "longitudeE7" : 221180490,
        "placeId" : "ChIJo6WAEzhp1h0RQDf4hNmxwUA",
        "name" : "Takoda Spur",
        "locationConfidence" : 3.9756858
      }, {
        "latitudeE7" : -341262113,
        "longitudeE7" : 221170235,
        "placeId" : "ChIJpwn2HzFp1h0Rt7YGnr6iz-0",
        "name" : "Post Office - Hartenbos Post Office",
        "locationConfidence" : 1.381837
      }, {
        "latitudeE7" : -341283300,
        "longitudeE7" : 221133299,
        "placeId" : "ChIJpzNBijlp1h0RVpMXr3Zcqfs",
        "name" : "E K Primary School",
        "locationConfidence" : 0.9224993
      }, {
        "latitudeE7" : -341281773,
        "longitudeE7" : 221157286,
        "placeId" : "ChIJraeisTlp1h0RdmCmP653op4",
        "name" : "Suidersee Hartenbos",
        "locationConfidence" : 0.7935923
      }, {
        "latitudeE7" : -341277070,
        "longitudeE7" : 221169470,
        "placeId" : "ChIJocECRjhp1h0RtqnB0Ngveo8",
        "name" : "Harcourts Trio",
        "locationConfidence" : 0.74346846
      }, {
        "latitudeE7" : -341277070,
        "longitudeE7" : 221169470,
        "placeId" : "ChIJocECRjhp1h0RuCYfZYxRH6Y",
        "name" : "Salon Drie Meeue",
        "locationConfidence" : 0.74346846
      } ],
      "editConfirmationStatus" : "CONFIRMED"
    }
  }, {
    "placeVisit" : {
      "location" : {
        "latitudeE7" : -341283300,
        "longitudeE7" : 221133299,
        "placeId" : "ChIJpzNBijlp1h0RV6B7LLZmtPY",
        "address" : "Oranje Ave\nHartenbos\nMossel Bay\n6520\nSouth Africa",
        "name" : "Hartenbos",
        "locationConfidence" : 35.88847
      },
      "duration" : {
        "startTimestampMs" : "1388733715552",
        "endTimestampMs" : "1388748682468"
      },
      "centerLatE7" : -341281387,
      "centerLngE7" : 221143133,
      "visitConfidence" : 74,
      "otherCandidateLocations" : [ {
        "latitudeE7" : -341273657,
        "longitudeE7" : 221163210,
        "placeId" : "ChIJd5xG0zlp1h0RsYich4a7EPY",
        "name" : "Hartenbos Waterpark",
        "locationConfidence" : 19.660135
      }, {
        "latitudeE7" : -341283300,
        "longitudeE7" : 221133299,
        "placeId" : "ChIJpzNBijlp1h0RVpMXr3Zcqfs",
        "name" : "E K Primary School",
        "locationConfidence" : 8.595931
      }, {
        "latitudeE7" : -341292418,
        "longitudeE7" : 221126954,
        "placeId" : "ChIJy-7yLzpp1h0RmsAhQzT3LZs",
        "name" : "Dolf se Stasie",
        "locationConfidence" : 8.292267
      }, {
        "latitudeE7" : -341265310,
        "longitudeE7" : 221165720,
        "placeId" : "ChIJ3w2oLjhp1h0RM6eb500PAnU",
        "name" : "Absa Branch, Hartenbos",
        "locationConfidence" : 4.869781
      }, {
        "latitudeE7" : -341257450,
        "longitudeE7" : 221129730,
        "placeId" : "ChIJH2dvrjlp1h0Rc3HYgmqpuFA",
        "name" : "The Property Monopoly",
        "locationConfidence" : 2.6630263
      }, {
        "latitudeE7" : -341280400,
        "longitudeE7" : 221168300,
        "placeId" : "ChIJlb_DTzhp1h0RiDF1lZsPErA",
        "name" : "Cape Saint Blaize",
        "locationConfidence" : 1.7481669
      }, {
        "latitudeE7" : -341282308,
        "longitudeE7" : 221133865,
        "placeId" : "ChIJpzNBijlp1h0RjPSOkzAZYaY",
        "name" : "Charmeur Properties",
        "locationConfidence" : 1.4922954
      }, {
        "latitudeE7" : -341282308,
        "longitudeE7" : 221133865,
        "placeId" : "ChIJpzNBijlp1h0R_8jlKHGqXXM",
        "name" : "Henra Siviele Kontrakteurs (Edms) BPK",
        "locationConfidence" : 1.4907628
      }, {
        "latitudeE7" : -341282308,
        "longitudeE7" : 221133865,
        "placeId" : "ChIJpzNBijlp1h0RENQWm7k-KZ0",
        "name" : "Skoenlapper",
        "locationConfidence" : 1.4898952
      } ],
      "editConfirmationStatus" : "NOT_CONFIRMED"
    }
  }, {
    "activitySegment" : {
      "startLocation" : {
        "latitudeE7" : -341281387,
        "longitudeE7" : 221143133
      },
      "endLocation" : {
        "latitudeE7" : -258558500,
        "longitudeE7" : 281628600
      },
      "duration" : {
        "startTimestampMs" : "1388748682468",
        "endTimestampMs" : "1390967100595"
      },
      "activityType" : "UNKNOWN_ACTIVITY_TYPE",
      "activities" : [ {
        "activityType" : "UNKNOWN_ACTIVITY_TYPE",
        "probability" : 0.0
      } ],
      "simplifiedRawPath" : {
        "points" : [ {
          "latE7" : -258590548,
          "lngE7" : 282198289,
          "timestampMs" : "1389793322979",
          "accuracyMeters" : 48
        }, {
          "latE7" : -258575945,
          "lngE7" : 281593842,
          "timestampMs" : "1389846704336",
          "accuracyMeters" : 32
        }, {
          "latE7" : -258585916,
          "lngE7" : 281594587,
          "timestampMs" : "1389846717813",
          "accuracyMeters" : 8
        }, {
          "latE7" : -258618455,
          "lngE7" : 281734908,
          "timestampMs" : "1389847037810",
          "accuracyMeters" : 4
        }, {
          "latE7" : -258604819,
          "lngE7" : 281815797,
          "timestampMs" : "1389847127820",
          "accuracyMeters" : 6
        }, {
          "latE7" : -258281846,
          "lngE7" : 282446980,
          "timestampMs" : "1389847541808",
          "accuracyMeters" : 5
        }, {
          "latE7" : -258561990,
          "lngE7" : 281601632,
          "timestampMs" : "1389933243774",
          "accuracyMeters" : 16
        }, {
          "latE7" : -258580728,
          "lngE7" : 281595503,
          "timestampMs" : "1389933271392",
          "accuracyMeters" : 7
        }, {
          "latE7" : -258589180,
          "lngE7" : 281579489,
          "timestampMs" : "1389933318061",
          "accuracyMeters" : 6
        }, {
          "latE7" : -258610420,
          "lngE7" : 281581106,
          "timestampMs" : "1389933408084",
          "accuracyMeters" : 4
        }, {
          "latE7" : -258623644,
          "lngE7" : 281597760,
          "timestampMs" : "1389933500054",
          "accuracyMeters" : 4
        }, {
          "latE7" : -258622112,
          "lngE7" : 281611096,
          "timestampMs" : "1389933545060",
          "accuracyMeters" : 4
        }, {
          "latE7" : -258626356,
          "lngE7" : 281852264,
          "timestampMs" : "1389933915082",
          "accuracyMeters" : 4
        }, {
          "latE7" : -258638757,
          "lngE7" : 281890269,
          "timestampMs" : "1389933960073",
          "accuracyMeters" : 5
        }, {
          "latE7" : -257890970,
          "lngE7" : 282691310,
          "timestampMs" : "1389934415099",
          "accuracyMeters" : 7
        }, {
          "latE7" : -257774426,
          "lngE7" : 282719592,
          "timestampMs" : "1389934461080",
          "accuracyMeters" : 8
        }, {
          "latE7" : -257683144,
          "lngE7" : 282741554,
          "timestampMs" : "1389934506091",
          "accuracyMeters" : 7
        }, {
          "latE7" : -257562091,
          "lngE7" : 282774478,
          "timestampMs" : "1389965542404",
          "accuracyMeters" : 6
        }, {
          "latE7" : -257539195,
          "lngE7" : 282751567,
          "timestampMs" : "1389965588400",
          "accuracyMeters" : 9
        }, {
          "latE7" : -257878847,
          "lngE7" : 282695412,
          "timestampMs" : "1389965770399",
          "accuracyMeters" : 7
        }, {
          "latE7" : -258634967,
          "lngE7" : 281868368,
          "timestampMs" : "1389966419252",
          "accuracyMeters" : 4
        }, {
          "latE7" : -258624748,
          "lngE7" : 281698946,
          "timestampMs" : "1389966602224",
          "accuracyMeters" : 4
        }, {
          "latE7" : -258624166,
          "lngE7" : 281659755,
          "timestampMs" : "1389966738245",
          "accuracyMeters" : 3
        }, {
          "latE7" : -258599748,
          "lngE7" : 281578523,
          "timestampMs" : "1390193377566",
          "accuracyMeters" : 4
        }, {
          "latE7" : -258623989,
          "lngE7" : 281686694,
          "timestampMs" : "1390193742853",
          "accuracyMeters" : 6
        }, {
          "latE7" : -258615830,
          "lngE7" : 281830729,
          "timestampMs" : "1390193970293",
          "accuracyMeters" : 4
        }, {
          "latE7" : -258619587,
          "lngE7" : 281836681,
          "timestampMs" : "1390194015300",
          "accuracyMeters" : 4
        }, {
          "latE7" : -258609015,
          "lngE7" : 282131871,
          "timestampMs" : "1390194333286",
          "accuracyMeters" : 12
        }, {
          "latE7" : -257635551,
          "lngE7" : 282760898,
          "timestampMs" : "1390194926492",
          "accuracyMeters" : 12
        }, {
          "latE7" : -257544071,
          "lngE7" : 282757626,
          "timestampMs" : "1390195062492",
          "accuracyMeters" : 16
        }, {
          "latE7" : -257603657,
          "lngE7" : 282757140,
          "timestampMs" : "1390223482092",
          "accuracyMeters" : 8
        }, {
          "latE7" : -257640635,
          "lngE7" : 282765643,
          "timestampMs" : "1390223528087",
          "accuracyMeters" : 8
        }, {
          "latE7" : -257812770,
          "lngE7" : 282711642,
          "timestampMs" : "1390223619089",
          "accuracyMeters" : 6
        }, {
          "latE7" : -258624749,
          "lngE7" : 281840827,
          "timestampMs" : "1390224259590",
          "accuracyMeters" : 8
        }, {
          "latE7" : -258595073,
          "lngE7" : 281780054,
          "timestampMs" : "1390224349603",
          "accuracyMeters" : 4
        }, {
          "latE7" : -258628483,
          "lngE7" : 282035996,
          "timestampMs" : "1390279601172",
          "accuracyMeters" : 12
        }, {
          "latE7" : -257674441,
          "lngE7" : 282742528,
          "timestampMs" : "1390280060722",
          "accuracyMeters" : 8
        }, {
          "latE7" : -257669568,
          "lngE7" : 282740644,
          "timestampMs" : "1390280105737",
          "accuracyMeters" : 8
        }, {
          "latE7" : -257659765,
          "lngE7" : 282752747,
          "timestampMs" : "1390280195748",
          "accuracyMeters" : 6
        }, {
          "latE7" : -257576988,
          "lngE7" : 282801106,
          "timestampMs" : "1390312897268",
          "accuracyMeters" : 32
        }, {
          "latE7" : -257567308,
          "lngE7" : 282784246,
          "timestampMs" : "1390312942429",
          "accuracyMeters" : 12
        }, {
          "latE7" : -257562913,
          "lngE7" : 282752068,
          "timestampMs" : "1390313124412",
          "accuracyMeters" : 4
        }, {
          "latE7" : -257614269,
          "lngE7" : 282759031,
          "timestampMs" : "1390313169439",
          "accuracyMeters" : 8
        }, {
          "latE7" : -258653552,
          "lngE7" : 281840604,
          "timestampMs" : "1390313897441",
          "accuracyMeters" : 8
        }, {
          "latE7" : -258717697,
          "lngE7" : 281750158,
          "timestampMs" : "1390314127575",
          "accuracyMeters" : 8
        }, {
          "latE7" : -258729444,
          "lngE7" : 281678598,
          "timestampMs" : "1390314217596",
          "accuracyMeters" : 8
        }, {
          "latE7" : -258629070,
          "lngE7" : 281591714,
          "timestampMs" : "1390365619931",
          "accuracyMeters" : 48
        }, {
          "latE7" : -258635435,
          "lngE7" : 281880181,
          "timestampMs" : "1390366076969",
          "accuracyMeters" : 6
        }, {
          "latE7" : -258597134,
          "lngE7" : 282180257,
          "timestampMs" : "1390366259922",
          "accuracyMeters" : 12
        }, {
          "latE7" : -257658815,
          "lngE7" : 282742506,
          "timestampMs" : "1390366760952",
          "accuracyMeters" : 12
        }, {
          "latE7" : -257650691,
          "lngE7" : 282765353,
          "timestampMs" : "1390366805959",
          "accuracyMeters" : 8
        }, {
          "latE7" : -257551554,
          "lngE7" : 282768227,
          "timestampMs" : "1390366941955",
          "accuracyMeters" : 12
        }, {
          "latE7" : -257581600,
          "lngE7" : 282799550,
          "timestampMs" : "1390399513080",
          "accuracyMeters" : 96
        }, {
          "latE7" : -257568942,
          "lngE7" : 282753589,
          "timestampMs" : "1390399650305",
          "accuracyMeters" : 8
        }, {
          "latE7" : -257594790,
          "lngE7" : 282756256,
          "timestampMs" : "1390399741331",
          "accuracyMeters" : 6
        }, {
          "latE7" : -258663170,
          "lngE7" : 281948076,
          "timestampMs" : "1390400380335",
          "accuracyMeters" : 8
        }, {
          "latE7" : -258684352,
          "lngE7" : 281926626,
          "timestampMs" : "1390400426310",
          "accuracyMeters" : 4
        }, {
          "latE7" : -258661667,
          "lngE7" : 281918743,
          "timestampMs" : "1390400516332",
          "accuracyMeters" : 8
        }, {
          "latE7" : -258624553,
          "lngE7" : 281713734,
          "timestampMs" : "1390400790320",
          "accuracyMeters" : 16
        }, {
          "latE7" : -258624788,
          "lngE7" : 281693218,
          "timestampMs" : "1390400835327",
          "accuracyMeters" : 6
        }, {
          "latE7" : -258618677,
          "lngE7" : 281586653,
          "timestampMs" : "1390797508712",
          "accuracyMeters" : 6
        }, {
          "latE7" : -258289171,
          "lngE7" : 282439673,
          "timestampMs" : "1390798281335",
          "accuracyMeters" : 12
        }, {
          "latE7" : -258479937,
          "lngE7" : 281570914,
          "timestampMs" : "1390883672185",
          "accuracyMeters" : 24
        }, {
          "latE7" : -257561470,
          "lngE7" : 282800720,
          "timestampMs" : "1390905250544",
          "accuracyMeters" : 96
        }, {
          "latE7" : -258560096,
          "lngE7" : 281626426,
          "timestampMs" : "1390933740680",
          "accuracyMeters" : 16
        } ]
      }
    }
  }, {
    "placeVisit" : {
      "location" : {
        "latitudeE7" : -258560254,
        "longitudeE7" : 281626348,
        "placeId" : "ChIJWVS1zllklR4R7ih8EDjLG2g",
        "address" : "31 Willem Rd\nEldoraigne\nCenturion\n0157\nSouth Africa",
        "name" : "31 Willem Rd",
        "semanticType" : "TYPE_HOME",
        "locationConfidence" : 98.96409
      },
      "duration" : {
        "startTimestampMs" : "1390967100595",
        "endTimestampMs" : "1390968007126"
      },
      "centerLatE7" : -258558500,
      "centerLngE7" : 281628600,
      "visitConfidence" : 76,
      "otherCandidateLocations" : [ {
        "latitudeE7" : -258559780,
        "longitudeE7" : 281626430,
        "placeId" : "ChIJgf7JGllklR4RTqYK8tHPm_w",
        "semanticType" : "TYPE_SEARCHED_ADDRESS",
        "locationConfidence" : 1.005647
      }, {
        "latitudeE7" : -258570590,
        "longitudeE7" : 281625620,
        "placeId" : "ChIJGZkpr1lklR4RvXt8NOQ53JI",
        "semanticType" : "TYPE_SEARCHED_ADDRESS",
        "locationConfidence" : 0.014535517
      }, {
        "latitudeE7" : -258560800,
        "longitudeE7" : 281633500,
        "placeId" : "ChIJqbfuDFlklR4R62Y6o0Rpy9w",
        "name" : "Eldoraigne Bus Stop",
        "locationConfidence" : 0.0039275386
      }, {
        "latitudeE7" : -258548177,
        "longitudeE7" : 281602300,
        "placeId" : "ChIJgxKl015klR4RH1GGsfwUqGI",
        "name" : "Guest@home4u",
        "locationConfidence" : 0.0018603823
      }, {
        "latitudeE7" : -258559299,
        "longitudeE7" : 281639000,
        "placeId" : "ChIJs1lxcVlklR4RKfo-EA5nEP4",
        "name" : "Rondomtalie Kleuterskool/Naskool",
        "locationConfidence" : 0.0015383998
      }, {
        "latitudeE7" : -258564430,
        "longitudeE7" : 281639450,
        "placeId" : "ChIJeeSNnVlklR4RZYivLKiClSY",
        "name" : "R101 Medical Centre & Pharmacy",
        "locationConfidence" : 0.0012729586
      }, {
        "latitudeE7" : -258562719,
        "longitudeE7" : 281623793,
        "placeId" : "ChIJHSm_BVlklR4Rsu4QQxcQC40",
        "name" : "Herman Visser Versekeringsmakelaars Cc",
        "locationConfidence" : 7.4856635E-4
      }, {
        "latitudeE7" : -258552635,
        "longitudeE7" : 281624596,
        "placeId" : "ChIJmxfRIllklR4RraHFATAOWbY",
        "name" : "International Negotiation Academy (Pty) Ltd",
        "locationConfidence" : 7.04997E-4
      }, {
        "latitudeE7" : -258561810,
        "longitudeE7" : 281620170,
        "placeId" : "ChIJsU6mAllklR4RbXdXjLHI8jU",
        "name" : "Collin Tossel Versekerings Makelaars BK",
        "locationConfidence" : 6.2170153E-4
      } ],
      "editConfirmationStatus" : "NOT_CONFIRMED"
    }
  }, {
    "activitySegment" : {
      "startLocation" : {
        "latitudeE7" : -258558500,
        "longitudeE7" : 281628600
      },
      "endLocation" : {
        "latitudeE7" : -258560392,
        "longitudeE7" : 281626371
      },
      "duration" : {
        "startTimestampMs" : "1390968007126",
        "endTimestampMs" : "1391862617635"
      },
      "activityType" : "UNKNOWN_ACTIVITY_TYPE",
      "activities" : [ {
        "activityType" : "UNKNOWN_ACTIVITY_TYPE",
        "probability" : 0.0
      } ],
      "simplifiedRawPath" : {
        "points" : [ {
          "latE7" : -258507052,
          "lngE7" : 281578611,
          "timestampMs" : "1391012160787",
          "accuracyMeters" : 64
        }, {
          "latE7" : -258597144,
          "lngE7" : 281578476,
          "timestampMs" : "1391056641648",
          "accuracyMeters" : 6
        }, {
          "latE7" : -258622071,
          "lngE7" : 281620717,
          "timestampMs" : "1391056823651",
          "accuracyMeters" : 6
        }, {
          "latE7" : -258638081,
          "lngE7" : 281888835,
          "timestampMs" : "1391057233664",
          "accuracyMeters" : 8
        }, {
          "latE7" : -257814390,
          "lngE7" : 282709832,
          "timestampMs" : "1391057687662",
          "accuracyMeters" : 12
        }, {
          "latE7" : -257659425,
          "lngE7" : 282751245,
          "timestampMs" : "1391057824657",
          "accuracyMeters" : 4
        }, {
          "latE7" : -258623651,
          "lngE7" : 281844592,
          "timestampMs" : "1391401715644",
          "accuracyMeters" : 8
        }, {
          "latE7" : -258628289,
          "lngE7" : 281857761,
          "timestampMs" : "1391401761096",
          "accuracyMeters" : 8
        }, {
          "latE7" : -258649293,
          "lngE7" : 281908888,
          "timestampMs" : "1391401852096",
          "accuracyMeters" : 12
        }, {
          "latE7" : -258544670,
          "lngE7" : 282255136,
          "timestampMs" : "1391402035080",
          "accuracyMeters" : 8
        }, {
          "latE7" : -258614219,
          "lngE7" : 281583884,
          "timestampMs" : "1391574946878",
          "accuracyMeters" : 6
        }, {
          "latE7" : -258624777,
          "lngE7" : 281594567,
          "timestampMs" : "1391574992859",
          "accuracyMeters" : 12
        }, {
          "latE7" : -258469501,
          "lngE7" : 282293320,
          "timestampMs" : "1391575813881",
          "accuracyMeters" : 8
        }, {
          "latE7" : -257669988,
          "lngE7" : 282740323,
          "timestampMs" : "1391576177890",
          "accuracyMeters" : 4
        }, {
          "latE7" : -257553533,
          "lngE7" : 282771830,
          "timestampMs" : "1391607168524",
          "accuracyMeters" : 24
        }, {
          "latE7" : -257538364,
          "lngE7" : 282748928,
          "timestampMs" : "1391607214137",
          "accuracyMeters" : 12
        }, {
          "latE7" : -257623787,
          "lngE7" : 282760099,
          "timestampMs" : "1391607306106",
          "accuracyMeters" : 6
        }, {
          "latE7" : -257775057,
          "lngE7" : 282722657,
          "timestampMs" : "1391607398136",
          "accuracyMeters" : 6
        }, {
          "latE7" : -258684629,
          "lngE7" : 281925965,
          "timestampMs" : "1391607854124",
          "accuracyMeters" : 4
        }, {
          "latE7" : -258665394,
          "lngE7" : 281921217,
          "timestampMs" : "1391607945121",
          "accuracyMeters" : 12
        }, {
          "latE7" : -258589052,
          "lngE7" : 281590603,
          "timestampMs" : "1391608446134",
          "accuracyMeters" : 8
        }, {
          "latE7" : -258560093,
          "lngE7" : 281606037,
          "timestampMs" : "1391608492122",
          "accuracyMeters" : 12
        }, {
          "latE7" : -258561188,
          "lngE7" : 281624692,
          "timestampMs" : "1391660297980",
          "accuracyMeters" : 48
        }, {
          "latE7" : -258556131,
          "lngE7" : 281618906,
          "timestampMs" : "1391660344458",
          "accuracyMeters" : 12
        }, {
          "latE7" : -258585369,
          "lngE7" : 281594346,
          "timestampMs" : "1391660389462",
          "accuracyMeters" : 12
        }, {
          "latE7" : -258316969,
          "lngE7" : 282412244,
          "timestampMs" : "1391661256463",
          "accuracyMeters" : 12
        }, {
          "latE7" : -258589194,
          "lngE7" : 281579560,
          "timestampMs" : "1391748067449",
          "accuracyMeters" : 32
        }, {
          "latE7" : -258602164,
          "lngE7" : 281578091,
          "timestampMs" : "1391748219843",
          "accuracyMeters" : 4
        }, {
          "latE7" : -258622531,
          "lngE7" : 281602528,
          "timestampMs" : "1391748355843",
          "accuracyMeters" : 4
        }, {
          "latE7" : -258623151,
          "lngE7" : 281721197,
          "timestampMs" : "1391748582841",
          "accuracyMeters" : 12
        }, {
          "latE7" : -258607783,
          "lngE7" : 281751254,
          "timestampMs" : "1391748627844",
          "accuracyMeters" : 8
        }, {
          "latE7" : -258612380,
          "lngE7" : 281825963,
          "timestampMs" : "1391748718852",
          "accuracyMeters" : 12
        }, {
          "latE7" : -258619328,
          "lngE7" : 281836871,
          "timestampMs" : "1391748764840",
          "accuracyMeters" : 4
        }, {
          "latE7" : -258626301,
          "lngE7" : 281851687,
          "timestampMs" : "1391748855826",
          "accuracyMeters" : 4
        }, {
          "latE7" : -258655157,
          "lngE7" : 281916089,
          "timestampMs" : "1391749082848",
          "accuracyMeters" : 12
        }, {
          "latE7" : -258575994,
          "lngE7" : 281595987,
          "timestampMs" : "1391784959915",
          "accuracyMeters" : 16
        }, {
          "latE7" : -258679995,
          "lngE7" : 281931836,
          "timestampMs" : "1391785543839",
          "accuracyMeters" : 4
        }, {
          "latE7" : -258709898,
          "lngE7" : 281947275,
          "timestampMs" : "1391785589846",
          "accuracyMeters" : 8
        }, {
          "latE7" : -258768921,
          "lngE7" : 282113575,
          "timestampMs" : "1391785770850",
          "accuracyMeters" : 8
        }, {
          "latE7" : -258764154,
          "lngE7" : 282124169,
          "timestampMs" : "1391785861847",
          "accuracyMeters" : 16
        }, {
          "latE7" : -258765701,
          "lngE7" : 282136205,
          "timestampMs" : "1391785951848",
          "accuracyMeters" : 6
        } ]
      }
    }
  } ]
}