{
  "timelineObjects" : [ {
    "placeVisit" : {
      "location" : {
        "latitudeE7" : -258560963,
        "longitudeE7" : 281627274,
        "placeId" : "ChIJWVS1zllklR4R7ih8EDjLG2g",
        "address" : "31 Willem Rd\nEldoraigne\nCenturion\n0157\nSouth Africa",
        "name" : "31 Willem Rd",
        "semanticType" : "TYPE_HOME",
        "sourceInfo" : {
          "deviceTag" : 936760904
        },
        "locationConfidence" : 94.68232
      },
      "duration" : {
        "startTimestampMs" : "1509336421390",
        "endTimestampMs" : "1509336983574"
      },
      "placeConfidence" : "HIGH_CONFIDENCE",
      "centerLatE7" : -258559229,
      "centerLngE7" : 281627457,
      "visitConfidence" : 82,
      "otherCandidateLocations" : [ {
        "latitudeE7" : -258559780,
        "longitudeE7" : 281626430,
        "placeId" : "ChIJgf7JGllklR4RTqYK8tHPm_w",
        "semanticType" : "TYPE_SEARCHED_ADDRESS",
        "locationConfidence" : 4.3725567
      }, {
        "latitudeE7" : -258570590,
        "longitudeE7" : 281625620,
        "placeId" : "ChIJGZkpr1lklR4RvXt8NOQ53JI",
        "semanticType" : "TYPE_SEARCHED_ADDRESS",
        "locationConfidence" : 0.31322792
      }, {
        "latitudeE7" : -258565130,
        "longitudeE7" : 281611230,
        "placeId" : "ChIJjc378FhklR4R-lrwm02iVNY",
        "semanticType" : "TYPE_SEARCHED_ADDRESS",
        "locationConfidence" : 0.1890596
      }, {
        "latitudeE7" : -258560800,
        "longitudeE7" : 281633500,
        "placeId" : "ChIJqbfuDFlklR4R62Y6o0Rpy9w",
        "name" : "Eldoraigne Bus Stop",
        "locationConfidence" : 0.17809269
      }, {
        "latitudeE7" : -258556046,
        "longitudeE7" : 281644996,
        "placeId" : "ChIJR2qzZFlklR4R6ONADWNKzIE",
        "name" : "Carnegie Park.",
        "locationConfidence" : 0.095528804
      }, {
        "latitudeE7" : -258559299,
        "longitudeE7" : 281639000,
        "placeId" : "ChIJs1lxcVlklR4RKfo-EA5nEP4",
        "name" : "Rondomtalie Kleuterskool/Naskool",
        "locationConfidence" : 0.06494738
      }, {
        "latitudeE7" : -258561810,
        "longitudeE7" : 281620170,
        "placeId" : "ChIJsU6mAllklR4RbXdXjLHI8jU",
        "name" : "Collin Tossel Versekerings Makelaars BK",
        "locationConfidence" : 0.03344672
      }, {
        "latitudeE7" : -258548177,
        "longitudeE7" : 281602300,
        "placeId" : "ChIJgxKl015klR4RH1GGsfwUqGI",
        "name" : "Guest@home4u",
        "locationConfidence" : 0.024100227
      }, {
        "latitudeE7" : -258373559,
        "longitudeE7" : 280770857,
        "placeId" : "ChIJeXcpHax_lR4RYLkyp3KLuKY",
        "name" : "Hennopsrivier",
        "locationConfidence" : 0.012715379
      } ],
      "editConfirmationStatus" : "NOT_CONFIRMED"
    }
  }, {
    "placeVisit" : {
      "location" : {
        "latitudeE7" : -258614570,
        "longitudeE7" : 281802475,
        "placeId" : "ChIJCwR88zVklR4RhSK4_WI6Svk",
        "address" : "Centurion Central\nCenturion\n0157\nSouth Africa",
        "name" : "Centurion Central"
      },
      "duration" : {
        "startTimestampMs" : "1509426507740",
        "endTimestampMs" : "1509429779641"
      },
      "placeConfidence" : "USER_CONFIRMED",
      "visitConfidence" : 100,
      "otherCandidateLocations" : [ {
        "latitudeE7" : -258570843,
        "longitudeE7" : 281866303,
        "placeId" : "ChIJi77EQDdklR4ROzT7UPOA2BY",
        "address" : "Heuwel Road, Centurion, 0157, South Africa",
        "name" : "Centurion Mall",
        "sourceInfo" : {
          "deviceTag" : 936760904
        },
        "locationConfidence" : 99.41879
      }, {
        "latitudeE7" : -258551790,
        "longitudeE7" : 281852530,
        "placeId" : "ChIJF9rkgjdklR4RZ6oyy6TaNIA",
        "name" : "Lougardia",
        "locationConfidence" : 0.058704175
      }, {
        "latitudeE7" : -258563890,
        "longitudeE7" : 281887610,
        "placeId" : "ChIJPZBh1zBklR4RsOTTkAjiOp0",
        "name" : "Regus - Centurion, Lakeview",
        "locationConfidence" : 0.05088187
      }, {
        "latitudeE7" : -258580540,
        "longitudeE7" : 281894830,
        "placeId" : "ChIJGy_R1DNklR4RDQISWA9HLtU",
        "name" : "Centurion Shisanyama",
        "locationConfidence" : 0.041850243
      }, {
        "latitudeE7" : -258569760,
        "longitudeE7" : 281874850,
        "placeId" : "ChIJIVpB2DZklR4ROu2hnCapnZE",
        "locationConfidence" : 0.030084653
      }, {
        "latitudeE7" : -258550983,
        "longitudeE7" : 281854640,
        "placeId" : "ChIJ0XlieDdklR4ROV7yG_Pufvw",
        "name" : "German Visa Collections, Centurion, Pretoria, South Africa",
        "locationConfidence" : 0.019123571
      }, {
        "latitudeE7" : -258566680,
        "longitudeE7" : 281845920,
        "placeId" : "ChIJD1WhtyVklR4ROqEt6X2KIYE",
        "name" : "Profmed Medical Scheme",
        "locationConfidence" : 0.017655656
      }, {
        "latitudeE7" : -258550568,
        "longitudeE7" : 281851292,
        "placeId" : "ChIJt0LJwzNklR4RWoQNftd3vOo",
        "name" : "Beerhouse Centurion",
        "locationConfidence" : 0.013507562
      }, {
        "latitudeE7" : -258536569,
        "longitudeE7" : 281848380,
        "placeId" : "ChIJXUcjNzhklR4RKPCHjzcEUXE",
        "name" : "Centurion Office Park",
        "locationConfidence" : 0.011876966
      }, {
        "latitudeE7" : -258562210,
        "longitudeE7" : 281862300,
        "placeId" : "ChIJlWi_ETdklR4Rr7WIEMFpqqs",
        "locationConfidence" : 0.010787595
      } ],
      "editConfirmationStatus" : "CONFIRMED"
    }
  } ]
}