{
  "timelineObjects" : [ {
    "placeVisit" : {
      "location" : {
        "latitudeE7" : -258560963,
        "longitudeE7" : 281627274,
        "placeId" : "ChIJWVS1zllklR4R7ih8EDjLG2g",
        "address" : "31 Willem Rd\nEldoraigne\nCenturion\n0157\nSouth Africa",
        "name" : "31 Willem Rd",
        "semanticType" : "TYPE_HOME",
        "sourceInfo" : {
          "deviceTag" : 936760904
        },
        "locationConfidence" : 88.70114
      },
      "duration" : {
        "startTimestampMs" : "1509898208654",
        "endTimestampMs" : "1509945184044"
      },
      "placeConfidence" : "MEDIUM_CONFIDENCE",
      "centerLatE7" : -258559985,
      "centerLngE7" : 281625386,
      "visitConfidence" : 81,
      "otherCandidateLocations" : [ {
        "latitudeE7" : -258559780,
        "longitudeE7" : 281626430,
        "placeId" : "ChIJgf7JGllklR4RTqYK8tHPm_w",
        "semanticType" : "TYPE_SEARCHED_ADDRESS",
        "locationConfidence" : 9.96837
      }, {
        "latitudeE7" : -258570590,
        "longitudeE7" : 281625620,
        "placeId" : "ChIJGZkpr1lklR4RvXt8NOQ53JI",
        "semanticType" : "TYPE_SEARCHED_ADDRESS",
        "locationConfidence" : 0.7315907
      }, {
        "latitudeE7" : -258565130,
        "longitudeE7" : 281611230,
        "placeId" : "ChIJjc378FhklR4R-lrwm02iVNY",
        "semanticType" : "TYPE_SEARCHED_ADDRESS",
        "locationConfidence" : 0.31258306
      }, {
        "latitudeE7" : -258560800,
        "longitudeE7" : 281633500,
        "placeId" : "ChIJqbfuDFlklR4R62Y6o0Rpy9w",
        "name" : "Eldoraigne Bus Stop",
        "locationConfidence" : 0.12876798
      }, {
        "latitudeE7" : -258556046,
        "longitudeE7" : 281644996,
        "placeId" : "ChIJR2qzZFlklR4R6ONADWNKzIE",
        "name" : "Carnegie Park.",
        "locationConfidence" : 0.04680823
      }, {
        "latitudeE7" : -258561810,
        "longitudeE7" : 281620170,
        "placeId" : "ChIJsU6mAllklR4RbXdXjLHI8jU",
        "name" : "Collin Tossel Versekerings Makelaars BK",
        "locationConfidence" : 0.025346085
      }, {
        "latitudeE7" : -258559299,
        "longitudeE7" : 281639000,
        "placeId" : "ChIJs1lxcVlklR4RKfo-EA5nEP4",
        "name" : "Rondomtalie Kleuterskool/Naskool",
        "locationConfidence" : 0.020741053
      }, {
        "latitudeE7" : -258548177,
        "longitudeE7" : 281602300,
        "placeId" : "ChIJgxKl015klR4RH1GGsfwUqGI",
        "name" : "Guest@home4u",
        "locationConfidence" : 0.02015844
      }, {
        "latitudeE7" : -258373559,
        "longitudeE7" : 280770857,
        "placeId" : "ChIJeXcpHax_lR4RYLkyp3KLuKY",
        "name" : "Hennopsrivier",
        "locationConfidence" : 0.010376747
      } ],
      "editConfirmationStatus" : "NOT_CONFIRMED"
    }
  }, {
    "placeVisit" : {
      "location" : {
        "latitudeE7" : -258560696,
        "longitudeE7" : 281626396,
        "placeId" : "ChIJWVS1zllklR4R7ih8EDjLG2g",
        "address" : "31 Willem Rd\nEldoraigne\nCenturion\n0157\nSouth Africa",
        "name" : "31 Willem Rd",
        "semanticType" : "TYPE_HOME",
        "sourceInfo" : {
          "deviceTag" : 936760904
        },
        "locationConfidence" : 87.77728
      },
      "duration" : {
        "startTimestampMs" : "1510470039999",
        "endTimestampMs" : "1510472638472"
      },
      "placeConfidence" : "MEDIUM_CONFIDENCE",
      "centerLatE7" : -258559854,
      "centerLngE7" : 281625242,
      "visitConfidence" : 92,
      "otherCandidateLocations" : [ {
        "latitudeE7" : -258559780,
        "longitudeE7" : 281626430,
        "placeId" : "ChIJgf7JGllklR4RTqYK8tHPm_w",
        "semanticType" : "TYPE_SEARCHED_ADDRESS",
        "locationConfidence" : 11.331626
      }, {
        "latitudeE7" : -258570590,
        "longitudeE7" : 281625620,
        "placeId" : "ChIJGZkpr1lklR4RvXt8NOQ53JI",
        "semanticType" : "TYPE_SEARCHED_ADDRESS",
        "locationConfidence" : 0.46412173
      }, {
        "latitudeE7" : -258565130,
        "longitudeE7" : 281611230,
        "placeId" : "ChIJjc378FhklR4R-lrwm02iVNY",
        "semanticType" : "TYPE_SEARCHED_ADDRESS",
        "locationConfidence" : 0.19347674
      }, {
        "latitudeE7" : -258560800,
        "longitudeE7" : 281633500,
        "placeId" : "ChIJqbfuDFlklR4R62Y6o0Rpy9w",
        "name" : "Eldoraigne Bus Stop",
        "locationConfidence" : 0.09872639
      }, {
        "latitudeE7" : -258556046,
        "longitudeE7" : 281644996,
        "placeId" : "ChIJR2qzZFlklR4R6ONADWNKzIE",
        "name" : "Carnegie Park.",
        "locationConfidence" : 0.029512452
      }, {
        "latitudeE7" : -258561810,
        "longitudeE7" : 281620170,
        "placeId" : "ChIJsU6mAllklR4RbXdXjLHI8jU",
        "name" : "Collin Tossel Versekerings Makelaars BK",
        "locationConfidence" : 0.023671782
      }, {
        "latitudeE7" : -258559299,
        "longitudeE7" : 281639000,
        "placeId" : "ChIJs1lxcVlklR4RKfo-EA5nEP4",
        "name" : "Rondomtalie Kleuterskool/Naskool",
        "locationConfidence" : 0.020540742
      }, {
        "latitudeE7" : -258581700,
        "longitudeE7" : 281613620,
        "placeId" : "ChIJ1R_1vYxklR4R5cUVoAKuEEg",
        "name" : "Plovers Guest House",
        "locationConfidence" : 0.017862966
      }, {
        "latitudeE7" : -258548177,
        "longitudeE7" : 281602300,
        "placeId" : "ChIJgxKl015klR4RH1GGsfwUqGI",
        "name" : "Guest@home4u",
        "locationConfidence" : 0.016920267
      } ],
      "editConfirmationStatus" : "NOT_CONFIRMED"
    }
  }, {
    "activitySegment" : {
      "startLocation" : {
        "latitudeE7" : -258560441,
        "longitudeE7" : 281625517
      },
      "endLocation" : {
        "latitudeE7" : -258411193,
        "longitudeE7" : 281850792
      },
      "duration" : {
        "startTimestampMs" : "1510472638472",
        "endTimestampMs" : "1510473472052"
      },
      "distance" : 4601,
      "activityType" : "IN_PASSENGER_VEHICLE",
      "confidence" : "HIGH",
      "activities" : [ {
        "activityType" : "IN_PASSENGER_VEHICLE",
        "probability" : 96.41325755032989
      }, {
        "activityType" : "MOTORCYCLING",
        "probability" : 2.229736592966984
      }, {
        "activityType" : "WALKING",
        "probability" : 0.8671142257209616
      } ],
      "waypointPath" : {
        "waypoints" : [ {
          "latE7" : -258560276,
          "lngE7" : 281622943
        }, {
          "latE7" : -258487739,
          "lngE7" : 281558914
        }, {
          "latE7" : -258415393,
          "lngE7" : 281641750
        }, {
          "latE7" : -258402118,
          "lngE7" : 281863117
        } ]
      },
      "simplifiedRawPath" : {
        "points" : [ {
          "latE7" : -258506083,
          "lngE7" : 281575153,
          "timestampMs" : "1510472880686",
          "accuracyMeters" : 72
        }, {
          "latE7" : -258418161,
          "lngE7" : 281629587,
          "timestampMs" : "1510473056999",
          "accuracyMeters" : 8
        } ]
      },
      "editConfirmationStatus" : "NOT_CONFIRMED"
    }
  }, {
    "placeVisit" : {
      "location" : {
        "latitudeE7" : -258408036,
        "longitudeE7" : 281856448,
        "placeId" : "ChIJ0XhlshVklR4RFGrzumiLwzw",
        "address" : "Jean Ave & Rabie St\nDie Hoewes\nCenturion\n0140\nSouth Africa",
        "name" : "Jean Crossing",
        "sourceInfo" : {
          "deviceTag" : 936760904
        },
        "locationConfidence" : 84.883
      },
      "duration" : {
        "startTimestampMs" : "1510473472052",
        "endTimestampMs" : "1510478564179"
      },
      "placeConfidence" : "MEDIUM_CONFIDENCE",
      "childVisits" : [ {
        "location" : {
          "latitudeE7" : -258437907,
          "longitudeE7" : 281837625,
          "placeId" : "ChIJIRd-XhVklR4RxaFKV_wnnOY",
          "address" : "29 Rabie Street, Centurion, 0140, South Africa",
          "name" : "Plant Ranch",
          "sourceInfo" : {
            "deviceTag" : 936760904
          },
          "locationConfidence" : 21.151571
        },
        "duration" : {
          "startTimestampMs" : "1510475885839",
          "endTimestampMs" : "1510478564179"
        },
        "placeConfidence" : "LOW_CONFIDENCE",
        "centerLatE7" : -258426255,
        "centerLngE7" : 281835628,
        "visitConfidence" : 95,
        "otherCandidateLocations" : [ {
          "latitudeE7" : -258453181,
          "longitudeE7" : 281827661,
          "placeId" : "ChIJMa2imhZklR4RBdtQJgtUi5s",
          "name" : "Paintball Village",
          "locationConfidence" : 17.275568
        }, {
          "latitudeE7" : -258415705,
          "longitudeE7" : 281859881,
          "placeId" : "ChIJgVVCsBVklR4RQXD9X2lYOxo",
          "name" : "McDonald's Jean Crossing",
          "locationConfidence" : 11.924163
        }, {
          "latitudeE7" : -258443217,
          "longitudeE7" : 281841417,
          "placeId" : "ChIJ9T3B2T9klR4RJciWo7tbw2w",
          "name" : "IS Industrial Shisa Nyama",
          "locationConfidence" : 8.887154
        }, {
          "latitudeE7" : -258419262,
          "longitudeE7" : 281855591,
          "placeId" : "ChIJte4XpRVklR4RlAPMcDGMBsU",
          "name" : "Burger King Jean Crossing",
          "locationConfidence" : 4.404943
        }, {
          "latitudeE7" : -258413969,
          "longitudeE7" : 281855562,
          "placeId" : "ChIJX-E46TxklR4RIKhkXeY_IV8",
          "name" : "Woolworths Jean Crossing",
          "locationConfidence" : 2.9809933
        }, {
          "latitudeE7" : -258418590,
          "longitudeE7" : 281809450,
          "placeId" : "ChIJ5ZyZH2tklR4RPh5Y52FTxPs",
          "name" : "Centurion Storage - From as little as R730 per month",
          "locationConfidence" : 2.8605022
        }, {
          "latitudeE7" : -258439437,
          "longitudeE7" : 281835573,
          "placeId" : "ChIJL5jJzcN8lR4RaaSkA3W76aA",
          "name" : "Plant Ranch",
          "locationConfidence" : 1.7800883
        }, {
          "latitudeE7" : -258440050,
          "longitudeE7" : 281844270,
          "placeId" : "ChIJdTWa2D9klR4RGLnaOR7u0r0",
          "name" : "Industrial Village Shisanyama",
          "locationConfidence" : 1.4846461
        }, {
          "latitudeE7" : -258406093,
          "longitudeE7" : 281849246,
          "placeId" : "ChIJDWLjyxVklR4RwP61NmsiHVE",
          "name" : "John Dorys Jean Avenue",
          "locationConfidence" : 0.7960324
        } ],
        "editConfirmationStatus" : "NOT_CONFIRMED"
      } ],
      "centerLatE7" : -258419754,
      "centerLngE7" : 281844161,
      "visitConfidence" : 95,
      "otherCandidateLocations" : [ {
        "latitudeE7" : -258437907,
        "longitudeE7" : 281837625,
        "placeId" : "ChIJIRd-XhVklR4RxaFKV_wnnOY",
        "name" : "Plant Ranch",
        "locationConfidence" : 4.254651
      }, {
        "latitudeE7" : -258453181,
        "longitudeE7" : 281827661,
        "placeId" : "ChIJMa2imhZklR4RBdtQJgtUi5s",
        "name" : "Paintball Village",
        "locationConfidence" : 3.4749908
      }, {
        "latitudeE7" : -258443217,
        "longitudeE7" : 281841417,
        "placeId" : "ChIJ9T3B2T9klR4RJciWo7tbw2w",
        "name" : "IS Industrial Shisa Nyama",
        "locationConfidence" : 1.7876562
      }, {
        "latitudeE7" : -258419262,
        "longitudeE7" : 281855591,
        "placeId" : "ChIJte4XpRVklR4RlAPMcDGMBsU",
        "name" : "Burger King Jean Crossing",
        "locationConfidence" : 0.8860569
      }, {
        "latitudeE7" : -258413969,
        "longitudeE7" : 281855562,
        "placeId" : "ChIJX-E46TxklR4RIKhkXeY_IV8",
        "name" : "Woolworths Jean Crossing",
        "locationConfidence" : 0.59962857
      }, {
        "latitudeE7" : -258418590,
        "longitudeE7" : 281809450,
        "placeId" : "ChIJ5ZyZH2tklR4RPh5Y52FTxPs",
        "name" : "Centurion Storage - From as little as R730 per month",
        "locationConfidence" : 0.57539177
      }, {
        "latitudeE7" : -258439437,
        "longitudeE7" : 281835573,
        "placeId" : "ChIJL5jJzcN8lR4RaaSkA3W76aA",
        "name" : "Plant Ranch",
        "locationConfidence" : 0.35806584
      }, {
        "latitudeE7" : -258430310,
        "longitudeE7" : 281835930,
        "placeId" : "ChIJIWs0QRVklR4RzjcYPWVtFx0",
        "locationConfidence" : 0.3480496
      }, {
        "latitudeE7" : -258440050,
        "longitudeE7" : 281844270,
        "placeId" : "ChIJdTWa2D9klR4RGLnaOR7u0r0",
        "name" : "Industrial Village Shisanyama",
        "locationConfidence" : 0.29863745
      } ],
      "editConfirmationStatus" : "NOT_CONFIRMED"
    }
  }, {
    "activitySegment" : {
      "startLocation" : {
        "latitudeE7" : -258408036,
        "longitudeE7" : 281856448
      },
      "endLocation" : {
        "latitudeE7" : -258560696,
        "longitudeE7" : 281626396
      },
      "duration" : {
        "startTimestampMs" : "1510478564179",
        "endTimestampMs" : "1510479749521"
      },
      "distance" : 4305,
      "activityType" : "IN_PASSENGER_VEHICLE",
      "confidence" : "HIGH",
      "activities" : [ {
        "activityType" : "IN_PASSENGER_VEHICLE",
        "probability" : 96.42203710800588
      }, {
        "activityType" : "WALKING",
        "probability" : 2.0429979920515744
      }, {
        "activityType" : "MOTORCYCLING",
        "probability" : 0.7409444955405038
      } ],
      "waypointPath" : {
        "waypoints" : [ {
          "latE7" : -258402118,
          "lngE7" : 281863117
        }, {
          "latE7" : -258488597,
          "lngE7" : 281754055
        }, {
          "latE7" : -258560466,
          "lngE7" : 281622924
        } ]
      },
      "simplifiedRawPath" : {
        "points" : [ {
          "latE7" : -258486640,
          "lngE7" : 281755207,
          "timestampMs" : "1510479273694",
          "accuracyMeters" : 50
        } ]
      },
      "editConfirmationStatus" : "NOT_CONFIRMED"
    }
  }, {
    "placeVisit" : {
      "location" : {
        "latitudeE7" : -258560696,
        "longitudeE7" : 281626396,
        "placeId" : "ChIJWVS1zllklR4R7ih8EDjLG2g",
        "address" : "31 Willem Rd\nEldoraigne\nCenturion\n0157\nSouth Africa",
        "name" : "31 Willem Rd",
        "semanticType" : "TYPE_HOME",
        "sourceInfo" : {
          "deviceTag" : 936760904
        },
        "locationConfidence" : 85.196075
      },
      "duration" : {
        "startTimestampMs" : "1510479749521",
        "endTimestampMs" : "1510483090053"
      },
      "placeConfidence" : "MEDIUM_CONFIDENCE",
      "centerLatE7" : -258560416,
      "centerLngE7" : 281625489,
      "visitConfidence" : 96,
      "otherCandidateLocations" : [ {
        "latitudeE7" : -258559780,
        "longitudeE7" : 281626430,
        "placeId" : "ChIJgf7JGllklR4RTqYK8tHPm_w",
        "semanticType" : "TYPE_SEARCHED_ADDRESS",
        "locationConfidence" : 13.925448
      }, {
        "latitudeE7" : -258570590,
        "longitudeE7" : 281625620,
        "placeId" : "ChIJGZkpr1lklR4RvXt8NOQ53JI",
        "semanticType" : "TYPE_SEARCHED_ADDRESS",
        "locationConfidence" : 0.46587178
      }, {
        "latitudeE7" : -258565130,
        "longitudeE7" : 281611230,
        "placeId" : "ChIJjc378FhklR4R-lrwm02iVNY",
        "semanticType" : "TYPE_SEARCHED_ADDRESS",
        "locationConfidence" : 0.1821646
      }, {
        "latitudeE7" : -258560800,
        "longitudeE7" : 281633500,
        "placeId" : "ChIJqbfuDFlklR4R62Y6o0Rpy9w",
        "name" : "Eldoraigne Bus Stop",
        "locationConfidence" : 0.096483
      }, {
        "latitudeE7" : -258556046,
        "longitudeE7" : 281644996,
        "placeId" : "ChIJR2qzZFlklR4R6ONADWNKzIE",
        "name" : "Carnegie Park.",
        "locationConfidence" : 0.028382849
      }, {
        "latitudeE7" : -258561810,
        "longitudeE7" : 281620170,
        "placeId" : "ChIJsU6mAllklR4RbXdXjLHI8jU",
        "name" : "Collin Tossel Versekerings Makelaars BK",
        "locationConfidence" : 0.02482009
      }, {
        "latitudeE7" : -258581700,
        "longitudeE7" : 281613620,
        "placeId" : "ChIJ1R_1vYxklR4R5cUVoAKuEEg",
        "name" : "Plovers Guest House",
        "locationConfidence" : 0.019313317
      }, {
        "latitudeE7" : -258559299,
        "longitudeE7" : 281639000,
        "placeId" : "ChIJs1lxcVlklR4RKfo-EA5nEP4",
        "name" : "Rondomtalie Kleuterskool/Naskool",
        "locationConfidence" : 0.018109819
      }, {
        "latitudeE7" : -258548177,
        "longitudeE7" : 281602300,
        "placeId" : "ChIJgxKl015klR4RH1GGsfwUqGI",
        "name" : "Guest@home4u",
        "locationConfidence" : 0.016958782
      } ],
      "editConfirmationStatus" : "NOT_CONFIRMED"
    }
  }, {
    "activitySegment" : {
      "startLocation" : {
        "latitudeE7" : -258560396,
        "longitudeE7" : 281625670
      },
      "endLocation" : {
        "latitudeE7" : -260259970,
        "longitudeE7" : 280127162
      },
      "duration" : {
        "startTimestampMs" : "1510483090053",
        "endTimestampMs" : "1510486017260"
      },
      "distance" : 32766,
      "activityType" : "IN_PASSENGER_VEHICLE",
      "confidence" : "HIGH",
      "activities" : [ {
        "activityType" : "IN_PASSENGER_VEHICLE",
        "probability" : 91.54969834775213
      }, {
        "activityType" : "MOTORCYCLING",
        "probability" : 5.785736958999946
      }, {
        "activityType" : "WALKING",
        "probability" : 1.3597111518454006
      } ],
      "waypointPath" : {
        "waypoints" : [ {
          "latE7" : -258560218,
          "lngE7" : 281622943
        }, {
          "latE7" : -258799457,
          "lngE7" : 281411304
        }, {
          "latE7" : -258921623,
          "lngE7" : 281602020
        }, {
          "latE7" : -260259971,
          "lngE7" : 280127162
        } ]
      },
      "simplifiedRawPath" : {
        "points" : [ {
          "latE7" : -258918436,
          "lngE7" : 281599694,
          "timestampMs" : "1510483767741",
          "accuracyMeters" : 64
        } ]
      },
      "editConfirmationStatus" : "NOT_CONFIRMED"
    }
  }, {
    "placeVisit" : {
      "location" : {
        "latitudeE7" : -260259970,
        "longitudeE7" : 280127162,
        "placeId" : "ChIJm3Oq2652lR4ReDcdayYRjK4",
        "address" : "Montecasino Blvd\nFourways\nSandton\n2055\nSouth Africa",
        "name" : "Montecasino",
        "sourceInfo" : {
          "deviceTag" : 936760904
        },
        "locationConfidence" : 96.85772
      },
      "duration" : {
        "startTimestampMs" : "1510486017260",
        "endTimestampMs" : "1510487023552"
      },
      "placeConfidence" : "HIGH_CONFIDENCE",
      "centerLatE7" : -260243879,
      "centerLngE7" : 280121479,
      "visitConfidence" : 87,
      "otherCandidateLocations" : [ {
        "latitudeE7" : -260247670,
        "longitudeE7" : 280130170,
        "placeId" : "ChIJtwCCdqx2lR4R2Du92S9q5hU",
        "name" : "Diamond Jewellery International",
        "locationConfidence" : 1.1287318
      }, {
        "latitudeE7" : -260266818,
        "longitudeE7" : 280107449,
        "placeId" : "ChIJAzrDsq52lR4RmfycXqW3XgA",
        "name" : "Fourways Farmers' Market",
        "locationConfidence" : 1.021
      }, {
        "latitudeE7" : -260240899,
        "longitudeE7" : 280115916,
        "placeId" : "ChIJIcbFi652lR4R1I8x7Jk73oI",
        "name" : "Monte Casino Ten Pin Bowling",
        "locationConfidence" : 0.68426216
      }, {
        "latitudeE7" : -260250661,
        "longitudeE7" : 280103932,
        "placeId" : "ChIJj5VZ5652lR4R1dYP0a8diHc",
        "name" : "The Palazzo Montecasino",
        "locationConfidence" : 0.06273353
      }, {
        "latitudeE7" : -260263058,
        "longitudeE7" : 280108525,
        "placeId" : "ChIJa6HMctcUlR4RKAZq4uqq1Oo",
        "name" : "Pop Cafe",
        "locationConfidence" : 0.056557573
      }, {
        "latitudeE7" : -260257470,
        "longitudeE7" : 280147971,
        "placeId" : "ChIJQ_39dax2lR4R1uVQ2nLIREk",
        "name" : "The Pivot",
        "locationConfidence" : 0.04388107
      }, {
        "latitudeE7" : -260270832,
        "longitudeE7" : 280113674,
        "placeId" : "ChIJgUCfqa52lR4R-OeZs2bX3Zs",
        "name" : "Longmeadow Function Venue",
        "locationConfidence" : 0.035574272
      }, {
        "latitudeE7" : -260266070,
        "longitudeE7" : 280139050,
        "placeId" : "ChIJf9wmdMVylR4Rrpd8chLK5fA",
        "name" : "Setcom Payment Gateway",
        "locationConfidence" : 0.017102076
      }, {
        "latitudeE7" : -260267212,
        "longitudeE7" : 280125215,
        "placeId" : "ChIJqY60h6tzlR4R4gGorv1I0Vg",
        "name" : "Maxtec Peripherals (Pty) Ltd",
        "locationConfidence" : 0.012208591
      } ],
      "editConfirmationStatus" : "NOT_CONFIRMED"
    }
  }, {
    "activitySegment" : {
      "startLocation" : {
        "latitudeE7" : -260243879,
        "longitudeE7" : 280121479
      },
      "endLocation" : {
        "latitudeE7" : -258560062,
        "longitudeE7" : 281625905
      },
      "duration" : {
        "startTimestampMs" : "1510487023552",
        "endTimestampMs" : "1510719183477"
      },
      "activityType" : "UNKNOWN_ACTIVITY_TYPE",
      "activities" : [ {
        "activityType" : "UNKNOWN_ACTIVITY_TYPE",
        "probability" : 0.0
      } ],
      "simplifiedRawPath" : {
        "points" : [ {
          "latE7" : -260241163,
          "lngE7" : 280143698,
          "timestampMs" : "1510487290399",
          "accuracyMeters" : 50
        } ]
      }
    }
  }, {
    "placeVisit" : {
      "location" : {
        "latitudeE7" : -258560696,
        "longitudeE7" : 281626396,
        "placeId" : "ChIJWVS1zllklR4R7ih8EDjLG2g",
        "address" : "31 Willem Rd\nEldoraigne\nCenturion\n0157\nSouth Africa",
        "name" : "31 Willem Rd",
        "semanticType" : "TYPE_HOME",
        "sourceInfo" : {
          "deviceTag" : 936760904
        },
        "locationConfidence" : 83.7498
      },
      "duration" : {
        "startTimestampMs" : "1510719183477",
        "endTimestampMs" : "1510742588796"
      },
      "placeConfidence" : "MEDIUM_CONFIDENCE",
      "centerLatE7" : -258560062,
      "centerLngE7" : 281625905,
      "visitConfidence" : 79,
      "otherCandidateLocations" : [ {
        "latitudeE7" : -258559780,
        "longitudeE7" : 281626430,
        "placeId" : "ChIJgf7JGllklR4RTqYK8tHPm_w",
        "semanticType" : "TYPE_SEARCHED_ADDRESS",
        "locationConfidence" : 15.206103
      }, {
        "latitudeE7" : -258570590,
        "longitudeE7" : 281625620,
        "placeId" : "ChIJGZkpr1lklR4RvXt8NOQ53JI",
        "semanticType" : "TYPE_SEARCHED_ADDRESS",
        "locationConfidence" : 0.55734867
      }, {
        "latitudeE7" : -258565130,
        "longitudeE7" : 281611230,
        "placeId" : "ChIJjc378FhklR4R-lrwm02iVNY",
        "semanticType" : "TYPE_SEARCHED_ADDRESS",
        "locationConfidence" : 0.23336506
      }, {
        "latitudeE7" : -258560800,
        "longitudeE7" : 281633500,
        "placeId" : "ChIJqbfuDFlklR4R62Y6o0Rpy9w",
        "name" : "Eldoraigne Bus Stop",
        "locationConfidence" : 0.13675639
      }, {
        "latitudeE7" : -258556046,
        "longitudeE7" : 281644996,
        "placeId" : "ChIJR2qzZFlklR4R6ONADWNKzIE",
        "name" : "Carnegie Park.",
        "locationConfidence" : 0.026586037
      }, {
        "latitudeE7" : -258561810,
        "longitudeE7" : 281620170,
        "placeId" : "ChIJsU6mAllklR4RbXdXjLHI8jU",
        "name" : "Collin Tossel Versekerings Makelaars BK",
        "locationConfidence" : 0.01962724
      }, {
        "latitudeE7" : -258559299,
        "longitudeE7" : 281639000,
        "placeId" : "ChIJs1lxcVlklR4RKfo-EA5nEP4",
        "name" : "Rondomtalie Kleuterskool/Naskool",
        "locationConfidence" : 0.016562175
      }, {
        "latitudeE7" : -258581700,
        "longitudeE7" : 281613620,
        "placeId" : "ChIJ1R_1vYxklR4R5cUVoAKuEEg",
        "name" : "Plovers Guest House",
        "locationConfidence" : 0.012630913
      }, {
        "latitudeE7" : -258548177,
        "longitudeE7" : 281602300,
        "placeId" : "ChIJgxKl015klR4RH1GGsfwUqGI",
        "name" : "Guest@home4u",
        "locationConfidence" : 0.011769043
      } ],
      "editConfirmationStatus" : "NOT_CONFIRMED"
    }
  }, {
    "placeVisit" : {
      "location" : {
        "latitudeE7" : -258560696,
        "longitudeE7" : 281626396,
        "placeId" : "ChIJWVS1zllklR4R7ih8EDjLG2g",
        "address" : "31 Willem Rd\nEldoraigne\nCenturion\n0157\nSouth Africa",
        "name" : "31 Willem Rd",
        "semanticType" : "TYPE_HOME",
        "sourceInfo" : {
          "deviceTag" : 936760904
        },
        "locationConfidence" : 88.63636
      },
      "duration" : {
        "startTimestampMs" : "1510891982830",
        "endTimestampMs" : "1510893560856"
      },
      "placeConfidence" : "MEDIUM_CONFIDENCE",
      "centerLatE7" : -258559900,
      "centerLngE7" : 281625089,
      "visitConfidence" : 79,
      "otherCandidateLocations" : [ {
        "latitudeE7" : -258559780,
        "longitudeE7" : 281626430,
        "placeId" : "ChIJgf7JGllklR4RTqYK8tHPm_w",
        "semanticType" : "TYPE_SEARCHED_ADDRESS",
        "locationConfidence" : 10.353359
      }, {
        "latitudeE7" : -258570590,
        "longitudeE7" : 281625620,
        "placeId" : "ChIJGZkpr1lklR4RvXt8NOQ53JI",
        "semanticType" : "TYPE_SEARCHED_ADDRESS",
        "locationConfidence" : 0.39957657
      }, {
        "latitudeE7" : -258565130,
        "longitudeE7" : 281611230,
        "placeId" : "ChIJjc378FhklR4R-lrwm02iVNY",
        "semanticType" : "TYPE_SEARCHED_ADDRESS",
        "locationConfidence" : 0.2560259
      }, {
        "latitudeE7" : -258560800,
        "longitudeE7" : 281633500,
        "placeId" : "ChIJqbfuDFlklR4R62Y6o0Rpy9w",
        "name" : "Eldoraigne Bus Stop",
        "locationConfidence" : 0.15011041
      }, {
        "latitudeE7" : -258561810,
        "longitudeE7" : 281620170,
        "placeId" : "ChIJsU6mAllklR4RbXdXjLHI8jU",
        "name" : "Collin Tossel Versekerings Makelaars BK",
        "locationConfidence" : 0.06812387
      }, {
        "latitudeE7" : -258559299,
        "longitudeE7" : 281639000,
        "placeId" : "ChIJs1lxcVlklR4RKfo-EA5nEP4",
        "name" : "Rondomtalie Kleuterskool/Naskool",
        "locationConfidence" : 0.032256752
      }, {
        "latitudeE7" : -258556046,
        "longitudeE7" : 281644996,
        "placeId" : "ChIJR2qzZFlklR4R6ONADWNKzIE",
        "name" : "Carnegie Park.",
        "locationConfidence" : 0.028606858
      }, {
        "latitudeE7" : -258548177,
        "longitudeE7" : 281602300,
        "placeId" : "ChIJgxKl015klR4RH1GGsfwUqGI",
        "name" : "Guest@home4u",
        "locationConfidence" : 0.023132546
      }, {
        "latitudeE7" : -258581700,
        "longitudeE7" : 281613620,
        "placeId" : "ChIJ1R_1vYxklR4R5cUVoAKuEEg",
        "name" : "Plovers Guest House",
        "locationConfidence" : 0.020750128
      } ],
      "editConfirmationStatus" : "NOT_CONFIRMED"
    }
  }, {
    "activitySegment" : {
      "startLocation" : {
        "latitudeE7" : -257984698,
        "longitudeE7" : 282635456
      },
      "endLocation" : {
        "latitudeE7" : -258560512,
        "longitudeE7" : 281626074
      },
      "duration" : {
        "startTimestampMs" : "1511271924999",
        "endTimestampMs" : "1511273528208"
      },
      "distance" : 15534,
      "activityType" : "IN_PASSENGER_VEHICLE",
      "confidence" : "HIGH",
      "activities" : [ {
        "activityType" : "IN_PASSENGER_VEHICLE",
        "probability" : 86.44544456576281
      }, {
        "activityType" : "MOTORCYCLING",
        "probability" : 12.432500709441644
      }, {
        "activityType" : "WALKING",
        "probability" : 0.3763326879683111
      } ],
      "waypointPath" : {
        "waypoints" : [ {
          "latE7" : -257985000,
          "lngE7" : 282636032
        }, {
          "latE7" : -258560295,
          "lngE7" : 281622943
        } ]
      },
      "editConfirmationStatus" : "NOT_CONFIRMED"
    }
  }, {
    "placeVisit" : {
      "location" : {
        "latitudeE7" : -258560696,
        "longitudeE7" : 281626396,
        "placeId" : "ChIJWVS1zllklR4R7ih8EDjLG2g",
        "address" : "31 Willem Rd\nEldoraigne\nCenturion\n0157\nSouth Africa",
        "name" : "31 Willem Rd",
        "semanticType" : "TYPE_HOME",
        "sourceInfo" : {
          "deviceTag" : 936760904
        },
        "locationConfidence" : 83.54358
      },
      "duration" : {
        "startTimestampMs" : "1511755278343",
        "endTimestampMs" : "1511791490156"
      },
      "placeConfidence" : "MEDIUM_CONFIDENCE",
      "centerLatE7" : -258560359,
      "centerLngE7" : 281626337,
      "visitConfidence" : 89,
      "otherCandidateLocations" : [ {
        "latitudeE7" : -258559780,
        "longitudeE7" : 281626430,
        "placeId" : "ChIJgf7JGllklR4RTqYK8tHPm_w",
        "semanticType" : "TYPE_SEARCHED_ADDRESS",
        "locationConfidence" : 15.328517
      }, {
        "latitudeE7" : -258570590,
        "longitudeE7" : 281625620,
        "placeId" : "ChIJGZkpr1lklR4RvXt8NOQ53JI",
        "semanticType" : "TYPE_SEARCHED_ADDRESS",
        "locationConfidence" : 0.5893956
      }, {
        "latitudeE7" : -258565130,
        "longitudeE7" : 281611230,
        "placeId" : "ChIJjc378FhklR4R-lrwm02iVNY",
        "semanticType" : "TYPE_SEARCHED_ADDRESS",
        "locationConfidence" : 0.28678402
      }, {
        "latitudeE7" : -258560800,
        "longitudeE7" : 281633500,
        "placeId" : "ChIJqbfuDFlklR4R62Y6o0Rpy9w",
        "name" : "Eldoraigne Bus Stop",
        "locationConfidence" : 0.14182933
      }, {
        "latitudeE7" : -258556046,
        "longitudeE7" : 281644996,
        "placeId" : "ChIJR2qzZFlklR4R6ONADWNKzIE",
        "name" : "Carnegie Park.",
        "locationConfidence" : 0.023149103
      }, {
        "latitudeE7" : -258559299,
        "longitudeE7" : 281639000,
        "placeId" : "ChIJs1lxcVlklR4RKfo-EA5nEP4",
        "name" : "Rondomtalie Kleuterskool/Naskool",
        "locationConfidence" : 0.018465916
      }, {
        "latitudeE7" : -258561810,
        "longitudeE7" : 281620170,
        "placeId" : "ChIJsU6mAllklR4RbXdXjLHI8jU",
        "name" : "Collin Tossel Versekerings Makelaars BK",
        "locationConfidence" : 0.017766578
      }, {
        "latitudeE7" : -258548177,
        "longitudeE7" : 281602300,
        "placeId" : "ChIJgxKl015klR4RH1GGsfwUqGI",
        "name" : "Guest@home4u",
        "locationConfidence" : 0.00945139
      }, {
        "latitudeE7" : -258581700,
        "longitudeE7" : 281613620,
        "placeId" : "ChIJ1R_1vYxklR4R5cUVoAKuEEg",
        "name" : "Plovers Guest House",
        "locationConfidence" : 0.008635539
      } ],
      "editConfirmationStatus" : "NOT_CONFIRMED"
    }
  }, {
    "activitySegment" : {
      "startLocation" : {
        "latitudeE7" : -258560696,
        "longitudeE7" : 281626396
      },
      "endLocation" : {
        "latitudeE7" : -258710913,
        "longitudeE7" : 281624203
      },
      "duration" : {
        "startTimestampMs" : "1511791490156",
        "endTimestampMs" : "1511791820999"
      },
      "distance" : 1753,
      "activityType" : "IN_PASSENGER_VEHICLE",
      "confidence" : "HIGH",
      "activities" : [ {
        "activityType" : "IN_PASSENGER_VEHICLE",
        "probability" : 95.90974112063061
      }, {
        "activityType" : "MOTORCYCLING",
        "probability" : 3.060654045013683
      }, {
        "activityType" : "WALKING",
        "probability" : 0.8819501385125111
      } ],
      "waypointPath" : {
        "waypoints" : [ {
          "latE7" : -258560466,
          "lngE7" : 281622924
        }, {
          "latE7" : -258710899,
          "lngE7" : 281623458
        } ]
      },
      "editConfirmationStatus" : "NOT_CONFIRMED"
    }
  }, {
    "placeVisit" : {
      "location" : {
        "latitudeE7" : -258718248,
        "longitudeE7" : 281642198,
        "placeId" : "ChIJmdPHe6tllR4RsDJButVuolA",
        "address" : "Old Johannesburg Road &\nMagiel St\nHennopspark\nCenturion\n0157\nSouth Africa",
        "name" : "Chamberlains Centurion - Famous for Hardware since 1903",
        "sourceInfo" : {
          "deviceTag" : 936760904
        },
        "locationConfidence" : 95.028496
      },
      "duration" : {
        "startTimestampMs" : "1511791820999",
        "endTimestampMs" : "1511793858244"
      },
      "placeConfidence" : "HIGH_CONFIDENCE",
      "centerLatE7" : -258717736,
      "centerLngE7" : 281634927,
      "visitConfidence" : 92,
      "otherCandidateLocations" : [ {
        "latitudeE7" : -258728620,
        "longitudeE7" : 281628970,
        "placeId" : "ChIJ9-4buqtllR4RZ8ICm064zr0",
        "name" : "Total Simarlo",
        "locationConfidence" : 0.6096108
      }, {
        "latitudeE7" : -258723499,
        "longitudeE7" : 281654950,
        "placeId" : "ChIJHwRUpqlllR4RXVxvvoTdifY",
        "name" : "CENTPART MOTORPARTS",
        "locationConfidence" : 0.59542125
      }, {
        "latitudeE7" : -258722628,
        "longitudeE7" : 281622890,
        "placeId" : "ChIJb28_riVklR4R6k_6CehYyBQ",
        "name" : "Voltex - Centurion",
        "locationConfidence" : 0.5132266
      }, {
        "latitudeE7" : -258728895,
        "longitudeE7" : 281643942,
        "placeId" : "ChIJMzfTqatllR4RUiz2Ok6SN_4",
        "name" : "Talisman Hire Centurion",
        "locationConfidence" : 0.40204164
      }, {
        "latitudeE7" : -258774094,
        "longitudeE7" : 281642110,
        "placeId" : "ChIJu-8V1qhllR4Rz-3GwYYc7G0",
        "name" : "Centurion Lifestyle Centre",
        "locationConfidence" : 0.40080333
      }, {
        "latitudeE7" : -258730805,
        "longitudeE7" : 281642516,
        "placeId" : "ChIJD_9bFKtllR4RRw4lHVucbW0",
        "name" : "AutoZone Centurion",
        "locationConfidence" : 0.34857395
      }, {
        "latitudeE7" : -258708355,
        "longitudeE7" : 281631543,
        "placeId" : "ChIJv3kzLKtllR4RsH-62r_yfxY",
        "name" : "Monitor Net",
        "locationConfidence" : 0.2174722
      }, {
        "latitudeE7" : -258740570,
        "longitudeE7" : 281655840,
        "placeId" : "ChIJGd15m6xllR4RiJXICyDu3n0",
        "name" : "All out Angling - Centurion",
        "locationConfidence" : 0.16859482
      }, {
        "latitudeE7" : -258731230,
        "longitudeE7" : 281642029,
        "placeId" : "ChIJl__Bm6tllR4Rzxr-vMBTmfc",
        "name" : "Lenchen Park",
        "locationConfidence" : 0.13832125
      } ],
      "editConfirmationStatus" : "NOT_CONFIRMED"
    }
  }, {
    "activitySegment" : {
      "startLocation" : {
        "latitudeE7" : -258718248,
        "longitudeE7" : 281642198
      },
      "endLocation" : {
        "latitudeE7" : -258588808,
        "longitudeE7" : 281675675
      },
      "duration" : {
        "startTimestampMs" : "1511793858244",
        "endTimestampMs" : "1511794455398"
      },
      "distance" : 1495,
      "activityType" : "IN_PASSENGER_VEHICLE",
      "confidence" : "HIGH",
      "activities" : [ {
        "activityType" : "IN_PASSENGER_VEHICLE",
        "probability" : 92.89660990130069
      }, {
        "activityType" : "WALKING",
        "probability" : 4.171272530692384
      }, {
        "activityType" : "CYCLING",
        "probability" : 2.289626302808858
      } ],
      "waypointPath" : {
        "waypoints" : [ {
          "latE7" : -258722114,
          "lngE7" : 281641387
        }, {
          "latE7" : -258588809,
          "lngE7" : 281675682
        } ]
      },
      "editConfirmationStatus" : "NOT_CONFIRMED"
    }
  }, {
    "placeVisit" : {
      "location" : {
        "latitudeE7" : -258591226,
        "longitudeE7" : 281671230,
        "placeId" : "ChIJubJ_K1BklR4RfQpaqvzVlAk",
        "address" : "Bronberrick\nCenturion\n0157\nSouth Africa",
        "name" : "Bronberrick"
      },
      "duration" : {
        "startTimestampMs" : "1511794455398",
        "endTimestampMs" : "1511795216095"
      },
      "placeConfidence" : "LOW_CONFIDENCE",
      "centerLatE7" : -258587583,
      "centerLngE7" : 281674817,
      "visitConfidence" : 91,
      "otherCandidateLocations" : [ {
        "latitudeE7" : -258592139,
        "longitudeE7" : 281671390,
        "placeId" : "ChIJI1_ej1BklR4RjGGUxxdOHoQ",
        "name" : "Bronberrick Meat Market",
        "locationConfidence" : 31.804993
      }, {
        "latitudeE7" : -258590276,
        "longitudeE7" : 281671376,
        "placeId" : "ChIJiweiiFBklR4RfdfFS2CXcFU",
        "name" : "BAKING BONANZA",
        "locationConfidence" : 5.9249563
      }, {
        "latitudeE7" : -258589312,
        "longitudeE7" : 281672770,
        "placeId" : "ChIJvUoChVBklR4R85KVhmu-ges",
        "name" : "Bronberick Slaghuis",
        "locationConfidence" : 5.8761916
      }, {
        "latitudeE7" : -258590013,
        "longitudeE7" : 281674320,
        "placeId" : "ChIJpR3vhVBklR4RsaA3DO5G6dc",
        "name" : "Kitsch Kafe",
        "locationConfidence" : 4.9556713
      }, {
        "latitudeE7" : -258590780,
        "longitudeE7" : 281671870,
        "placeId" : "ChIJY55bhVBklR4RHoNNbOPeKJM",
        "name" : "Galway Centre",
        "locationConfidence" : 2.1541672
      }, {
        "latitudeE7" : -258583289,
        "longitudeE7" : 281674650,
        "placeId" : "ChIJs_mxeFpklR4RUZi0TEHd5oI",
        "name" : "Bronberrik Park",
        "locationConfidence" : 2.0498996
      }, {
        "latitudeE7" : -258594140,
        "longitudeE7" : 281671200,
        "placeId" : "ChIJ8ZfikVBklR4RmR4pDTQY-Wo",
        "name" : "Tool Fanatics",
        "locationConfidence" : 0.31525245
      }, {
        "latitudeE7" : -258590780,
        "longitudeE7" : 281671870,
        "placeId" : "ChIJVVVVVVJklR4RsA62m-eiWR4",
        "name" : "Oasis Water",
        "locationConfidence" : 0.23403153
      }, {
        "latitudeE7" : -258596394,
        "longitudeE7" : 281669373,
        "placeId" : "ChIJgY854VBklR4RFKBBf2e2j9M",
        "name" : "One Life Health Supermarket",
        "locationConfidence" : 0.18894233
      } ],
      "editConfirmationStatus" : "CONFIRMED"
    }
  }, {
    "activitySegment" : {
      "startLocation" : {
        "latitudeE7" : -258590689,
        "longitudeE7" : 281676920
      },
      "endLocation" : {
        "latitudeE7" : -258412899,
        "longitudeE7" : 281605300
      },
      "duration" : {
        "startTimestampMs" : "1511795216095",
        "endTimestampMs" : "1511795641019"
      },
      "distance" : 1718,
      "activityType" : "IN_PASSENGER_VEHICLE",
      "confidence" : "HIGH",
      "activities" : [ {
        "activityType" : "IN_PASSENGER_VEHICLE",
        "probability" : 98.05339623646424
      }, {
        "activityType" : "WALKING",
        "probability" : 0.9748788278617712
      }, {
        "activityType" : "MOTORCYCLING",
        "probability" : 0.5675793303925653
      } ],
      "waypointPath" : {
        "waypoints" : [ {
          "latE7" : -258589172,
          "lngE7" : 281677341
        }, {
          "latE7" : -258409042,
          "lngE7" : 281606197
        } ]
      },
      "editConfirmationStatus" : "NOT_CONFIRMED"
    }
  }, {
    "placeVisit" : {
      "location" : {
        "latitudeE7" : -258472042,
        "longitudeE7" : 281561533,
        "placeId" : "ChIJaWwUg5RklR4RfJyhTvSWRL4",
        "address" : "Eldoraigne\nCenturion\n0157\nSuid-Afrika",
        "name" : "Eldoraigne"
      },
      "duration" : {
        "startTimestampMs" : "1511795641019",
        "endTimestampMs" : "1511797263112"
      },
      "placeConfidence" : "MEDIUM_CONFIDENCE",
      "centerLatE7" : -258417833,
      "centerLngE7" : 281600017,
      "visitConfidence" : 95,
      "otherCandidateLocations" : [ {
        "latitudeE7" : -258414796,
        "longitudeE7" : 281606948,
        "placeId" : "ChIJVeYuXWJklR4RQkRA1ro6D2M",
        "name" : "SuperSpar Saxby",
        "locationConfidence" : 4.7890835
      }, {
        "latitudeE7" : -258422541,
        "longitudeE7" : 281607250,
        "placeId" : "ChIJw_FPE2JklR4RSE1Yt1kCkSQ",
        "name" : "Cellsecure Holdings",
        "locationConfidence" : 0.6651942
      }, {
        "latitudeE7" : -258413103,
        "longitudeE7" : 281603960,
        "placeId" : "ChIJCbBtQ2JklR4RzuJNQRkLFDI",
        "name" : "Ocean Basket",
        "locationConfidence" : 0.48933452
      }, {
        "latitudeE7" : -258414713,
        "longitudeE7" : 281599535,
        "placeId" : "ChIJoTR5QWJklR4RKIrAR0DQPww",
        "name" : "PostNet Eldoraigne",
        "locationConfidence" : 0.23288521
      }, {
        "latitudeE7" : -258420370,
        "longitudeE7" : 281613930,
        "placeId" : "ChIJlcAaSGJklR4RAAu2oJC9P50",
        "name" : "Total Eldoraigne",
        "locationConfidence" : 0.22631487
      }, {
        "latitudeE7" : -258415961,
        "longitudeE7" : 281602706,
        "placeId" : "ChIJgeHkOep0lR4Ro39YJTzfuZo",
        "name" : "AWX - Centurion",
        "locationConfidence" : 0.15385628
      }, {
        "latitudeE7" : -258413540,
        "longitudeE7" : 281605905,
        "placeId" : "ChIJO7LRRmJklR4RoBSSHs0QR_I",
        "name" : "Eldoraigne Village Pharmacy",
        "locationConfidence" : 0.15330258
      }, {
        "latitudeE7" : -258414138,
        "longitudeE7" : 281599585,
        "placeId" : "ChIJuy_9w4tklR4R90N149nsbAs",
        "name" : "Zwartkop Pet Deli & Pet Partners",
        "locationConfidence" : 0.12576276
      }, {
        "latitudeE7" : -258417355,
        "longitudeE7" : 281614066,
        "placeId" : "ChIJp8LPSGJklR4Ryic3boNCdJk",
        "name" : "Enzo Pizzeria",
        "locationConfidence" : 0.10123639
      } ],
      "editConfirmationStatus" : "CONFIRMED"
    }
  }, {
    "activitySegment" : {
      "startLocation" : {
        "latitudeE7" : -258412899,
        "longitudeE7" : 281605300
      },
      "endLocation" : {
        "latitudeE7" : -258560696,
        "longitudeE7" : 281626396
      },
      "duration" : {
        "startTimestampMs" : "1511797263112",
        "endTimestampMs" : "1511797755398"
      },
      "distance" : 1568,
      "activityType" : "IN_PASSENGER_VEHICLE",
      "confidence" : "HIGH",
      "activities" : [ {
        "activityType" : "IN_PASSENGER_VEHICLE",
        "probability" : 97.45253297980334
      }, {
        "activityType" : "WALKING",
        "probability" : 1.4396317034121615
      }, {
        "activityType" : "MOTORCYCLING",
        "probability" : 0.5284169911972187
      } ],
      "waypointPath" : {
        "waypoints" : [ {
          "latE7" : -258409042,
          "lngE7" : 281606197
        }, {
          "latE7" : -258560466,
          "lngE7" : 281622924
        } ]
      },
      "editConfirmationStatus" : "NOT_CONFIRMED"
    }
  }, {
    "placeVisit" : {
      "location" : {
        "latitudeE7" : -258560696,
        "longitudeE7" : 281626396,
        "placeId" : "ChIJWVS1zllklR4R7ih8EDjLG2g",
        "address" : "31 Willem Rd\nEldoraigne\nCenturion\n0157\nSouth Africa",
        "name" : "31 Willem Rd",
        "semanticType" : "TYPE_HOME",
        "sourceInfo" : {
          "deviceTag" : 936760904
        },
        "locationConfidence" : 93.07008
      },
      "duration" : {
        "startTimestampMs" : "1511797755398",
        "endTimestampMs" : "1511805885002"
      },
      "placeConfidence" : "HIGH_CONFIDENCE",
      "centerLatE7" : -258559392,
      "centerLngE7" : 281624312,
      "visitConfidence" : 86,
      "otherCandidateLocations" : [ {
        "latitudeE7" : -258559780,
        "longitudeE7" : 281626430,
        "placeId" : "ChIJgf7JGllklR4RTqYK8tHPm_w",
        "semanticType" : "TYPE_SEARCHED_ADDRESS",
        "locationConfidence" : 5.429031
      }, {
        "latitudeE7" : -258570590,
        "longitudeE7" : 281625620,
        "placeId" : "ChIJGZkpr1lklR4RvXt8NOQ53JI",
        "semanticType" : "TYPE_SEARCHED_ADDRESS",
        "locationConfidence" : 0.46384495
      }, {
        "latitudeE7" : -258565130,
        "longitudeE7" : 281611230,
        "placeId" : "ChIJjc378FhklR4R-lrwm02iVNY",
        "semanticType" : "TYPE_SEARCHED_ADDRESS",
        "locationConfidence" : 0.37910393
      }, {
        "latitudeE7" : -258561810,
        "longitudeE7" : 281620170,
        "placeId" : "ChIJsU6mAllklR4RbXdXjLHI8jU",
        "name" : "Collin Tossel Versekerings Makelaars BK",
        "locationConfidence" : 0.25286832
      }, {
        "latitudeE7" : -258560800,
        "longitudeE7" : 281633500,
        "placeId" : "ChIJqbfuDFlklR4R62Y6o0Rpy9w",
        "name" : "Eldoraigne Bus Stop",
        "locationConfidence" : 0.154558
      }, {
        "latitudeE7" : -258556046,
        "longitudeE7" : 281644996,
        "placeId" : "ChIJR2qzZFlklR4R6ONADWNKzIE",
        "name" : "Carnegie Park.",
        "locationConfidence" : 0.053464442
      }, {
        "latitudeE7" : -258559299,
        "longitudeE7" : 281639000,
        "placeId" : "ChIJs1lxcVlklR4RKfo-EA5nEP4",
        "name" : "Rondomtalie Kleuterskool/Naskool",
        "locationConfidence" : 0.04896174
      }, {
        "latitudeE7" : -258540780,
        "longitudeE7" : 281618000,
        "placeId" : "ChIJFVwhK19klR4R9IkmBDgrNSg",
        "name" : "Dr CL Robbertze",
        "locationConfidence" : 0.035938654
      }, {
        "latitudeE7" : -258548177,
        "longitudeE7" : 281602300,
        "placeId" : "ChIJgxKl015klR4RH1GGsfwUqGI",
        "name" : "Guest@home4u",
        "locationConfidence" : 0.033496518
      } ],
      "editConfirmationStatus" : "NOT_CONFIRMED"
    }
  }, {
    "placeVisit" : {
      "location" : {
        "latitudeE7" : -258560696,
        "longitudeE7" : 281626396,
        "placeId" : "ChIJWVS1zllklR4R7ih8EDjLG2g",
        "address" : "31 Willem Rd\nEldoraigne\nCenturion\n0157\nSouth Africa",
        "name" : "31 Willem Rd",
        "semanticType" : "TYPE_HOME",
        "sourceInfo" : {
          "deviceTag" : 936760904
        },
        "locationConfidence" : 91.03697
      },
      "duration" : {
        "startTimestampMs" : "1511929649665",
        "endTimestampMs" : "1511930282274"
      },
      "placeConfidence" : "MEDIUM_CONFIDENCE",
      "centerLatE7" : -258559038,
      "centerLngE7" : 281626175,
      "visitConfidence" : 79,
      "otherCandidateLocations" : [ {
        "latitudeE7" : -258559780,
        "longitudeE7" : 281626430,
        "placeId" : "ChIJgf7JGllklR4RTqYK8tHPm_w",
        "semanticType" : "TYPE_SEARCHED_ADDRESS",
        "locationConfidence" : 7.6308565
      }, {
        "latitudeE7" : -258570590,
        "longitudeE7" : 281625620,
        "placeId" : "ChIJGZkpr1lklR4RvXt8NOQ53JI",
        "semanticType" : "TYPE_SEARCHED_ADDRESS",
        "locationConfidence" : 0.40847668
      }, {
        "latitudeE7" : -258560800,
        "longitudeE7" : 281633500,
        "placeId" : "ChIJqbfuDFlklR4R62Y6o0Rpy9w",
        "name" : "Eldoraigne Bus Stop",
        "locationConfidence" : 0.28676632
      }, {
        "latitudeE7" : -258565130,
        "longitudeE7" : 281611230,
        "placeId" : "ChIJjc378FhklR4R-lrwm02iVNY",
        "semanticType" : "TYPE_SEARCHED_ADDRESS",
        "locationConfidence" : 0.25779438
      }, {
        "latitudeE7" : -258561810,
        "longitudeE7" : 281620170,
        "placeId" : "ChIJsU6mAllklR4RbXdXjLHI8jU",
        "name" : "Collin Tossel Versekerings Makelaars BK",
        "locationConfidence" : 0.10704539
      }, {
        "latitudeE7" : -258559299,
        "longitudeE7" : 281639000,
        "placeId" : "ChIJs1lxcVlklR4RKfo-EA5nEP4",
        "name" : "Rondomtalie Kleuterskool/Naskool",
        "locationConfidence" : 0.0788335
      }, {
        "latitudeE7" : -258556046,
        "longitudeE7" : 281644996,
        "placeId" : "ChIJR2qzZFlklR4R6ONADWNKzIE",
        "name" : "Carnegie Park.",
        "locationConfidence" : 0.053526007
      }, {
        "latitudeE7" : -258548177,
        "longitudeE7" : 281602300,
        "placeId" : "ChIJgxKl015klR4RH1GGsfwUqGI",
        "name" : "Guest@home4u",
        "locationConfidence" : 0.032944806
      }, {
        "latitudeE7" : -258581700,
        "longitudeE7" : 281613620,
        "placeId" : "ChIJ1R_1vYxklR4R5cUVoAKuEEg",
        "name" : "Plovers Guest House",
        "locationConfidence" : 0.024969237
      } ],
      "editConfirmationStatus" : "NOT_CONFIRMED"
    }
  }, {
    "activitySegment" : {
      "startLocation" : {
        "latitudeE7" : -258559038,
        "longitudeE7" : 281626175
      },
      "endLocation" : {
        "latitudeE7" : -258559850,
        "longitudeE7" : 281625540
      },
      "duration" : {
        "startTimestampMs" : "1511930282274",
        "endTimestampMs" : "1512707602999"
      },
      "activityType" : "UNKNOWN_ACTIVITY_TYPE",
      "activities" : [ {
        "activityType" : "UNKNOWN_ACTIVITY_TYPE",
        "probability" : 0.0
      } ],
      "simplifiedRawPath" : {
        "points" : [ {
          "latE7" : -257657661,
          "lngE7" : 282806701,
          "timestampMs" : "1512050793615",
          "accuracyMeters" : 50
        }, {
          "latE7" : -258559895,
          "lngE7" : 281626654,
          "timestampMs" : "1512361375521",
          "accuracyMeters" : 32
        }, {
          "latE7" : -258909685,
          "lngE7" : 281898785,
          "timestampMs" : "1512555810000",
          "accuracyMeters" : 4
        }, {
          "latE7" : -258914678,
          "lngE7" : 281927158,
          "timestampMs" : "1512555872000",
          "accuracyMeters" : 4
        }, {
          "latE7" : -258767707,
          "lngE7" : 281996389,
          "timestampMs" : "1512556028000",
          "accuracyMeters" : 4
        }, {
          "latE7" : -258690589,
          "lngE7" : 281933427,
          "timestampMs" : "1512556167000",
          "accuracyMeters" : 4
        }, {
          "latE7" : -258672625,
          "lngE7" : 281925486,
          "timestampMs" : "1512556214000",
          "accuracyMeters" : 4
        }, {
          "latE7" : -258670314,
          "lngE7" : 281914410,
          "timestampMs" : "1512556229000",
          "accuracyMeters" : 6
        }, {
          "latE7" : -258653280,
          "lngE7" : 281961521,
          "timestampMs" : "1512556261000",
          "accuracyMeters" : 4
        }, {
          "latE7" : -258423243,
          "lngE7" : 282316075,
          "timestampMs" : "1512556399999",
          "accuracyMeters" : 4
        }, {
          "latE7" : -258224520,
          "lngE7" : 282503814,
          "timestampMs" : "1512556493999",
          "accuracyMeters" : 4
        }, {
          "latE7" : -258023064,
          "lngE7" : 282611865,
          "timestampMs" : "1512556571999",
          "accuracyMeters" : 4
        }, {
          "latE7" : -257766846,
          "lngE7" : 282722720,
          "timestampMs" : "1512556665999",
          "accuracyMeters" : 6
        }, {
          "latE7" : -257684735,
          "lngE7" : 282743863,
          "timestampMs" : "1512556696999",
          "accuracyMeters" : 4
        }, {
          "latE7" : -257595290,
          "lngE7" : 282750658,
          "timestampMs" : "1512556727999",
          "accuracyMeters" : 8
        }, {
          "latE7" : -257553736,
          "lngE7" : 282745354,
          "timestampMs" : "1512556743999",
          "accuracyMeters" : 6
        }, {
          "latE7" : -257341386,
          "lngE7" : 282648039,
          "timestampMs" : "1512556822999",
          "accuracyMeters" : 4
        }, {
          "latE7" : -257111968,
          "lngE7" : 282657374,
          "timestampMs" : "1512556901999",
          "accuracyMeters" : 4
        }, {
          "latE7" : -257035821,
          "lngE7" : 282704241,
          "timestampMs" : "1512556931999",
          "accuracyMeters" : 4
        }, {
          "latE7" : -256527319,
          "lngE7" : 282740102,
          "timestampMs" : "1512557117999",
          "accuracyMeters" : 4
        }, {
          "latE7" : -256488201,
          "lngE7" : 282737384,
          "timestampMs" : "1512557132999",
          "accuracyMeters" : 4
        }, {
          "latE7" : -256456371,
          "lngE7" : 282712756,
          "timestampMs" : "1512557147999",
          "accuracyMeters" : 6
        }, {
          "latE7" : -256437299,
          "lngE7" : 282627839,
          "timestampMs" : "1512557178999",
          "accuracyMeters" : 4
        }, {
          "latE7" : -256380472,
          "lngE7" : 282004727,
          "timestampMs" : "1512557396999",
          "accuracyMeters" : 4
        }, {
          "latE7" : -256386671,
          "lngE7" : 281912795,
          "timestampMs" : "1512557427999",
          "accuracyMeters" : 4
        }, {
          "latE7" : -256481484,
          "lngE7" : 281527828,
          "timestampMs" : "1512557581999",
          "accuracyMeters" : 6
        }, {
          "latE7" : -256450375,
          "lngE7" : 281497205,
          "timestampMs" : "1512557612999",
          "accuracyMeters" : 6
        }, {
          "latE7" : -256405611,
          "lngE7" : 281270872,
          "timestampMs" : "1512557783000",
          "accuracyMeters" : 6
        }, {
          "latE7" : -256405956,
          "lngE7" : 281246515,
          "timestampMs" : "1512557859000",
          "accuracyMeters" : 6
        }, {
          "latE7" : -258313574,
          "lngE7" : 282415483,
          "timestampMs" : "1512623343653",
          "accuracyMeters" : 48
        } ]
      }
    }
  } ]
}