{
  "timelineObjects" : [ {
    "placeVisit" : {
      "location" : {
        "latitudeE7" : -258559952,
        "longitudeE7" : 281626072,
        "placeId" : "ChIJWVS1zllklR4R7ih8EDjLG2g",
        "address" : "31 Willem Rd\nEldoraigne\nCenturion\n0157\nSouth Africa",
        "name" : "31 Willem Rd",
        "semanticType" : "TYPE_HOME",
        "sourceInfo" : {
          "deviceTag" : 936760904
        },
        "locationConfidence" : 54.461582
      },
      "duration" : {
        "startTimestampMs" : "1512707602999",
        "endTimestampMs" : "1512708064990"
      },
      "placeConfidence" : "LOW_CONFIDENCE",
      "centerLatE7" : -258559850,
      "centerLngE7" : 281625540,
      "visitConfidence" : 89,
      "otherCandidateLocations" : [ {
        "latitudeE7" : -258559780,
        "longitudeE7" : 281626430,
        "placeId" : "ChIJgf7JGllklR4RTqYK8tHPm_w",
        "semanticType" : "TYPE_SEARCHED_ADDRESS",
        "locationConfidence" : 44.671974
      }, {
        "latitudeE7" : -258570590,
        "longitudeE7" : 281625620,
        "placeId" : "ChIJGZkpr1lklR4RvXt8NOQ53JI",
        "semanticType" : "TYPE_SEARCHED_ADDRESS",
        "locationConfidence" : 0.3103792
      }, {
        "latitudeE7" : -258560800,
        "longitudeE7" : 281633500,
        "placeId" : "ChIJqbfuDFlklR4R62Y6o0Rpy9w",
        "name" : "Eldoraigne Bus Stop",
        "locationConfidence" : 0.19385263
      }, {
        "latitudeE7" : -258565130,
        "longitudeE7" : 281611230,
        "placeId" : "ChIJjc378FhklR4R-lrwm02iVNY",
        "semanticType" : "TYPE_SEARCHED_ADDRESS",
        "locationConfidence" : 0.17714405
      }, {
        "latitudeE7" : -258561810,
        "longitudeE7" : 281620170,
        "placeId" : "ChIJsU6mAllklR4RbXdXjLHI8jU",
        "name" : "Collin Tossel Versekerings Makelaars BK",
        "locationConfidence" : 0.051717047
      }, {
        "latitudeE7" : -258559299,
        "longitudeE7" : 281639000,
        "placeId" : "ChIJs1lxcVlklR4RKfo-EA5nEP4",
        "name" : "Rondomtalie Kleuterskool/Naskool",
        "locationConfidence" : 0.032833822
      }, {
        "latitudeE7" : -258556046,
        "longitudeE7" : 281644996,
        "placeId" : "ChIJR2qzZFlklR4R6ONADWNKzIE",
        "name" : "Carnegie Park.",
        "locationConfidence" : 0.02966228
      }, {
        "latitudeE7" : -258548177,
        "longitudeE7" : 281602300,
        "placeId" : "ChIJgxKl015klR4RH1GGsfwUqGI",
        "name" : "Guest@home4u",
        "locationConfidence" : 0.021687536
      }, {
        "latitudeE7" : -258581700,
        "longitudeE7" : 281613620,
        "placeId" : "ChIJ1R_1vYxklR4R5cUVoAKuEEg",
        "name" : "Plovers Guest House",
        "locationConfidence" : 0.020984748
      } ],
      "editConfirmationStatus" : "NOT_CONFIRMED"
    }
  }, {
    "activitySegment" : {
      "startLocation" : {
        "latitudeE7" : -258559952,
        "longitudeE7" : 281626072
      },
      "endLocation" : {
        "latitudeE7" : -258559780,
        "longitudeE7" : 281626430
      },
      "duration" : {
        "startTimestampMs" : "1512708064990",
        "endTimestampMs" : "1512712580720"
      },
      "distance" : 44276,
      "activityType" : "IN_PASSENGER_VEHICLE",
      "confidence" : "HIGH",
      "activities" : [ {
        "activityType" : "IN_PASSENGER_VEHICLE",
        "probability" : 95.54221597230932
      }, {
        "activityType" : "WALKING",
        "probability" : 3.6383864493609828
      }, {
        "activityType" : "MOTORCYCLING",
        "probability" : 0.45926188848053234
      } ],
      "waypointPath" : {
        "waypoints" : [ {
          "latE7" : -258559761,
          "lngE7" : 281622982
        }, {
          "latE7" : -257547130,
          "lngE7" : 282766475
        }, {
          "latE7" : -258719749,
          "lngE7" : 281353740
        }, {
          "latE7" : -258559551,
          "lngE7" : 281623001
        } ]
      },
      "simplifiedRawPath" : {
        "points" : [ {
          "latE7" : -258717839,
          "lngE7" : 281364510,
          "timestampMs" : "1512711293002",
          "accuracyMeters" : 22
        } ]
      },
      "editConfirmationStatus" : "NOT_CONFIRMED"
    }
  }, {
    "placeVisit" : {
      "location" : {
        "latitudeE7" : -258559780,
        "longitudeE7" : 281626430,
        "placeId" : "ChIJgf7JGllklR4RTqYK8tHPm_w",
        "address" : "13 Willem Rd\nEldoraigne\nCenturion\n0157\nSouth Africa",
        "name" : "13 Willem Rd",
        "semanticType" : "TYPE_SEARCHED_ADDRESS",
        "sourceInfo" : {
          "deviceTag" : 936760904
        },
        "locationConfidence" : 58.054417
      },
      "duration" : {
        "startTimestampMs" : "1512712580720",
        "endTimestampMs" : "1512731691827"
      },
      "placeConfidence" : "MEDIUM_CONFIDENCE",
      "centerLatE7" : -258561516,
      "centerLngE7" : 281625689,
      "visitConfidence" : 86,
      "otherCandidateLocations" : [ {
        "latitudeE7" : -258559952,
        "longitudeE7" : 281626072,
        "placeId" : "ChIJWVS1zllklR4R7ih8EDjLG2g",
        "semanticType" : "TYPE_HOME",
        "locationConfidence" : 40.937305
      }, {
        "latitudeE7" : -258570590,
        "longitudeE7" : 281625620,
        "placeId" : "ChIJGZkpr1lklR4RvXt8NOQ53JI",
        "semanticType" : "TYPE_SEARCHED_ADDRESS",
        "locationConfidence" : 0.47895363
      }, {
        "latitudeE7" : -258565130,
        "longitudeE7" : 281611230,
        "placeId" : "ChIJjc378FhklR4R-lrwm02iVNY",
        "semanticType" : "TYPE_SEARCHED_ADDRESS",
        "locationConfidence" : 0.20916155
      }, {
        "latitudeE7" : -258560800,
        "longitudeE7" : 281633500,
        "placeId" : "ChIJqbfuDFlklR4R62Y6o0Rpy9w",
        "name" : "Eldoraigne Bus Stop",
        "locationConfidence" : 0.19568865
      }, {
        "latitudeE7" : -258556046,
        "longitudeE7" : 281644996,
        "placeId" : "ChIJR2qzZFlklR4R6ONADWNKzIE",
        "name" : "Carnegie Park.",
        "locationConfidence" : 0.027378539
      }, {
        "latitudeE7" : -258559299,
        "longitudeE7" : 281639000,
        "placeId" : "ChIJs1lxcVlklR4RKfo-EA5nEP4",
        "name" : "Rondomtalie Kleuterskool/Naskool",
        "locationConfidence" : 0.02168052
      }, {
        "latitudeE7" : -258561810,
        "longitudeE7" : 281620170,
        "placeId" : "ChIJsU6mAllklR4RbXdXjLHI8jU",
        "name" : "Collin Tossel Versekerings Makelaars BK",
        "locationConfidence" : 0.018424932
      }, {
        "latitudeE7" : -258548177,
        "longitudeE7" : 281602300,
        "placeId" : "ChIJgxKl015klR4RH1GGsfwUqGI",
        "name" : "Guest@home4u",
        "locationConfidence" : 0.011475674
      }, {
        "latitudeE7" : -258581700,
        "longitudeE7" : 281613620,
        "placeId" : "ChIJ1R_1vYxklR4R5cUVoAKuEEg",
        "name" : "Plovers Guest House",
        "locationConfidence" : 0.011178878
      } ],
      "editConfirmationStatus" : "NOT_CONFIRMED"
    }
  }, {
    "placeVisit" : {
      "location" : {
        "latitudeE7" : -258559952,
        "longitudeE7" : 281626072,
        "placeId" : "ChIJWVS1zllklR4R7ih8EDjLG2g",
        "address" : "31 Willem Rd\nEldoraigne\nCenturion\n0157\nSouth Africa",
        "name" : "31 Willem Rd",
        "semanticType" : "TYPE_HOME",
        "sourceInfo" : {
          "deviceTag" : 936760904
        },
        "locationConfidence" : 50.87143
      },
      "duration" : {
        "startTimestampMs" : "1513015208731",
        "endTimestampMs" : "1513051973279"
      },
      "placeConfidence" : "MEDIUM_CONFIDENCE",
      "centerLatE7" : -258560764,
      "centerLngE7" : 281626054,
      "visitConfidence" : 79,
      "otherCandidateLocations" : [ {
        "latitudeE7" : -258559780,
        "longitudeE7" : 281626430,
        "placeId" : "ChIJgf7JGllklR4RTqYK8tHPm_w",
        "semanticType" : "TYPE_SEARCHED_ADDRESS",
        "locationConfidence" : 48.2814
      }, {
        "latitudeE7" : -258570590,
        "longitudeE7" : 281625620,
        "placeId" : "ChIJGZkpr1lklR4RvXt8NOQ53JI",
        "semanticType" : "TYPE_SEARCHED_ADDRESS",
        "locationConfidence" : 0.3797123
      }, {
        "latitudeE7" : -258560800,
        "longitudeE7" : 281633500,
        "placeId" : "ChIJqbfuDFlklR4R62Y6o0Rpy9w",
        "name" : "Eldoraigne Bus Stop",
        "locationConfidence" : 0.17941801
      }, {
        "latitudeE7" : -258565130,
        "longitudeE7" : 281611230,
        "placeId" : "ChIJjc378FhklR4R-lrwm02iVNY",
        "semanticType" : "TYPE_SEARCHED_ADDRESS",
        "locationConfidence" : 0.15438989
      }, {
        "latitudeE7" : -258556046,
        "longitudeE7" : 281644996,
        "placeId" : "ChIJR2qzZFlklR4R6ONADWNKzIE",
        "name" : "Carnegie Park.",
        "locationConfidence" : 0.037516534
      }, {
        "latitudeE7" : -258561810,
        "longitudeE7" : 281620170,
        "placeId" : "ChIJsU6mAllklR4RbXdXjLHI8jU",
        "name" : "Collin Tossel Versekerings Makelaars BK",
        "locationConfidence" : 0.022090355
      }, {
        "latitudeE7" : -258559299,
        "longitudeE7" : 281639000,
        "placeId" : "ChIJs1lxcVlklR4RKfo-EA5nEP4",
        "name" : "Rondomtalie Kleuterskool/Naskool",
        "locationConfidence" : 0.01828048
      }, {
        "latitudeE7" : -258581700,
        "longitudeE7" : 281613620,
        "placeId" : "ChIJ1R_1vYxklR4R5cUVoAKuEEg",
        "name" : "Plovers Guest House",
        "locationConfidence" : 0.015460753
      }, {
        "latitudeE7" : -258548177,
        "longitudeE7" : 281602300,
        "placeId" : "ChIJgxKl015klR4RH1GGsfwUqGI",
        "name" : "Guest@home4u",
        "locationConfidence" : 0.014390386
      } ],
      "editConfirmationStatus" : "NOT_CONFIRMED"
    }
  }, {
    "activitySegment" : {
      "startLocation" : {
        "latitudeE7" : -258560764,
        "longitudeE7" : 281626054
      },
      "endLocation" : {
        "latitudeE7" : -339123620,
        "longitudeE7" : 229604900
      },
      "duration" : {
        "startTimestampMs" : "1513051973279",
        "endTimestampMs" : "1514462562999"
      },
      "activityType" : "UNKNOWN_ACTIVITY_TYPE",
      "activities" : [ {
        "activityType" : "UNKNOWN_ACTIVITY_TYPE",
        "probability" : 0.0
      } ],
      "simplifiedRawPath" : {
        "points" : [ {
          "latE7" : -339156325,
          "lngE7" : 229553048,
          "timestampMs" : "1514462436999",
          "accuracyMeters" : 16
        }, {
          "latE7" : -339146021,
          "lngE7" : 229556510,
          "timestampMs" : "1514462547999",
          "accuracyMeters" : 12
        } ]
      }
    }
  }, {
    "placeVisit" : {
      "location" : {
        "latitudeE7" : -338341255,
        "longitudeE7" : 234537973,
        "placeId" : "ChIJEY-eFy1reR4R2TDmAzdeWZs",
        "address" : "South Africa",
        "name" : "Garden Route National Park",
        "sourceInfo" : {
          "deviceTag" : 936760904
        },
        "locationConfidence" : 64.41377
      },
      "duration" : {
        "startTimestampMs" : "1514462562999",
        "endTimestampMs" : "1514467140000"
      },
      "placeConfidence" : "MEDIUM_CONFIDENCE",
      "centerLatE7" : -339123620,
      "centerLngE7" : 229604900,
      "visitConfidence" : 88,
      "otherCandidateLocations" : [ {
        "latitudeE7" : -339040258,
        "longitudeE7" : 229416260,
        "placeId" : "ChIJTZMgUJyveB4RveFKaDrrGgY",
        "locationConfidence" : 24.175777
      }, {
        "latitudeE7" : -339076262,
        "longitudeE7" : 229544696,
        "placeId" : "ChIJiyuWY1O4eB4RSYwtlm9I1Js",
        "locationConfidence" : 11.410453
      } ],
      "editConfirmationStatus" : "NOT_CONFIRMED",
      "simplifiedRawPath" : {
        "points" : [ {
          "latE7" : -339141311,
          "lngE7" : 229557851,
          "timestampMs" : "1514462608999",
          "accuracyMeters" : 24
        }, {
          "latE7" : -339117684,
          "lngE7" : 229563691,
          "timestampMs" : "1514463088999",
          "accuracyMeters" : 12
        }, {
          "latE7" : -339113150,
          "lngE7" : 229565186,
          "timestampMs" : "1514463351999",
          "accuracyMeters" : 8
        }, {
          "latE7" : -339098468,
          "lngE7" : 229603714,
          "timestampMs" : "1514464044000",
          "accuracyMeters" : 24
        }, {
          "latE7" : -339096441,
          "lngE7" : 229608688,
          "timestampMs" : "1514464137000",
          "accuracyMeters" : 16
        }, {
          "latE7" : -339107870,
          "lngE7" : 229646462,
          "timestampMs" : "1514465116999",
          "accuracyMeters" : 16
        }, {
          "latE7" : -339118774,
          "lngE7" : 229647750,
          "timestampMs" : "1514465303999",
          "accuracyMeters" : 16
        }, {
          "latE7" : -339128797,
          "lngE7" : 229655060,
          "timestampMs" : "1514465488999",
          "accuracyMeters" : 24
        }, {
          "latE7" : -339147261,
          "lngE7" : 229616245,
          "timestampMs" : "1514466268999",
          "accuracyMeters" : 16
        }, {
          "latE7" : -339149976,
          "lngE7" : 229610226,
          "timestampMs" : "1514466543000",
          "accuracyMeters" : 32
        }, {
          "latE7" : -339149976,
          "lngE7" : 229610226,
          "timestampMs" : "1514466560000",
          "accuracyMeters" : 32
        }, {
          "latE7" : -339146508,
          "lngE7" : 229600933,
          "timestampMs" : "1514467110000",
          "accuracyMeters" : 24
        }, {
          "latE7" : -339146508,
          "lngE7" : 229600933,
          "timestampMs" : "1514467125000",
          "accuracyMeters" : 16
        } ]
      }
    }
  } ]
}