{
  "timelineObjects" : [ {
    "placeVisit" : {
      "location" : {
        "latitudeE7" : -258559780,
        "longitudeE7" : 281626430,
        "placeId" : "ChIJgf7JGllklR4RTqYK8tHPm_w",
        "address" : "13 Willem Rd\nEldoraigne\nCenturion\n0157\nSouth Africa",
        "name" : "13 Willem Rd",
        "semanticType" : "TYPE_HOME",
        "sourceInfo" : {
          "deviceTag" : -63513299
        },
        "locationConfidence" : 98.232346
      },
      "duration" : {
        "startTimestampMs" : "1581308567202",
        "endTimestampMs" : "1581346434148"
      },
      "placeConfidence" : "HIGH_CONFIDENCE",
      "centerLatE7" : -258560200,
      "centerLngE7" : 281626000,
      "visitConfidence" : 87,
      "otherCandidateLocations" : [ {
        "latitudeE7" : -258584100,
        "longitudeE7" : 281624600,
        "placeId" : "ChIJWVS1zllklR4R7ih8EDjLG2g",
        "semanticType" : "TYPE_SEARCHED_ADDRESS",
        "locationConfidence" : 1.1167595
      }, {
        "latitudeE7" : -258565130,
        "longitudeE7" : 281611230,
        "placeId" : "ChIJjc378FhklR4R-lrwm02iVNY",
        "semanticType" : "TYPE_SEARCHED_ADDRESS",
        "locationConfidence" : 0.21163726
      }, {
        "latitudeE7" : -258570590,
        "longitudeE7" : 281625620,
        "placeId" : "ChIJGZkpr1lklR4RvXt8NOQ53JI",
        "semanticType" : "TYPE_SEARCHED_ADDRESS",
        "locationConfidence" : 0.11534463
      }, {
        "latitudeE7" : -258563284,
        "longitudeE7" : 281638659,
        "placeId" : "ChIJUyXs_eRllR4R9OdOSKpRzI8",
        "locationConfidence" : 0.10142567
      } ],
      "editConfirmationStatus" : "NOT_CONFIRMED"
    }
  }, {
    "placeVisit" : {
      "location" : {
        "latitudeE7" : -258559780,
        "longitudeE7" : 281626430,
        "placeId" : "ChIJgf7JGllklR4RTqYK8tHPm_w",
        "address" : "13 Willem Rd\nEldoraigne\nCenturion\n0157\nSouth Africa",
        "name" : "13 Willem Rd",
        "semanticType" : "TYPE_HOME",
        "sourceInfo" : {
          "deviceTag" : -63513299
        },
        "locationConfidence" : 97.486275
      },
      "duration" : {
        "startTimestampMs" : "1581480441974",
        "endTimestampMs" : "1581482467322"
      },
      "placeConfidence" : "HIGH_CONFIDENCE",
      "centerLatE7" : -258560433,
      "centerLngE7" : 281625767,
      "visitConfidence" : 79,
      "otherCandidateLocations" : [ {
        "latitudeE7" : -258584100,
        "longitudeE7" : 281624600,
        "placeId" : "ChIJWVS1zllklR4R7ih8EDjLG2g",
        "semanticType" : "TYPE_SEARCHED_ADDRESS",
        "locationConfidence" : 1.5174788
      }, {
        "latitudeE7" : -258565130,
        "longitudeE7" : 281611230,
        "placeId" : "ChIJjc378FhklR4R-lrwm02iVNY",
        "semanticType" : "TYPE_SEARCHED_ADDRESS",
        "locationConfidence" : 0.28373614
      }, {
        "latitudeE7" : -258563284,
        "longitudeE7" : 281638659,
        "placeId" : "ChIJUyXs_eRllR4R9OdOSKpRzI8",
        "locationConfidence" : 0.22524533
      }, {
        "latitudeE7" : -258570590,
        "longitudeE7" : 281625620,
        "placeId" : "ChIJGZkpr1lklR4RvXt8NOQ53JI",
        "semanticType" : "TYPE_SEARCHED_ADDRESS",
        "locationConfidence" : 0.14715819
      } ],
      "editConfirmationStatus" : "NOT_CONFIRMED"
    }
  }, {
    "activitySegment" : {
      "startLocation" : {
        "latitudeE7" : -258560692,
        "longitudeE7" : 281625370
      },
      "endLocation" : {
        "latitudeE7" : -257565698,
        "longitudeE7" : 282797834
      },
      "duration" : {
        "startTimestampMs" : "1581482467322",
        "endTimestampMs" : "1581485390084"
      },
      "distance" : 16379,
      "activityType" : "IN_PASSENGER_VEHICLE",
      "confidence" : "HIGH",
      "activities" : [ {
        "activityType" : "IN_PASSENGER_VEHICLE",
        "probability" : 84.58074927330017
      }, {
        "activityType" : "WALKING",
        "probability" : 5.98052404820919
      }, {
        "activityType" : "STILL",
        "probability" : 5.536982044577599
      }, {
        "activityType" : "IN_BUS",
        "probability" : 2.5333890691399574
      }, {
        "activityType" : "MOTORCYCLING",
        "probability" : 0.5810425616800785
      }, {
        "activityType" : "CYCLING",
        "probability" : 0.35957954823970795
      }, {
        "activityType" : "RUNNING",
        "probability" : 0.22925215307623148
      }, {
        "activityType" : "FLYING",
        "probability" : 0.09568982641212642
      }, {
        "activityType" : "IN_FERRY",
        "probability" : 0.05030486499890685
      }, {
        "activityType" : "IN_TRAIN",
        "probability" : 0.02687775413505733
      }, {
        "activityType" : "SKIING",
        "probability" : 0.009720974048832431
      }, {
        "activityType" : "IN_TRAM",
        "probability" : 0.00715136993676424
      }, {
        "activityType" : "IN_SUBWAY",
        "probability" : 0.0067299624788574874
      }, {
        "activityType" : "SAILING",
        "probability" : 0.001634619002288673
      }, {
        "activityType" : "IN_VEHICLE",
        "probability" : 3.756302021429292E-4
      } ],
      "waypointPath" : {
        "waypoints" : [ {
          "latE7" : -258560543,
          "lngE7" : 281622924
        }, {
          "latE7" : -258037643,
          "lngE7" : 282605133
        }, {
          "latE7" : -257569675,
          "lngE7" : 282797775
        } ]
      }
    }
  }, {
    "placeVisit" : {
      "location" : {
        "latitudeE7" : -257566771,
        "longitudeE7" : 282803438,
        "placeId" : "ChIJ__-_omFglR4RSH6Xpj_69Dk",
        "address" : "Council for Scientific and Industrial Research, Building 44\nScientia 627-Jr\nPretoria\n0081\nSouth Africa",
        "name" : "CSIR Defence, Peace, Safety and Security",
        "sourceInfo" : {
          "deviceTag" : -63513299
        },
        "locationConfidence" : 51.993137
      },
      "duration" : {
        "startTimestampMs" : "1581485390084",
        "endTimestampMs" : "1581497876160"
      },
      "placeConfidence" : "MEDIUM_CONFIDENCE",
      "centerLatE7" : -257565859,
      "centerLngE7" : 282797409,
      "visitConfidence" : 95,
      "otherCandidateLocations" : [ {
        "latitudeE7" : -257565060,
        "longitudeE7" : 282798100,
        "placeId" : "ChIJleGC-2BglR4RgInWy3Dz3qI",
        "name" : "Council for Scientific and Industrial Research building 43",
        "locationConfidence" : 20.736008
      }, {
        "latitudeE7" : -257569436,
        "longitudeE7" : 282801289,
        "placeId" : "ChIJFQSqsWFglR4RPwZMxqBWJoM",
        "locationConfidence" : 15.120934
      }, {
        "latitudeE7" : -257529956,
        "longitudeE7" : 282767675,
        "placeId" : "ChIJAQsZRGdglR4REb2EhDpAEKw",
        "locationConfidence" : 7.3689556
      }, {
        "latitudeE7" : -257468287,
        "longitudeE7" : 282788928,
        "placeId" : "ChIJS_P3g2lglR4RMs3iZtUFGUE",
        "locationConfidence" : 3.8814406
      }, {
        "latitudeE7" : -257559032,
        "longitudeE7" : 282784452,
        "placeId" : "ChIJ__8TokJglR4Rk79ork5Izdo",
        "locationConfidence" : 0.49001053
      } ],
      "editConfirmationStatus" : "NOT_CONFIRMED"
    }
  }, {
    "activitySegment" : {
      "startLocation" : {
        "latitudeE7" : -258560770,
        "longitudeE7" : 281625842
      },
      "endLocation" : {
        "latitudeE7" : -258555446,
        "longitudeE7" : 281611966
      },
      "duration" : {
        "startTimestampMs" : "1581662090503",
        "endTimestampMs" : "1581662206179"
      },
      "distance" : 150,
      "activityType" : "IN_PASSENGER_VEHICLE",
      "confidence" : "HIGH",
      "activities" : [ {
        "activityType" : "IN_PASSENGER_VEHICLE",
        "probability" : 94.28900480270386
      }, {
        "activityType" : "WALKING",
        "probability" : 1.8849445506930351
      }, {
        "activityType" : "MOTORCYCLING",
        "probability" : 1.8841855227947235
      }, {
        "activityType" : "STILL",
        "probability" : 0.9420059621334076
      }, {
        "activityType" : "CYCLING",
        "probability" : 0.6329400930553675
      }, {
        "activityType" : "IN_BUS",
        "probability" : 0.15473137609660625
      }, {
        "activityType" : "RUNNING",
        "probability" : 0.09009460918605328
      }, {
        "activityType" : "FLYING",
        "probability" : 0.03545352374203503
      }, {
        "activityType" : "IN_FERRY",
        "probability" : 0.03514336422085762
      }, {
        "activityType" : "IN_TRAIN",
        "probability" : 0.028523069340735674
      }, {
        "activityType" : "SAILING",
        "probability" : 0.007906272367108613
      }, {
        "activityType" : "SKIING",
        "probability" : 0.007237077807076275
      }, {
        "activityType" : "IN_SUBWAY",
        "probability" : 0.004136983625357971
      }, {
        "activityType" : "IN_TRAM",
        "probability" : 0.0036188590456731617
      }, {
        "activityType" : "IN_VEHICLE",
        "probability" : 7.427086643474468E-5
      } ]
    }
  }, {
    "activitySegment" : {
      "startLocation" : {
        "latitudeE7" : -258560783,
        "longitudeE7" : 281625109
      },
      "endLocation" : {
        "latitudeE7" : -257568812,
        "longitudeE7" : 282801561
      },
      "duration" : {
        "startTimestampMs" : "1581932455907",
        "endTimestampMs" : "1581933808903"
      },
      "distance" : 17277,
      "activityType" : "IN_PASSENGER_VEHICLE",
      "confidence" : "HIGH",
      "activities" : [ {
        "activityType" : "IN_PASSENGER_VEHICLE",
        "probability" : 98.69165420532227
      }, {
        "activityType" : "WALKING",
        "probability" : 0.5773057695478201
      }, {
        "activityType" : "STILL",
        "probability" : 0.3019333817064762
      }, {
        "activityType" : "MOTORCYCLING",
        "probability" : 0.17805229872465134
      }, {
        "activityType" : "CYCLING",
        "probability" : 0.11592900846153498
      }, {
        "activityType" : "IN_FERRY",
        "probability" : 0.0342193670803681
      }, {
        "activityType" : "FLYING",
        "probability" : 0.03353503125254065
      }, {
        "activityType" : "RUNNING",
        "probability" : 0.03290099557489157
      }, {
        "activityType" : "IN_BUS",
        "probability" : 0.017633388051763177
      }, {
        "activityType" : "IN_TRAIN",
        "probability" : 0.00732260596123524
      }, {
        "activityType" : "SAILING",
        "probability" : 0.006848437624284998
      }, {
        "activityType" : "SKIING",
        "probability" : 0.0018459695638739504
      }, {
        "activityType" : "IN_TRAM",
        "probability" : 6.931206371518783E-4
      }, {
        "activityType" : "IN_SUBWAY",
        "probability" : 1.2996433724765666E-4
      }, {
        "activityType" : "IN_VEHICLE",
        "probability" : 2.3024659512316248E-6
      } ],
      "waypointPath" : {
        "waypoints" : [ {
          "latE7" : -258560657,
          "lngE7" : 281622905
        }, {
          "latE7" : -258037643,
          "lngE7" : 282605133
        }, {
          "latE7" : -257571067,
          "lngE7" : 282801532
        } ]
      }
    }
  }, {
    "activitySegment" : {
      "startLocation" : {
        "latitudeE7" : -257569784,
        "longitudeE7" : 282800930
      },
      "endLocation" : {
        "latitudeE7" : -258590922,
        "longitudeE7" : 281587063
      },
      "duration" : {
        "startTimestampMs" : "1581943064218",
        "endTimestampMs" : "1581944456420"
      },
      "distance" : 17316,
      "activityType" : "IN_PASSENGER_VEHICLE",
      "confidence" : "HIGH",
      "activities" : [ {
        "activityType" : "IN_PASSENGER_VEHICLE",
        "probability" : 97.49522805213928
      }, {
        "activityType" : "STILL",
        "probability" : 1.1553991585969925
      }, {
        "activityType" : "WALKING",
        "probability" : 1.0318070650100708
      }, {
        "activityType" : "IN_BUS",
        "probability" : 0.0847337068989873
      }, {
        "activityType" : "MOTORCYCLING",
        "probability" : 0.05345321260392666
      }, {
        "activityType" : "FLYING",
        "probability" : 0.05246566724963486
      }, {
        "activityType" : "CYCLING",
        "probability" : 0.04062835068907589
      }, {
        "activityType" : "IN_FERRY",
        "probability" : 0.03576876479201019
      }, {
        "activityType" : "RUNNING",
        "probability" : 0.027667306130751967
      }, {
        "activityType" : "IN_TRAIN",
        "probability" : 0.007725792238488793
      }, {
        "activityType" : "SAILING",
        "probability" : 0.0066536587837617844
      }, {
        "activityType" : "IN_TRAM",
        "probability" : 0.003966986696468666
      }, {
        "activityType" : "SKIING",
        "probability" : 0.00373237271560356
      }, {
        "activityType" : "IN_SUBWAY",
        "probability" : 7.645689947821666E-4
      }, {
        "activityType" : "IN_VEHICLE",
        "probability" : 9.126769384693034E-6
      } ]
    }
  }, {
    "placeVisit" : {
      "location" : {
        "latitudeE7" : -258559780,
        "longitudeE7" : 281626430,
        "placeId" : "ChIJgf7JGllklR4RTqYK8tHPm_w",
        "address" : "13 Willem Rd\nEldoraigne\nCenturion\n0157\nSouth Africa",
        "name" : "13 Willem Rd",
        "semanticType" : "TYPE_HOME",
        "sourceInfo" : {
          "deviceTag" : -63513299
        },
        "locationConfidence" : 97.54996
      },
      "duration" : {
        "startTimestampMs" : "1582171603956",
        "endTimestampMs" : "1582173525200"
      },
      "placeConfidence" : "HIGH_CONFIDENCE",
      "centerLatE7" : -258560957,
      "centerLngE7" : 281625286,
      "visitConfidence" : 86,
      "otherCandidateLocations" : [ {
        "latitudeE7" : -258584100,
        "longitudeE7" : 281624600,
        "placeId" : "ChIJWVS1zllklR4R7ih8EDjLG2g",
        "semanticType" : "TYPE_SEARCHED_ADDRESS",
        "locationConfidence" : 1.5614498
      }, {
        "latitudeE7" : -258565130,
        "longitudeE7" : 281611230,
        "placeId" : "ChIJjc378FhklR4R-lrwm02iVNY",
        "semanticType" : "TYPE_SEARCHED_ADDRESS",
        "locationConfidence" : 0.30554068
      }, {
        "latitudeE7" : -258570590,
        "longitudeE7" : 281625620,
        "placeId" : "ChIJGZkpr1lklR4RvXt8NOQ53JI",
        "semanticType" : "TYPE_SEARCHED_ADDRESS",
        "locationConfidence" : 0.17937288
      }, {
        "latitudeE7" : -258563284,
        "longitudeE7" : 281638659,
        "placeId" : "ChIJUyXs_eRllR4R9OdOSKpRzI8",
        "locationConfidence" : 0.095510334
      } ],
      "editConfirmationStatus" : "NOT_CONFIRMED"
    }
  }, {
    "activitySegment" : {
      "startLocation" : {
        "latitudeE7" : -258561127,
        "longitudeE7" : 281625274
      },
      "endLocation" : {
        "latitudeE7" : -257563224,
        "longitudeE7" : 282783678
      },
      "duration" : {
        "startTimestampMs" : "1582173525200",
        "endTimestampMs" : "1582175614629"
      },
      "distance" : 16314,
      "activityType" : "IN_PASSENGER_VEHICLE",
      "confidence" : "HIGH",
      "activities" : [ {
        "activityType" : "IN_PASSENGER_VEHICLE",
        "probability" : 90.56426882743835
      }, {
        "activityType" : "STILL",
        "probability" : 3.7146203219890594
      }, {
        "activityType" : "WALKING",
        "probability" : 3.600945323705673
      }, {
        "activityType" : "MOTORCYCLING",
        "probability" : 0.7113763131201267
      }, {
        "activityType" : "IN_BUS",
        "probability" : 0.6679496262222528
      }, {
        "activityType" : "CYCLING",
        "probability" : 0.3946495708078146
      }, {
        "activityType" : "RUNNING",
        "probability" : 0.11356862960383296
      }, {
        "activityType" : "FLYING",
        "probability" : 0.08504812722094357
      }, {
        "activityType" : "IN_FERRY",
        "probability" : 0.07938460330478847
      }, {
        "activityType" : "IN_TRAIN",
        "probability" : 0.05236637080088258
      }, {
        "activityType" : "SKIING",
        "probability" : 0.004402935155667365
      }, {
        "activityType" : "IN_TRAM",
        "probability" : 0.00429207066190429
      }, {
        "activityType" : "SAILING",
        "probability" : 0.0037220212107058614
      }, {
        "activityType" : "IN_SUBWAY",
        "probability" : 0.003238756107748486
      }, {
        "activityType" : "IN_VEHICLE",
        "probability" : 1.6802794107206864E-4
      } ],
      "waypointPath" : {
        "waypoints" : [ {
          "latE7" : -258560981,
          "lngE7" : 281622886
        }, {
          "latE7" : -258037643,
          "lngE7" : 282605133
        }, {
          "latE7" : -257563095,
          "lngE7" : 282781753
        } ]
      }
    }
  }, {
    "placeVisit" : {
      "location" : {
        "latitudeE7" : -257566771,
        "longitudeE7" : 282803438,
        "placeId" : "ChIJ__-_omFglR4RSH6Xpj_69Dk",
        "address" : "Council for Scientific and Industrial Research, Building 44\nScientia 627-Jr\nPretoria\n0081\nSouth Africa",
        "name" : "CSIR Defence, Peace, Safety and Security",
        "sourceInfo" : {
          "deviceTag" : -63513299
        },
        "locationConfidence" : 50.861557
      },
      "duration" : {
        "startTimestampMs" : "1582175614629",
        "endTimestampMs" : "1582205525084"
      },
      "placeConfidence" : "MEDIUM_CONFIDENCE",
      "centerLatE7" : -257566186,
      "centerLngE7" : 282797390,
      "visitConfidence" : 94,
      "otherCandidateLocations" : [ {
        "latitudeE7" : -257565060,
        "longitudeE7" : 282798100,
        "placeId" : "ChIJleGC-2BglR4RgInWy3Dz3qI",
        "name" : "Council for Scientific and Industrial Research building 43",
        "locationConfidence" : 26.417372
      }, {
        "latitudeE7" : -257569436,
        "longitudeE7" : 282801289,
        "placeId" : "ChIJFQSqsWFglR4RPwZMxqBWJoM",
        "locationConfidence" : 10.740324
      }, {
        "latitudeE7" : -257529956,
        "longitudeE7" : 282767675,
        "placeId" : "ChIJAQsZRGdglR4REb2EhDpAEKw",
        "locationConfidence" : 7.596566
      }, {
        "latitudeE7" : -257468287,
        "longitudeE7" : 282788928,
        "placeId" : "ChIJS_P3g2lglR4RMs3iZtUFGUE",
        "locationConfidence" : 3.1972618
      }, {
        "latitudeE7" : -257559032,
        "longitudeE7" : 282784452,
        "placeId" : "ChIJ__8TokJglR4Rk79ork5Izdo",
        "locationConfidence" : 0.55446994
      } ],
      "editConfirmationStatus" : "NOT_CONFIRMED"
    }
  }, {
    "activitySegment" : {
      "startLocation" : {
        "latitudeE7" : -257560605,
        "longitudeE7" : 282790171
      },
      "endLocation" : {
        "latitudeE7" : -258560789,
        "longitudeE7" : 281624972
      },
      "duration" : {
        "startTimestampMs" : "1582205525084",
        "endTimestampMs" : "1582206936017"
      },
      "distance" : 18616,
      "activityType" : "IN_PASSENGER_VEHICLE",
      "confidence" : "HIGH",
      "activities" : [ {
        "activityType" : "IN_PASSENGER_VEHICLE",
        "probability" : 95.42946815490723
      }, {
        "activityType" : "MOTORCYCLING",
        "probability" : 1.938192918896675
      }, {
        "activityType" : "STILL",
        "probability" : 1.2572010047733784
      }, {
        "activityType" : "WALKING",
        "probability" : 0.7283892016857862
      }, {
        "activityType" : "CYCLING",
        "probability" : 0.3001194214448333
      }, {
        "activityType" : "IN_BUS",
        "probability" : 0.26584339793771505
      }, {
        "activityType" : "RUNNING",
        "probability" : 0.02560777065809816
      }, {
        "activityType" : "IN_FERRY",
        "probability" : 0.019389162480365485
      }, {
        "activityType" : "FLYING",
        "probability" : 0.015570850518997759
      }, {
        "activityType" : "IN_TRAIN",
        "probability" : 0.009330451575806364
      }, {
        "activityType" : "SKIING",
        "probability" : 0.005482975757331587
      }, {
        "activityType" : "IN_SUBWAY",
        "probability" : 0.002123751437466126
      }, {
        "activityType" : "SAILING",
        "probability" : 0.0019217450244468637
      }, {
        "activityType" : "IN_TRAM",
        "probability" : 0.0012995904398849234
      }, {
        "activityType" : "IN_VEHICLE",
        "probability" : 5.353548999664781E-5
      } ],
      "waypointPath" : {
        "waypoints" : [ {
          "latE7" : -257562217,
          "lngE7" : 282792072
        }, {
          "latE7" : -258335247,
          "lngE7" : 282395687
        }, {
          "latE7" : -258560657,
          "lngE7" : 281622905
        } ]
      }
    }
  }, {
    "activitySegment" : {
      "startLocation" : {
        "latitudeE7" : -258561127,
        "longitudeE7" : 281625274
      },
      "endLocation" : {
        "latitudeE7" : -257561139,
        "longitudeE7" : 282789361
      },
      "duration" : {
        "startTimestampMs" : "1582605008240",
        "endTimestampMs" : "1582606877111"
      },
      "distance" : 17412,
      "activityType" : "IN_PASSENGER_VEHICLE",
      "confidence" : "HIGH",
      "activities" : [ {
        "activityType" : "IN_PASSENGER_VEHICLE",
        "probability" : 93.81086230278015
      }, {
        "activityType" : "STILL",
        "probability" : 3.961498662829399
      }, {
        "activityType" : "WALKING",
        "probability" : 1.2867714278399944
      }, {
        "activityType" : "MOTORCYCLING",
        "probability" : 0.457234401255846
      }, {
        "activityType" : "CYCLING",
        "probability" : 0.2557906089350581
      }, {
        "activityType" : "IN_BUS",
        "probability" : 0.0713174813427031
      }, {
        "activityType" : "RUNNING",
        "probability" : 0.057298282627016306
      }, {
        "activityType" : "FLYING",
        "probability" : 0.049412582302466035
      }, {
        "activityType" : "IN_FERRY",
        "probability" : 0.022436588187702
      }, {
        "activityType" : "IN_TRAIN",
        "probability" : 0.02019245584961027
      }, {
        "activityType" : "SAILING",
        "probability" : 0.0038107198633952066
      }, {
        "activityType" : "SKIING",
        "probability" : 0.002164848046959378
      }, {
        "activityType" : "IN_TRAM",
        "probability" : 8.362590051547159E-4
      }, {
        "activityType" : "IN_SUBWAY",
        "probability" : 3.4572096865304047E-4
      }, {
        "activityType" : "IN_VEHICLE",
        "probability" : 2.1113656600846298E-5
      } ],
      "waypointPath" : {
        "waypoints" : [ {
          "latE7" : -258560981,
          "lngE7" : 281622886
        }, {
          "latE7" : -258037643,
          "lngE7" : 282605133
        }, {
          "latE7" : -257562866,
          "lngE7" : 282791404
        } ]
      }
    }
  }, {
    "placeVisit" : {
      "location" : {
        "latitudeE7" : -258559780,
        "longitudeE7" : 281626430,
        "placeId" : "ChIJgf7JGllklR4RTqYK8tHPm_w",
        "address" : "13 Willem Rd\nEldoraigne\nCenturion\n0157\nSouth Africa",
        "name" : "13 Willem Rd",
        "semanticType" : "TYPE_HOME",
        "sourceInfo" : {
          "deviceTag" : -63513299
        },
        "locationConfidence" : 98.560295
      },
      "duration" : {
        "startTimestampMs" : "1582862453088",
        "endTimestampMs" : "1582865389344"
      },
      "placeConfidence" : "HIGH_CONFIDENCE",
      "centerLatE7" : -258557120,
      "centerLngE7" : 281626733,
      "visitConfidence" : 77,
      "otherCandidateLocations" : [ {
        "latitudeE7" : -258565130,
        "longitudeE7" : 281611230,
        "placeId" : "ChIJjc378FhklR4R-lrwm02iVNY",
        "semanticType" : "TYPE_SEARCHED_ADDRESS",
        "locationConfidence" : 0.38967976
      }, {
        "latitudeE7" : -258563284,
        "longitudeE7" : 281638659,
        "placeId" : "ChIJUyXs_eRllR4R9OdOSKpRzI8",
        "locationConfidence" : 0.38005614
      }, {
        "latitudeE7" : -258570590,
        "longitudeE7" : 281625620,
        "placeId" : "ChIJGZkpr1lklR4RvXt8NOQ53JI",
        "semanticType" : "TYPE_SEARCHED_ADDRESS",
        "locationConfidence" : 0.2379676
      }, {
        "latitudeE7" : -258560800,
        "longitudeE7" : 281633500,
        "placeId" : "ChIJqbfuDFlklR4R62Y6o0Rpy9w",
        "locationConfidence" : 0.13700144
      } ],
      "editConfirmationStatus" : "NOT_CONFIRMED"
    }
  }, {
    "activitySegment" : {
      "startLocation" : {
        "latitudeE7" : -258556908,
        "longitudeE7" : 281626845
      },
      "endLocation" : {
        "latitudeE7" : -257560731,
        "longitudeE7" : 282788807
      },
      "duration" : {
        "startTimestampMs" : "1582865389344",
        "endTimestampMs" : "1582867127705"
      },
      "distance" : 18937,
      "activityType" : "IN_PASSENGER_VEHICLE",
      "confidence" : "HIGH",
      "activities" : [ {
        "activityType" : "IN_PASSENGER_VEHICLE",
        "probability" : 97.67919182777405
      }, {
        "activityType" : "WALKING",
        "probability" : 0.8265036158263683
      }, {
        "activityType" : "STILL",
        "probability" : 0.7275331299751997
      }, {
        "activityType" : "MOTORCYCLING",
        "probability" : 0.4589847754687071
      }, {
        "activityType" : "CYCLING",
        "probability" : 0.11940093245357275
      }, {
        "activityType" : "IN_BUS",
        "probability" : 0.07462795474566519
      }, {
        "activityType" : "RUNNING",
        "probability" : 0.03952244878746569
      }, {
        "activityType" : "FLYING",
        "probability" : 0.0309442839352414
      }, {
        "activityType" : "IN_TRAIN",
        "probability" : 0.01765188208082691
      }, {
        "activityType" : "IN_FERRY",
        "probability" : 0.016147179121617228
      }, {
        "activityType" : "SAILING",
        "probability" : 0.0036584966437658295
      }, {
        "activityType" : "SKIING",
        "probability" : 0.0026378160328022204
      }, {
        "activityType" : "IN_SUBWAY",
        "probability" : 0.0016326197510352358
      }, {
        "activityType" : "IN_TRAM",
        "probability" : 0.0015394211004604585
      }, {
        "activityType" : "IN_VEHICLE",
        "probability" : 2.146599342722766E-5
      } ],
      "waypointPath" : {
        "waypoints" : [ {
          "latE7" : -258557128,
          "lngE7" : 281623191
        }, {
          "latE7" : -258037643,
          "lngE7" : 282605133
        }, {
          "latE7" : -257563762,
          "lngE7" : 282789134
        } ]
      }
    }
  } ]
}