{
  "timelineObjects" : [ {
    "placeVisit" : {
      "location" : {
        "latitudeE7" : -258559780,
        "longitudeE7" : 281626430,
        "placeId" : "ChIJgf7JGllklR4RTqYK8tHPm_w",
        "address" : "13 Willem Rd\nEldoraigne\nCenturion\n0157\nSouth Africa",
        "name" : "13 Willem Rd",
        "semanticType" : "TYPE_HOME",
        "sourceInfo" : {
          "deviceTag" : -63513299
        },
        "locationConfidence" : 97.04364
      },
      "duration" : {
        "startTimestampMs" : "1577942000423",
        "endTimestampMs" : "1577945118216"
      },
      "placeConfidence" : "HIGH_CONFIDENCE",
      "centerLatE7" : -258557933,
      "centerLngE7" : 281626700,
      "visitConfidence" : 82,
      "otherCandidateLocations" : [ {
        "latitudeE7" : -258584100,
        "longitudeE7" : 281624600,
        "placeId" : "ChIJWVS1zllklR4R7ih8EDjLG2g",
        "semanticType" : "TYPE_SEARCHED_ADDRESS",
        "locationConfidence" : 1.5243549
      }, {
        "latitudeE7" : -258563284,
        "longitudeE7" : 281638659,
        "placeId" : "ChIJUyXs_eRllR4R9OdOSKpRzI8",
        "locationConfidence" : 0.37142098
      }, {
        "latitudeE7" : -258565130,
        "longitudeE7" : 281611230,
        "placeId" : "ChIJjc378FhklR4R-lrwm02iVNY",
        "semanticType" : "TYPE_SEARCHED_ADDRESS",
        "locationConfidence" : 0.36693996
      }, {
        "latitudeE7" : -258570590,
        "longitudeE7" : 281625620,
        "placeId" : "ChIJGZkpr1lklR4RvXt8NOQ53JI",
        "semanticType" : "TYPE_SEARCHED_ADDRESS",
        "locationConfidence" : 0.19671999
      } ],
      "editConfirmationStatus" : "NOT_CONFIRMED"
    }
  }, {
    "activitySegment" : {
      "startLocation" : {
        "latitudeE7" : -258561315,
        "longitudeE7" : 281625574
      },
      "endLocation" : {
        "latitudeE7" : -258570955,
        "longitudeE7" : 281880653
      },
      "duration" : {
        "startTimestampMs" : "1577945118216",
        "endTimestampMs" : "1577946731409"
      },
      "distance" : 3089,
      "activityType" : "IN_PASSENGER_VEHICLE",
      "confidence" : "HIGH",
      "activities" : [ {
        "activityType" : "IN_PASSENGER_VEHICLE",
        "probability" : 85.83117127418518
      }, {
        "activityType" : "WALKING",
        "probability" : 6.496968865394592
      }, {
        "activityType" : "STILL",
        "probability" : 5.527199804782867
      }, {
        "activityType" : "MOTORCYCLING",
        "probability" : 0.8883444592356682
      }, {
        "activityType" : "CYCLING",
        "probability" : 0.5735840182751417
      }, {
        "activityType" : "IN_BUS",
        "probability" : 0.43726470321416855
      }, {
        "activityType" : "RUNNING",
        "probability" : 0.07965248078107834
      }, {
        "activityType" : "IN_FERRY",
        "probability" : 0.04921735962852836
      }, {
        "activityType" : "IN_TRAIN",
        "probability" : 0.0316625606501475
      }, {
        "activityType" : "FLYING",
        "probability" : 0.029472136520780623
      }, {
        "activityType" : "IN_TRAM",
        "probability" : 0.021531646780204028
      }, {
        "activityType" : "IN_SUBWAY",
        "probability" : 0.016814214177429676
      }, {
        "activityType" : "SKIING",
        "probability" : 0.010448478860780597
      }, {
        "activityType" : "SAILING",
        "probability" : 0.006470757944043726
      }, {
        "activityType" : "IN_VEHICLE",
        "probability" : 2.0510728973022196E-4
      } ],
      "waypointPath" : {
        "waypoints" : [ {
          "latE7" : -258561134,
          "lngE7" : 281622867
        }, {
          "latE7" : -258596725,
          "lngE7" : 281772041
        }, {
          "latE7" : -258569869,
          "lngE7" : 281881408
        } ]
      }
    }
  }, {
    "placeVisit" : {
      "location" : {
        "latitudeE7" : -258571948,
        "longitudeE7" : 281867371,
        "placeId" : "ChIJNe7bIjdklR4RncvkJn9QTB0",
        "address" : "Centurion Central\nCenturion\n0046\nSouth Africa",
        "name" : "Centurion Mall",
        "sourceInfo" : {
          "deviceTag" : -63513299
        },
        "locationConfidence" : 75.4109
      },
      "duration" : {
        "startTimestampMs" : "1577946731409",
        "endTimestampMs" : "1577948764005"
      },
      "placeConfidence" : "MEDIUM_CONFIDENCE",
      "childVisits" : [ {
        "location" : {
          "latitudeE7" : -258571960,
          "longitudeE7" : 281867376,
          "placeId" : "ChIJiQP-IDdklR4ROFIOVGP_Qck",
          "address" : "1269 Gordon Hood Rd\nCenturion Central\nPretoria\n0046\nSouth Africa",
          "name" : "Centurion Mall",
          "sourceInfo" : {
            "deviceTag" : -63513299
          },
          "locationConfidence" : 71.8381
        },
        "duration" : {
          "startTimestampMs" : "1577946731409",
          "endTimestampMs" : "1577948764005"
        },
        "placeConfidence" : "MEDIUM_CONFIDENCE",
        "centerLatE7" : -258571558,
        "centerLngE7" : 281876778,
        "visitConfidence" : 91,
        "otherCandidateLocations" : [ {
          "latitudeE7" : -258561917,
          "longitudeE7" : 281878016,
          "placeId" : "ChIJvWdS5jZklR4Rc2_T8hEGyR4",
          "locationConfidence" : 6.5553737
        }, {
          "latitudeE7" : -258562762,
          "longitudeE7" : 281840203,
          "placeId" : "ChIJI3IFwDdklR4REDwPbdSaais",
          "locationConfidence" : 4.595014
        }, {
          "latitudeE7" : -258550983,
          "longitudeE7" : 281854640,
          "placeId" : "ChIJ0XlieDdklR4ROV7yG_Pufvw",
          "locationConfidence" : 2.8633418
        }, {
          "latitudeE7" : -258551790,
          "longitudeE7" : 281852530,
          "placeId" : "ChIJF9rkgjdklR4RZ6oyy6TaNIA",
          "locationConfidence" : 0.07174295
        } ],
        "editConfirmationStatus" : "NOT_CONFIRMED"
      } ],
      "centerLatE7" : -258569173,
      "centerLngE7" : 281880764,
      "visitConfidence" : 91,
      "otherCandidateLocations" : [ {
        "latitudeE7" : -258571960,
        "longitudeE7" : 281867376,
        "placeId" : "ChIJiQP-IDdklR4ROFIOVGP_Qck",
        "locationConfidence" : 24.568783
      }, {
        "latitudeE7" : -258550983,
        "longitudeE7" : 281854640,
        "placeId" : "ChIJ0XlieDdklR4ROV7yG_Pufvw",
        "locationConfidence" : 0.0035429336
      }, {
        "latitudeE7" : -258566196,
        "longitudeE7" : 281906734,
        "placeId" : "ChIJ4WFYBDFklR4R6H7jnpUQIRY",
        "locationConfidence" : 0.0022526355
      }, {
        "latitudeE7" : -258545043,
        "longitudeE7" : 281885875,
        "placeId" : "ChIJz1G2vzBklR4RHWSKGn4DIxc",
        "locationConfidence" : 0.001834563
      } ],
      "editConfirmationStatus" : "NOT_CONFIRMED",
      "simplifiedRawPath" : {
        "points" : [ {
          "latE7" : -258570955,
          "lngE7" : 281880653,
          "timestampMs" : "1577946731409",
          "accuracyMeters" : 23
        }, {
          "latE7" : -258575269,
          "lngE7" : 281870606,
          "timestampMs" : "1577948458542",
          "accuracyMeters" : 28
        } ]
      }
    }
  }, {
    "activitySegment" : {
      "startLocation" : {
        "latitudeE7" : -258575029,
        "longitudeE7" : 281871387
      },
      "endLocation" : {
        "latitudeE7" : -257481265,
        "longitudeE7" : 282785912
      },
      "duration" : {
        "startTimestampMs" : "1577948764005",
        "endTimestampMs" : "1577950724150"
      },
      "distance" : 17540,
      "activityType" : "IN_PASSENGER_VEHICLE",
      "confidence" : "HIGH",
      "activities" : [ {
        "activityType" : "IN_PASSENGER_VEHICLE",
        "probability" : 78.99391055107117
      }, {
        "activityType" : "STILL",
        "probability" : 16.150902211666107
      }, {
        "activityType" : "WALKING",
        "probability" : 3.926454111933708
      }, {
        "activityType" : "IN_BUS",
        "probability" : 0.3391317557543516
      }, {
        "activityType" : "CYCLING",
        "probability" : 0.1453000004403293
      }, {
        "activityType" : "MOTORCYCLING",
        "probability" : 0.12934007681906223
      }, {
        "activityType" : "RUNNING",
        "probability" : 0.12410233030095696
      }, {
        "activityType" : "FLYING",
        "probability" : 0.08221473544836044
      }, {
        "activityType" : "IN_FERRY",
        "probability" : 0.0682007463183254
      }, {
        "activityType" : "SKIING",
        "probability" : 0.014318923058453947
      }, {
        "activityType" : "IN_TRAIN",
        "probability" : 0.009900059376377612
      }, {
        "activityType" : "IN_TRAM",
        "probability" : 0.007210655167000368
      }, {
        "activityType" : "SAILING",
        "probability" : 0.006378551188390702
      }, {
        "activityType" : "IN_SUBWAY",
        "probability" : 0.002530190977267921
      }, {
        "activityType" : "IN_VEHICLE",
        "probability" : 1.0050930541183334E-4
      } ],
      "waypointPath" : {
        "waypoints" : [ {
          "latE7" : -258580036,
          "lngE7" : 281866683
        }, {
          "latE7" : -258037643,
          "lngE7" : 282605133
        }, {
          "latE7" : -257566967,
          "lngE7" : 282791194
        }, {
          "latE7" : -257509326,
          "lngE7" : 282789306
        }, {
          "latE7" : -257478828,
          "lngE7" : 282786159
        } ]
      },
      "simplifiedRawPath" : {
        "points" : [ {
          "latE7" : -257563688,
          "lngE7" : 282793037,
          "timestampMs" : "1577950225442",
          "accuracyMeters" : 83
        } ]
      }
    }
  }, {
    "placeVisit" : {
      "location" : {
        "latitudeE7" : -257468287,
        "longitudeE7" : 282788928,
        "placeId" : "ChIJS_P3g2lglR4RMs3iZtUFGUE",
        "address" : "Meiring Naude Rd\nBrummeria\nPretoria\n0184\nSouth Africa",
        "name" : "CSIR",
        "sourceInfo" : {
          "deviceTag" : -63513299
        },
        "locationConfidence" : 52.91712
      },
      "duration" : {
        "startTimestampMs" : "1577950724150",
        "endTimestampMs" : "1577951385413"
      },
      "placeConfidence" : "MEDIUM_CONFIDENCE",
      "centerLatE7" : -257481433,
      "centerLngE7" : 282794683,
      "visitConfidence" : 93,
      "otherCandidateLocations" : [ {
        "latitudeE7" : -257469300,
        "longitudeE7" : 282769300,
        "placeId" : "ChIJnxJJQ2dglR4RtPGFqlF9E4g",
        "semanticType" : "TYPE_WORK",
        "locationConfidence" : 33.87714
      }, {
        "latitudeE7" : -257529956,
        "longitudeE7" : 282767675,
        "placeId" : "ChIJAQsZRGdglR4REb2EhDpAEKw",
        "locationConfidence" : 6.9697304
      }, {
        "latitudeE7" : -257476958,
        "longitudeE7" : 282822665,
        "placeId" : "ChIJ7VGq-GVglR4R56JjMMmy0EM",
        "locationConfidence" : 4.351953
      }, {
        "latitudeE7" : -257467780,
        "longitudeE7" : 282770030,
        "placeId" : "ChIJhwhROmhglR4R6M98WWkb-oo",
        "locationConfidence" : 0.49589992
      } ],
      "editConfirmationStatus" : "NOT_CONFIRMED",
      "simplifiedRawPath" : {
        "points" : [ {
          "latE7" : -257481265,
          "lngE7" : 282785912,
          "timestampMs" : "1577950724150",
          "accuracyMeters" : 41
        }, {
          "latE7" : -257485760,
          "lngE7" : 282787650,
          "timestampMs" : "1577951051196",
          "accuracyMeters" : 24
        }, {
          "latE7" : -257480470,
          "lngE7" : 282798186,
          "timestampMs" : "1577951120078",
          "accuracyMeters" : 28
        } ]
      }
    }
  }, {
    "activitySegment" : {
      "startLocation" : {
        "latitudeE7" : -257481108,
        "longitudeE7" : 282798998
      },
      "endLocation" : {
        "latitudeE7" : -258654390,
        "longitudeE7" : 281664956
      },
      "duration" : {
        "startTimestampMs" : "1577951385413",
        "endTimestampMs" : "1577952563220"
      },
      "distance" : 17926,
      "activityType" : "IN_PASSENGER_VEHICLE",
      "confidence" : "HIGH",
      "activities" : [ {
        "activityType" : "IN_PASSENGER_VEHICLE",
        "probability" : 90.46059846878052
      }, {
        "activityType" : "STILL",
        "probability" : 5.196001008152962
      }, {
        "activityType" : "WALKING",
        "probability" : 2.2759877145290375
      }, {
        "activityType" : "IN_BUS",
        "probability" : 1.1605942621827126
      }, {
        "activityType" : "MOTORCYCLING",
        "probability" : 0.2657303586602211
      }, {
        "activityType" : "FLYING",
        "probability" : 0.18283533863723278
      }, {
        "activityType" : "CYCLING",
        "probability" : 0.1782344188541174
      }, {
        "activityType" : "IN_FERRY",
        "probability" : 0.12237271293997765
      }, {
        "activityType" : "RUNNING",
        "probability" : 0.11002124520018697
      }, {
        "activityType" : "IN_TRAIN",
        "probability" : 0.02981676661875099
      }, {
        "activityType" : "SKIING",
        "probability" : 0.006982872582739219
      }, {
        "activityType" : "SAILING",
        "probability" : 0.004562910180538893
      }, {
        "activityType" : "IN_TRAM",
        "probability" : 0.004375386561150663
      }, {
        "activityType" : "IN_SUBWAY",
        "probability" : 0.0017671518435236067
      }, {
        "activityType" : "IN_VEHICLE",
        "probability" : 1.2781599707523128E-4
      } ],
      "waypointPath" : {
        "waypoints" : [ {
          "latE7" : -257482662,
          "lngE7" : 282799434
        }, {
          "latE7" : -258045139,
          "lngE7" : 282604427
        }, {
          "latE7" : -258653697,
          "lngE7" : 281664867
        } ]
      }
    }
  }, {
    "placeVisit" : {
      "location" : {
        "latitudeE7" : -258559780,
        "longitudeE7" : 281626430,
        "placeId" : "ChIJgf7JGllklR4RTqYK8tHPm_w",
        "address" : "13 Willem Rd\nEldoraigne\nCenturion\n0157\nSouth Africa",
        "name" : "13 Willem Rd",
        "semanticType" : "TYPE_HOME",
        "sourceInfo" : {
          "deviceTag" : -63513299
        },
        "locationConfidence" : 98.21591
      },
      "duration" : {
        "startTimestampMs" : "1578543695999",
        "endTimestampMs" : "1578544964138"
      },
      "placeConfidence" : "HIGH_CONFIDENCE",
      "centerLatE7" : -258559660,
      "centerLngE7" : 281625830,
      "visitConfidence" : 78,
      "otherCandidateLocations" : [ {
        "latitudeE7" : -258584100,
        "longitudeE7" : 281624600,
        "placeId" : "ChIJWVS1zllklR4R7ih8EDjLG2g",
        "semanticType" : "TYPE_SEARCHED_ADDRESS",
        "locationConfidence" : 1.0326097
      }, {
        "latitudeE7" : -258565130,
        "longitudeE7" : 281611230,
        "placeId" : "ChIJjc378FhklR4R-lrwm02iVNY",
        "semanticType" : "TYPE_SEARCHED_ADDRESS",
        "locationConfidence" : 0.2001935
      }, {
        "latitudeE7" : -258563284,
        "longitudeE7" : 281638659,
        "placeId" : "ChIJUyXs_eRllR4R9OdOSKpRzI8",
        "locationConfidence" : 0.14123347
      }, {
        "latitudeE7" : -258560800,
        "longitudeE7" : 281633500,
        "placeId" : "ChIJqbfuDFlklR4R62Y6o0Rpy9w",
        "locationConfidence" : 0.10782512
      } ],
      "editConfirmationStatus" : "NOT_CONFIRMED"
    }
  }, {
    "activitySegment" : {
      "startLocation" : {
        "latitudeE7" : -258561315,
        "longitudeE7" : 281625574
      },
      "endLocation" : {
        "latitudeE7" : -257567708,
        "longitudeE7" : 282802042
      },
      "duration" : {
        "startTimestampMs" : "1578544964138",
        "endTimestampMs" : "1578546638144"
      },
      "distance" : 6327,
      "activityType" : "IN_PASSENGER_VEHICLE",
      "confidence" : "HIGH",
      "activities" : [ {
        "activityType" : "IN_PASSENGER_VEHICLE",
        "probability" : 95.86954712867737
      }, {
        "activityType" : "WALKING",
        "probability" : 1.6963288187980652
      }, {
        "activityType" : "STILL",
        "probability" : 1.558057963848114
      }, {
        "activityType" : "MOTORCYCLING",
        "probability" : 0.33221663907170296
      }, {
        "activityType" : "CYCLING",
        "probability" : 0.24147126823663712
      }, {
        "activityType" : "IN_BUS",
        "probability" : 0.08567878394387662
      }, {
        "activityType" : "RUNNING",
        "probability" : 0.07309300708584487
      }, {
        "activityType" : "FLYING",
        "probability" : 0.06527332589030266
      }, {
        "activityType" : "IN_TRAIN",
        "probability" : 0.038204321754164994
      }, {
        "activityType" : "IN_FERRY",
        "probability" : 0.02809873258229345
      }, {
        "activityType" : "SAILING",
        "probability" : 0.00652239759801887
      }, {
        "activityType" : "IN_TRAM",
        "probability" : 0.002345677603443619
      }, {
        "activityType" : "SKIING",
        "probability" : 0.0022309557607513852
      }, {
        "activityType" : "IN_SUBWAY",
        "probability" : 9.023393431561999E-4
      }, {
        "activityType" : "IN_VEHICLE",
        "probability" : 2.3365890911009046E-5
      } ],
      "waypointPath" : {
        "waypoints" : [ {
          "latE7" : -258561134,
          "lngE7" : 281622867
        }, {
          "latE7" : -258037643,
          "lngE7" : 282605133
        }, {
          "latE7" : -257571067,
          "lngE7" : 282802009
        } ]
      }
    }
  }, {
    "activitySegment" : {
      "startLocation" : {
        "latitudeE7" : -258559162,
        "longitudeE7" : 281624028
      },
      "endLocation" : {
        "latitudeE7" : -257565850,
        "longitudeE7" : 282797724
      },
      "duration" : {
        "startTimestampMs" : "1578631555816",
        "endTimestampMs" : "1578633127892"
      },
      "distance" : 18522,
      "activityType" : "IN_PASSENGER_VEHICLE",
      "confidence" : "HIGH",
      "activities" : [ {
        "activityType" : "IN_PASSENGER_VEHICLE",
        "probability" : 90.24274349212646
      }, {
        "activityType" : "STILL",
        "probability" : 5.1475465297698975
      }, {
        "activityType" : "MOTORCYCLING",
        "probability" : 1.833268441259861
      }, {
        "activityType" : "WALKING",
        "probability" : 1.6763634979724884
      }, {
        "activityType" : "IN_BUS",
        "probability" : 0.36370535381138325
      }, {
        "activityType" : "CYCLING",
        "probability" : 0.3257904201745987
      }, {
        "activityType" : "RUNNING",
        "probability" : 0.19225215073674917
      }, {
        "activityType" : "FLYING",
        "probability" : 0.08520577102899551
      }, {
        "activityType" : "IN_FERRY",
        "probability" : 0.050963147077709436
      }, {
        "activityType" : "IN_SUBWAY",
        "probability" : 0.02819422516040504
      }, {
        "activityType" : "IN_TRAIN",
        "probability" : 0.020986556774005294
      }, {
        "activityType" : "SKIING",
        "probability" : 0.01975393242901191
      }, {
        "activityType" : "SAILING",
        "probability" : 0.007209862087620422
      }, {
        "activityType" : "IN_TRAM",
        "probability" : 0.00579456718696747
      }, {
        "activityType" : "IN_VEHICLE",
        "probability" : 2.1693931557820179E-4
      } ],
      "waypointPath" : {
        "waypoints" : [ {
          "latE7" : -258559112,
          "lngE7" : 281623039
        }, {
          "latE7" : -258037643,
          "lngE7" : 282605133
        }, {
          "latE7" : -257569675,
          "lngE7" : 282797775
        } ]
      }
    }
  }, {
    "activitySegment" : {
      "startLocation" : {
        "latitudeE7" : -257560264,
        "longitudeE7" : 282791267
      },
      "endLocation" : {
        "latitudeE7" : -258625801,
        "longitudeE7" : 281660434
      },
      "duration" : {
        "startTimestampMs" : "1578653357791",
        "endTimestampMs" : "1578654573028"
      },
      "distance" : 16386,
      "activityType" : "IN_PASSENGER_VEHICLE",
      "confidence" : "HIGH",
      "activities" : [ {
        "activityType" : "IN_PASSENGER_VEHICLE",
        "probability" : 95.76266407966614
      }, {
        "activityType" : "WALKING",
        "probability" : 1.9745765253901482
      }, {
        "activityType" : "STILL",
        "probability" : 1.1534943245351315
      }, {
        "activityType" : "MOTORCYCLING",
        "probability" : 0.4572971723973751
      }, {
        "activityType" : "IN_BUS",
        "probability" : 0.34192013554275036
      }, {
        "activityType" : "CYCLING",
        "probability" : 0.10303694289177656
      }, {
        "activityType" : "FLYING",
        "probability" : 0.06633293814957142
      }, {
        "activityType" : "RUNNING",
        "probability" : 0.05093961954116821
      }, {
        "activityType" : "IN_FERRY",
        "probability" : 0.04339798761066049
      }, {
        "activityType" : "IN_TRAIN",
        "probability" : 0.018987784278579056
      }, {
        "activityType" : "IN_SUBWAY",
        "probability" : 0.007479983469238505
      }, {
        "activityType" : "SAILING",
        "probability" : 0.007207009184639901
      }, {
        "activityType" : "SKIING",
        "probability" : 0.006843670416856185
      }, {
        "activityType" : "IN_TRAM",
        "probability" : 0.0057568879128666595
      }, {
        "activityType" : "IN_VEHICLE",
        "probability" : 6.70628026000486E-5
      } ],
      "waypointPath" : {
        "waypoints" : [ {
          "latE7" : -257561550,
          "lngE7" : 282792778
        }, {
          "latE7" : -258335247,
          "lngE7" : 282395687
        }, {
          "latE7" : -258623962,
          "lngE7" : 281660652
        } ]
      }
    }
  }, {
    "placeVisit" : {
      "location" : {
        "latitudeE7" : -258559780,
        "longitudeE7" : 281626430,
        "placeId" : "ChIJgf7JGllklR4RTqYK8tHPm_w",
        "address" : "13 Willem Rd\nEldoraigne\nCenturion\n0157\nSouth Africa",
        "name" : "13 Willem Rd",
        "semanticType" : "TYPE_HOME",
        "sourceInfo" : {
          "deviceTag" : -63513299
        },
        "locationConfidence" : 98.34648
      },
      "duration" : {
        "startTimestampMs" : "1579016924623",
        "endTimestampMs" : "1579024380193"
      },
      "placeConfidence" : "HIGH_CONFIDENCE",
      "centerLatE7" : -258560859,
      "centerLngE7" : 281625689,
      "visitConfidence" : 90,
      "otherCandidateLocations" : [ {
        "latitudeE7" : -258584100,
        "longitudeE7" : 281624600,
        "placeId" : "ChIJWVS1zllklR4R7ih8EDjLG2g",
        "semanticType" : "TYPE_SEARCHED_ADDRESS",
        "locationConfidence" : 1.0968282
      }, {
        "latitudeE7" : -258565130,
        "longitudeE7" : 281611230,
        "placeId" : "ChIJjc378FhklR4R-lrwm02iVNY",
        "semanticType" : "TYPE_SEARCHED_ADDRESS",
        "locationConfidence" : 0.18984157
      }, {
        "latitudeE7" : -258570590,
        "longitudeE7" : 281625620,
        "placeId" : "ChIJGZkpr1lklR4RvXt8NOQ53JI",
        "semanticType" : "TYPE_SEARCHED_ADDRESS",
        "locationConfidence" : 0.11619317
      }, {
        "latitudeE7" : -258560800,
        "longitudeE7" : 281633500,
        "placeId" : "ChIJqbfuDFlklR4R62Y6o0Rpy9w",
        "locationConfidence" : 0.07143705
      } ],
      "editConfirmationStatus" : "NOT_CONFIRMED"
    }
  }, {
    "activitySegment" : {
      "startLocation" : {
        "latitudeE7" : -258611481,
        "longitudeE7" : 281727903
      },
      "endLocation" : {
        "latitudeE7" : -258560142,
        "longitudeE7" : 281625044
      },
      "duration" : {
        "startTimestampMs" : "1579148306313",
        "endTimestampMs" : "1579148460386"
      },
      "distance" : 1176,
      "activityType" : "IN_PASSENGER_VEHICLE",
      "confidence" : "MEDIUM",
      "activities" : [ {
        "activityType" : "IN_PASSENGER_VEHICLE",
        "probability" : 70.11801600456238
      }, {
        "activityType" : "STILL",
        "probability" : 16.657066345214844
      }, {
        "activityType" : "WALKING",
        "probability" : 5.788660421967506
      }, {
        "activityType" : "MOTORCYCLING",
        "probability" : 3.4433502703905106
      }, {
        "activityType" : "CYCLING",
        "probability" : 1.7074353992938995
      }, {
        "activityType" : "IN_BUS",
        "probability" : 0.7647188380360603
      }, {
        "activityType" : "IN_FERRY",
        "probability" : 0.6075941491872072
      }, {
        "activityType" : "IN_TRAIN",
        "probability" : 0.281078671105206
      }, {
        "activityType" : "FLYING",
        "probability" : 0.23800027556717396
      }, {
        "activityType" : "RUNNING",
        "probability" : 0.18428086768835783
      }, {
        "activityType" : "SAILING",
        "probability" : 0.12413563672453165
      }, {
        "activityType" : "IN_SUBWAY",
        "probability" : 0.040639747749082744
      }, {
        "activityType" : "IN_TRAM",
        "probability" : 0.022602100216317922
      }, {
        "activityType" : "SKIING",
        "probability" : 0.021978608856443316
      }, {
        "activityType" : "IN_VEHICLE",
        "probability" : 4.532530510914512E-4
      } ]
    }
  }, {
    "activitySegment" : {
      "startLocation" : {
        "latitudeE7" : -258560142,
        "longitudeE7" : 281625044
      },
      "endLocation" : {
        "latitudeE7" : -258627767,
        "longitudeE7" : 281696328
      },
      "duration" : {
        "startTimestampMs" : "1579148460386",
        "endTimestampMs" : "1579245881927"
      },
      "activityType" : "UNKNOWN_ACTIVITY_TYPE",
      "activities" : [ {
        "activityType" : "UNKNOWN_ACTIVITY_TYPE",
        "probability" : 0.0
      } ],
      "simplifiedRawPath" : {
        "points" : [ {
          "latE7" : -258632202,
          "lngE7" : 281686774,
          "timestampMs" : "1579245059000",
          "accuracyMeters" : 10
        }, {
          "latE7" : -258631007,
          "lngE7" : 281704527,
          "timestampMs" : "1579245370512",
          "accuracyMeters" : 26
        }, {
          "latE7" : -258627803,
          "lngE7" : 281696695,
          "timestampMs" : "1579245629275",
          "accuracyMeters" : 36
        } ]
      }
    }
  }, {
    "activitySegment" : {
      "startLocation" : {
        "latitudeE7" : -258627767,
        "longitudeE7" : 281696328
      },
      "endLocation" : {
        "latitudeE7" : -258560911,
        "longitudeE7" : 281625778
      },
      "duration" : {
        "startTimestampMs" : "1579245881927",
        "endTimestampMs" : "1579246785631"
      },
      "distance" : 1025,
      "activityType" : "IN_PASSENGER_VEHICLE",
      "confidence" : "HIGH",
      "activities" : [ {
        "activityType" : "IN_PASSENGER_VEHICLE",
        "probability" : 79.13190722465515
      }, {
        "activityType" : "WALKING",
        "probability" : 6.473782658576965
      }, {
        "activityType" : "STILL",
        "probability" : 6.190131604671478
      }, {
        "activityType" : "CYCLING",
        "probability" : 3.176259621977806
      }, {
        "activityType" : "MOTORCYCLING",
        "probability" : 2.5943132117390633
      }, {
        "activityType" : "IN_BUS",
        "probability" : 2.1448517218232155
      }, {
        "activityType" : "RUNNING",
        "probability" : 0.138578109908849
      }, {
        "activityType" : "IN_FERRY",
        "probability" : 0.05552282091230154
      }, {
        "activityType" : "IN_TRAM",
        "probability" : 0.022506761888507754
      }, {
        "activityType" : "SKIING",
        "probability" : 0.022129576245788485
      }, {
        "activityType" : "IN_TRAIN",
        "probability" : 0.021930142247583717
      }, {
        "activityType" : "FLYING",
        "probability" : 0.013435994333121926
      }, {
        "activityType" : "IN_SUBWAY",
        "probability" : 0.012069902004441246
      }, {
        "activityType" : "SAILING",
        "probability" : 0.002184562436013948
      }, {
        "activityType" : "IN_VEHICLE",
        "probability" : 4.0529798752686474E-4
      } ],
      "waypointPath" : {
        "waypoints" : [ {
          "latE7" : -258626556,
          "lngE7" : 281696033
        }, {
          "latE7" : -258623447,
          "lngE7" : 281624794
        }, {
          "latE7" : -258560714,
          "lngE7" : 281622905
        } ]
      }
    }
  }, {
    "activitySegment" : {
      "startLocation" : {
        "latitudeE7" : -258559586,
        "longitudeE7" : 281625859
      },
      "endLocation" : {
        "latitudeE7" : -258765882,
        "longitudeE7" : 281655654
      },
      "duration" : {
        "startTimestampMs" : "1579271450358",
        "endTimestampMs" : "1579272076621"
      },
      "distance" : 2313,
      "activityType" : "IN_PASSENGER_VEHICLE",
      "confidence" : "HIGH",
      "activities" : [ {
        "activityType" : "IN_PASSENGER_VEHICLE",
        "probability" : 96.64976596832275
      }, {
        "activityType" : "WALKING",
        "probability" : 1.7083954066038132
      }, {
        "activityType" : "MOTORCYCLING",
        "probability" : 0.7363148964941502
      }, {
        "activityType" : "CYCLING",
        "probability" : 0.46667796559631824
      }, {
        "activityType" : "STILL",
        "probability" : 0.21724337711930275
      }, {
        "activityType" : "IN_BUS",
        "probability" : 0.13106268597766757
      }, {
        "activityType" : "RUNNING",
        "probability" : 0.041945703560486436
      }, {
        "activityType" : "IN_FERRY",
        "probability" : 0.016645152936689556
      }, {
        "activityType" : "SKIING",
        "probability" : 0.01201937411678955
      }, {
        "activityType" : "IN_TRAM",
        "probability" : 0.006187632970977575
      }, {
        "activityType" : "FLYING",
        "probability" : 0.005679611058440059
      }, {
        "activityType" : "IN_TRAIN",
        "probability" : 0.0030417922971537337
      }, {
        "activityType" : "IN_SUBWAY",
        "probability" : 0.002700245750020258
      }, {
        "activityType" : "SAILING",
        "probability" : 0.00230871210078476
      }, {
        "activityType" : "IN_VEHICLE",
        "probability" : 1.5035004707897315E-5
      } ],
      "waypointPath" : {
        "waypoints" : [ {
          "latE7" : -258559398,
          "lngE7" : 281623020
        }, {
          "latE7" : -258622665,
          "lngE7" : 281624755
        }, {
          "latE7" : -258766078,
          "lngE7" : 281655921
        } ]
      }
    }
  }, {
    "activitySegment" : {
      "startLocation" : {
        "latitudeE7" : -258765882,
        "longitudeE7" : 281655654
      },
      "endLocation" : {
        "latitudeE7" : -258771656,
        "longitudeE7" : 281652259
      },
      "duration" : {
        "startTimestampMs" : "1579272076621",
        "endTimestampMs" : "1579279740560"
      },
      "activityType" : "UNKNOWN_ACTIVITY_TYPE",
      "activities" : [ {
        "activityType" : "UNKNOWN_ACTIVITY_TYPE",
        "probability" : 0.0
      } ],
      "simplifiedRawPath" : {
        "points" : [ {
          "latE7" : -258769144,
          "lngE7" : 281653672,
          "timestampMs" : "1579275361786",
          "accuracyMeters" : 29
        }, {
          "latE7" : -258782984,
          "lngE7" : 281646947,
          "timestampMs" : "1579275744463",
          "accuracyMeters" : 26
        } ]
      }
    }
  }, {
    "activitySegment" : {
      "startLocation" : {
        "latitudeE7" : -258771656,
        "longitudeE7" : 281652259
      },
      "endLocation" : {
        "latitudeE7" : -258560822,
        "longitudeE7" : 281625772
      },
      "duration" : {
        "startTimestampMs" : "1579279740560",
        "endTimestampMs" : "1579280378125"
      },
      "distance" : 2544,
      "activityType" : "IN_PASSENGER_VEHICLE",
      "confidence" : "HIGH",
      "activities" : [ {
        "activityType" : "IN_PASSENGER_VEHICLE",
        "probability" : 96.28251791000366
      }, {
        "activityType" : "WALKING",
        "probability" : 2.12408397346735
      }, {
        "activityType" : "STILL",
        "probability" : 0.8274156600236893
      }, {
        "activityType" : "MOTORCYCLING",
        "probability" : 0.47214790247380733
      }, {
        "activityType" : "CYCLING",
        "probability" : 0.1543200807645917
      }, {
        "activityType" : "RUNNING",
        "probability" : 0.048717105528339744
      }, {
        "activityType" : "IN_BUS",
        "probability" : 0.04267734766472131
      }, {
        "activityType" : "FLYING",
        "probability" : 0.01909139973577112
      }, {
        "activityType" : "IN_FERRY",
        "probability" : 0.018321702373214066
      }, {
        "activityType" : "SKIING",
        "probability" : 0.004302495653973892
      }, {
        "activityType" : "IN_TRAIN",
        "probability" : 0.0026592149879434146
      }, {
        "activityType" : "SAILING",
        "probability" : 0.002409182707197033
      }, {
        "activityType" : "IN_TRAM",
        "probability" : 7.889420885476284E-4
      }, {
        "activityType" : "IN_SUBWAY",
        "probability" : 5.392677849158645E-4
      }, {
        "activityType" : "IN_VEHICLE",
        "probability" : 6.382935424653624E-6
      } ],
      "waypointPath" : {
        "waypoints" : [ {
          "latE7" : -258771266,
          "lngE7" : 281651554
        }, {
          "latE7" : -258623447,
          "lngE7" : 281624794
        }, {
          "latE7" : -258560638,
          "lngE7" : 281622905
        } ]
      }
    }
  }, {
    "activitySegment" : {
      "startLocation" : {
        "latitudeE7" : -258672098,
        "longitudeE7" : 281632836
      },
      "endLocation" : {
        "latitudeE7" : -258561315,
        "longitudeE7" : 281625574
      },
      "duration" : {
        "startTimestampMs" : "1579416488843",
        "endTimestampMs" : "1579416754058"
      },
      "distance" : 1233,
      "activityType" : "IN_PASSENGER_VEHICLE",
      "confidence" : "MEDIUM",
      "activities" : [ {
        "activityType" : "IN_PASSENGER_VEHICLE",
        "probability" : 67.77493357658386
      }, {
        "activityType" : "WALKING",
        "probability" : 13.386207818984985
      }, {
        "activityType" : "STILL",
        "probability" : 7.408314943313599
      }, {
        "activityType" : "CYCLING",
        "probability" : 4.062329977750778
      }, {
        "activityType" : "MOTORCYCLING",
        "probability" : 3.879634663462639
      }, {
        "activityType" : "IN_BUS",
        "probability" : 1.4356034807860851
      }, {
        "activityType" : "IN_TRAIN",
        "probability" : 0.6615784019231796
      }, {
        "activityType" : "RUNNING",
        "probability" : 0.4511590115725994
      }, {
        "activityType" : "IN_FERRY",
        "probability" : 0.28619104996323586
      }, {
        "activityType" : "IN_SUBWAY",
        "probability" : 0.2538427710533142
      }, {
        "activityType" : "FLYING",
        "probability" : 0.18392633646726608
      }, {
        "activityType" : "IN_TRAM",
        "probability" : 0.10315993567928672
      }, {
        "activityType" : "SAILING",
        "probability" : 0.08735146257095039
      }, {
        "activityType" : "SKIING",
        "probability" : 0.02484917058609426
      }, {
        "activityType" : "IN_VEHICLE",
        "probability" : 9.149650395556819E-4
      } ]
    }
  }, {
    "placeVisit" : {
      "location" : {
        "latitudeE7" : -258559780,
        "longitudeE7" : 281626430,
        "placeId" : "ChIJgf7JGllklR4RTqYK8tHPm_w",
        "address" : "13 Willem Rd\nEldoraigne\nCenturion\n0157\nSouth Africa",
        "name" : "13 Willem Rd",
        "semanticType" : "TYPE_HOME",
        "sourceInfo" : {
          "deviceTag" : -63513299
        },
        "locationConfidence" : 98.40749
      },
      "duration" : {
        "startTimestampMs" : "1579416754058",
        "endTimestampMs" : "1579428007960"
      },
      "placeConfidence" : "HIGH_CONFIDENCE",
      "centerLatE7" : -258561148,
      "centerLngE7" : 281625570,
      "visitConfidence" : 85,
      "otherCandidateLocations" : [ {
        "latitudeE7" : -258584100,
        "longitudeE7" : 281624600,
        "placeId" : "ChIJWVS1zllklR4R7ih8EDjLG2g",
        "semanticType" : "TYPE_SEARCHED_ADDRESS",
        "locationConfidence" : 1.0479928
      }, {
        "latitudeE7" : -258565130,
        "longitudeE7" : 281611230,
        "placeId" : "ChIJjc378FhklR4R-lrwm02iVNY",
        "semanticType" : "TYPE_SEARCHED_ADDRESS",
        "locationConfidence" : 0.18891808
      }, {
        "latitudeE7" : -258570590,
        "longitudeE7" : 281625620,
        "placeId" : "ChIJGZkpr1lklR4RvXt8NOQ53JI",
        "semanticType" : "TYPE_SEARCHED_ADDRESS",
        "locationConfidence" : 0.13189507
      }, {
        "latitudeE7" : -258560800,
        "longitudeE7" : 281633500,
        "placeId" : "ChIJqbfuDFlklR4R62Y6o0Rpy9w",
        "locationConfidence" : 0.06834689
      } ],
      "editConfirmationStatus" : "NOT_CONFIRMED"
    }
  }, {
    "activitySegment" : {
      "startLocation" : {
        "latitudeE7" : -258560748,
        "longitudeE7" : 281625345
      },
      "endLocation" : {
        "latitudeE7" : -260247812,
        "longitudeE7" : 280177247
      },
      "duration" : {
        "startTimestampMs" : "1579428007960",
        "endTimestampMs" : "1579430304341"
      },
      "distance" : 23697,
      "activityType" : "IN_PASSENGER_VEHICLE",
      "confidence" : "HIGH",
      "activities" : [ {
        "activityType" : "IN_PASSENGER_VEHICLE",
        "probability" : 94.2351758480072
      }, {
        "activityType" : "STILL",
        "probability" : 2.7641847729682922
      }, {
        "activityType" : "WALKING",
        "probability" : 2.5147493928670883
      }, {
        "activityType" : "CYCLING",
        "probability" : 0.11134733213111758
      }, {
        "activityType" : "IN_BUS",
        "probability" : 0.09765846189111471
      }, {
        "activityType" : "MOTORCYCLING",
        "probability" : 0.09540938190184534
      }, {
        "activityType" : "RUNNING",
        "probability" : 0.07188506424427032
      }, {
        "activityType" : "IN_FERRY",
        "probability" : 0.04299676220398396
      }, {
        "activityType" : "SKIING",
        "probability" : 0.02402679529041052
      }, {
        "activityType" : "FLYING",
        "probability" : 0.023379352933261544
      }, {
        "activityType" : "IN_TRAM",
        "probability" : 0.00875547484611161
      }, {
        "activityType" : "SAILING",
        "probability" : 0.006708629371132702
      }, {
        "activityType" : "IN_TRAIN",
        "probability" : 0.0024644699806231074
      }, {
        "activityType" : "IN_SUBWAY",
        "probability" : 0.001236017396877287
      }, {
        "activityType" : "IN_VEHICLE",
        "probability" : 1.7845785293957306E-5
      } ],
      "waypointPath" : {
        "waypoints" : [ {
          "latE7" : -258560600,
          "lngE7" : 281622924
        }, {
          "latE7" : -260425128,
          "lngE7" : 281027870
        }, {
          "latE7" : -260249004,
          "lngE7" : 280176391
        } ]
      }
    }
  }, {
    "placeVisit" : {
      "location" : {
        "latitudeE7" : -260247917,
        "longitudeE7" : 280176945,
        "placeId" : "ChIJaSh6pax2lR4RwWfxr-PjxgY",
        "address" : "2, Longpoint Office Park, Montecasino Blvd &\nWitkoppen Rd\nFourways\nJohannesburg\n2128\nSouth Africa",
        "name" : "Mon Petit Throbb",
        "sourceInfo" : {
          "deviceTag" : -63513299
        },
        "locationConfidence" : 80.01839
      },
      "duration" : {
        "startTimestampMs" : "1579430304341",
        "endTimestampMs" : "1579436817203"
      },
      "placeConfidence" : "MEDIUM_CONFIDENCE",
      "centerLatE7" : -260247120,
      "centerLngE7" : 280178393,
      "visitConfidence" : 97,
      "otherCandidateLocations" : [ {
        "latitudeE7" : -260249229,
        "longitudeE7" : 280177743,
        "placeId" : "ChIJm32WvKx2lR4RqdCl5wy0-oc",
        "locationConfidence" : 17.105665
      }, {
        "latitudeE7" : -260246828,
        "longitudeE7" : 280176044,
        "placeId" : "ChIJhQbIpKx2lR4Ruvqssvf8MoU",
        "locationConfidence" : 1.4537499
      }, {
        "latitudeE7" : -260243713,
        "longitudeE7" : 280124184,
        "placeId" : "ChIJm3Oq2652lR4ReDcdayYRjK4",
        "locationConfidence" : 1.232935
      }, {
        "latitudeE7" : -260245870,
        "longitudeE7" : 280174975,
        "placeId" : "ChIJN0X0l6x2lR4RcpZ8CTKziC0",
        "locationConfidence" : 0.041134052
      } ],
      "editConfirmationStatus" : "NOT_CONFIRMED"
    }
  }, {
    "activitySegment" : {
      "startLocation" : {
        "latitudeE7" : -260246847,
        "longitudeE7" : 280175674
      },
      "endLocation" : {
        "latitudeE7" : -260245813,
        "longitudeE7" : 280127797
      },
      "duration" : {
        "startTimestampMs" : "1579436817203",
        "endTimestampMs" : "1579437460040"
      },
      "distance" : 499,
      "activityType" : "IN_PASSENGER_VEHICLE",
      "confidence" : "MEDIUM",
      "activities" : [ {
        "activityType" : "IN_PASSENGER_VEHICLE",
        "probability" : 67.8834319114685
      }, {
        "activityType" : "WALKING",
        "probability" : 25.6105899810791
      }, {
        "activityType" : "STILL",
        "probability" : 5.951407179236412
      }, {
        "activityType" : "CYCLING",
        "probability" : 0.13952750014141202
      }, {
        "activityType" : "RUNNING",
        "probability" : 0.11845807312056422
      }, {
        "activityType" : "MOTORCYCLING",
        "probability" : 0.09981112089008093
      }, {
        "activityType" : "IN_BUS",
        "probability" : 0.07887752144597471
      }, {
        "activityType" : "SKIING",
        "probability" : 0.05159558495506644
      }, {
        "activityType" : "IN_FERRY",
        "probability" : 0.03253671748097986
      }, {
        "activityType" : "FLYING",
        "probability" : 0.01586960715940222
      }, {
        "activityType" : "IN_TRAM",
        "probability" : 0.009195054008159786
      }, {
        "activityType" : "SAILING",
        "probability" : 0.006366472371155396
      }, {
        "activityType" : "IN_SUBWAY",
        "probability" : 0.0018060922229778953
      }, {
        "activityType" : "IN_TRAIN",
        "probability" : 4.962489128956804E-4
      }, {
        "activityType" : "IN_VEHICLE",
        "probability" : 3.009616591498343E-5
      } ],
      "waypointPath" : {
        "waypoints" : [ {
          "latE7" : -260248088,
          "lngE7" : 280174789
        }, {
          "latE7" : -260253868,
          "lngE7" : 280164203
        }, {
          "latE7" : -260252552,
          "lngE7" : 280132560
        } ]
      }
    }
  }, {
    "placeVisit" : {
      "location" : {
        "latitudeE7" : -260243713,
        "longitudeE7" : 280124184,
        "placeId" : "ChIJm3Oq2652lR4ReDcdayYRjK4",
        "address" : "Montecasino Blvd\nFourways\nSandton\n2055\nSouth Africa",
        "name" : "Montecasino",
        "sourceInfo" : {
          "deviceTag" : -63513299
        },
        "locationConfidence" : 96.737885
      },
      "duration" : {
        "startTimestampMs" : "1579437460040",
        "endTimestampMs" : "1579437733997"
      },
      "placeConfidence" : "HIGH_CONFIDENCE",
      "centerLatE7" : -260244750,
      "centerLngE7" : 280125900,
      "visitConfidence" : 95,
      "otherCandidateLocations" : [ {
        "latitudeE7" : -260240899,
        "longitudeE7" : 280115916,
        "placeId" : "ChIJIcbFi652lR4R1I8x7Jk73oI",
        "locationConfidence" : 3.231984
      }, {
        "latitudeE7" : -260259970,
        "longitudeE7" : 280127162,
        "placeId" : "ChIJO5qyLnB3lR4Rsxk7RXi54zE",
        "locationConfidence" : 0.020377493
      }, {
        "latitudeE7" : -260266070,
        "longitudeE7" : 280139050,
        "placeId" : "ChIJf9wmdMVylR4Rrpd8chLK5fA",
        "locationConfidence" : 0.007300753
      }, {
        "latitudeE7" : -260267119,
        "longitudeE7" : 280136910,
        "placeId" : "ChIJOxET7Kt2lR4R-iziVzueE8E",
        "locationConfidence" : 6.00726E-4
      } ],
      "editConfirmationStatus" : "NOT_CONFIRMED"
    }
  }, {
    "placeVisit" : {
      "location" : {
        "latitudeE7" : -258559780,
        "longitudeE7" : 281626430,
        "placeId" : "ChIJgf7JGllklR4RTqYK8tHPm_w",
        "address" : "13 Willem Rd\nEldoraigne\nCenturion\n0157\nSouth Africa",
        "name" : "13 Willem Rd",
        "semanticType" : "TYPE_HOME",
        "sourceInfo" : {
          "deviceTag" : -63513299
        },
        "locationConfidence" : 98.14974
      },
      "duration" : {
        "startTimestampMs" : "1579622349203",
        "endTimestampMs" : "1579666134625"
      },
      "placeConfidence" : "HIGH_CONFIDENCE",
      "centerLatE7" : -258559483,
      "centerLngE7" : 281626048,
      "visitConfidence" : 85,
      "otherCandidateLocations" : [ {
        "latitudeE7" : -258584100,
        "longitudeE7" : 281624600,
        "placeId" : "ChIJWVS1zllklR4R7ih8EDjLG2g",
        "semanticType" : "TYPE_SEARCHED_ADDRESS",
        "locationConfidence" : 1.2192305
      }, {
        "latitudeE7" : -258565130,
        "longitudeE7" : 281611230,
        "placeId" : "ChIJjc378FhklR4R-lrwm02iVNY",
        "semanticType" : "TYPE_SEARCHED_ADDRESS",
        "locationConfidence" : 0.21185136
      }, {
        "latitudeE7" : -258570590,
        "longitudeE7" : 281625620,
        "placeId" : "ChIJGZkpr1lklR4RvXt8NOQ53JI",
        "semanticType" : "TYPE_SEARCHED_ADDRESS",
        "locationConfidence" : 0.11890478
      }, {
        "latitudeE7" : -258560800,
        "longitudeE7" : 281633500,
        "placeId" : "ChIJqbfuDFlklR4R62Y6o0Rpy9w",
        "locationConfidence" : 0.092444174
      } ],
      "editConfirmationStatus" : "NOT_CONFIRMED"
    }
  }, {
    "activitySegment" : {
      "startLocation" : {
        "latitudeE7" : -258560180,
        "longitudeE7" : 281625810
      },
      "endLocation" : {
        "latitudeE7" : -257566124,
        "longitudeE7" : 282796731
      },
      "duration" : {
        "startTimestampMs" : "1579666134625",
        "endTimestampMs" : "1579667710999"
      },
      "distance" : 19549,
      "activityType" : "IN_PASSENGER_VEHICLE",
      "confidence" : "HIGH",
      "activities" : [ {
        "activityType" : "IN_PASSENGER_VEHICLE",
        "probability" : 96.62697315216064
      }, {
        "activityType" : "WALKING",
        "probability" : 1.7224082723259926
      }, {
        "activityType" : "MOTORCYCLING",
        "probability" : 0.5057849921286106
      }, {
        "activityType" : "STILL",
        "probability" : 0.4881934728473425
      }, {
        "activityType" : "CYCLING",
        "probability" : 0.30079702846705914
      }, {
        "activityType" : "IN_BUS",
        "probability" : 0.2546754898503423
      }, {
        "activityType" : "RUNNING",
        "probability" : 0.04083367239218205
      }, {
        "activityType" : "IN_FERRY",
        "probability" : 0.017774901061784476
      }, {
        "activityType" : "IN_TRAIN",
        "probability" : 0.013110492727719247
      }, {
        "activityType" : "FLYING",
        "probability" : 0.011459306551842019
      }, {
        "activityType" : "IN_TRAM",
        "probability" : 0.006990300607867539
      }, {
        "activityType" : "SKIING",
        "probability" : 0.005301857527229004
      }, {
        "activityType" : "IN_SUBWAY",
        "probability" : 0.0034722739655990154
      }, {
        "activityType" : "SAILING",
        "probability" : 0.002179574948968366
      }, {
        "activityType" : "IN_VEHICLE",
        "probability" : 4.8429888011014555E-5
      } ],
      "waypointPath" : {
        "waypoints" : [ {
          "latE7" : -258554210,
          "lngE7" : 281614074
        }, {
          "latE7" : -258037643,
          "lngE7" : 282605133
        }, {
          "latE7" : -257568550,
          "lngE7" : 282793769
        } ]
      }
    }
  }, {
    "placeVisit" : {
      "location" : {
        "latitudeE7" : -257569436,
        "longitudeE7" : 282801289,
        "placeId" : "ChIJFQSqsWFglR4RPwZMxqBWJoM",
        "address" : "Scientia 627-Jr\nPretoria\n0081\nSouth Africa",
        "name" : "CSIR Building 44",
        "sourceInfo" : {
          "deviceTag" : -63513299
        },
        "locationConfidence" : 45.76784
      },
      "duration" : {
        "startTimestampMs" : "1579667710999",
        "endTimestampMs" : "1579698441043"
      },
      "placeConfidence" : "MEDIUM_CONFIDENCE",
      "centerLatE7" : -257566062,
      "centerLngE7" : 282797765,
      "visitConfidence" : 96,
      "otherCandidateLocations" : [ {
        "latitudeE7" : -257566771,
        "longitudeE7" : 282803438,
        "placeId" : "ChIJ__-_omFglR4RSH6Xpj_69Dk",
        "locationConfidence" : 34.678135
      }, {
        "latitudeE7" : -257565060,
        "longitudeE7" : 282798100,
        "placeId" : "ChIJleGC-2BglR4RgInWy3Dz3qI",
        "name" : "Council for Scientific and Industrial Research building 43",
        "locationConfidence" : 13.358215
      }, {
        "latitudeE7" : -257529956,
        "longitudeE7" : 282767675,
        "placeId" : "ChIJAQsZRGdglR4REb2EhDpAEKw",
        "locationConfidence" : 3.1545057
      }, {
        "latitudeE7" : -257468287,
        "longitudeE7" : 282788928,
        "placeId" : "ChIJS_P3g2lglR4RMs3iZtUFGUE",
        "locationConfidence" : 2.5057065
      } ],
      "editConfirmationStatus" : "NOT_CONFIRMED"
    }
  }, {
    "activitySegment" : {
      "startLocation" : {
        "latitudeE7" : -257561052,
        "longitudeE7" : 282789005
      },
      "endLocation" : {
        "latitudeE7" : -258559829,
        "longitudeE7" : 281624074
      },
      "duration" : {
        "startTimestampMs" : "1579698441043",
        "endTimestampMs" : "1579700381002"
      },
      "distance" : 19180,
      "activityType" : "IN_PASSENGER_VEHICLE",
      "confidence" : "HIGH",
      "activities" : [ {
        "activityType" : "IN_PASSENGER_VEHICLE",
        "probability" : 95.67086100578308
      }, {
        "activityType" : "WALKING",
        "probability" : 2.012137696146965
      }, {
        "activityType" : "STILL",
        "probability" : 0.8361713029444218
      }, {
        "activityType" : "IN_BUS",
        "probability" : 0.7847788743674755
      }, {
        "activityType" : "MOTORCYCLING",
        "probability" : 0.33189430832862854
      }, {
        "activityType" : "CYCLING",
        "probability" : 0.1615581102669239
      }, {
        "activityType" : "IN_TRAIN",
        "probability" : 0.09969734819605947
      }, {
        "activityType" : "FLYING",
        "probability" : 0.03640424401964992
      }, {
        "activityType" : "RUNNING",
        "probability" : 0.036307499976828694
      }, {
        "activityType" : "IN_FERRY",
        "probability" : 0.01197624224005267
      }, {
        "activityType" : "IN_TRAM",
        "probability" : 0.008043989510042593
      }, {
        "activityType" : "IN_SUBWAY",
        "probability" : 0.007646063750144094
      }, {
        "activityType" : "SAILING",
        "probability" : 0.0013446328921418171
      }, {
        "activityType" : "SKIING",
        "probability" : 0.0010748450222308747
      }, {
        "activityType" : "IN_VEHICLE",
        "probability" : 1.0231490250589559E-4
      } ],
      "waypointPath" : {
        "waypoints" : [ {
          "latE7" : -257563743,
          "lngE7" : 282789287
        }, {
          "latE7" : -258045139,
          "lngE7" : 282604427
        }, {
          "latE7" : -258559761,
          "lngE7" : 281622982
        } ]
      }
    }
  }, {
    "placeVisit" : {
      "location" : {
        "latitudeE7" : -258559780,
        "longitudeE7" : 281626430,
        "placeId" : "ChIJgf7JGllklR4RTqYK8tHPm_w",
        "address" : "13 Willem Rd\nEldoraigne\nCenturion\n0157\nSouth Africa",
        "name" : "13 Willem Rd",
        "semanticType" : "TYPE_HOME",
        "sourceInfo" : {
          "deviceTag" : -63513299
        },
        "locationConfidence" : 98.26923
      },
      "duration" : {
        "startTimestampMs" : "1579700381002",
        "endTimestampMs" : "1579706770459"
      },
      "placeConfidence" : "HIGH_CONFIDENCE",
      "centerLatE7" : -258560400,
      "centerLngE7" : 281625583,
      "visitConfidence" : 90,
      "otherCandidateLocations" : [ {
        "latitudeE7" : -258584100,
        "longitudeE7" : 281624600,
        "placeId" : "ChIJWVS1zllklR4R7ih8EDjLG2g",
        "semanticType" : "TYPE_SEARCHED_ADDRESS",
        "locationConfidence" : 1.1737028
      }, {
        "latitudeE7" : -258565130,
        "longitudeE7" : 281611230,
        "placeId" : "ChIJjc378FhklR4R-lrwm02iVNY",
        "semanticType" : "TYPE_SEARCHED_ADDRESS",
        "locationConfidence" : 0.19034886
      }, {
        "latitudeE7" : -258570590,
        "longitudeE7" : 281625620,
        "placeId" : "ChIJGZkpr1lklR4RvXt8NOQ53JI",
        "semanticType" : "TYPE_SEARCHED_ADDRESS",
        "locationConfidence" : 0.11952152
      }, {
        "latitudeE7" : -258560800,
        "longitudeE7" : 281633500,
        "placeId" : "ChIJqbfuDFlklR4R62Y6o0Rpy9w",
        "locationConfidence" : 0.062307782
      } ],
      "editConfirmationStatus" : "NOT_CONFIRMED"
    }
  }, {
    "placeVisit" : {
      "location" : {
        "latitudeE7" : -258559780,
        "longitudeE7" : 281626430,
        "placeId" : "ChIJgf7JGllklR4RTqYK8tHPm_w",
        "address" : "13 Willem Rd\nEldoraigne\nCenturion\n0157\nSouth Africa",
        "name" : "13 Willem Rd",
        "semanticType" : "TYPE_HOME",
        "sourceInfo" : {
          "deviceTag" : -63513299
        },
        "locationConfidence" : 96.413055
      },
      "duration" : {
        "startTimestampMs" : "1579840786146",
        "endTimestampMs" : "1579875044912"
      },
      "placeConfidence" : "HIGH_CONFIDENCE",
      "centerLatE7" : -258557728,
      "centerLngE7" : 281626119,
      "visitConfidence" : 85,
      "otherCandidateLocations" : [ {
        "latitudeE7" : -258584100,
        "longitudeE7" : 281624600,
        "placeId" : "ChIJWVS1zllklR4R7ih8EDjLG2g",
        "semanticType" : "TYPE_SEARCHED_ADDRESS",
        "locationConfidence" : 1.9625314
      }, {
        "latitudeE7" : -258565130,
        "longitudeE7" : 281611230,
        "placeId" : "ChIJjc378FhklR4R-lrwm02iVNY",
        "semanticType" : "TYPE_SEARCHED_ADDRESS",
        "locationConfidence" : 0.51015097
      }, {
        "latitudeE7" : -258563284,
        "longitudeE7" : 281638659,
        "placeId" : "ChIJUyXs_eRllR4R9OdOSKpRzI8",
        "locationConfidence" : 0.4115051
      }, {
        "latitudeE7" : -258570590,
        "longitudeE7" : 281625620,
        "placeId" : "ChIJGZkpr1lklR4RvXt8NOQ53JI",
        "semanticType" : "TYPE_SEARCHED_ADDRESS",
        "locationConfidence" : 0.23672388
      } ],
      "editConfirmationStatus" : "NOT_CONFIRMED"
    }
  }, {
    "activitySegment" : {
      "startLocation" : {
        "latitudeE7" : -258560891,
        "longitudeE7" : 281625775
      },
      "endLocation" : {
        "latitudeE7" : -257719711,
        "longitudeE7" : 282346083
      },
      "duration" : {
        "startTimestampMs" : "1579875044912",
        "endTimestampMs" : "1579876798729"
      },
      "distance" : 11809,
      "activityType" : "IN_PASSENGER_VEHICLE",
      "confidence" : "HIGH",
      "activities" : [ {
        "activityType" : "IN_PASSENGER_VEHICLE",
        "probability" : 91.48562550544739
      }, {
        "activityType" : "MOTORCYCLING",
        "probability" : 3.316008672118187
      }, {
        "activityType" : "WALKING",
        "probability" : 2.0838532596826553
      }, {
        "activityType" : "IN_BUS",
        "probability" : 1.2118811719119549
      }, {
        "activityType" : "CYCLING",
        "probability" : 0.9473426267504692
      }, {
        "activityType" : "IN_SUBWAY",
        "probability" : 0.32692470122128725
      }, {
        "activityType" : "STILL",
        "probability" : 0.218276702798903
      }, {
        "activityType" : "IN_TRAIN",
        "probability" : 0.18963799811899662
      }, {
        "activityType" : "RUNNING",
        "probability" : 0.09362415294162929
      }, {
        "activityType" : "IN_TRAM",
        "probability" : 0.054195913253352046
      }, {
        "activityType" : "IN_FERRY",
        "probability" : 0.029665575129911304
      }, {
        "activityType" : "FLYING",
        "probability" : 0.02902757842093706
      }, {
        "activityType" : "SKIING",
        "probability" : 0.0075546675361692905
      }, {
        "activityType" : "SAILING",
        "probability" : 0.006061263775336556
      }, {
        "activityType" : "IN_VEHICLE",
        "probability" : 3.2967766401270637E-4
      } ],
      "waypointPath" : {
        "waypoints" : [ {
          "latE7" : -258560695,
          "lngE7" : 281622905
        }, {
          "latE7" : -257739467,
          "lngE7" : 281954059
        }, {
          "latE7" : -257720546,
          "lngE7" : 282340564
        } ]
      }
    }
  }, {
    "activitySegment" : {
      "startLocation" : {
        "latitudeE7" : -258564246,
        "longitudeE7" : 281603877
      },
      "endLocation" : {
        "latitudeE7" : -258891243,
        "longitudeE7" : 281902537
      },
      "duration" : {
        "startTimestampMs" : "1580286829343",
        "endTimestampMs" : "1580287981192"
      },
      "distance" : 5150,
      "activityType" : "IN_PASSENGER_VEHICLE",
      "confidence" : "HIGH",
      "activities" : [ {
        "activityType" : "IN_PASSENGER_VEHICLE",
        "probability" : 95.47609090805054
      }, {
        "activityType" : "STILL",
        "probability" : 1.8027180805802345
      }, {
        "activityType" : "WALKING",
        "probability" : 1.4610675163567066
      }, {
        "activityType" : "CYCLING",
        "probability" : 0.5685406271368265
      }, {
        "activityType" : "MOTORCYCLING",
        "probability" : 0.39291493594646454
      }, {
        "activityType" : "RUNNING",
        "probability" : 0.09484548354521394
      }, {
        "activityType" : "IN_BUS",
        "probability" : 0.08846797281876206
      }, {
        "activityType" : "IN_FERRY",
        "probability" : 0.0672799302265048
      }, {
        "activityType" : "FLYING",
        "probability" : 0.02123732992913574
      }, {
        "activityType" : "SKIING",
        "probability" : 0.013850499817635864
      }, {
        "activityType" : "SAILING",
        "probability" : 0.005201655949349515
      }, {
        "activityType" : "IN_TRAIN",
        "probability" : 0.004491666913963854
      }, {
        "activityType" : "IN_TRAM",
        "probability" : 0.0029279612135724165
      }, {
        "activityType" : "IN_SUBWAY",
        "probability" : 3.403840310056694E-4
      }, {
        "activityType" : "IN_VEHICLE",
        "probability" : 2.113282988602805E-5
      } ],
      "waypointPath" : {
        "waypoints" : [ {
          "latE7" : -258562297,
          "lngE7" : 281602306
        }, {
          "latE7" : -258788433,
          "lngE7" : 281617546
        }, {
          "latE7" : -258896331,
          "lngE7" : 281903457
        } ]
      }
    }
  }, {
    "activitySegment" : {
      "startLocation" : {
        "latitudeE7" : -258897091,
        "longitudeE7" : 281886817
      },
      "endLocation" : {
        "latitudeE7" : -258559828,
        "longitudeE7" : 281624626
      },
      "duration" : {
        "startTimestampMs" : "1580291139153",
        "endTimestampMs" : "1580292388073"
      },
      "distance" : 4576,
      "activityType" : "IN_PASSENGER_VEHICLE",
      "confidence" : "HIGH",
      "activities" : [ {
        "activityType" : "IN_PASSENGER_VEHICLE",
        "probability" : 97.38229513168335
      }, {
        "activityType" : "WALKING",
        "probability" : 0.9387301281094551
      }, {
        "activityType" : "CYCLING",
        "probability" : 0.6286690942943096
      }, {
        "activityType" : "STILL",
        "probability" : 0.33053799998015165
      }, {
        "activityType" : "MOTORCYCLING",
        "probability" : 0.29413297306746244
      }, {
        "activityType" : "IN_BUS",
        "probability" : 0.2908437279984355
      }, {
        "activityType" : "IN_FERRY",
        "probability" : 0.054525648010894656
      }, {
        "activityType" : "RUNNING",
        "probability" : 0.044477186747826636
      }, {
        "activityType" : "SKIING",
        "probability" : 0.00873982353368774
      }, {
        "activityType" : "IN_TRAIN",
        "probability" : 0.00843974994495511
      }, {
        "activityType" : "IN_TRAM",
        "probability" : 0.008290061668958515
      }, {
        "activityType" : "FLYING",
        "probability" : 0.00798315741121769
      }, {
        "activityType" : "SAILING",
        "probability" : 0.0018391059711575508
      }, {
        "activityType" : "IN_SUBWAY",
        "probability" : 4.63883134216303E-4
      }, {
        "activityType" : "IN_VEHICLE",
        "probability" : 3.0166680176080263E-5
      } ],
      "waypointPath" : {
        "waypoints" : [ {
          "latE7" : -258902301,
          "lngE7" : 281884346
        }, {
          "latE7" : -258842678,
          "lngE7" : 281611614
        }, {
          "latE7" : -258559722,
          "lngE7" : 281622982
        } ]
      }
    }
  }, {
    "placeVisit" : {
      "location" : {
        "latitudeE7" : -258559780,
        "longitudeE7" : 281626430,
        "placeId" : "ChIJgf7JGllklR4RTqYK8tHPm_w",
        "address" : "13 Willem Rd\nEldoraigne\nCenturion\n0157\nSouth Africa",
        "name" : "13 Willem Rd",
        "semanticType" : "TYPE_HOME",
        "sourceInfo" : {
          "deviceTag" : -63513299
        },
        "locationConfidence" : 97.5744
      },
      "duration" : {
        "startTimestampMs" : "1580484867614",
        "endTimestampMs" : "1580486374581"
      },
      "placeConfidence" : "HIGH_CONFIDENCE",
      "centerLatE7" : -258559733,
      "centerLngE7" : 281625800,
      "visitConfidence" : 82,
      "otherCandidateLocations" : [ {
        "latitudeE7" : -258584100,
        "longitudeE7" : 281624600,
        "placeId" : "ChIJWVS1zllklR4R7ih8EDjLG2g",
        "semanticType" : "TYPE_SEARCHED_ADDRESS",
        "locationConfidence" : 1.6055548
      }, {
        "latitudeE7" : -258565130,
        "longitudeE7" : 281611230,
        "placeId" : "ChIJjc378FhklR4R-lrwm02iVNY",
        "semanticType" : "TYPE_SEARCHED_ADDRESS",
        "locationConfidence" : 0.26401502
      }, {
        "latitudeE7" : -258570590,
        "longitudeE7" : 281625620,
        "placeId" : "ChIJGZkpr1lklR4RvXt8NOQ53JI",
        "semanticType" : "TYPE_SEARCHED_ADDRESS",
        "locationConfidence" : 0.16090474
      }, {
        "latitudeE7" : -258563284,
        "longitudeE7" : 281638659,
        "placeId" : "ChIJUyXs_eRllR4R9OdOSKpRzI8",
        "locationConfidence" : 0.12842675
      } ],
      "editConfirmationStatus" : "NOT_CONFIRMED"
    }
  }, {
    "activitySegment" : {
      "startLocation" : {
        "latitudeE7" : -258559559,
        "longitudeE7" : 281625781
      },
      "endLocation" : {
        "latitudeE7" : -258559600,
        "longitudeE7" : 281876621
      },
      "duration" : {
        "startTimestampMs" : "1580486374581",
        "endTimestampMs" : "1580487338929"
      },
      "distance" : 3374,
      "activityType" : "IN_PASSENGER_VEHICLE",
      "confidence" : "HIGH",
      "activities" : [ {
        "activityType" : "IN_PASSENGER_VEHICLE",
        "probability" : 87.72158026695251
      }, {
        "activityType" : "MOTORCYCLING",
        "probability" : 4.145778343081474
      }, {
        "activityType" : "STILL",
        "probability" : 3.4529387950897217
      }, {
        "activityType" : "CYCLING",
        "probability" : 2.5183483958244324
      }, {
        "activityType" : "WALKING",
        "probability" : 1.864652894437313
      }, {
        "activityType" : "IN_BUS",
        "probability" : 0.14912192709743977
      }, {
        "activityType" : "RUNNING",
        "probability" : 0.06846962496638298
      }, {
        "activityType" : "IN_FERRY",
        "probability" : 0.03551994159352034
      }, {
        "activityType" : "SKIING",
        "probability" : 0.018578175513539463
      }, {
        "activityType" : "IN_TRAIN",
        "probability" : 0.008228642400354147
      }, {
        "activityType" : "FLYING",
        "probability" : 0.007947296398924664
      }, {
        "activityType" : "SAILING",
        "probability" : 0.0038112364563858137
      }, {
        "activityType" : "IN_TRAM",
        "probability" : 0.0028359332645777613
      }, {
        "activityType" : "IN_SUBWAY",
        "probability" : 0.0021231191567494534
      }, {
        "activityType" : "IN_VEHICLE",
        "probability" : 7.186874881881522E-5
      } ],
      "waypointPath" : {
        "waypoints" : [ {
          "latE7" : -258559379,
          "lngE7" : 281623020
        }, {
          "latE7" : -258596725,
          "lngE7" : 281772041
        }, {
          "latE7" : -258563556,
          "lngE7" : 281885681
        } ]
      }
    }
  }, {
    "placeVisit" : {
      "location" : {
        "latitudeE7" : -258571948,
        "longitudeE7" : 281867371,
        "placeId" : "ChIJNe7bIjdklR4RncvkJn9QTB0",
        "address" : "Centurion Central\nCenturion\n0046\nSouth Africa",
        "name" : "Centurion Mall",
        "sourceInfo" : {
          "deviceTag" : -63513299
        },
        "locationConfidence" : 54.885174
      },
      "duration" : {
        "startTimestampMs" : "1580487338929",
        "endTimestampMs" : "1580489064087"
      },
      "placeConfidence" : "MEDIUM_CONFIDENCE",
      "childVisits" : [ {
        "location" : {
          "latitudeE7" : -258571960,
          "longitudeE7" : 281867376,
          "placeId" : "ChIJiQP-IDdklR4ROFIOVGP_Qck",
          "address" : "1269 Gordon Hood Rd\nCenturion Central\nPretoria\n0046\nSouth Africa",
          "name" : "Centurion Mall",
          "sourceInfo" : {
            "deviceTag" : -63513299
          },
          "locationConfidence" : 29.984896
        },
        "duration" : {
          "startTimestampMs" : "1580487338929",
          "endTimestampMs" : "1580489064087"
        },
        "placeConfidence" : "LOW_CONFIDENCE",
        "centerLatE7" : -258559311,
        "centerLngE7" : 281876878,
        "visitConfidence" : 95,
        "otherCandidateLocations" : [ {
          "latitudeE7" : -258560463,
          "longitudeE7" : 281877862,
          "placeId" : "ChIJAXh5LjdklR4RrHZlla3Q2VA",
          "locationConfidence" : 15.770403
        }, {
          "latitudeE7" : -258561917,
          "longitudeE7" : 281878016,
          "placeId" : "ChIJvWdS5jZklR4Rc2_T8hEGyR4",
          "locationConfidence" : 8.776409
        }, {
          "latitudeE7" : -258545043,
          "longitudeE7" : 281885875,
          "placeId" : "ChIJz1G2vzBklR4RHWSKGn4DIxc",
          "locationConfidence" : 0.20385395
        }, {
          "latitudeE7" : -258551790,
          "longitudeE7" : 281852530,
          "placeId" : "ChIJF9rkgjdklR4RZ6oyy6TaNIA",
          "locationConfidence" : 0.034089774
        } ],
        "editConfirmationStatus" : "NOT_CONFIRMED"
      } ],
      "centerLatE7" : -258559311,
      "centerLngE7" : 281876878,
      "visitConfidence" : 95,
      "otherCandidateLocations" : [ {
        "latitudeE7" : -258571960,
        "longitudeE7" : 281867376,
        "placeId" : "ChIJiQP-IDdklR4ROFIOVGP_Qck",
        "locationConfidence" : 44.603622
      }, {
        "latitudeE7" : -258545043,
        "longitudeE7" : 281885875,
        "placeId" : "ChIJz1G2vzBklR4RHWSKGn4DIxc",
        "locationConfidence" : 0.30324015
      }, {
        "latitudeE7" : -258551790,
        "longitudeE7" : 281852530,
        "placeId" : "ChIJF9rkgjdklR4RZ6oyy6TaNIA",
        "locationConfidence" : 0.050709777
      }, {
        "latitudeE7" : -258566196,
        "longitudeE7" : 281906734,
        "placeId" : "ChIJ4WFYBDFklR4R6H7jnpUQIRY",
        "locationConfidence" : 0.028742569
      } ],
      "editConfirmationStatus" : "NOT_CONFIRMED"
    }
  } ]
}