{
  "timelineObjects" : [ {
    "activitySegment" : {
      "startLocation" : {
        "latitudeE7" : -258562791,
        "longitudeE7" : 281623721
      },
      "endLocation" : {
        "latitudeE7" : -258627835,
        "longitudeE7" : 281862761
      },
      "duration" : {
        "startTimestampMs" : "1583050675399",
        "endTimestampMs" : "1583051190854"
      },
      "distance" : 3308,
      "activityType" : "IN_PASSENGER_VEHICLE",
      "confidence" : "HIGH",
      "activities" : [ {
        "activityType" : "IN_PASSENGER_VEHICLE",
        "probability" : 92.26938486099243
      }, {
        "activityType" : "WALKING",
        "probability" : 3.090757131576538
      }, {
        "activityType" : "CYCLING",
        "probability" : 1.5333686955273151
      }, {
        "activityType" : "MOTORCYCLING",
        "probability" : 1.294537354260683
      }, {
        "activityType" : "STILL",
        "probability" : 1.2518689036369324
      }, {
        "activityType" : "RUNNING",
        "probability" : 0.18513216637074947
      }, {
        "activityType" : "IN_BUS",
        "probability" : 0.14933859929442406
      }, {
        "activityType" : "IN_FERRY",
        "probability" : 0.10944489622488618
      }, {
        "activityType" : "FLYING",
        "probability" : 0.046468270011246204
      }, {
        "activityType" : "IN_TRAIN",
        "probability" : 0.03673153696581721
      }, {
        "activityType" : "SAILING",
        "probability" : 0.014211505185812712
      }, {
        "activityType" : "SKIING",
        "probability" : 0.010670196206774563
      }, {
        "activityType" : "IN_TRAM",
        "probability" : 0.006040941661922261
      }, {
        "activityType" : "IN_SUBWAY",
        "probability" : 0.0019837623767671175
      }, {
        "activityType" : "IN_VEHICLE",
        "probability" : 5.89826072427968E-5
      } ]
    }
  }, {
    "placeVisit" : {
      "location" : {
        "latitudeE7" : -258559780,
        "longitudeE7" : 281626430,
        "placeId" : "ChIJgf7JGllklR4RTqYK8tHPm_w",
        "address" : "13 Willem Rd\nEldoraigne\nCenturion\n0157\nSouth Africa",
        "name" : "13 Willem Rd",
        "semanticType" : "TYPE_HOME",
        "sourceInfo" : {
          "deviceTag" : -63513299
        },
        "locationConfidence" : 97.61306
      },
      "duration" : {
        "startTimestampMs" : "1583208243175",
        "endTimestampMs" : "1583242882182"
      },
      "placeConfidence" : "HIGH_CONFIDENCE",
      "centerLatE7" : -258560800,
      "centerLngE7" : 281625533,
      "visitConfidence" : 86,
      "otherCandidateLocations" : [ {
        "latitudeE7" : -258584100,
        "longitudeE7" : 281624600,
        "placeId" : "ChIJWVS1zllklR4R7ih8EDjLG2g",
        "semanticType" : "TYPE_SEARCHED_ADDRESS",
        "locationConfidence" : 1.4575799
      }, {
        "latitudeE7" : -258565130,
        "longitudeE7" : 281611230,
        "placeId" : "ChIJjc378FhklR4R-lrwm02iVNY",
        "semanticType" : "TYPE_SEARCHED_ADDRESS",
        "locationConfidence" : 0.28269607
      }, {
        "latitudeE7" : -258563284,
        "longitudeE7" : 281638659,
        "placeId" : "ChIJUyXs_eRllR4R9OdOSKpRzI8",
        "locationConfidence" : 0.1637263
      }, {
        "latitudeE7" : -258570590,
        "longitudeE7" : 281625620,
        "placeId" : "ChIJGZkpr1lklR4RvXt8NOQ53JI",
        "semanticType" : "TYPE_SEARCHED_ADDRESS",
        "locationConfidence" : 0.14822632
      } ],
      "editConfirmationStatus" : "NOT_CONFIRMED"
    }
  }, {
    "activitySegment" : {
      "startLocation" : {
        "latitudeE7" : -258560703,
        "longitudeE7" : 281625623
      },
      "endLocation" : {
        "latitudeE7" : -258690193,
        "longitudeE7" : 281368470
      },
      "duration" : {
        "startTimestampMs" : "1583242882182",
        "endTimestampMs" : "1583245217574"
      },
      "distance" : 3262,
      "activityType" : "IN_PASSENGER_VEHICLE",
      "confidence" : "HIGH",
      "activities" : [ {
        "activityType" : "IN_PASSENGER_VEHICLE",
        "probability" : 89.54878449440002
      }, {
        "activityType" : "WALKING",
        "probability" : 7.017882168292999
      }, {
        "activityType" : "STILL",
        "probability" : 1.3536992482841015
      }, {
        "activityType" : "CYCLING",
        "probability" : 0.9691249579191208
      }, {
        "activityType" : "MOTORCYCLING",
        "probability" : 0.6965931970626116
      }, {
        "activityType" : "IN_BUS",
        "probability" : 0.18728954019024968
      }, {
        "activityType" : "RUNNING",
        "probability" : 0.0957190350163728
      }, {
        "activityType" : "IN_FERRY",
        "probability" : 0.06904624751769006
      }, {
        "activityType" : "FLYING",
        "probability" : 0.02978593693114817
      }, {
        "activityType" : "IN_TRAIN",
        "probability" : 0.01587276201462373
      }, {
        "activityType" : "SKIING",
        "probability" : 0.0054052070481702685
      }, {
        "activityType" : "IN_TRAM",
        "probability" : 0.0049306978326058015
      }, {
        "activityType" : "SAILING",
        "probability" : 0.004889747651759535
      }, {
        "activityType" : "IN_SUBWAY",
        "probability" : 9.300793863076251E-4
      }, {
        "activityType" : "IN_VEHICLE",
        "probability" : 4.172391925294505E-5
      } ],
      "waypointPath" : {
        "waypoints" : [ {
          "latE7" : -258560523,
          "lngE7" : 281622924
        }, {
          "latE7" : -258614311,
          "lngE7" : 281583518
        }, {
          "latE7" : -258693122,
          "lngE7" : 281364841
        } ]
      }
    }
  }, {
    "placeVisit" : {
      "location" : {
        "latitudeE7" : -258692813,
        "longitudeE7" : 281363617,
        "placeId" : "ChIJFffvT-dklR4R1SNQ2bwu3c4",
        "address" : "Corner Hendrik Verwoerd Dr & Rooihuiskraal Rd\nRaslouw\nJohannesburg\n0157\nSouth Africa",
        "name" : "Raslouw Lifestyle Centre",
        "sourceInfo" : {
          "deviceTag" : -63513299
        },
        "locationConfidence" : 99.72574
      },
      "duration" : {
        "startTimestampMs" : "1583245217574",
        "endTimestampMs" : "1583246091097"
      },
      "placeConfidence" : "HIGH_CONFIDENCE",
      "childVisits" : [ {
        "location" : {
          "latitudeE7" : -258690804,
          "longitudeE7" : 281366502,
          "placeId" : "ChIJESJ2KuFklR4RnnAtChxUcC4",
          "address" : "330 Basson Road Shop 11 Raslouw Lifestyle Centre\nRooihuiskraal\nCenturion\n0149\nSuid-Afrika",
          "name" : "Dis-Chem Pharmacy Raslouw - Centurion",
          "sourceInfo" : {
            "deviceTag" : -63513299
          },
          "locationConfidence" : 94.6438
        },
        "duration" : {
          "startTimestampMs" : "1583245217574",
          "endTimestampMs" : "1583246091097"
        },
        "placeConfidence" : "HIGH_CONFIDENCE",
        "centerLatE7" : -258691250,
        "centerLngE7" : 281368075,
        "visitConfidence" : 94,
        "otherCandidateLocations" : [ {
          "latitudeE7" : -258690228,
          "longitudeE7" : 281365415,
          "placeId" : "ChIJO93N0uBklR4RKVkoDKvOQfM",
          "locationConfidence" : 3.124485
        }, {
          "latitudeE7" : -258694635,
          "longitudeE7" : 281369703,
          "placeId" : "ChIJWT2hXudklR4R3nRhTSjPgd0",
          "locationConfidence" : 0.6310514
        }, {
          "latitudeE7" : -258694008,
          "longitudeE7" : 281360940,
          "placeId" : "ChIJTe7bROdklR4RLEjtGY-XX5M",
          "locationConfidence" : 0.59937704
        }, {
          "latitudeE7" : -258706810,
          "longitudeE7" : 281391600,
          "placeId" : "ChIJl7891-BklR4RNp95eeypwxY",
          "locationConfidence" : 0.19373834
        } ],
        "editConfirmationStatus" : "NOT_CONFIRMED"
      } ],
      "centerLatE7" : -258691250,
      "centerLngE7" : 281368075,
      "visitConfidence" : 94,
      "otherCandidateLocations" : [ {
        "latitudeE7" : -258706810,
        "longitudeE7" : 281391600,
        "placeId" : "ChIJl7891-BklR4RNp95eeypwxY",
        "locationConfidence" : 0.2041412
      }, {
        "latitudeE7" : -258688640,
        "longitudeE7" : 281350340,
        "placeId" : "ChIJAwX3jt1klR4RyvCzFtS_24M",
        "locationConfidence" : 0.041314643
      }, {
        "latitudeE7" : -258718512,
        "longitudeE7" : 281372069,
        "placeId" : "ChIJJ4xXzEhllR4Rkc7R7z-JZN4",
        "locationConfidence" : 0.009493209
      }, {
        "latitudeE7" : -258727533,
        "longitudeE7" : 281378391,
        "placeId" : "ChIJQ3dQZHZhlR4RXT5qGhaJSl0",
        "locationConfidence" : 0.008960936
      } ],
      "editConfirmationStatus" : "NOT_CONFIRMED"
    }
  }, {
    "activitySegment" : {
      "startLocation" : {
        "latitudeE7" : -258692773,
        "longitudeE7" : 281367054
      },
      "endLocation" : {
        "latitudeE7" : -258717313,
        "longitudeE7" : 281374874
      },
      "duration" : {
        "startTimestampMs" : "1583246091097",
        "endTimestampMs" : "1583246763123"
      },
      "distance" : 862,
      "activityType" : "IN_PASSENGER_VEHICLE",
      "confidence" : "HIGH",
      "activities" : [ {
        "activityType" : "IN_PASSENGER_VEHICLE",
        "probability" : 83.56211185455322
      }, {
        "activityType" : "WALKING",
        "probability" : 10.379550606012344
      }, {
        "activityType" : "STILL",
        "probability" : 4.869266599416733
      }, {
        "activityType" : "CYCLING",
        "probability" : 0.5982250906527042
      }, {
        "activityType" : "MOTORCYCLING",
        "probability" : 0.3945467062294483
      }, {
        "activityType" : "IN_BUS",
        "probability" : 0.0881449319422245
      }, {
        "activityType" : "RUNNING",
        "probability" : 0.040704559069126844
      }, {
        "activityType" : "IN_FERRY",
        "probability" : 0.036428155726753175
      }, {
        "activityType" : "FLYING",
        "probability" : 0.011968534818151966
      }, {
        "activityType" : "IN_TRAIN",
        "probability" : 0.010082822700496763
      }, {
        "activityType" : "SAILING",
        "probability" : 0.0032025094697019085
      }, {
        "activityType" : "SKIING",
        "probability" : 0.0028753678634529933
      }, {
        "activityType" : "IN_TRAM",
        "probability" : 0.0025230310711776838
      }, {
        "activityType" : "IN_SUBWAY",
        "probability" : 3.3777346288843546E-4
      }, {
        "activityType" : "IN_VEHICLE",
        "probability" : 2.641145897541719E-5
      } ],
      "waypointPath" : {
        "waypoints" : [ {
          "latE7" : -258694019,
          "lngE7" : 281366500
        }, {
          "latE7" : -258705387,
          "lngE7" : 281387023
        }, {
          "latE7" : -258718357,
          "lngE7" : 281376876
        } ]
      }
    }
  }, {
    "placeVisit" : {
      "location" : {
        "latitudeE7" : -258713472,
        "longitudeE7" : 281366267,
        "placeId" : "ChIJZdBjuOBklR4RqEHpE2Cr1-w",
        "address" : "18 Hendrik Verwoerd Drive\nMall@Reds\nRooihuiskraal\nCenturion\n0157\nSouth Africa",
        "name" : "Hogshead Centurion - Mall@Reds",
        "sourceInfo" : {
          "deviceTag" : -63513299
        },
        "locationConfidence" : 60.267235
      },
      "duration" : {
        "startTimestampMs" : "1583246763123",
        "endTimestampMs" : "1583250015022"
      },
      "placeConfidence" : "MEDIUM_CONFIDENCE",
      "centerLatE7" : -258714589,
      "centerLngE7" : 281368556,
      "visitConfidence" : 88,
      "otherCandidateLocations" : [ {
        "latitudeE7" : -258718512,
        "longitudeE7" : 281372069,
        "placeId" : "ChIJJ4xXzEhllR4Rkc7R7z-JZN4",
        "locationConfidence" : 15.414742
      }, {
        "latitudeE7" : -258713982,
        "longitudeE7" : 281368544,
        "placeId" : "ChIJddXFed9llR4R7fGU3y963hA",
        "locationConfidence" : 8.465439
      }, {
        "latitudeE7" : -258727533,
        "longitudeE7" : 281378391,
        "placeId" : "ChIJQ3dQZHZhlR4RXT5qGhaJSl0",
        "locationConfidence" : 6.007958
      }, {
        "latitudeE7" : -258713948,
        "longitudeE7" : 281368157,
        "placeId" : "ChIJF6vi0eBklR4RyHAWM2OgFOw",
        "locationConfidence" : 5.185847
      }, {
        "latitudeE7" : -258709211,
        "longitudeE7" : 281378231,
        "placeId" : "ChIJQSckX-BklR4RYwhzvqWiHcY",
        "locationConfidence" : 1.406855
      }, {
        "latitudeE7" : -258717640,
        "longitudeE7" : 281368880,
        "placeId" : "ChIJ6afo1uBklR4R1ZiYvPg8W5U",
        "locationConfidence" : 0.72098106
      }, {
        "latitudeE7" : -258730459,
        "longitudeE7" : 281385438,
        "placeId" : "ChIJOyclU-BklR4RXxVvgxznHcg",
        "locationConfidence" : 0.69354343
      }, {
        "latitudeE7" : -258726504,
        "longitudeE7" : 281364835,
        "placeId" : "ChIJgZFU6ahllR4RAd3CJuvQfp8",
        "locationConfidence" : 0.52467626
      } ],
      "editConfirmationStatus" : "NOT_CONFIRMED"
    }
  }, {
    "activitySegment" : {
      "startLocation" : {
        "latitudeE7" : -258711763,
        "longitudeE7" : 281376818
      },
      "endLocation" : {
        "latitudeE7" : -258561074,
        "longitudeE7" : 281625384
      },
      "duration" : {
        "startTimestampMs" : "1583250015022",
        "endTimestampMs" : "1583250881026"
      },
      "distance" : 3000,
      "activityType" : "IN_PASSENGER_VEHICLE",
      "confidence" : "HIGH",
      "activities" : [ {
        "activityType" : "IN_PASSENGER_VEHICLE",
        "probability" : 93.2345986366272
      }, {
        "activityType" : "WALKING",
        "probability" : 3.4863583743572235
      }, {
        "activityType" : "STILL",
        "probability" : 1.3538375496864319
      }, {
        "activityType" : "CYCLING",
        "probability" : 0.7231149356812239
      }, {
        "activityType" : "MOTORCYCLING",
        "probability" : 0.5583941005170345
      }, {
        "activityType" : "IN_BUS",
        "probability" : 0.42680432088673115
      }, {
        "activityType" : "IN_FERRY",
        "probability" : 0.06743320845998824
      }, {
        "activityType" : "RUNNING",
        "probability" : 0.06699598161503673
      }, {
        "activityType" : "IN_TRAIN",
        "probability" : 0.029842479852959514
      }, {
        "activityType" : "FLYING",
        "probability" : 0.022990260913502425
      }, {
        "activityType" : "IN_TRAM",
        "probability" : 0.014432394527830184
      }, {
        "activityType" : "SKIING",
        "probability" : 0.007239254773594439
      }, {
        "activityType" : "SAILING",
        "probability" : 0.004943052044836804
      }, {
        "activityType" : "IN_SUBWAY",
        "probability" : 0.0029148446628823876
      }, {
        "activityType" : "IN_VEHICLE",
        "probability" : 1.027595430969086E-4
      } ],
      "waypointPath" : {
        "waypoints" : [ {
          "latE7" : -258710861,
          "lngE7" : 281372680
        }, {
          "latE7" : -258700065,
          "lngE7" : 281390228
        }, {
          "latE7" : -258560924,
          "lngE7" : 281622886
        } ]
      }
    }
  }, {
    "placeVisit" : {
      "location" : {
        "latitudeE7" : -258559780,
        "longitudeE7" : 281626430,
        "placeId" : "ChIJgf7JGllklR4RTqYK8tHPm_w",
        "address" : "13 Willem Rd\nEldoraigne\nCenturion\n0157\nSouth Africa",
        "name" : "13 Willem Rd",
        "semanticType" : "TYPE_HOME",
        "sourceInfo" : {
          "deviceTag" : -63513299
        },
        "locationConfidence" : 97.685974
      },
      "duration" : {
        "startTimestampMs" : "1583250881026",
        "endTimestampMs" : "1583469923664"
      },
      "placeConfidence" : "HIGH_CONFIDENCE",
      "centerLatE7" : -258558597,
      "centerLngE7" : 281626224,
      "visitConfidence" : 84,
      "otherCandidateLocations" : [ {
        "latitudeE7" : -258584100,
        "longitudeE7" : 281624600,
        "placeId" : "ChIJWVS1zllklR4R7ih8EDjLG2g",
        "semanticType" : "TYPE_SEARCHED_ADDRESS",
        "locationConfidence" : 1.5221527
      }, {
        "latitudeE7" : -258565130,
        "longitudeE7" : 281611230,
        "placeId" : "ChIJjc378FhklR4R-lrwm02iVNY",
        "semanticType" : "TYPE_SEARCHED_ADDRESS",
        "locationConfidence" : 0.25618768
      }, {
        "latitudeE7" : -258570590,
        "longitudeE7" : 281625620,
        "placeId" : "ChIJGZkpr1lklR4RvXt8NOQ53JI",
        "semanticType" : "TYPE_SEARCHED_ADDRESS",
        "locationConfidence" : 0.16165616
      }, {
        "latitudeE7" : -258560800,
        "longitudeE7" : 281633500,
        "placeId" : "ChIJqbfuDFlklR4R62Y6o0Rpy9w",
        "locationConfidence" : 0.10624544
      } ],
      "editConfirmationStatus" : "NOT_CONFIRMED"
    }
  }, {
    "activitySegment" : {
      "startLocation" : {
        "latitudeE7" : -258558837,
        "longitudeE7" : 281626276
      },
      "endLocation" : {
        "latitudeE7" : -257565867,
        "longitudeE7" : 282796826
      },
      "duration" : {
        "startTimestampMs" : "1583469923664",
        "endTimestampMs" : "1583472176126"
      },
      "distance" : 16143,
      "activityType" : "IN_PASSENGER_VEHICLE",
      "confidence" : "HIGH",
      "activities" : [ {
        "activityType" : "IN_PASSENGER_VEHICLE",
        "probability" : 90.08023142814636
      }, {
        "activityType" : "STILL",
        "probability" : 5.758491158485413
      }, {
        "activityType" : "WALKING",
        "probability" : 2.7769245207309723
      }, {
        "activityType" : "MOTORCYCLING",
        "probability" : 0.4905479960143566
      }, {
        "activityType" : "IN_BUS",
        "probability" : 0.35740574821829796
      }, {
        "activityType" : "CYCLING",
        "probability" : 0.3340941620990634
      }, {
        "activityType" : "RUNNING",
        "probability" : 0.11679154122248292
      }, {
        "activityType" : "IN_FERRY",
        "probability" : 0.032741474569775164
      }, {
        "activityType" : "FLYING",
        "probability" : 0.02942532009910792
      }, {
        "activityType" : "SKIING",
        "probability" : 0.0155301604536362
      }, {
        "activityType" : "IN_TRAIN",
        "probability" : 0.003469769944786094
      }, {
        "activityType" : "IN_TRAM",
        "probability" : 0.002023623528657481
      }, {
        "activityType" : "SAILING",
        "probability" : 0.001598663948243484
      }, {
        "activityType" : "IN_SUBWAY",
        "probability" : 6.526113338622963E-4
      }, {
        "activityType" : "IN_VEHICLE",
        "probability" : 8.109630584840488E-5
      } ],
      "waypointPath" : {
        "waypoints" : [ {
          "latE7" : -258558635,
          "lngE7" : 281623077
        }, {
          "latE7" : -258648357,
          "lngE7" : 281974143
        }, {
          "latE7" : -257568550,
          "lngE7" : 282793769
        } ]
      }
    }
  }, {
    "activitySegment" : {
      "startLocation" : {
        "latitudeE7" : -257560734,
        "longitudeE7" : 282791304
      },
      "endLocation" : {
        "latitudeE7" : -257549635,
        "longitudeE7" : 282766259
      },
      "duration" : {
        "startTimestampMs" : "1583505319071",
        "endTimestampMs" : "1583505657334"
      },
      "distance" : 279,
      "activityType" : "WALKING",
      "confidence" : "MEDIUM",
      "activities" : [ {
        "activityType" : "WALKING",
        "probability" : 69.44849491119385
      }, {
        "activityType" : "IN_PASSENGER_VEHICLE",
        "probability" : 21.541564166545868
      }, {
        "activityType" : "IN_BUS",
        "probability" : 2.275730110704899
      }, {
        "activityType" : "CYCLING",
        "probability" : 2.1495815366506577
      }, {
        "activityType" : "MOTORCYCLING",
        "probability" : 1.5785783529281616
      }, {
        "activityType" : "STILL",
        "probability" : 1.460608933120966
      }, {
        "activityType" : "RUNNING",
        "probability" : 1.1208957992494106
      }, {
        "activityType" : "IN_FERRY",
        "probability" : 0.16517642652615905
      }, {
        "activityType" : "FLYING",
        "probability" : 0.08803257369436324
      }, {
        "activityType" : "IN_SUBWAY",
        "probability" : 0.06887446506880224
      }, {
        "activityType" : "IN_TRAIN",
        "probability" : 0.04765203921124339
      }, {
        "activityType" : "SKIING",
        "probability" : 0.026011871523223817
      }, {
        "activityType" : "IN_TRAM",
        "probability" : 0.01595213543623686
      }, {
        "activityType" : "SAILING",
        "probability" : 0.011907750740647316
      }, {
        "activityType" : "IN_VEHICLE",
        "probability" : 9.362455784867052E-4
      } ],
      "waypointPath" : {
        "waypoints" : [ {
          "latE7" : -257561779,
          "lngE7" : 282792549
        }, {
          "latE7" : -257553939,
          "lngE7" : 282773380
        }, {
          "latE7" : -257549991,
          "lngE7" : 282766113
        } ]
      }
    }
  }, {
    "activitySegment" : {
      "startLocation" : {
        "latitudeE7" : -257551091,
        "longitudeE7" : 282763877
      },
      "endLocation" : {
        "latitudeE7" : -257900655,
        "longitudeE7" : 284313509
      },
      "duration" : {
        "startTimestampMs" : "1583506842498",
        "endTimestampMs" : "1583509293170"
      },
      "distance" : 25346,
      "activityType" : "IN_PASSENGER_VEHICLE",
      "confidence" : "HIGH",
      "activities" : [ {
        "activityType" : "IN_PASSENGER_VEHICLE",
        "probability" : 77.80271172523499
      }, {
        "activityType" : "STILL",
        "probability" : 8.774575591087341
      }, {
        "activityType" : "IN_BUS",
        "probability" : 8.577372878789902
      }, {
        "activityType" : "WALKING",
        "probability" : 2.8703561052680016
      }, {
        "activityType" : "MOTORCYCLING",
        "probability" : 1.4031719416379929
      }, {
        "activityType" : "CYCLING",
        "probability" : 0.14641740126535296
      }, {
        "activityType" : "FLYING",
        "probability" : 0.11870160233229399
      }, {
        "activityType" : "IN_SUBWAY",
        "probability" : 0.0970476248767227
      }, {
        "activityType" : "IN_TRAIN",
        "probability" : 0.09566546650603414
      }, {
        "activityType" : "RUNNING",
        "probability" : 0.04966463893651962
      }, {
        "activityType" : "IN_FERRY",
        "probability" : 0.04746651102323085
      }, {
        "activityType" : "IN_TRAM",
        "probability" : 0.009472813690081239
      }, {
        "activityType" : "SKIING",
        "probability" : 0.004178721792413853
      }, {
        "activityType" : "SAILING",
        "probability" : 0.0018051459846901707
      }, {
        "activityType" : "IN_VEHICLE",
        "probability" : 0.0013880684491596185
      } ],
      "waypointPath" : {
        "waypoints" : [ {
          "latE7" : -257550926,
          "lngE7" : 282763786
        }, {
          "latE7" : -257474803,
          "lngE7" : 282747745
        }, {
          "latE7" : -257446899,
          "lngE7" : 282749900
        }, {
          "latE7" : -257494087,
          "lngE7" : 282958393
        }, {
          "latE7" : -257910060,
          "lngE7" : 284301185
        } ]
      },
      "simplifiedRawPath" : {
        "points" : [ {
          "latE7" : -257446880,
          "lngE7" : 282749863,
          "timestampMs" : "1583506960136",
          "accuracyMeters" : 52
        } ]
      }
    }
  }, {
    "activitySegment" : {
      "startLocation" : {
        "latitudeE7" : -257901704,
        "longitudeE7" : 284313874
      },
      "endLocation" : {
        "latitudeE7" : -257911143,
        "longitudeE7" : 284176167
      },
      "duration" : {
        "startTimestampMs" : "1583520311461",
        "endTimestampMs" : "1583520712419"
      },
      "distance" : 1382,
      "activityType" : "IN_PASSENGER_VEHICLE",
      "confidence" : "HIGH",
      "activities" : [ {
        "activityType" : "IN_PASSENGER_VEHICLE",
        "probability" : 93.61987709999084
      }, {
        "activityType" : "WALKING",
        "probability" : 3.2138165086507797
      }, {
        "activityType" : "STILL",
        "probability" : 1.1928322724997997
      }, {
        "activityType" : "MOTORCYCLING",
        "probability" : 0.6816137116402388
      }, {
        "activityType" : "IN_FERRY",
        "probability" : 0.5585746839642525
      }, {
        "activityType" : "CYCLING",
        "probability" : 0.24098919238895178
      }, {
        "activityType" : "SKIING",
        "probability" : 0.20151727367192507
      }, {
        "activityType" : "RUNNING",
        "probability" : 0.13725061435252428
      }, {
        "activityType" : "IN_BUS",
        "probability" : 0.07316288538277149
      }, {
        "activityType" : "FLYING",
        "probability" : 0.05191291566006839
      }, {
        "activityType" : "SAILING",
        "probability" : 0.0262152316281572
      }, {
        "activityType" : "IN_TRAM",
        "probability" : 0.0015163655916694552
      }, {
        "activityType" : "IN_SUBWAY",
        "probability" : 4.540276677289512E-4
      }, {
        "activityType" : "IN_TRAIN",
        "probability" : 2.3925438199512428E-4
      }, {
        "activityType" : "IN_VEHICLE",
        "probability" : 1.7066344071281492E-5
      } ],
      "waypointPath" : {
        "waypoints" : [ {
          "latE7" : -257906970,
          "lngE7" : 284311885
        }, {
          "latE7" : -257918224,
          "lngE7" : 284263591
        }, {
          "latE7" : -257908039,
          "lngE7" : 284176483
        } ]
      }
    }
  }, {
    "activitySegment" : {
      "startLocation" : {
        "latitudeE7" : -257909868,
        "longitudeE7" : 284177193
      },
      "endLocation" : {
        "latitudeE7" : -258560257,
        "longitudeE7" : 281625898
      },
      "duration" : {
        "startTimestampMs" : "1583523337035",
        "endTimestampMs" : "1583526011862"
      },
      "distance" : 26540,
      "activityType" : "IN_PASSENGER_VEHICLE",
      "confidence" : "HIGH",
      "activities" : [ {
        "activityType" : "IN_PASSENGER_VEHICLE",
        "probability" : 90.5332088470459
      }, {
        "activityType" : "STILL",
        "probability" : 7.666286081075668
      }, {
        "activityType" : "MOTORCYCLING",
        "probability" : 0.7607133593410254
      }, {
        "activityType" : "WALKING",
        "probability" : 0.7069993298500776
      }, {
        "activityType" : "CYCLING",
        "probability" : 0.09481504675932229
      }, {
        "activityType" : "IN_FERRY",
        "probability" : 0.06794060464017093
      }, {
        "activityType" : "IN_BUS",
        "probability" : 0.058162392815575004
      }, {
        "activityType" : "RUNNING",
        "probability" : 0.03887018247041851
      }, {
        "activityType" : "FLYING",
        "probability" : 0.03559782344382256
      }, {
        "activityType" : "SKIING",
        "probability" : 0.02966750180348754
      }, {
        "activityType" : "SAILING",
        "probability" : 0.006259629299165681
      }, {
        "activityType" : "IN_TRAIN",
        "probability" : 5.75465173824341E-4
      }, {
        "activityType" : "IN_SUBWAY",
        "probability" : 4.780311428476125E-4
      }, {
        "activityType" : "IN_TRAM",
        "probability" : 4.066212113684742E-4
      }, {
        "activityType" : "IN_VEHICLE",
        "probability" : 1.3069363546946988E-5
      } ]
    }
  }, {
    "activitySegment" : {
      "startLocation" : {
        "latitudeE7" : -258560895,
        "longitudeE7" : 281624870
      },
      "endLocation" : {
        "latitudeE7" : -257561071,
        "longitudeE7" : 282790554
      },
      "duration" : {
        "startTimestampMs" : "1583815128171",
        "endTimestampMs" : "1583816928730"
      },
      "distance" : 16357,
      "activityType" : "IN_PASSENGER_VEHICLE",
      "confidence" : "HIGH",
      "activities" : [ {
        "activityType" : "IN_PASSENGER_VEHICLE",
        "probability" : 79.13745045661926
      }, {
        "activityType" : "STILL",
        "probability" : 18.364815413951874
      }, {
        "activityType" : "WALKING",
        "probability" : 1.9327402114868164
      }, {
        "activityType" : "CYCLING",
        "probability" : 0.17142393626272678
      }, {
        "activityType" : "IN_BUS",
        "probability" : 0.16423520864918828
      }, {
        "activityType" : "MOTORCYCLING",
        "probability" : 0.14877528883516788
      }, {
        "activityType" : "IN_FERRY",
        "probability" : 0.030343918479047716
      }, {
        "activityType" : "FLYING",
        "probability" : 0.016978837084025145
      }, {
        "activityType" : "RUNNING",
        "probability" : 0.015601175255142152
      }, {
        "activityType" : "IN_TRAIN",
        "probability" : 0.010473115253262222
      }, {
        "activityType" : "IN_TRAM",
        "probability" : 0.0030150316888466477
      }, {
        "activityType" : "SKIING",
        "probability" : 0.0019631801478681155
      }, {
        "activityType" : "SAILING",
        "probability" : 0.0018212462236988358
      }, {
        "activityType" : "IN_SUBWAY",
        "probability" : 3.4659324228414334E-4
      }, {
        "activityType" : "IN_VEHICLE",
        "probability" : 2.31491711133458E-5
      } ],
      "waypointPath" : {
        "waypoints" : [ {
          "latE7" : -258556499,
          "lngE7" : 281613864
        }, {
          "latE7" : -258037643,
          "lngE7" : 282605133
        }, {
          "latE7" : -257562294,
          "lngE7" : 282791996
        } ]
      }
    }
  }, {
    "placeVisit" : {
      "location" : {
        "latitudeE7" : -258559780,
        "longitudeE7" : 281626430,
        "placeId" : "ChIJgf7JGllklR4RTqYK8tHPm_w",
        "address" : "13 Willem Rd\nEldoraigne\nCenturion\n0157\nSouth Africa",
        "name" : "13 Willem Rd",
        "semanticType" : "TYPE_HOME",
        "sourceInfo" : {
          "deviceTag" : -63513299
        },
        "locationConfidence" : 98.1157
      },
      "duration" : {
        "startTimestampMs" : "1584248731808",
        "endTimestampMs" : "1584276824792"
      },
      "placeConfidence" : "HIGH_CONFIDENCE",
      "centerLatE7" : -258559091,
      "centerLngE7" : 281625687,
      "visitConfidence" : 84,
      "otherCandidateLocations" : [ {
        "latitudeE7" : -258584100,
        "longitudeE7" : 281624600,
        "placeId" : "ChIJWVS1zllklR4R7ih8EDjLG2g",
        "semanticType" : "TYPE_SEARCHED_ADDRESS",
        "locationConfidence" : 1.1394384
      }, {
        "latitudeE7" : -258565130,
        "longitudeE7" : 281611230,
        "placeId" : "ChIJjc378FhklR4R-lrwm02iVNY",
        "semanticType" : "TYPE_SEARCHED_ADDRESS",
        "locationConfidence" : 0.20840535
      }, {
        "latitudeE7" : -258563284,
        "longitudeE7" : 281638659,
        "placeId" : "ChIJUyXs_eRllR4R9OdOSKpRzI8",
        "locationConfidence" : 0.12028631
      }, {
        "latitudeE7" : -258570590,
        "longitudeE7" : 281625620,
        "placeId" : "ChIJGZkpr1lklR4RvXt8NOQ53JI",
        "semanticType" : "TYPE_SEARCHED_ADDRESS",
        "locationConfidence" : 0.11887263
      } ],
      "editConfirmationStatus" : "NOT_CONFIRMED"
    }
  }, {
    "placeVisit" : {
      "location" : {
        "latitudeE7" : -258559780,
        "longitudeE7" : 281626430,
        "placeId" : "ChIJgf7JGllklR4RTqYK8tHPm_w",
        "address" : "13 Willem Rd\nEldoraigne\nCenturion\n0157\nSouth Africa",
        "name" : "13 Willem Rd",
        "semanticType" : "TYPE_HOME",
        "sourceInfo" : {
          "deviceTag" : -63513299
        },
        "locationConfidence" : 97.40218
      },
      "duration" : {
        "startTimestampMs" : "1584717102527",
        "endTimestampMs" : "1584717224462"
      },
      "placeConfidence" : "HIGH_CONFIDENCE",
      "centerLatE7" : -258560417,
      "centerLngE7" : 281626029,
      "visitConfidence" : 88,
      "otherCandidateLocations" : [ {
        "latitudeE7" : -258584100,
        "longitudeE7" : 281624600,
        "placeId" : "ChIJWVS1zllklR4R7ih8EDjLG2g",
        "semanticType" : "TYPE_SEARCHED_ADDRESS",
        "locationConfidence" : 1.7511147
      }, {
        "latitudeE7" : -258565130,
        "longitudeE7" : 281611230,
        "placeId" : "ChIJjc378FhklR4R-lrwm02iVNY",
        "semanticType" : "TYPE_SEARCHED_ADDRESS",
        "locationConfidence" : 0.33244422
      }, {
        "latitudeE7" : -258570590,
        "longitudeE7" : 281625620,
        "placeId" : "ChIJGZkpr1lklR4RvXt8NOQ53JI",
        "semanticType" : "TYPE_SEARCHED_ADDRESS",
        "locationConfidence" : 0.1767953
      }, {
        "latitudeE7" : -258566610,
        "longitudeE7" : 281599580,
        "placeId" : "ChIJjwG3j1hklR4R94td0rNPPdE",
        "locationConfidence" : 0.067403294
      } ],
      "editConfirmationStatus" : "NOT_CONFIRMED"
    }
  }, {
    "activitySegment" : {
      "startLocation" : {
        "latitudeE7" : -258730677,
        "longitudeE7" : 281557565
      },
      "endLocation" : {
        "latitudeE7" : -258560908,
        "longitudeE7" : 281625822
      },
      "duration" : {
        "startTimestampMs" : "1584855259628",
        "endTimestampMs" : "1584855386914"
      },
      "distance" : 2007,
      "activityType" : "IN_PASSENGER_VEHICLE",
      "confidence" : "MEDIUM",
      "activities" : [ {
        "activityType" : "IN_PASSENGER_VEHICLE",
        "probability" : 60.65745949745178
      }, {
        "activityType" : "STILL",
        "probability" : 25.207889080047607
      }, {
        "activityType" : "WALKING",
        "probability" : 5.543003231287003
      }, {
        "activityType" : "MOTORCYCLING",
        "probability" : 3.3697228878736496
      }, {
        "activityType" : "CYCLING",
        "probability" : 3.1642410904169083
      }, {
        "activityType" : "IN_BUS",
        "probability" : 0.690630916506052
      }, {
        "activityType" : "IN_FERRY",
        "probability" : 0.6686407141387463
      }, {
        "activityType" : "RUNNING",
        "probability" : 0.2204410033300519
      }, {
        "activityType" : "FLYING",
        "probability" : 0.18793123308569193
      }, {
        "activityType" : "IN_TRAIN",
        "probability" : 0.1787471817806363
      }, {
        "activityType" : "SAILING",
        "probability" : 0.07154170889407396
      }, {
        "activityType" : "SKIING",
        "probability" : 0.01880680356407538
      }, {
        "activityType" : "IN_TRAM",
        "probability" : 0.011581386934267357
      }, {
        "activityType" : "IN_SUBWAY",
        "probability" : 0.009102879266720265
      }, {
        "activityType" : "IN_VEHICLE",
        "probability" : 2.5560839276295155E-4
      } ]
    }
  }, {
    "placeVisit" : {
      "location" : {
        "latitudeE7" : -258559780,
        "longitudeE7" : 281626430,
        "placeId" : "ChIJgf7JGllklR4RTqYK8tHPm_w",
        "address" : "13 Willem Rd\nEldoraigne\nCenturion\n0157\nSouth Africa",
        "name" : "13 Willem Rd",
        "semanticType" : "TYPE_HOME",
        "sourceInfo" : {
          "deviceTag" : -63513299
        },
        "locationConfidence" : 98.0112
      },
      "duration" : {
        "startTimestampMs" : "1584855386914",
        "endTimestampMs" : "1584938233018"
      },
      "placeConfidence" : "HIGH_CONFIDENCE",
      "centerLatE7" : -258560126,
      "centerLngE7" : 281625932,
      "visitConfidence" : 80,
      "otherCandidateLocations" : [ {
        "latitudeE7" : -258584100,
        "longitudeE7" : 281624600,
        "placeId" : "ChIJWVS1zllklR4R7ih8EDjLG2g",
        "semanticType" : "TYPE_SEARCHED_ADDRESS",
        "locationConfidence" : 1.3180609
      }, {
        "latitudeE7" : -258565130,
        "longitudeE7" : 281611230,
        "placeId" : "ChIJjc378FhklR4R-lrwm02iVNY",
        "semanticType" : "TYPE_SEARCHED_ADDRESS",
        "locationConfidence" : 0.22445162
      }, {
        "latitudeE7" : -258570590,
        "longitudeE7" : 281625620,
        "placeId" : "ChIJGZkpr1lklR4RvXt8NOQ53JI",
        "semanticType" : "TYPE_SEARCHED_ADDRESS",
        "locationConfidence" : 0.14391541
      }, {
        "latitudeE7" : -258560800,
        "longitudeE7" : 281633500,
        "placeId" : "ChIJqbfuDFlklR4R62Y6o0Rpy9w",
        "locationConfidence" : 0.08612034
      } ],
      "editConfirmationStatus" : "NOT_CONFIRMED"
    }
  }, {
    "placeVisit" : {
      "location" : {
        "latitudeE7" : -258559780,
        "longitudeE7" : 281626430,
        "placeId" : "ChIJgf7JGllklR4RTqYK8tHPm_w",
        "address" : "13 Willem Rd\nEldoraigne\nCenturion\n0157\nSouth Africa",
        "name" : "13 Willem Rd",
        "semanticType" : "TYPE_HOME",
        "sourceInfo" : {
          "deviceTag" : -63513299
        },
        "locationConfidence" : 97.87356
      },
      "duration" : {
        "startTimestampMs" : "1585024863366",
        "endTimestampMs" : "1585032741266"
      },
      "placeConfidence" : "HIGH_CONFIDENCE",
      "centerLatE7" : -258559044,
      "centerLngE7" : 281625700,
      "visitConfidence" : 78,
      "otherCandidateLocations" : [ {
        "latitudeE7" : -258584100,
        "longitudeE7" : 281624600,
        "placeId" : "ChIJWVS1zllklR4R7ih8EDjLG2g",
        "semanticType" : "TYPE_SEARCHED_ADDRESS",
        "locationConfidence" : 1.2531675
      }, {
        "latitudeE7" : -258565130,
        "longitudeE7" : 281611230,
        "placeId" : "ChIJjc378FhklR4R-lrwm02iVNY",
        "semanticType" : "TYPE_SEARCHED_ADDRESS",
        "locationConfidence" : 0.2283121
      }, {
        "latitudeE7" : -258563284,
        "longitudeE7" : 281638659,
        "placeId" : "ChIJUyXs_eRllR4R9OdOSKpRzI8",
        "locationConfidence" : 0.18555076
      }, {
        "latitudeE7" : -258570590,
        "longitudeE7" : 281625620,
        "placeId" : "ChIJGZkpr1lklR4RvXt8NOQ53JI",
        "semanticType" : "TYPE_SEARCHED_ADDRESS",
        "locationConfidence" : 0.12204576
      } ],
      "editConfirmationStatus" : "NOT_CONFIRMED"
    }
  }, {
    "activitySegment" : {
      "startLocation" : {
        "latitudeE7" : -258560457,
        "longitudeE7" : 281626054
      },
      "endLocation" : {
        "latitudeE7" : -258624769,
        "longitudeE7" : 281655708
      },
      "duration" : {
        "startTimestampMs" : "1585032741266",
        "endTimestampMs" : "1585038584095"
      },
      "distance" : 1602,
      "activityType" : "IN_PASSENGER_VEHICLE",
      "confidence" : "MEDIUM",
      "activities" : [ {
        "activityType" : "IN_PASSENGER_VEHICLE",
        "probability" : 66.8801486492157
      }, {
        "activityType" : "STILL",
        "probability" : 17.880378663539886
      }, {
        "activityType" : "WALKING",
        "probability" : 9.475304186344147
      }, {
        "activityType" : "CYCLING",
        "probability" : 3.827851638197899
      }, {
        "activityType" : "MOTORCYCLING",
        "probability" : 1.6002947464585304
      }, {
        "activityType" : "IN_BUS",
        "probability" : 0.1295500318519771
      }, {
        "activityType" : "RUNNING",
        "probability" : 0.0974718714132905
      }, {
        "activityType" : "IN_FERRY",
        "probability" : 0.06815697997808456
      }, {
        "activityType" : "IN_TRAIN",
        "probability" : 0.015283373068086803
      }, {
        "activityType" : "FLYING",
        "probability" : 0.012033177335979417
      }, {
        "activityType" : "SKIING",
        "probability" : 0.0063415551267098635
      }, {
        "activityType" : "SAILING",
        "probability" : 0.0041861629142658785
      }, {
        "activityType" : "IN_TRAM",
        "probability" : 0.0025531429855618626
      }, {
        "activityType" : "IN_SUBWAY",
        "probability" : 3.5926045711676124E-4
      }, {
        "activityType" : "IN_VEHICLE",
        "probability" : 8.027072340155428E-5
      } ],
      "waypointPath" : {
        "waypoints" : [ {
          "latE7" : -258560237,
          "lngE7" : 281622943
        }, {
          "latE7" : -258622665,
          "lngE7" : 281624755
        }, {
          "latE7" : -258624458,
          "lngE7" : 281656398
        } ]
      }
    }
  }, {
    "placeVisit" : {
      "location" : {
        "latitudeE7" : -258626925,
        "longitudeE7" : 281661290,
        "placeId" : "ChIJS66dSPFklR4R8pThO-jv9Jg",
        "address" : "℅ Hendrik Verwoerd &\nJakaranda St\nHennopspark\nCenturion\n0157\nSouth Africa",
        "name" : "Heavenly Coffees",
        "sourceInfo" : {
          "deviceTag" : -63513299
        },
        "locationConfidence" : 60.187477
      },
      "duration" : {
        "startTimestampMs" : "1585038584095",
        "endTimestampMs" : "1585040329119"
      },
      "placeConfidence" : "MEDIUM_CONFIDENCE",
      "centerLatE7" : -258625100,
      "centerLngE7" : 281659425,
      "visitConfidence" : 92,
      "otherCandidateLocations" : [ {
        "latitudeE7" : -258625264,
        "longitudeE7" : 281661277,
        "placeId" : "ChIJRQuwOVFklR4RhWeVRxfmMUU",
        "locationConfidence" : 18.416815
      }, {
        "latitudeE7" : -258626451,
        "longitudeE7" : 281661837,
        "placeId" : "ChIJj5JWP1FklR4ReKW_6F0aQ1M",
        "locationConfidence" : 17.685656
      }, {
        "latitudeE7" : -258627030,
        "longitudeE7" : 281660139,
        "placeId" : "ChIJdTZMFFFklR4RSSelGRwzC_c",
        "locationConfidence" : 2.642766
      }, {
        "latitudeE7" : -258636686,
        "longitudeE7" : 281667331,
        "placeId" : "ChIJO75AXVFklR4Ri6jpEWc0AFU",
        "locationConfidence" : 0.26768067
      } ],
      "editConfirmationStatus" : "NOT_CONFIRMED"
    }
  }, {
    "activitySegment" : {
      "startLocation" : {
        "latitudeE7" : -258625227,
        "longitudeE7" : 281657701
      },
      "endLocation" : {
        "latitudeE7" : -258771094,
        "longitudeE7" : 281649565
      },
      "duration" : {
        "startTimestampMs" : "1585040329119",
        "endTimestampMs" : "1585041286190"
      },
      "distance" : 1706,
      "activityType" : "IN_PASSENGER_VEHICLE",
      "confidence" : "HIGH",
      "activities" : [ {
        "activityType" : "IN_PASSENGER_VEHICLE",
        "probability" : 84.00811553001404
      }, {
        "activityType" : "STILL",
        "probability" : 10.238046199083328
      }, {
        "activityType" : "WALKING",
        "probability" : 4.111436381936073
      }, {
        "activityType" : "MOTORCYCLING",
        "probability" : 0.6647496018558741
      }, {
        "activityType" : "CYCLING",
        "probability" : 0.5510421004146338
      }, {
        "activityType" : "IN_BUS",
        "probability" : 0.3144158283248544
      }, {
        "activityType" : "IN_FERRY",
        "probability" : 0.05298831965774298
      }, {
        "activityType" : "RUNNING",
        "probability" : 0.03040565352421254
      }, {
        "activityType" : "FLYING",
        "probability" : 0.013557555212173611
      }, {
        "activityType" : "IN_TRAIN",
        "probability" : 0.006970564572839066
      }, {
        "activityType" : "SKIING",
        "probability" : 0.004252086728229187
      }, {
        "activityType" : "IN_TRAM",
        "probability" : 0.002183407013944816
      }, {
        "activityType" : "SAILING",
        "probability" : 0.001388669988955371
      }, {
        "activityType" : "IN_SUBWAY",
        "probability" : 3.7266981962602586E-4
      }, {
        "activityType" : "IN_VEHICLE",
        "probability" : 7.695588806200249E-5
      } ],
      "waypointPath" : {
        "waypoints" : [ {
          "latE7" : -258624935,
          "lngE7" : 281656665
        }, {
          "latE7" : -258625946,
          "lngE7" : 281628589
        }, {
          "latE7" : -258722667,
          "lngE7" : 281643753
        } ]
      }
    }
  }, {
    "placeVisit" : {
      "location" : {
        "latitudeE7" : -258774094,
        "longitudeE7" : 281642110,
        "placeId" : "ChIJu-8V1qhllR4Rz-3GwYYc7G0",
        "address" : "1121 Violin St\nBrakfontein 399-Jr\nCenturion\nSouth Africa",
        "name" : "Centurion Lifestyle",
        "sourceInfo" : {
          "deviceTag" : -63513299
        },
        "locationConfidence" : 99.50963
      },
      "duration" : {
        "startTimestampMs" : "1585041286190",
        "endTimestampMs" : "1585042764396"
      },
      "placeConfidence" : "HIGH_CONFIDENCE",
      "childVisits" : [ {
        "location" : {
          "latitudeE7" : -258766357,
          "longitudeE7" : 281657632,
          "placeId" : "ChIJU41ez65llR4RDNFs_kiH09M",
          "address" : "1019 Castanet St\nBrakfontein 399-Jr\nCenturion\nSouth Africa",
          "name" : "Mr Price Sport Centurion Lifestyle Centre",
          "sourceInfo" : {
            "deviceTag" : -63513299
          },
          "locationConfidence" : 43.445763
        },
        "duration" : {
          "startTimestampMs" : "1585041286190",
          "endTimestampMs" : "1585042337226"
        },
        "placeConfidence" : "LOW_CONFIDENCE",
        "centerLatE7" : -258772075,
        "centerLngE7" : 281652400,
        "visitConfidence" : 82,
        "otherCandidateLocations" : [ {
          "latitudeE7" : -258767172,
          "longitudeE7" : 281656992,
          "placeId" : "ChIJ2QdpzK5llR4RzrkLxoR3Zu0",
          "locationConfidence" : 35.71023
        }, {
          "latitudeE7" : -258772503,
          "longitudeE7" : 281653211,
          "placeId" : "ChIJ-fEi_qhllR4R05xnUrFqcWc",
          "locationConfidence" : 14.367987
        }, {
          "latitudeE7" : -258766053,
          "longitudeE7" : 281657186,
          "placeId" : "ChIJnzZK-6hllR4RvLFeJNaE5cY",
          "locationConfidence" : 1.9606711
        }, {
          "latitudeE7" : -258787476,
          "longitudeE7" : 281639866,
          "placeId" : "ChIJ5xPKp6lllR4RYJGbsiNYakE",
          "locationConfidence" : 1.3204361
        }, {
          "latitudeE7" : -258778771,
          "longitudeE7" : 281650558,
          "placeId" : "ChIJF_eaKq9llR4R_3kFgxN-5o0",
          "locationConfidence" : 1.0627055
        } ],
        "editConfirmationStatus" : "NOT_CONFIRMED"
      }, {
        "location" : {
          "latitudeE7" : -258767172,
          "longitudeE7" : 281656992,
          "placeId" : "ChIJ2QdpzK5llR4RzrkLxoR3Zu0",
          "address" : "Century Lifestyle Centre Cnr Old Johanneburg Road &\nLenchen Ave\nBrakfontein 399-Jr\nCenturion\n0046\nSouth Africa",
          "name" : "The Pool Team Centurion",
          "sourceInfo" : {
            "deviceTag" : -63513299
          },
          "locationConfidence" : 94.32002
        },
        "duration" : {
          "startTimestampMs" : "1585042337226",
          "endTimestampMs" : "1585042764396"
        },
        "placeConfidence" : "HIGH_CONFIDENCE",
        "centerLatE7" : -258760865,
        "centerLngE7" : 281669409,
        "visitConfidence" : 82,
        "otherCandidateLocations" : [ {
          "latitudeE7" : -258766357,
          "longitudeE7" : 281657632,
          "placeId" : "ChIJU41ez65llR4RDNFs_kiH09M",
          "locationConfidence" : 1.523344
        }, {
          "latitudeE7" : -258772503,
          "longitudeE7" : 281653211,
          "placeId" : "ChIJ-fEi_qhllR4R05xnUrFqcWc",
          "locationConfidence" : 1.1369498
        }, {
          "latitudeE7" : -258787476,
          "longitudeE7" : 281639866,
          "placeId" : "ChIJ5xPKp6lllR4RYJGbsiNYakE",
          "locationConfidence" : 1.1319549
        }, {
          "latitudeE7" : -258791890,
          "longitudeE7" : 281627370,
          "placeId" : "ChIJsV1_p6tllR4R-vJuvIMfFyQ",
          "locationConfidence" : 0.86421216
        } ],
        "editConfirmationStatus" : "NOT_CONFIRMED"
      } ],
      "centerLatE7" : -258767271,
      "centerLngE7" : 281659690,
      "visitConfidence" : 82,
      "otherCandidateLocations" : [ {
        "latitudeE7" : -258756154,
        "longitudeE7" : 281671493,
        "placeId" : "ChIJmTEijq5llR4RvhoBX4IFTkI",
        "locationConfidence" : 0.42107016
      }, {
        "latitudeE7" : -258778771,
        "longitudeE7" : 281650558,
        "placeId" : "ChIJF_eaKq9llR4R_3kFgxN-5o0",
        "locationConfidence" : 0.05221187
      }, {
        "latitudeE7" : -258765080,
        "longitudeE7" : 281639740,
        "placeId" : "ChIJ6b76RqlllR4R9Bq6nQLNcCM",
        "locationConfidence" : 0.014174161
      }, {
        "latitudeE7" : -258737069,
        "longitudeE7" : 281644961,
        "placeId" : "ChIJN-Io86tllR4RCLPEN2FiK4k",
        "locationConfidence" : 7.1855914E-4
      } ],
      "editConfirmationStatus" : "NOT_CONFIRMED",
      "simplifiedRawPath" : {
        "points" : [ {
          "latE7" : -258768282,
          "lngE7" : 281657311,
          "timestampMs" : "1585041424121",
          "accuracyMeters" : 28
        }, {
          "latE7" : -258779529,
          "lngE7" : 281651492,
          "timestampMs" : "1585041864349",
          "accuracyMeters" : 23
        }, {
          "latE7" : -258769657,
          "lngE7" : 281651483,
          "timestampMs" : "1585042337226",
          "accuracyMeters" : 100
        }, {
          "latE7" : -258760374,
          "lngE7" : 281668161,
          "timestampMs" : "1585042514151",
          "accuracyMeters" : 150
        } ]
      }
    }
  }, {
    "activitySegment" : {
      "startLocation" : {
        "latitudeE7" : -258760865,
        "longitudeE7" : 281669409
      },
      "endLocation" : {
        "latitudeE7" : -260192196,
        "longitudeE7" : 279863827
      },
      "duration" : {
        "startTimestampMs" : "1585042764396",
        "endTimestampMs" : "1585045654856"
      },
      "distance" : 26951,
      "activityType" : "IN_PASSENGER_VEHICLE",
      "confidence" : "HIGH",
      "activities" : [ {
        "activityType" : "IN_PASSENGER_VEHICLE",
        "probability" : 91.96914434432983
      }, {
        "activityType" : "STILL",
        "probability" : 5.474495515227318
      }, {
        "activityType" : "WALKING",
        "probability" : 1.4964721165597439
      }, {
        "activityType" : "MOTORCYCLING",
        "probability" : 0.577960629016161
      }, {
        "activityType" : "CYCLING",
        "probability" : 0.2825448755174875
      }, {
        "activityType" : "IN_BUS",
        "probability" : 0.14484772691503167
      }, {
        "activityType" : "IN_FERRY",
        "probability" : 0.02112917136400938
      }, {
        "activityType" : "RUNNING",
        "probability" : 0.0166419122251682
      }, {
        "activityType" : "FLYING",
        "probability" : 0.00843454254209064
      }, {
        "activityType" : "IN_TRAIN",
        "probability" : 0.004909068229608238
      }, {
        "activityType" : "SKIING",
        "probability" : 0.0018960783563670702
      }, {
        "activityType" : "SAILING",
        "probability" : 7.318926691368688E-4
      }, {
        "activityType" : "IN_TRAM",
        "probability" : 5.672589850291843E-4
      }, {
        "activityType" : "IN_SUBWAY",
        "probability" : 1.936893340825918E-4
      }, {
        "activityType" : "IN_VEHICLE",
        "probability" : 2.4988918312374153E-5
      } ],
      "waypointPath" : {
        "waypoints" : [ {
          "latE7" : -258762130,
          "lngE7" : 281671218
        }, {
          "latE7" : -260373706,
          "lngE7" : 280174045
        }, {
          "latE7" : -260192089,
          "lngE7" : 279864406
        } ]
      }
    }
  }, {
    "placeVisit" : {
      "location" : {
        "latitudeE7" : -260192642,
        "longitudeE7" : 279862480,
        "placeId" : "ChIJhdmfzJN2lR4R98cdgMwIGTY",
        "address" : "4 Randa Rd\nSalfred AH\nSandton\nSouth Africa",
        "name" : "4 Randa Rd",
        "sourceInfo" : {
          "deviceTag" : -63513299
        },
        "locationConfidence" : 87.75077
      },
      "duration" : {
        "startTimestampMs" : "1585045654856",
        "endTimestampMs" : "1585049789261"
      },
      "placeConfidence" : "HIGH_CONFIDENCE",
      "centerLatE7" : -260192100,
      "centerLngE7" : 279863800,
      "visitConfidence" : 78,
      "otherCandidateLocations" : [ {
        "latitudeE7" : -260191566,
        "longitudeE7" : 279863368,
        "placeId" : "ChIJMVRwSZJ2lR4RhysHxsVY2uY",
        "locationConfidence" : 10.008163
      }, {
        "latitudeE7" : -260199730,
        "longitudeE7" : 279840960,
        "placeId" : "ChIJRUFfcpJ2lR4RwkPPhJLugtc",
        "locationConfidence" : 0.57714343
      }, {
        "latitudeE7" : -260205590,
        "longitudeE7" : 279848330,
        "placeId" : "ChIJaSK5F5J2lR4RK7y2b9U4D0s",
        "locationConfidence" : 0.43036774
      }, {
        "latitudeE7" : -260182499,
        "longitudeE7" : 279837990,
        "placeId" : "ChIJgSBdg5J2lR4ReN6h8GXeu_Q",
        "locationConfidence" : 0.36672038
      } ],
      "editConfirmationStatus" : "NOT_CONFIRMED"
    }
  }, {
    "activitySegment" : {
      "startLocation" : {
        "latitudeE7" : -260192196,
        "longitudeE7" : 279863827
      },
      "endLocation" : {
        "latitudeE7" : -260177179,
        "longitudeE7" : 279998717
      },
      "duration" : {
        "startTimestampMs" : "1585049789261",
        "endTimestampMs" : "1585050235464"
      },
      "distance" : 1358,
      "activityType" : "IN_PASSENGER_VEHICLE",
      "confidence" : "HIGH",
      "activities" : [ {
        "activityType" : "IN_PASSENGER_VEHICLE",
        "probability" : 95.80564498901367
      }, {
        "activityType" : "STILL",
        "probability" : 2.024012990295887
      }, {
        "activityType" : "WALKING",
        "probability" : 1.5454293228685856
      }, {
        "activityType" : "MOTORCYCLING",
        "probability" : 0.4709860309958458
      }, {
        "activityType" : "CYCLING",
        "probability" : 0.0719923700671643
      }, {
        "activityType" : "IN_BUS",
        "probability" : 0.022591723245568573
      }, {
        "activityType" : "RUNNING",
        "probability" : 0.021449796622619033
      }, {
        "activityType" : "FLYING",
        "probability" : 0.016981865337584168
      }, {
        "activityType" : "IN_FERRY",
        "probability" : 0.012453951057977974
      }, {
        "activityType" : "SKIING",
        "probability" : 0.003054219632758759
      }, {
        "activityType" : "IN_TRAIN",
        "probability" : 0.002291675264132209
      }, {
        "activityType" : "SAILING",
        "probability" : 0.0019408265870879404
      }, {
        "activityType" : "IN_SUBWAY",
        "probability" : 6.663948170171352E-4
      }, {
        "activityType" : "IN_TRAM",
        "probability" : 4.895557594863931E-4
      }, {
        "activityType" : "IN_VEHICLE",
        "probability" : 7.307832561309624E-6
      } ],
      "waypointPath" : {
        "waypoints" : [ {
          "latE7" : -260192089,
          "lngE7" : 279864406
        }, {
          "latE7" : -260180702,
          "lngE7" : 279964294
        }, {
          "latE7" : -260179939,
          "lngE7" : 279996280
        } ]
      }
    }
  }, {
    "placeVisit" : {
      "location" : {
        "latitudeE7" : -260176050,
        "longitudeE7" : 280001557,
        "placeId" : "ChIJ1____6R2lR4R4zoqNYpL0-s",
        "address" : "Cedar Rd & Cedar Road\nFourways\nJohannesburg South\n2194\nSouth Africa",
        "name" : "Woolworths",
        "sourceInfo" : {
          "deviceTag" : -63513299
        },
        "locationConfidence" : 89.7335
      },
      "duration" : {
        "startTimestampMs" : "1585050235464",
        "endTimestampMs" : "1585050988146"
      },
      "placeConfidence" : "MEDIUM_CONFIDENCE",
      "centerLatE7" : -260177718,
      "centerLngE7" : 280002996,
      "visitConfidence" : 94,
      "otherCandidateLocations" : [ {
        "latitudeE7" : -260173181,
        "longitudeE7" : 279992122,
        "placeId" : "ChIJJxsZ0Kx2lR4R4fAzL-yLyTQ",
        "locationConfidence" : 4.3338633
      }, {
        "latitudeE7" : -260180052,
        "longitudeE7" : 280070701,
        "placeId" : "ChIJ1YTewbB2lR4RihRNABxHkqQ",
        "locationConfidence" : 2.1573477
      }, {
        "latitudeE7" : -260186383,
        "longitudeE7" : 280017092,
        "placeId" : "ChIJZzkL67t2lR4RCq3abWMLRTM",
        "locationConfidence" : 1.0891201
      }, {
        "latitudeE7" : -260178782,
        "longitudeE7" : 279999620,
        "placeId" : "ChIJg6nCo752lR4RZc9ltuXDrpc",
        "locationConfidence" : 0.43793973
      } ],
      "editConfirmationStatus" : "NOT_CONFIRMED"
    }
  }, {
    "activitySegment" : {
      "startLocation" : {
        "latitudeE7" : -260184578,
        "longitudeE7" : 279996042
      },
      "endLocation" : {
        "latitudeE7" : -260139246,
        "longitudeE7" : 281053860
      },
      "duration" : {
        "startTimestampMs" : "1585050988146",
        "endTimestampMs" : "1585051968855"
      },
      "distance" : 13634,
      "activityType" : "IN_PASSENGER_VEHICLE",
      "confidence" : "HIGH",
      "activities" : [ {
        "activityType" : "IN_PASSENGER_VEHICLE",
        "probability" : 97.59373664855957
      }, {
        "activityType" : "STILL",
        "probability" : 0.9981969371438026
      }, {
        "activityType" : "WALKING",
        "probability" : 0.7629965431988239
      }, {
        "activityType" : "MOTORCYCLING",
        "probability" : 0.4088396206498146
      }, {
        "activityType" : "CYCLING",
        "probability" : 0.11672658147290349
      }, {
        "activityType" : "IN_BUS",
        "probability" : 0.07142629474401474
      }, {
        "activityType" : "RUNNING",
        "probability" : 0.01956104242708534
      }, {
        "activityType" : "IN_FERRY",
        "probability" : 0.009397578105563298
      }, {
        "activityType" : "FLYING",
        "probability" : 0.008878273365553468
      }, {
        "activityType" : "SKIING",
        "probability" : 0.003486816058284603
      }, {
        "activityType" : "IN_TRAIN",
        "probability" : 0.0033036576496670023
      }, {
        "activityType" : "IN_TRAM",
        "probability" : 0.0013151098755770363
      }, {
        "activityType" : "SAILING",
        "probability" : 0.001136120772571303
      }, {
        "activityType" : "IN_SUBWAY",
        "probability" : 9.846774446486961E-4
      }, {
        "activityType" : "IN_VEHICLE",
        "probability" : 1.1866555382766819E-5
      } ],
      "waypointPath" : {
        "waypoints" : [ {
          "latE7" : -260176181,
          "lngE7" : 280007381
        }, {
          "latE7" : -260369014,
          "lngE7" : 280184574
        }, {
          "latE7" : -260137424,
          "lngE7" : 281050739
        } ]
      }
    }
  }, {
    "placeVisit" : {
      "location" : {
        "latitudeE7" : -260151309,
        "longitudeE7" : 281070719,
        "placeId" : "ChIJ8Va4rw9ulR4RVMTY-wWdSOs",
        "address" : "Lone Creek Crescent and\nMagwa Cres\nWaterval 5-Ir\nMidrand\n1686\nSouth Africa",
        "name" : "Mall of Africa",
        "sourceInfo" : {
          "deviceTag" : -63513299
        },
        "locationConfidence" : 95.52396
      },
      "duration" : {
        "startTimestampMs" : "1585051968855",
        "endTimestampMs" : "1585053256278"
      },
      "placeConfidence" : "HIGH_CONFIDENCE",
      "childVisits" : [ {
        "location" : {
          "latitudeE7" : -260139167,
          "longitudeE7" : 281087500,
          "placeId" : "ChIJ29wvrwFylR4RbLMmwV4XCcg",
          "address" : "Waterval 5-Ir\nMidrand\n2090\nSouth Africa",
          "name" : "Mall of Africa Main Entrance,Magwa Crescent",
          "sourceInfo" : {
            "deviceTag" : -63513299
          },
          "locationConfidence" : 32.317112
        },
        "duration" : {
          "startTimestampMs" : "1585051968855",
          "endTimestampMs" : "1585053256278"
        },
        "placeConfidence" : "LOW_CONFIDENCE",
        "centerLatE7" : -260144600,
        "centerLngE7" : 281056875,
        "visitConfidence" : 90,
        "otherCandidateLocations" : [ {
          "latitudeE7" : -260139140,
          "longitudeE7" : 281056550,
          "placeId" : "ChIJoc2vvQFylR4RLfbw67PWkDk",
          "locationConfidence" : 23.014069
        }, {
          "latitudeE7" : -260162930,
          "longitudeE7" : 281057746,
          "placeId" : "ChIJfRRo8ANylR4RmDiKhcdkXY8",
          "locationConfidence" : 19.374874
        }, {
          "latitudeE7" : -260173583,
          "longitudeE7" : 281071874,
          "placeId" : "ChIJYwShUgFylR4R6_mZGVk_ZE4",
          "locationConfidence" : 5.0769997
        }, {
          "latitudeE7" : -260146637,
          "longitudeE7" : 281056973,
          "placeId" : "ChIJv9E7PwFylR4RnF5A5F5Oabg",
          "locationConfidence" : 3.2973912
        }, {
          "latitudeE7" : -260142351,
          "longitudeE7" : 281070822,
          "placeId" : "ChIJiTi5hAFylR4Rvc0vd3EpGzM",
          "locationConfidence" : 1.7748804
        }, {
          "latitudeE7" : -260149675,
          "longitudeE7" : 281054590,
          "placeId" : "ChIJdz-CHErWYB4R1G7BWLEcSfU",
          "locationConfidence" : 1.7627703
        }, {
          "latitudeE7" : -260160194,
          "longitudeE7" : 281064963,
          "placeId" : "ChIJu7VvQgFylR4RbYPJNa66SCQ",
          "locationConfidence" : 1.6769929
        }, {
          "latitudeE7" : -260168917,
          "longitudeE7" : 281058789,
          "placeId" : "ChIJJQrX5ANylR4RGoGsU4eVig4",
          "locationConfidence" : 1.4100515
        }, {
          "latitudeE7" : -260151309,
          "longitudeE7" : 281070719,
          "placeId" : "ChIJaQifbeNzlR4RonU5Nuka6xw",
          "locationConfidence" : 1.1937777
        } ],
        "editConfirmationStatus" : "NOT_CONFIRMED"
      } ],
      "centerLatE7" : -260144600,
      "centerLngE7" : 281056875,
      "visitConfidence" : 90,
      "otherCandidateLocations" : [ {
        "latitudeE7" : -260139167,
        "longitudeE7" : 281087500,
        "placeId" : "ChIJ29wvrwFylR4RbLMmwV4XCcg",
        "locationConfidence" : 4.286518
      }, {
        "latitudeE7" : -260151309,
        "longitudeE7" : 281070719,
        "placeId" : "ChIJaQifbeNzlR4RonU5Nuka6xw",
        "locationConfidence" : 0.15834185
      }, {
        "latitudeE7" : -260136160,
        "longitudeE7" : 281081123,
        "placeId" : "ChIJvztPcwFylR4RqqRii65YFjY",
        "locationConfidence" : 0.013361858
      }, {
        "latitudeE7" : -260129982,
        "longitudeE7" : 281037973,
        "placeId" : "ChIJs4FRK5hzlR4R8nkSqpUPFjs",
        "locationConfidence" : 0.0051983367
      } ],
      "editConfirmationStatus" : "NOT_CONFIRMED",
      "simplifiedRawPath" : {
        "points" : [ {
          "latE7" : -260138921,
          "lngE7" : 281057403,
          "timestampMs" : "1585052778092",
          "accuracyMeters" : 23
        }, {
          "latE7" : -260156325,
          "lngE7" : 281056788,
          "timestampMs" : "1585053256277",
          "accuracyMeters" : 150
        } ]
      }
    }
  }, {
    "activitySegment" : {
      "startLocation" : {
        "latitudeE7" : -260154103,
        "longitudeE7" : 281057858
      },
      "endLocation" : {
        "latitudeE7" : -258558140,
        "longitudeE7" : 281621860
      },
      "duration" : {
        "startTimestampMs" : "1585053256278",
        "endTimestampMs" : "1585055206119"
      },
      "distance" : 18968,
      "activityType" : "IN_PASSENGER_VEHICLE",
      "confidence" : "HIGH",
      "activities" : [ {
        "activityType" : "IN_PASSENGER_VEHICLE",
        "probability" : 91.83597564697266
      }, {
        "activityType" : "STILL",
        "probability" : 6.223216652870178
      }, {
        "activityType" : "WALKING",
        "probability" : 1.1204981245100498
      }, {
        "activityType" : "MOTORCYCLING",
        "probability" : 0.4663193132728338
      }, {
        "activityType" : "CYCLING",
        "probability" : 0.18659885972738266
      }, {
        "activityType" : "IN_BUS",
        "probability" : 0.04420246696099639
      }, {
        "activityType" : "RUNNING",
        "probability" : 0.036823839764110744
      }, {
        "activityType" : "FLYING",
        "probability" : 0.03261561505496502
      }, {
        "activityType" : "IN_FERRY",
        "probability" : 0.031901433249004185
      }, {
        "activityType" : "IN_TRAIN",
        "probability" : 0.013631083129439503
      }, {
        "activityType" : "SAILING",
        "probability" : 0.003939935049857013
      }, {
        "activityType" : "SKIING",
        "probability" : 0.002576141014287714
      }, {
        "activityType" : "IN_TRAM",
        "probability" : 0.001058369434758788
      }, {
        "activityType" : "IN_SUBWAY",
        "probability" : 6.321884484350448E-4
      }, {
        "activityType" : "IN_VEHICLE",
        "probability" : 1.807309644163979E-5
      } ],
      "waypointPath" : {
        "waypoints" : [ {
          "latE7" : -260148601,
          "lngE7" : 281050128
        }, {
          "latE7" : -260127201,
          "lngE7" : 281100177
        }, {
          "latE7" : -258623886,
          "lngE7" : 281655807
        } ]
      }
    }
  }, {
    "placeVisit" : {
      "location" : {
        "latitudeE7" : -258559780,
        "longitudeE7" : 281626430,
        "placeId" : "ChIJgf7JGllklR4RTqYK8tHPm_w",
        "address" : "13 Willem Rd\nEldoraigne\nCenturion\n0157\nSouth Africa",
        "name" : "13 Willem Rd",
        "semanticType" : "TYPE_HOME",
        "sourceInfo" : {
          "deviceTag" : -63513299
        },
        "locationConfidence" : 98.17643
      },
      "duration" : {
        "startTimestampMs" : "1585055206119",
        "endTimestampMs" : "1585116080420"
      },
      "placeConfidence" : "HIGH_CONFIDENCE",
      "centerLatE7" : -258560170,
      "centerLngE7" : 281625490,
      "visitConfidence" : 81,
      "otherCandidateLocations" : [ {
        "latitudeE7" : -258584100,
        "longitudeE7" : 281624600,
        "placeId" : "ChIJWVS1zllklR4R7ih8EDjLG2g",
        "semanticType" : "TYPE_SEARCHED_ADDRESS",
        "locationConfidence" : 1.2730986
      }, {
        "latitudeE7" : -258565130,
        "longitudeE7" : 281611230,
        "placeId" : "ChIJjc378FhklR4R-lrwm02iVNY",
        "semanticType" : "TYPE_SEARCHED_ADDRESS",
        "locationConfidence" : 0.20817742
      }, {
        "latitudeE7" : -258570590,
        "longitudeE7" : 281625620,
        "placeId" : "ChIJGZkpr1lklR4RvXt8NOQ53JI",
        "semanticType" : "TYPE_SEARCHED_ADDRESS",
        "locationConfidence" : 0.12314763
      }, {
        "latitudeE7" : -258560800,
        "longitudeE7" : 281633500,
        "placeId" : "ChIJqbfuDFlklR4R62Y6o0Rpy9w",
        "locationConfidence" : 0.05984464
      } ],
      "editConfirmationStatus" : "NOT_CONFIRMED"
    }
  }, {
    "activitySegment" : {
      "startLocation" : {
        "latitudeE7" : -258560430,
        "longitudeE7" : 281626064
      },
      "endLocation" : {
        "latitudeE7" : -258719652,
        "longitudeE7" : 281644044
      },
      "duration" : {
        "startTimestampMs" : "1585116080420",
        "endTimestampMs" : "1585116662165"
      },
      "distance" : 1779,
      "activityType" : "IN_PASSENGER_VEHICLE",
      "confidence" : "HIGH",
      "activities" : [ {
        "activityType" : "IN_PASSENGER_VEHICLE",
        "probability" : 88.51439952850342
      }, {
        "activityType" : "MOTORCYCLING",
        "probability" : 6.129328906536102
      }, {
        "activityType" : "STILL",
        "probability" : 2.1950077265501022
      }, {
        "activityType" : "CYCLING",
        "probability" : 1.6057543456554413
      }, {
        "activityType" : "WALKING",
        "probability" : 1.3550782576203346
      }, {
        "activityType" : "RUNNING",
        "probability" : 0.07870966219343245
      }, {
        "activityType" : "IN_FERRY",
        "probability" : 0.041357180452905595
      }, {
        "activityType" : "IN_BUS",
        "probability" : 0.04112779861316085
      }, {
        "activityType" : "SKIING",
        "probability" : 0.020467431750148535
      }, {
        "activityType" : "FLYING",
        "probability" : 0.009448592027183622
      }, {
        "activityType" : "SAILING",
        "probability" : 0.004383510167826898
      }, {
        "activityType" : "IN_TRAIN",
        "probability" : 0.0027999403755529784
      }, {
        "activityType" : "IN_SUBWAY",
        "probability" : 0.0013926003703090828
      }, {
        "activityType" : "IN_TRAM",
        "probability" : 7.310589808184886E-4
      }, {
        "activityType" : "IN_VEHICLE",
        "probability" : 2.1595732846435567E-5
      } ],
      "waypointPath" : {
        "waypoints" : [ {
          "latE7" : -258560218,
          "lngE7" : 281622943
        }, {
          "latE7" : -258622665,
          "lngE7" : 281624755
        }, {
          "latE7" : -258722419,
          "lngE7" : 281643333
        } ]
      }
    }
  }, {
    "placeVisit" : {
      "location" : {
        "latitudeE7" : -258721101,
        "longitudeE7" : 281647954,
        "placeId" : "ChIJmdPHe6tllR4RsDJButVuolA",
        "address" : "Old Johannesburg Road &\nMagiel St\nHennopspark\nCenturion\n0157\nSouth Africa",
        "name" : "Chamberlains Centurion - Famous for Hardware since 1903",
        "sourceInfo" : {
          "deviceTag" : -63513299
        },
        "locationConfidence" : 95.36383
      },
      "duration" : {
        "startTimestampMs" : "1585116662165",
        "endTimestampMs" : "1585116994204"
      },
      "placeConfidence" : "HIGH_CONFIDENCE",
      "centerLatE7" : -258720000,
      "centerLngE7" : 281643650,
      "visitConfidence" : 95,
      "otherCandidateLocations" : [ {
        "latitudeE7" : -258774094,
        "longitudeE7" : 281642110,
        "placeId" : "ChIJu-8V1qhllR4Rz-3GwYYc7G0",
        "locationConfidence" : 3.6960156
      }, {
        "latitudeE7" : -258730805,
        "longitudeE7" : 281642516,
        "placeId" : "ChIJD_9bFKtllR4RRw4lHVucbW0",
        "locationConfidence" : 0.46171677
      }, {
        "latitudeE7" : -258723499,
        "longitudeE7" : 281654950,
        "placeId" : "ChIJHwRUpqlllR4RXVxvvoTdifY",
        "locationConfidence" : 0.12648068
      }, {
        "latitudeE7" : -258729551,
        "longitudeE7" : 281636806,
        "placeId" : "ChIJOSU1vatllR4R60V5a1uKdXY",
        "locationConfidence" : 0.11420373
      } ],
      "editConfirmationStatus" : "NOT_CONFIRMED"
    }
  }, {
    "activitySegment" : {
      "startLocation" : {
        "latitudeE7" : -258720486,
        "longitudeE7" : 281643350
      },
      "endLocation" : {
        "latitudeE7" : -258418483,
        "longitudeE7" : 281602183
      },
      "duration" : {
        "startTimestampMs" : "1585116994204",
        "endTimestampMs" : "1585117666441"
      },
      "distance" : 3383,
      "activityType" : "IN_PASSENGER_VEHICLE",
      "confidence" : "HIGH",
      "activities" : [ {
        "activityType" : "IN_PASSENGER_VEHICLE",
        "probability" : 89.01337385177612
      }, {
        "activityType" : "MOTORCYCLING",
        "probability" : 5.613447353243828
      }, {
        "activityType" : "STILL",
        "probability" : 1.9627075642347336
      }, {
        "activityType" : "CYCLING",
        "probability" : 1.7686117440462112
      }, {
        "activityType" : "WALKING",
        "probability" : 1.4347434975206852
      }, {
        "activityType" : "RUNNING",
        "probability" : 0.07611034088768065
      }, {
        "activityType" : "IN_FERRY",
        "probability" : 0.051639985758811235
      }, {
        "activityType" : "IN_BUS",
        "probability" : 0.03968148375861347
      }, {
        "activityType" : "SKIING",
        "probability" : 0.01955611223820597
      }, {
        "activityType" : "FLYING",
        "probability" : 0.009664078243076801
      }, {
        "activityType" : "SAILING",
        "probability" : 0.005463438719743863
      }, {
        "activityType" : "IN_TRAIN",
        "probability" : 0.0030007262466824614
      }, {
        "activityType" : "IN_SUBWAY",
        "probability" : 0.0010391616342531051
      }, {
        "activityType" : "IN_TRAM",
        "probability" : 9.350301297672559E-4
      }, {
        "activityType" : "IN_VEHICLE",
        "probability" : 3.068270473249868E-5
      } ],
      "waypointPath" : {
        "waypoints" : [ {
          "latE7" : -258722362,
          "lngE7" : 281643047
        }, {
          "latE7" : -258620510,
          "lngE7" : 281628952
        }, {
          "latE7" : -258418884,
          "lngE7" : 281602039
        } ]
      }
    }
  }, {
    "placeVisit" : {
      "location" : {
        "latitudeE7" : -258412899,
        "longitudeE7" : 281605300,
        "placeId" : "ChIJO7LRRmJklR4R5mchqXhJ6E4",
        "address" : "Saxby Road\nEldoraigne\nCenturion\n0157\nSouth Africa",
        "name" : "Eldoraigne Village Shopping Centre",
        "sourceInfo" : {
          "deviceTag" : -63513299
        },
        "locationConfidence" : 89.16004
      },
      "duration" : {
        "startTimestampMs" : "1585117666441",
        "endTimestampMs" : "1585119518524"
      },
      "placeConfidence" : "MEDIUM_CONFIDENCE",
      "childVisits" : [ {
        "location" : {
          "latitudeE7" : -258417038,
          "longitudeE7" : 281598251,
          "placeId" : "ChIJraqqquYLlR4RjZJjpu9WI3E",
          "address" : "1, Eldoraigne Village Shopping Centre\nCorner Saxby Ave & Frederik Ave\nEldoraigne\nPretoria\n0157\nSouth Africa",
          "name" : "Woolworths Eldoraigne",
          "sourceInfo" : {
            "deviceTag" : -63513299
          },
          "locationConfidence" : 79.493546
        },
        "duration" : {
          "startTimestampMs" : "1585117666441",
          "endTimestampMs" : "1585119518524"
        },
        "placeConfidence" : "MEDIUM_CONFIDENCE",
        "centerLatE7" : -258418300,
        "centerLngE7" : 281602167,
        "visitConfidence" : 89,
        "otherCandidateLocations" : [ {
          "latitudeE7" : -258414289,
          "longitudeE7" : 281607871,
          "placeId" : "ChIJVeYuXWJklR4RQkRA1ro6D2M",
          "locationConfidence" : 6.6698737
        }, {
          "latitudeE7" : -258422541,
          "longitudeE7" : 281607250,
          "placeId" : "ChIJw_FPE2JklR4RSE1Yt1kCkSQ",
          "locationConfidence" : 1.1602542
        }, {
          "latitudeE7" : -258413103,
          "longitudeE7" : 281603960,
          "placeId" : "ChIJCbBtQ2JklR4RzuJNQRkLFDI",
          "locationConfidence" : 0.41969398
        }, {
          "latitudeE7" : -258419310,
          "longitudeE7" : 281609400,
          "placeId" : "ChIJlcAaSGJklR4RAAu2oJC9P50",
          "locationConfidence" : 0.40237573
        } ],
        "editConfirmationStatus" : "NOT_CONFIRMED"
      } ],
      "centerLatE7" : -258418300,
      "centerLngE7" : 281602167,
      "visitConfidence" : 89,
      "otherCandidateLocations" : [ {
        "latitudeE7" : -258414289,
        "longitudeE7" : 281607871,
        "placeId" : "ChIJVeYuXWJklR4RQkRA1ro6D2M",
        "locationConfidence" : 7.480937
      }, {
        "latitudeE7" : -258422541,
        "longitudeE7" : 281607250,
        "placeId" : "ChIJw_FPE2JklR4RSE1Yt1kCkSQ",
        "locationConfidence" : 1.3013422
      }, {
        "latitudeE7" : -258413103,
        "longitudeE7" : 281603960,
        "placeId" : "ChIJCbBtQ2JklR4RzuJNQRkLFDI",
        "locationConfidence" : 0.47072917
      }, {
        "latitudeE7" : -258419310,
        "longitudeE7" : 281609400,
        "placeId" : "ChIJlcAaSGJklR4RAAu2oJC9P50",
        "locationConfidence" : 0.451305
      } ],
      "editConfirmationStatus" : "NOT_CONFIRMED"
    }
  }, {
    "activitySegment" : {
      "startLocation" : {
        "latitudeE7" : -258422767,
        "longitudeE7" : 281608482
      },
      "endLocation" : {
        "latitudeE7" : -258560031,
        "longitudeE7" : 281625799
      },
      "duration" : {
        "startTimestampMs" : "1585119518524",
        "endTimestampMs" : "1585120029455"
      },
      "distance" : 1536,
      "activityType" : "IN_PASSENGER_VEHICLE",
      "confidence" : "HIGH",
      "activities" : [ {
        "activityType" : "IN_PASSENGER_VEHICLE",
        "probability" : 93.78474950790405
      }, {
        "activityType" : "WALKING",
        "probability" : 2.073827385902405
      }, {
        "activityType" : "MOTORCYCLING",
        "probability" : 1.7201077193021774
      }, {
        "activityType" : "STILL",
        "probability" : 1.2001864612102509
      }, {
        "activityType" : "CYCLING",
        "probability" : 0.9914328344166279
      }, {
        "activityType" : "RUNNING",
        "probability" : 0.0875632103998214
      }, {
        "activityType" : "IN_BUS",
        "probability" : 0.056998577201738954
      }, {
        "activityType" : "IN_FERRY",
        "probability" : 0.052218709606677294
      }, {
        "activityType" : "SKIING",
        "probability" : 0.01902023795992136
      }, {
        "activityType" : "FLYING",
        "probability" : 0.008679578604642302
      }, {
        "activityType" : "SAILING",
        "probability" : 0.0024587634470663033
      }, {
        "activityType" : "IN_TRAIN",
        "probability" : 0.001381535821565194
      }, {
        "activityType" : "IN_TRAM",
        "probability" : 9.699835572973825E-4
      }, {
        "activityType" : "IN_SUBWAY",
        "probability" : 3.87412728741765E-4
      }, {
        "activityType" : "IN_VEHICLE",
        "probability" : 1.095961650321442E-5
      } ],
      "waypointPath" : {
        "waypoints" : [ {
          "latE7" : -258422393,
          "lngE7" : 281608543
        }, {
          "latE7" : -258490619,
          "lngE7" : 281575870
        }, {
          "latE7" : -258559837,
          "lngE7" : 281622982
        } ]
      }
    }
  }, {
    "placeVisit" : {
      "location" : {
        "latitudeE7" : -258559780,
        "longitudeE7" : 281626430,
        "placeId" : "ChIJgf7JGllklR4RTqYK8tHPm_w",
        "address" : "13 Willem Rd\nEldoraigne\nCenturion\n0157\nSouth Africa",
        "name" : "13 Willem Rd",
        "semanticType" : "TYPE_HOME",
        "sourceInfo" : {
          "deviceTag" : -63513299
        },
        "locationConfidence" : 98.27422
      },
      "duration" : {
        "startTimestampMs" : "1585120029455",
        "endTimestampMs" : "1585459342785"
      },
      "placeConfidence" : "HIGH_CONFIDENCE",
      "centerLatE7" : -258560439,
      "centerLngE7" : 281625965,
      "visitConfidence" : 78,
      "otherCandidateLocations" : [ {
        "latitudeE7" : -258584100,
        "longitudeE7" : 281624600,
        "placeId" : "ChIJWVS1zllklR4R7ih8EDjLG2g",
        "semanticType" : "TYPE_SEARCHED_ADDRESS",
        "locationConfidence" : 1.2328811
      }, {
        "latitudeE7" : -258565130,
        "longitudeE7" : 281611230,
        "placeId" : "ChIJjc378FhklR4R-lrwm02iVNY",
        "semanticType" : "TYPE_SEARCHED_ADDRESS",
        "locationConfidence" : 0.18067566
      }, {
        "latitudeE7" : -258570590,
        "longitudeE7" : 281625620,
        "placeId" : "ChIJGZkpr1lklR4RvXt8NOQ53JI",
        "semanticType" : "TYPE_SEARCHED_ADDRESS",
        "locationConfidence" : 0.112283655
      }, {
        "latitudeE7" : -258560800,
        "longitudeE7" : 281633500,
        "placeId" : "ChIJqbfuDFlklR4R62Y6o0Rpy9w",
        "locationConfidence" : 0.059115212
      } ],
      "editConfirmationStatus" : "NOT_CONFIRMED"
    }
  } ]
}